0.5414523482322693,0.4107237458229065,-0.7741769552230835,0.5758688449859619,0.3547747731208801,-0.7357170581817627,0.593705952167511,0.35570135712623596,-0.7356660962104797,0.6112057566642761,0.3571823239326477,-0.7358158826828003,0.5291699171066284,0.34838593006134033,-0.7103066444396973,0.5153106451034546,0.3450504541397095,-0.7097451090812683,0.5039365887641907,0.3422073721885681,-0.7099812030792236,0.6417244672775269,0.3755207061767578,-0.38803359866142273,0.5023049116134644,0.3548409044742584,-0.24293449521064758,0.5667458176612854,0.47230491042137146,-0.643738329410553,0.5117193460464478,0.46411415934562683,-0.6019571423530579,0.7884828448295593,0.6765838861465454,-0.22437214851379395,0.3847121000289917,0.6363359689712524,-0.14067888259887695,0.8675705194473267,0.9836806654930115,-0.26656997203826904,0.199037104845047,0.8664678335189819,-0.8796893954277039,0.8983256220817566,1.4104580879211426,-0.44232678413391113,0.17070087790489197,0.7396218776702881,-2.0867810249328613,0.9285249710083008,1.5174543857574463,-0.49513325095176697,0.1524735987186432,0.6332272887229919,-2.277820110321045,0.8897124528884888,1.4985369443893433,-0.5175811648368835,0.20746512711048126,0.5798928737640381,-2.2699077129364014,0.8621748685836792,1.466468334197998,-0.46323901414871216,0.23227910697460175,0.625792920589447,-2.118687868118286,0.6870500445365906,1.453427791595459,-0.09545987844467163,0.3915330171585083,1.426488995552063,0.09962178766727448,0.6504808664321899,2.0841097831726074,-0.03139007091522217,0.38106104731559753,2.0679290294647217,0.47547656297683716,0.6333959102630615,2.6508705615997314,0.5782845616340637,0.37023359537124634,2.628775119781494,1.196138620376587,0.6418712139129639,2.729033946990967,0.6029791831970215,0.3648252785205841,2.699110746383667,1.2616872787475586,0.5792129635810852,2.8239119052886963,0.01639724150300026,0.3946005702018738,2.8260273933410645,0.6463301777839661,0,0,0,0,0,0,0,0,0,0,0,0,0,0,0,0,0,0,0,0,0,0,0,0,0,0,0,0,0,0,0,0,0,0,0,0,0,0,0,0,0,0,0,0,0,0,0,0,0,0,0,0,0,0,0,0,0,0,0,0,0,0,0,0.11907601356506348,0.7633298635482788,6.503815370706434e-07,0.188913494348526,0.759611964225769,-0.04128754138946533,0.2543916404247284,0.7057641744613647,-0.059000954031944275,0.2988322973251343,0.6423114538192749,-0.07127099484205246,0.3363056778907776,0.5916138887405396,-0.08266875147819519,0.2258015275001526,0.5582048892974854,-0.03297032415866852,0.2400062084197998,0.4611659646034241,-0.05380352959036827,0.24605384469032288,0.4003695845603943,-0.0712914913892746,0.25199905037879944,0.34753575921058655,-0.0835055410861969,0.18562990427017212,0.5339440703392029,-0.02646886743605137,0.20160223543643951,0.4274134039878845,-0.04435386508703232,0.21127519011497498,0.3588271737098694,-0.06253688782453537,0.22128304839134216,0.29988574981689453,-0.07508475333452225,0.14497444033622742,0.5314499139785767,-0.02412196807563305,0.16243958473205566,0.43219393491744995,-0.043913111090660095,0.17444048821926117,0.3697434067726135,-0.06007586419582367,0.18599805235862732,0.31450754404067993,-0.06987344473600388,0.10132355988025665,0.5475404262542725,-0.024983040988445282,0.11479134857654572,0.46998322010040283,-0.04261782392859459,0.12614285945892334,0.4239799976348877,-0.05078764632344246,0.14008279144763947,0.37900444865226746,-0.05472266301512718,stop
0.5489097237586975,0.4082598090171814,-0.774173378944397,0.5834816694259644,0.3539036810398102,-0.7333769202232361,0.6008523106575012,0.35509049892425537,-0.7332661747932434,0.617570161819458,0.3568691909313202,-0.7333793044090271,0.5356439352035522,0.34715208411216736,-0.7096196413040161,0.5213963389396667,0.3439684212207794,-0.7090568542480469,0.509932816028595,0.3413296043872833,-0.7092767357826233,0.6451062560081482,0.37571534514427185,-0.3774433732032776,0.5038945078849792,0.3547280728816986,-0.24526171386241913,0.5736767053604126,0.47174400091171265,-0.6435261368751526,0.5164003372192383,0.46367672085762024,-0.6023803949356079,0.7847793698310852,0.6766003370285034,-0.20889894664287567,0.38471511006355286,0.6398612856864929,-0.17157074809074402,0.8647477030754089,0.9784650206565857,-0.2445838898420334,0.1892482340335846,0.8490772247314453,-0.9259231686592102,0.9043137431144714,1.4152837991714478,-0.4131156802177429,0.16087934374809265,0.746112585067749,-2.1241343021392822,0.9377946853637695,1.5238890647888184,-0.4651903212070465,0.1440129280090332,0.6303118467330933,-2.317833423614502,0.8987539410591125,1.5082954168319702,-0.4882550835609436,0.20095591247081757,0.5792635679244995,-2.3081564903259277,0.8698142170906067,1.4759398698806763,-0.4350070059299469,0.22749963402748108,0.6313377022743225,-2.1554341316223145,0.6860990524291992,1.4619837999343872,-0.09464037418365479,0.39016860723495483,1.434074878692627,0.0988871231675148,0.6521905064582825,2.0932042598724365,-0.03125330060720444,0.38136953115463257,2.077638626098633,0.4652498662471771,0.6355137228965759,2.662395715713501,0.5788235664367676,0.37023764848709106,2.6356780529022217,1.1795096397399902,0.6435314416885376,2.7415618896484375,0.6033127903938293,0.3646858334541321,2.705683469772339,1.2437021732330322,0.5830128788948059,2.834923028945923,0.012791089713573456,0.39457958936691284,2.8337721824645996,0.6208589673042297,0,0,0,0,0,0,0,0,0,0,0,0,0,0,0,0,0,0,0,0,0,0,0,0,0,0,0,0,0,0,0,0,0,0,0,0,0,0,0,0,0,0,0,0,0,0,0,0,0,0,0,0,0,0,0,0,0,0,0,0,0,0,0,0.11862131953239441,0.7751662731170654,4.63505756442828e-07,0.18901488184928894,0.7651636004447937,-0.04184244945645332,0.2554388642311096,0.7053868770599365,-0.05703495070338249,0.3012199103832245,0.6380453109741211,-0.06754197180271149,0.3407522141933441,0.5877978801727295,-0.0768129974603653,0.22369006276130676,0.5567166209220886,-0.025660986080765724,0.24155789613723755,0.4620707929134369,-0.045432765036821365,0.24729610979557037,0.40163135528564453,-0.06358771026134491,0.25200074911117554,0.34764623641967773,-0.07719743251800537,0.18492868542671204,0.5319483876228333,-0.019400067627429962,0.20338387787342072,0.4246814250946045,-0.03694671764969826,0.21360330283641815,0.35555315017700195,-0.05555190518498421,0.22253568470478058,0.2966517508029938,-0.06898949295282364,0.14528782665729523,0.5305057168006897,-0.018153779208660126,0.16056567430496216,0.4311709702014923,-0.036864545196294785,0.17251801490783691,0.3712693452835083,-0.05099022388458252,0.18403521180152893,0.318489670753479,-0.06013685464859009,0.10235645622015,0.546560525894165,-0.020903514698147774,0.11330759525299072,0.46885642409324646,-0.03855461627244949,0.1233820989727974,0.4234462380409241,-0.04644743725657463,0.13539141416549683,0.3802271783351898,-0.05066798999905586,stop
0.5510298609733582,0.406823992729187,-0.767966091632843,0.5854884386062622,0.3532090485095978,-0.7248634099960327,0.6026253700256348,0.3546035587787628,-0.7247265577316284,0.6190098524093628,0.3565891683101654,-0.7248026132583618,0.5382804274559021,0.3460944890975952,-0.7010821104049683,0.5243300795555115,0.3430313467979431,-0.700487494468689,0.513178825378418,0.34053975343704224,-0.7006968259811401,0.646411657333374,0.37585240602493286,-0.37046876549720764,0.5059687495231628,0.3545190095901489,-0.2346995621919632,0.5759350657463074,0.47153928875923157,-0.6365370154380798,0.5187639594078064,0.4635460078716278,-0.5982095003128052,0.7840929627418518,0.6771734356880188,-0.19848111271858215,0.3851779103279114,0.6427148580551147,-0.1681976616382599,0.8644186854362488,0.9796841144561768,-0.21990826725959778,0.17195460200309753,0.9174318909645081,-0.9013499021530151,0.9068549275398254,1.4343693256378174,-0.39342716336250305,0.15375593304634094,0.7509708404541016,-2.105977773666382,0.9393696784973145,1.547178864479065,-0.44850435853004456,0.13536565005779266,0.6265701055526733,-2.300051689147949,0.8982559442520142,1.5333335399627686,-0.4711977541446686,0.19836629927158356,0.5775262713432312,-2.2927029132843018,0.8698293566703796,1.499178409576416,-0.4151679575443268,0.2265700399875641,0.6326934099197388,-2.138597011566162,0.6855788230895996,1.46772038936615,-0.09456612169742584,0.3895829916000366,1.4400696754455566,0.09883379191160202,0.6534474492073059,2.1014211177825928,-0.030433479696512222,0.3819383978843689,2.0872950553894043,0.4878062307834625,0.636395275592804,2.672095775604248,0.6089833378791809,0.37039172649383545,2.6461188793182373,1.2461752891540527,0.6435859799385071,2.750748872756958,0.6367455720901489,0.36461353302001953,2.7167229652404785,1.315974235534668,0.5860350131988525,2.847454309463501,0.03338749706745148,0.39449405670166016,2.8438353538513184,0.6822878122329712,0,0,0,0,0,0,0,0,0,0,0,0,0,0,0,0,0,0,0,0,0,0,0,0,0,0,0,0,0,0,0,0,0,0,0,0,0,0,0,0,0,0,0,0,0,0,0,0,0,0,0,0,0,0,0,0,0,0,0,0,0,0,0,0.11891575902700424,0.7776718735694885,4.3083869627480453e-07,0.19027987122535706,0.7640004754066467,-0.0392240546643734,0.2577707767486572,0.7020798921585083,-0.053309548646211624,0.3048127591609955,0.6353466510772705,-0.06344236433506012,0.34303125739097595,0.5834236145019531,-0.07231969386339188,0.22656139731407166,0.5547515153884888,-0.021839087828993797,0.24512895941734314,0.4601479768753052,-0.04066014289855957,0.2511976957321167,0.3997434675693512,-0.05850264057517052,0.2559024691581726,0.34551161527633667,-0.0718621239066124,0.18832360208034515,0.5297870635986328,-0.01693153567612171,0.20777079463005066,0.4234303832054138,-0.032831333577632904,0.21765044331550598,0.35495731234550476,-0.05087428167462349,0.22596484422683716,0.29624471068382263,-0.0644536018371582,0.14967718720436096,0.5278079509735107,-0.01696573756635189,0.16674764454364777,0.43106818199157715,-0.03346404805779457,0.1785297840833664,0.3713940680027008,-0.046440064907073975,0.1885124146938324,0.3198198080062866,-0.05530089512467384,0.1080746054649353,0.5429476499557495,-0.021019501611590385,0.12028371542692184,0.4656864106655121,-0.03616029769182205,0.1312386393547058,0.41862571239471436,-0.04255589470267296,0.1427599936723709,0.37442439794540405,-0.04611785337328911,stop
0.5530694127082825,0.40660515427589417,-0.796367883682251,0.5876897573471069,0.35319283604621887,-0.7450049519538879,0.6049086451530457,0.3545983135700226,-0.7448090314865112,0.621200442314148,0.3565942943096161,-0.7447875738143921,0.5403870344161987,0.3460456430912018,-0.7307119965553284,0.5263386368751526,0.3430004417896271,-0.7301178574562073,0.5153830051422119,0.34052011370658875,-0.7303223609924316,0.6481848955154419,0.3762677311897278,-0.39418482780456543,0.5073772668838501,0.3545144498348236,-0.2680739760398865,0.5786920785903931,0.47152888774871826,-0.6544392704963684,0.5211131572723389,0.4635784327983856,-0.6294646263122559,0.7839215397834778,0.6772006750106812,-0.20188717544078827,0.38666361570358276,0.6434715986251831,-0.21255910396575928,0.8642305135726929,0.9803687930107117,-0.1918533742427826,0.16895541548728943,0.8622681498527527,-0.9421437382698059,0.9088077545166016,1.4418946504592896,-0.3580964505672455,0.15827509760856628,0.7506368160247803,-2.1094448566436768,0.9411069750785828,1.5546729564666748,-0.4140963554382324,0.1382475048303604,0.6156972646713257,-2.307769536972046,0.9009623527526855,1.5415257215499878,-0.443969190120697,0.1992189586162567,0.5669468641281128,-2.2982141971588135,0.8722658157348633,1.508005976676941,-0.3836713433265686,0.22883084416389465,0.6316500902175903,-2.139943838119507,0.686625599861145,1.4687674045562744,-0.08461075276136398,0.38990920782089233,1.4433480501174927,0.08897722512483597,0.6611506938934326,2.1042962074279785,0.015550409443676472,0.3891175389289856,2.094984769821167,0.486112505197525,0.6476117968559265,2.6753084659576416,0.6909490823745728,0.38521498441696167,2.6526055335998535,1.155257225036621,0.6534396409988403,2.7538154125213623,0.7217374444007874,0.37985628843307495,2.7230193614959717,1.2176164388656616,0.6006187200546265,2.8527772426605225,0.12216217815876007,0.4095922112464905,2.8487613201141357,0.5957823991775513,0,0,0,0,0,0,0,0,0,0,0,0,0,0,0,0,0,0,0,0,0,0,0,0,0,0,0,0,0,0,0,0,0,0,0,0,0,0,0,0,0,0,0,0,0,0,0,0,0,0,0,0,0,0,0,0,0,0,0,0,0,0,0,0.12287501245737076,0.7773213386535645,4.136828124501335e-07,0.1960776150226593,0.7644262909889221,-0.03853602707386017,0.2643628716468811,0.7014876008033752,-0.052281998097896576,0.3094933032989502,0.6333985328674316,-0.06234622374176979,0.34864360094070435,0.5833699107170105,-0.07121951878070831,0.23264151811599731,0.5539792776107788,-0.02149726264178753,0.25060153007507324,0.45948824286460876,-0.040553104132413864,0.2570907771587372,0.3992915153503418,-0.05828618258237839,0.26234686374664307,0.34556835889816284,-0.07153061777353287,0.19417959451675415,0.5289991497993469,-0.016980644315481186,0.21328267455101013,0.4225175678730011,-0.03341237083077431,0.22359627485275269,0.35397201776504517,-0.05145399272441864,0.23276299238204956,0.29506605863571167,-0.06497092545032501,0.15570314228534698,0.5268533825874329,-0.017366262152791023,0.17258137464523315,0.4304046034812927,-0.034301452338695526,0.1845577210187912,0.37039488554000854,-0.0473630391061306,0.19515594840049744,0.3186849057674408,-0.05624018609523773,0.11419860273599625,0.5416826605796814,-0.02173321321606636,0.1266798973083496,0.4645538032054901,-0.03723379969596863,0.13803844153881073,0.4168581962585449,-0.04395565390586853,0.1500559151172638,0.3723077178001404,-0.04775241017341614,stop
0.5540717840194702,0.4061696231365204,-0.79552161693573,0.5892966389656067,0.35299623012542725,-0.7450169920921326,0.6066346764564514,0.35446080565452576,-0.7448194622993469,0.6229240894317627,0.35651418566703796,-0.7447910308837891,0.5417654514312744,0.3457055687904358,-0.73060542345047,0.5276453495025635,0.34269940853118896,-0.7300060987472534,0.5167748332023621,0.34026414155960083,-0.730199933052063,0.6498053073883057,0.37643173336982727,-0.388947069644928,0.5085408687591553,0.3544808030128479,-0.26942092180252075,0.5799833536148071,0.47149765491485596,-0.6545740365982056,0.5224142074584961,0.46355050802230835,-0.6276875734329224,0.7838436961174011,0.6771573424339294,-0.19606037437915802,0.38743165135383606,0.6445404887199402,-0.20999979972839355,0.8643049001693726,0.9813135266304016,-0.17786327004432678,0.16894543170928955,0.8474768996238708,-0.9270593523979187,0.9126701354980469,1.4452989101409912,-0.330137699842453,0.16019630432128906,0.749928891658783,-2.077812671661377,0.9455327987670898,1.5578429698944092,-0.38142386078834534,0.13933297991752625,0.6115812659263611,-2.2703568935394287,0.9064714312553406,1.545232892036438,-0.4116554260253906,0.199591264128685,0.5612543821334839,-2.2616305351257324,0.8773602247238159,1.5118986368179321,-0.3552713692188263,0.2283855676651001,0.6306398510932922,-2.108217716217041,0.6874898076057434,1.4696160554885864,-0.07917766273021698,0.3905457854270935,1.445533275604248,0.0835740864276886,0.6660211682319641,2.1061933040618896,0.009174569509923458,0.3936137557029724,2.098541021347046,0.4320243299007416,0.6522632241249084,2.6785058975219727,0.6652684211730957,0.3907410204410553,2.6563117504119873,1.120858073234558,0.6577240824699402,2.756920099258423,0.6944764852523804,0.38477644324302673,2.726562261581421,1.1869571208953857,0.6065001487731934,2.8564882278442383,0.10102756321430206,0.41572684049606323,2.8517792224884033,0.5436934232711792,0,0,0,0,0,0,0,0,0,0,0,0,0,0,0,0,0,0,0,0,0,0,0,0,0,0,0,0,0,0,0,0,0,0,0,0,0,0,0,0,0,0,0,0,0,0,0,0,0,0,0,0,0,0,0,0,0,0,0,0,0,0,0,0.12252241373062134,0.7756666541099548,4.171141938513756e-07,0.19653114676475525,0.7634868025779724,-0.039124585688114166,0.26571378111839294,0.7032071352005005,-0.05294401943683624,0.3110760748386383,0.6354570984840393,-0.06302312761545181,0.3497808873653412,0.5843778848648071,-0.07188184559345245,0.23235753178596497,0.5531514286994934,-0.020306527614593506,0.2510635256767273,0.45881175994873047,-0.039334144443273544,0.2577000856399536,0.399257093667984,-0.05734895169734955,0.26284584403038025,0.3460690975189209,-0.07069220393896103,0.19393068552017212,0.5279087424278259,-0.015306836925446987,0.21346573531627655,0.42181915044784546,-0.031590305268764496,0.22390422224998474,0.3540174067020416,-0.05001060664653778,0.2325921356678009,0.29574349522590637,-0.06375022232532501,0.1551930457353592,0.5258982181549072,-0.015338982455432415,0.17152374982833862,0.43009963631629944,-0.03224651515483856,0.18368937075138092,0.3713439404964447,-0.045344945043325424,0.19446799159049988,0.3203825056552887,-0.054158616811037064,0.11298761516809464,0.5408899188041687,-0.019400579854846,0.12518346309661865,0.4636247456073761,-0.034959577023983,0.1366986483335495,0.4169923663139343,-0.041551489382982254,0.14924702048301697,0.373495489358902,-0.045166123658418655,stop
0.5573252439498901,0.40589746832847595,-0.7927228808403015,0.5920644402503967,0.3528180718421936,-0.7427625060081482,0.6091304421424866,0.3542855679988861,-0.7425657510757446,0.6252442598342896,0.3563062250614166,-0.7425893545150757,0.5451481938362122,0.3454912602901459,-0.7283109426498413,0.5306957960128784,0.342478483915329,-0.7277213335037231,0.5194962620735168,0.3400682508945465,-0.7279045581817627,0.6515640020370483,0.37641477584838867,-0.3836572766304016,0.5108493566513062,0.3543974757194519,-0.2694672644138336,0.583030641078949,0.47133365273475647,-0.6518167853355408,0.5258808135986328,0.4635344445705414,-0.6271966695785522,0.783903181552887,0.6765822768211365,-0.19327189028263092,0.38999590277671814,0.6451252698898315,-0.2030780017375946,0.864331066608429,0.9772422313690186,-0.16538095474243164,0.16753995418548584,0.8947442770004272,-0.9187660217285156,0.9186304211616516,1.4391415119171143,-0.3169177770614624,0.16090397536754608,0.7494532465934753,-2.080545425415039,0.9518401026725769,1.5477126836776733,-0.3669847548007965,0.1410978138446808,0.6094777584075928,-2.2746591567993164,0.9154200553894043,1.5372905731201172,-0.4026934504508972,0.2027905285358429,0.5578712821006775,-2.267524480819702,0.8861376643180847,1.5061284303665161,-0.34326648712158203,0.22894617915153503,0.6297169923782349,-2.1119914054870605,0.6874911189079285,1.4651399850845337,-0.07748062908649445,0.39131835103034973,1.4428305625915527,0.0817931592464447,0.6672390103340149,2.1020472049713135,0.006276694592088461,0.39581099152565,2.0978777408599854,0.42268675565719604,0.651931643486023,2.6775755882263184,0.6568742990493774,0.39000657200813293,2.6548995971679688,1.1141433715820312,0.6572796106338501,2.75652813911438,0.6852339506149292,0.383715957403183,2.7253596782684326,1.178647756576538,0.6054129600524902,2.8542044162750244,0.09650304168462753,0.41416916251182556,2.8508431911468506,0.539703369140625,0,0,0,0,0,0,0,0,0,0,0,0,0,0,0,0,0,0,0,0,0,0,0,0,0,0,0,0,0,0,0,0,0,0,0,0,0,0,0,0,0,0,0,0,0,0,0,0,0,0,0,0,0,0,0,0,0,0,0,0,0,0,0,0.12863802909851074,0.7764133214950562,4.0119456912179885e-07,0.20352597534656525,0.7649627923965454,-0.038270313292741776,0.2718370258808136,0.7022455930709839,-0.05193933844566345,0.31565678119659424,0.6321848034858704,-0.06196180731058121,0.3575699031352997,0.5856529474258423,-0.07079550623893738,0.23901067674160004,0.553852915763855,-0.020684607326984406,0.2567570209503174,0.4594132900238037,-0.03917594254016876,0.262788861989975,0.39927563071250916,-0.05636408179998398,0.26770153641700745,0.34633868932724,-0.06935704499483109,0.20052215456962585,0.5292434096336365,-0.016086779534816742,0.21977107226848602,0.422455370426178,-0.03257133066654205,0.2300051897764206,0.3541433811187744,-0.05053778737783432,0.23900000751018524,0.2956047058105469,-0.06392211467027664,0.16207252442836761,0.527218222618103,-0.016348136588931084,0.17895883321762085,0.42976200580596924,-0.03370114043354988,0.1906091570854187,0.3697589039802551,-0.04716528207063675,0.20093299448490143,0.317983478307724,-0.05622396245598793,0.12040907889604568,0.5420711040496826,-0.020468778908252716,0.13194231688976288,0.4646899104118347,-0.0363503023982048,0.14296044409275055,0.4169118404388428,-0.043740857392549515,0.15501171350479126,0.372048556804657,-0.04805673658847809,stop
0.5585272908210754,0.4064014256000519,-0.8100892901420593,0.5927743911743164,0.35324737429618835,-0.7637529969215393,0.6098988056182861,0.354647696018219,-0.7635552287101746,0.6261106729507446,0.3566437363624573,-0.7635997533798218,0.5460792779922485,0.34600353240966797,-0.749252200126648,0.5315431356430054,0.34290000796318054,-0.7487064599990845,0.5203399062156677,0.34045976400375366,-0.7489028573036194,0.6526316404342651,0.3766544759273529,-0.3945196866989136,0.5116729140281677,0.35458502173423767,-0.29237157106399536,0.5842998623847961,0.4716279208660126,-0.667073667049408,0.5273656845092773,0.4642430543899536,-0.6434203386306763,0.7839531302452087,0.6759933233261108,-0.1981547325849533,0.3910772502422333,0.6461489200592041,-0.22247090935707092,0.8656662106513977,0.9765307307243347,-0.1789001226425171,0.1707029640674591,0.8670383095741272,-0.9465112686157227,0.9246724247932434,1.4384284019470215,-0.3538983464241028,0.16125863790512085,0.7467371225357056,-2.1073033809661865,0.9578138589859009,1.5469276905059814,-0.4113207459449768,0.1422894299030304,0.6055071353912354,-2.307979106903076,0.9209699630737305,1.5356241464614868,-0.44677844643592834,0.208279088139534,0.5535452961921692,-2.299927234649658,0.8914532661437988,1.5043489933013916,-0.38147419691085815,0.23638121783733368,0.6293340921401978,-2.137925624847412,0.6898066401481628,1.465082049369812,-0.07456208765506744,0.3942214548587799,1.4435986280441284,0.07881106436252594,0.6719685196876526,2.1017041206359863,0.016921283677220345,0.40039926767349243,2.0979132652282715,0.4169462323188782,0.6583250761032104,2.6769192218780518,0.6659054756164551,0.39720141887664795,2.6569249629974365,1.1169517040252686,0.6636337041854858,2.755328893661499,0.6949800252914429,0.39183083176612854,2.727116346359253,1.1816940307617188,0.6118413209915161,2.8552002906799316,0.10162724554538727,0.41973695158958435,2.852430582046509,0.5418667197227478,0,0,0,0,0,0,0,0,0,0,0,0,0,0,0,0,0,0,0,0,0,0,0,0,0,0,0,0,0,0,0,0,0,0,0,0,0,0,0,0,0,0,0,0,0,0,0,0,0,0,0,0,0,0,0,0,0,0,0,0,0,0,0,0.13207292556762695,0.7783463001251221,4.0710159510126687e-07,0.20736080408096313,0.7664097547531128,-0.03817003220319748,0.2762860655784607,0.7029291987419128,-0.0515933558344841,0.321542888879776,0.6329575181007385,-0.061497729271650314,0.36450067162513733,0.5870442986488342,-0.07006923854351044,0.24332593381404877,0.5553752183914185,-0.019314775243401527,0.26168376207351685,0.46059441566467285,-0.037697382271289825,0.2682883143424988,0.3999927341938019,-0.055031806230545044,0.27369433641433716,0.34652435779571533,-0.06817419826984406,0.2048383206129074,0.5303369760513306,-0.014867550693452358,0.22438153624534607,0.42303478717803955,-0.03148683160543442,0.23501208424568176,0.353971004486084,-0.04970144107937813,0.2442616969347,0.29494476318359375,-0.06314133107662201,0.16635215282440186,0.5279693603515625,-0.015375201590359211,0.18335136771202087,0.42968693375587463,-0.03299230337142944,0.19507166743278503,0.3694998025894165,-0.04658534750342369,0.20551784336566925,0.3178339898586273,-0.05554621294140816,0.12497144192457199,0.5426621437072754,-0.0197892002761364,0.13653147220611572,0.46488237380981445,-0.03575977683067322,0.1472598910331726,0.41696321964263916,-0.04313189163804054,0.15914779901504517,0.3722977042198181,-0.04734725132584572,stop
0.5594576597213745,0.4068482220172882,-0.819811224937439,0.5933758020401001,0.3536005914211273,-0.7757274508476257,0.610499382019043,0.35493454337120056,-0.7755383253097534,0.6267412900924683,0.3568943440914154,-0.7755876779556274,0.5468660593032837,0.3464697301387787,-0.7603108286857605,0.532253623008728,0.34330981969833374,-0.759772002696991,0.5209940075874329,0.3408496677875519,-0.7599760293960571,0.6533207297325134,0.37683385610580444,-0.4005160927772522,0.5122414827346802,0.35479307174682617,-0.30428677797317505,0.585138201713562,0.4718436896800995,-0.6767846941947937,0.5284200310707092,0.4648509919643402,-0.6526110172271729,0.7839736342430115,0.6754451394081116,-0.19824019074440002,0.39199596643447876,0.6471478939056396,-0.23230190575122833,0.8671222925186157,0.9760113954544067,-0.17577208578586578,0.17269262671470642,0.8564932346343994,-0.952619731426239,0.9281896352767944,1.4379264116287231,-0.35512682795524597,0.16375383734703064,0.7428807020187378,-2.1076207160949707,0.9608117341995239,1.5462952852249146,-0.41377925872802734,0.14277920126914978,0.5951985716819763,-2.3104076385498047,0.9236282110214233,1.5342570543289185,-0.45143118500709534,0.21205559372901917,0.54914790391922,-2.3015785217285156,0.8942939043045044,1.502821445465088,-0.3839574158191681,0.24075031280517578,0.6278907656669617,-2.138000965118408,0.6922597885131836,1.4648393392562866,-0.07128594070672989,0.3966255784034729,1.4439200162887573,0.07552612572908401,0.6759248375892639,2.1013524532318115,0.02296341583132744,0.4044373631477356,2.098017454147339,0.41162028908729553,0.6632922887802124,2.676448345184326,0.6700040698051453,0.40225666761398315,2.6584863662719727,1.108987808227539,0.6686314344406128,2.7546257972717285,0.6991502046585083,0.3972422182559967,2.728701591491699,1.1723352670669556,0.616815447807312,2.8556697368621826,0.10414949804544449,0.4244414269924164,2.8537344932556152,0.5389889478683472,0,0,0,0,0,0,0,0,0,0,0,0,0,0,0,0,0,0,0,0,0,0,0,0,0,0,0,0,0,0,0,0,0,0,0,0,0,0,0,0,0,0,0,0,0,0,0,0,0,0,0,0,0,0,0,0,0,0,0,0,0,0,0,0.13209831714630127,0.7781177163124084,4.050542941058666e-07,0.20753608644008636,0.7657739520072937,-0.03755253925919533,0.27777421474456787,0.7028383016586304,-0.05031297355890274,0.32338523864746094,0.6331788301467896,-0.05958925187587738,0.3654404878616333,0.5859655737876892,-0.06753695011138916,0.24369989335536957,0.555262565612793,-0.017801208421587944,0.2622688114643097,0.4603572189807892,-0.035923708230257034,0.2689618468284607,0.40019285678863525,-0.05314883589744568,0.2744313180446625,0.3468248248100281,-0.06609416007995605,0.204567089676857,0.5299183130264282,-0.013390171341598034,0.22430378198623657,0.42350566387176514,-0.029304517433047295,0.23483452200889587,0.35547304153442383,-0.047077029943466187,0.24389582872390747,0.29690250754356384,-0.06016496568918228,0.16527508199214935,0.5275356769561768,-0.013961948454380035,0.18155544996261597,0.43021154403686523,-0.030867131426930428,0.19379179179668427,0.3713127076625824,-0.04361589998006821,0.2050599753856659,0.3201935887336731,-0.052052613347768784,0.12282206863164902,0.542482316493988,-0.018447088077664375,0.13439582288265228,0.46514686942100525,-0.033694203943014145,0.14524567127227783,0.41910916566848755,-0.039970263838768005,0.15762561559677124,0.37596404552459717,-0.043371595442295074,stop
0.5608229041099548,0.40742090344429016,-0.8185256719589233,0.5947363972663879,0.35397812724113464,-0.7737109661102295,0.611741304397583,0.35529187321662903,-0.7735169529914856,0.6279166340827942,0.3572671115398407,-0.7736258506774902,0.5482243299484253,0.3469732105731964,-0.7599939703941345,0.5333472490310669,0.3438032567501068,-0.7594853043556213,0.5217669606208801,0.3413463532924652,-0.7596994638442993,0.6543034911155701,0.37721094489097595,-0.40329036116600037,0.5127336978912354,0.35500097274780273,-0.30164963006973267,0.5861557126045227,0.4724191427230835,-0.6743842959403992,0.5293309092521667,0.4657704532146454,-0.6522858738899231,0.7843087911605835,0.6753851175308228,-0.20135179162025452,0.3927247226238251,0.6471108794212341,-0.22379794716835022,0.8669484853744507,0.9759772419929504,-0.18730537593364716,0.17303888499736786,0.84934002161026,-0.9220253229141235,0.9264780282974243,1.4377741813659668,-0.3693481683731079,0.16514180600643158,0.7387198209762573,-2.071197509765625,0.9581784009933472,1.5460610389709473,-0.4290269911289215,0.14526371657848358,0.5868527293205261,-2.2691946029663086,0.9204471707344055,1.5338257551193237,-0.4653855860233307,0.2154998779296875,0.5441635251045227,-2.258575916290283,0.8915794491767883,1.5024372339248657,-0.3977183699607849,0.2435808628797531,0.624511182308197,-2.100900888442993,0.6922223567962646,1.462908148765564,-0.07074262946844101,0.3965962529182434,1.440514326095581,0.07493195682764053,0.6751627326011658,2.0997087955474854,0.022034067660570145,0.403839111328125,2.09507417678833,0.4063539505004883,0.6622885465621948,2.6754798889160156,0.6649088263511658,0.4012300968170166,2.6572964191436768,1.1066303253173828,0.6680924892425537,2.753203868865967,0.6939505338668823,0.3962485194206238,2.727461099624634,1.1690146923065186,0.6151533722877502,2.854855537414551,0.1015411764383316,0.42410755157470703,2.8531670570373535,0.5363555550575256,0,0,0,0,0,0,0,0,0,0,0,0,0,0,0,0,0,0,0,0,0,0,0,0,0,0,0,0,0,0,0,0,0,0,0,0,0,0,0,0,0,0,0,0,0,0,0,0,0,0,0,0,0,0,0,0,0,0,0,0,0,0,0,0.13443005084991455,0.7796077132225037,4.0647648802405456e-07,0.2092154622077942,0.7670217752456665,-0.03613629937171936,0.27850496768951416,0.7065610885620117,-0.049246788024902344,0.32405906915664673,0.639316737651825,-0.059147294610738754,0.36433303356170654,0.5910360813140869,-0.06783692538738251,0.24681125581264496,0.5565111637115479,-0.01833822950720787,0.26474326848983765,0.46156710386276245,-0.036653853952884674,0.27084195613861084,0.40131378173828125,-0.053987208753824234,0.27598756551742554,0.3477502465248108,-0.06698273867368698,0.2072911113500595,0.5303446650505066,-0.014990798197686672,0.22703757882118225,0.42315343022346497,-0.03127266839146614,0.23780906200408936,0.35463637113571167,-0.049336373805999756,0.24725674092769623,0.29546427726745605,-0.0626043751835823,0.1676884889602661,0.5275232791900635,-0.01635059341788292,0.18449242413043976,0.4299333691596985,-0.03316887095570564,0.19641126692295074,0.3704729676246643,-0.046160001307725906,0.2071523219347,0.3185437023639679,-0.054777223616838455,0.1255531907081604,0.5426564812660217,-0.02146192081272602,0.13716238737106323,0.4643462896347046,-0.036517705768346786,0.14804325997829437,0.4173898696899414,-0.04288533702492714,0.16044867038726807,0.37342673540115356,-0.0463225431740284,stop
0.5612200498580933,0.40830865502357483,-0.8154752850532532,0.5947713255882263,0.3547810912132263,-0.7727352380752563,0.6117621660232544,0.3559393584728241,-0.772546648979187,0.627947986125946,0.35783207416534424,-0.7726434469223022,0.5486654043197632,0.34819507598876953,-0.756247878074646,0.5338358879089355,0.34499338269233704,-0.7557390928268433,0.522244393825531,0.3424949645996094,-0.7559630870819092,0.6544142961502075,0.37749794125556946,-0.40536823868751526,0.5132973790168762,0.35581791400909424,-0.2988117039203644,0.5865405797958374,0.47299924492836,-0.6739489436149597,0.5300635695457458,0.4667668640613556,-0.6497640609741211,0.7845579385757446,0.675204336643219,-0.20105409622192383,0.3932490944862366,0.6490171551704407,-0.2228579968214035,0.8678857684135437,0.9764057993888855,-0.17489467561244965,0.1743890792131424,0.8504636883735657,-0.9103425741195679,0.9264084696769714,1.4330592155456543,-0.3468790054321289,0.16661550104618073,0.7379782199859619,-2.0546891689300537,0.9577752947807312,1.539591908454895,-0.4049723744392395,0.14558523893356323,0.5886257290840149,-2.251750946044922,0.9209237098693848,1.5266534090042114,-0.44595494866371155,0.21625971794128418,0.544230580329895,-2.2407450675964355,0.892458438873291,1.496544361114502,-0.3762776851654053,0.24425987899303436,0.6243324875831604,-2.083899974822998,0.6921849250793457,1.4627774953842163,-0.07100310921669006,0.3965759575366974,1.4403012990951538,0.07519035041332245,0.674690842628479,2.0995137691497803,0.03017355129122734,0.40329909324645996,2.09427809715271,0.4048932194709778,0.6621403098106384,2.674862861633301,0.6794965267181396,0.401005357503891,2.656874418258667,1.107326865196228,0.6670121550559998,2.7528481483459473,0.7099684476852417,0.3958604335784912,2.727219820022583,1.1707603931427002,0.6146940588951111,2.85421085357666,0.11725267022848129,0.42120084166526794,2.8523361682891846,0.5341450572013855,0,0,0,0,0,0,0,0,0,0,0,0,0,0,0,0,0,0,0,0,0,0,0,0,0,0,0,0,0,0,0,0,0,0,0,0,0,0,0,0,0,0,0,0,0,0,0,0,0,0,0,0,0,0,0,0,0,0,0,0,0,0,0,0.13385647535324097,0.7781347632408142,4.148277525928279e-07,0.20742610096931458,0.7656698226928711,-0.03777511790394783,0.27875661849975586,0.7090723514556885,-0.051676128059625626,0.3284341096878052,0.6450283527374268,-0.06222972273826599,0.36888593435287476,0.5977826714515686,-0.07155582308769226,0.2468273937702179,0.5546839237213135,-0.018913695588707924,0.26571032404899597,0.45977190136909485,-0.03778843581676483,0.27133744955062866,0.39945197105407715,-0.056018877774477005,0.2757202088832855,0.345693439245224,-0.0695686787366867,0.2080497145652771,0.5284680724143982,-0.015001112595200539,0.2272852659225464,0.42095881700515747,-0.031242450699210167,0.23775166273117065,0.3525058329105377,-0.0497787706553936,0.24647367000579834,0.293582022190094,-0.06341143697500229,0.1687088906764984,0.5258283019065857,-0.016027631238102913,0.1833491027355194,0.42783892154693604,-0.032683562487363815,0.1951589435338974,0.3683794140815735,-0.04579595848917961,0.20590555667877197,0.3158852159976959,-0.054602526128292084,0.1258411407470703,0.5410597324371338,-0.021051974967122078,0.13608220219612122,0.4627072811126709,-0.035845234990119934,0.14640820026397705,0.4163079559803009,-0.041912492364645004,0.158329576253891,0.372519850730896,-0.04519673436880112,stop
0.561435341835022,0.40893253684043884,-0.8134301900863647,0.594796359539032,0.35530322790145874,-0.7720435857772827,0.6117885112762451,0.3563539385795593,-0.7718586325645447,0.6279853582382202,0.3581875264644623,-0.7719472050666809,0.5489288568496704,0.3489995002746582,-0.7538187503814697,0.5341287851333618,0.3457767069339752,-0.7533082962036133,0.5225312113761902,0.3432525098323822,-0.7535375356674194,0.6545063853263855,0.37766963243484497,-0.4065724015235901,0.5137242674827576,0.3563375473022461,-0.2968415915966034,0.5867964029312134,0.4734305739402771,-0.6734439134597778,0.5305022597312927,0.46749675273895264,-0.6480246782302856,0.7848266363143921,0.6750667095184326,-0.20020656287670135,0.39369532465934753,0.650195300579071,-0.2211669236421585,0.8688806295394897,0.976714551448822,-0.1723497211933136,0.17565420269966125,0.8511413931846619,-0.9057682752609253,0.9263463020324707,1.4287651777267456,-0.3488997519016266,0.1676400601863861,0.7372783422470093,-2.046715021133423,0.9573552012443542,1.534301996231079,-0.40797242522239685,0.14580540359020233,0.5899053812026978,-2.2430787086486816,0.9207989573478699,1.5203497409820557,-0.4497058391571045,0.21677100658416748,0.5441685318946838,-2.23193621635437,0.8927054405212402,1.4908732175827026,-0.3786703944206238,0.24475832283496857,0.6240983605384827,-2.0755903720855713,0.6921547055244446,1.4627015590667725,-0.07086221873760223,0.39655324816703796,1.4402343034744263,0.07504600286483765,0.6745346188545227,2.0993752479553223,0.03460661321878433,0.4030326008796692,2.0937588214874268,0.4010032117366791,0.6612349152565002,2.674417018890381,0.6851873993873596,0.39985692501068115,2.656414270401001,1.105442762374878,0.6654093265533447,2.7525792121887207,0.715949535369873,0.3949283957481384,2.7268145084381104,1.1682624816894531,0.6129182577133179,2.853684425354004,0.12315057218074799,0.4184418320655823,2.8517844676971436,0.5316271185874939,0,0,0,0,0,0,0,0,0,0,0,0,0,0,0,0,0,0,0,0,0,0,0,0,0,0,0,0,0,0,0,0,0,0,0,0,0,0,0,0,0,0,0,0,0,0,0,0,0,0,0,0,0,0,0,0,0,0,0,0,0,0,0,0.13486835360527039,0.778571367263794,4.0631380215927493e-07,0.20812729001045227,0.765160322189331,-0.03734142333269119,0.27892887592315674,0.7083696126937866,-0.05118900537490845,0.3284139037132263,0.6444050073623657,-0.06186159700155258,0.3693993091583252,0.5974099040031433,-0.07135827839374542,0.24710562825202942,0.5541609525680542,-0.01831454038619995,0.26661697030067444,0.45982930064201355,-0.037318117916584015,0.27234259247779846,0.3997712731361389,-0.05568727105855942,0.2765284776687622,0.3461388349533081,-0.06936348974704742,0.20816828310489655,0.5280966758728027,-0.014809170737862587,0.2279781997203827,0.42115700244903564,-0.03108961321413517,0.23809267580509186,0.35301825404167175,-0.04971412941813469,0.2460433542728424,0.2945329248905182,-0.06345398724079132,0.16863693296909332,0.5257276892662048,-0.01626443862915039,0.18392714858055115,0.4275214970111847,-0.033074043691158295,0.19557198882102966,0.36780887842178345,-0.046408556401729584,0.20603080093860626,0.31484779715538025,-0.055481649935245514,0.12540297210216522,0.5411919951438904,-0.021671585738658905,0.1358647644519806,0.46309536695480347,-0.036855995655059814,0.14581307768821716,0.4165180027484894,-0.04321713373064995,0.157185360789299,0.37241482734680176,-0.046753134578466415,stop
0.5611153841018677,0.40902242064476013,-0.8265213966369629,0.5945225358009338,0.35532158613204956,-0.7845028042793274,0.6115191578865051,0.35637253522872925,-0.784295380115509,0.6277492046356201,0.35821598768234253,-0.7843484282493591,0.5487619638442993,0.3490197956562042,-0.7655218243598938,0.5340050458908081,0.3457987606525421,-0.765024721622467,0.5224689245223999,0.3432926535606384,-0.7652698755264282,0.6544538736343384,0.37782010436058044,-0.40906938910484314,0.5137811899185181,0.35650166869163513,-0.3051961362361908,0.5865219831466675,0.47365179657936096,-0.6861057281494141,0.5303499102592468,0.4677756726741791,-0.6586557626724243,0.7849079966545105,0.6754198670387268,-0.2007778137922287,0.3936074674129486,0.6521878838539124,-0.22759583592414856,0.8688281774520874,0.97883540391922,-0.1750209629535675,0.17527902126312256,0.8448242545127869,-0.9180977940559387,0.9256837964057922,1.429174542427063,-0.3532285988330841,0.16819915175437927,0.7304815649986267,-2.0541791915893555,0.9564134478569031,1.5347974300384521,-0.4119948744773865,0.1460658609867096,0.5851805210113525,-2.2540535926818848,0.9196941256523132,1.5210257768630981,-0.45208364725112915,0.21699634194374084,0.5400736331939697,-2.2415003776550293,0.8917058706283569,1.4912452697753906,-0.3830665946006775,0.24470236897468567,0.62065190076828,-2.08209490776062,0.6921765208244324,1.4634933471679688,-0.06914804875850677,0.39653271436691284,1.4405827522277832,0.07334251701831818,0.6744315028190613,2.100898265838623,0.03453062102198601,0.4022602140903473,2.094292163848877,0.35442355275154114,0.6607435941696167,2.6756412982940674,0.6822317838668823,0.39931532740592957,2.6574490070343018,1.018926978111267,0.6649917960166931,2.7538363933563232,0.7119757533073425,0.39426809549331665,2.727749824523926,1.0773344039916992,0.6121321320533752,2.8555307388305664,0.11778601258993149,0.41772714257240295,2.853771924972534,0.42611241340637207,0,0,0,0,0,0,0,0,0,0,0,0,0,0,0,0,0,0,0,0,0,0,0,0,0,0,0,0,0,0,0,0,0,0,0,0,0,0,0,0,0,0,0,0,0,0,0,0,0,0,0,0,0,0,0,0,0,0,0,0,0,0,0,0.1365451216697693,0.7751767635345459,4.2160388602496823e-07,0.21075472235679626,0.7618585824966431,-0.03498373180627823,0.28313806653022766,0.7098284959793091,-0.049327291548252106,0.33531588315963745,0.6540849208831787,-0.06103592738509178,0.3760543465614319,0.6141385436058044,-0.0718909427523613,0.24861708283424377,0.552869439125061,-0.020726533606648445,0.26758840680122375,0.4569687247276306,-0.04017460718750954,0.2732557952404022,0.3970385789871216,-0.05822233855724335,0.27765774726867676,0.34397220611572266,-0.0715760588645935,0.20819009840488434,0.5262283682823181,-0.0187844205647707,0.22692522406578064,0.41651201248168945,-0.03571866452693939,0.23734398186206818,0.3484383225440979,-0.05396687984466553,0.24569405615329742,0.290884405374527,-0.06727977842092514,0.1674550175666809,0.5233324766159058,-0.02128162980079651,0.1807728260755539,0.4221417009830475,-0.037964098155498505,0.19204694032669067,0.36187636852264404,-0.050956521183252335,0.20254895091056824,0.3090195655822754,-0.059882935136556625,0.12351831793785095,0.5390803813934326,-0.027501268312335014,0.1321064829826355,0.4599354565143585,-0.04227183386683464,0.14116360247135162,0.4127300977706909,-0.048319704830646515,0.1523454785346985,0.368630051612854,-0.051706839352846146,stop
0.5613614916801453,0.40987005829811096,-0.8252798914909363,0.5948867797851562,0.35609671473503113,-0.7832139730453491,0.6118754148483276,0.3571241796016693,-0.7830191850662231,0.6280681490898132,0.3589859902858734,-0.7830981612205505,0.5490604639053345,0.349944531917572,-0.7640550136566162,0.5342032313346863,0.3466710150241852,-0.7635165452957153,0.5225598812103271,0.3440665304660797,-0.7637506127357483,0.6545305252075195,0.3785751461982727,-0.4090469777584076,0.5138241648674011,0.35708144307136536,-0.3033716082572937,0.5865812301635742,0.4744115471839905,-0.6859515905380249,0.5304673314094543,0.46882563829421997,-0.6554819345474243,0.7844698429107666,0.6759071946144104,-0.20141422748565674,0.39384472370147705,0.6523338556289673,-0.22383269667625427,0.8682296872138977,0.9816704988479614,-0.17948807775974274,0.1757992058992386,0.8424301147460938,-0.910149097442627,0.9233415722846985,1.433351993560791,-0.3563941419124603,0.16858002543449402,0.7252004742622375,-2.0355031490325928,0.9536659121513367,1.5403169393539429,-0.41890159249305725,0.14613230526447296,0.5788735747337341,-2.2341458797454834,0.9163576364517212,1.5260484218597412,-0.46379613876342773,0.21710006892681122,0.5343841314315796,-2.220414876937866,0.8889213800430298,1.495276689529419,-0.38922303915023804,0.2447228729724884,0.6191339492797852,-2.0620009899139404,0.6920782327651978,1.4637322425842285,-0.06559140235185623,0.3964163362979889,1.4404637813568115,0.06970737129449844,0.6728451251983643,2.1014585494995117,0.03078744187951088,0.40064477920532227,2.0941269397735596,0.3419336676597595,0.6575459241867065,2.6766343116760254,0.6551254987716675,0.39722970128059387,2.658081293106079,1.0002202987670898,0.6617812514305115,2.7547683715820312,0.6824361681938171,0.3918827772140503,2.7282562255859375,1.0582126379013062,0.6087616682052612,2.8567655086517334,0.09294459968805313,0.41716447472572327,2.854879140853882,0.4147309362888336,0,0,0,0,0,0,0,0,0,0,0,0,0,0,0,0,0,0,0,0,0,0,0,0,0,0,0,0,0,0,0,0,0,0,0,0,0,0,0,0,0,0,0,0,0,0,0,0,0,0,0,0,0,0,0,0,0,0,0,0,0,0,0,0.13930170238018036,0.7783690094947815,4.496348253724136e-07,0.21347352862358093,0.76231849193573,-0.03761884197592735,0.28511810302734375,0.7118076086044312,-0.05365594103932381,0.3407691419124603,0.6591662764549255,-0.06658533215522766,0.386635959148407,0.6210062503814697,-0.07856860756874084,0.2458033710718155,0.5516310930252075,-0.020059838891029358,0.2627773880958557,0.4562751352787018,-0.03914099559187889,0.26790231466293335,0.3975694477558136,-0.057648301124572754,0.2725105881690979,0.3449242115020752,-0.07149181514978409,0.2055424600839615,0.5258486270904541,-0.01673613116145134,0.22279883921146393,0.4171627163887024,-0.03315359354019165,0.2326921671628952,0.34909412264823914,-0.051831942051649094,0.2405427098274231,0.29094719886779785,-0.06563485413789749,0.16487935185432434,0.5240755081176758,-0.018272262066602707,0.17797023057937622,0.42347070574760437,-0.03476256504654884,0.18942491710186005,0.3634698987007141,-0.048148225992918015,0.2000628113746643,0.3096536099910736,-0.05739032104611397,0.12167713791131973,0.5402861833572388,-0.02377293072640896,0.13165192306041718,0.46076491475105286,-0.03835524246096611,0.141156405210495,0.4141494631767273,-0.04428703710436821,0.15222187340259552,0.370208740234375,-0.04766307771205902,stop
0.5615429282188416,0.41048240661621094,-0.8231595754623413,0.5951458215713501,0.35662999749183655,-0.7826976776123047,0.6121373176574707,0.3576507270336151,-0.7824972867965698,0.62831050157547,0.35953548550605774,-0.782559335231781,0.5492634177207947,0.35056087374687195,-0.7620324492454529,0.5343348979949951,0.3472512364387512,-0.7614805698394775,0.5226190686225891,0.3445852994918823,-0.761713445186615,0.6545974612236023,0.37914764881134033,-0.40940579771995544,0.5138460397720337,0.3575209379196167,-0.3024248480796814,0.5866309404373169,0.4750210642814636,-0.6850131750106812,0.5305404663085938,0.4696427583694458,-0.6529787182807922,0.7842220664024353,0.6764256954193115,-0.20208895206451416,0.39399486780166626,0.6526501774787903,-0.22175069153308868,0.8676578402519226,0.9837706089019775,-0.18013246357440948,0.17610253393650055,0.842585563659668,-0.9058685302734375,0.9220651388168335,1.4365267753601074,-0.368045836687088,0.16891825199127197,0.7228565812110901,-2.0313589572906494,0.9522045254707336,1.544301986694336,-0.4338252544403076,0.1461406797170639,0.5764169692993164,-2.230051279067993,0.9144983291625977,1.52964186668396,-0.47958436608314514,0.2171953022480011,0.5320703387260437,-2.2160351276397705,0.8873106241226196,1.4982573986053467,-0.4018448293209076,0.24477478861808777,0.6184267401695251,-2.05751371383667,0.6919338703155518,1.4644815921783447,-0.0640585795044899,0.39626675844192505,1.440679907798767,0.06814880669116974,0.6712940335273743,2.1024749279022217,0.02648257650434971,0.39877232909202576,2.094430685043335,0.3458077311515808,0.6545072793960571,2.6781396865844727,0.6418360471725464,0.39445316791534424,2.659295082092285,1.011987328529358,0.6587981581687927,2.7561862468719482,0.6685611009597778,0.3888492286205292,2.729355812072754,1.0709943771362305,0.6052507162094116,2.8585779666900635,0.0793519839644432,0.415593683719635,2.8565969467163086,0.4292782247066498,0,0,0,0,0,0,0,0,0,0,0,0,0,0,0,0,0,0,0,0,0,0,0,0,0,0,0,0,0,0,0,0,0,0,0,0,0,0,0,0,0,0,0,0,0,0,0,0,0,0,0,0,0,0,0,0,0,0,0,0,0,0,0,0.13800148665905,0.7772024273872375,4.6315432200572104e-07,0.21111497282981873,0.7631193399429321,-0.03774018958210945,0.2823652923107147,0.7147877216339111,-0.0543607696890831,0.3382062315940857,0.6631091237068176,-0.06773871928453445,0.38389843702316284,0.625654935836792,-0.08011815696954727,0.244948148727417,0.5521131157875061,-0.021987585350871086,0.26291245222091675,0.4570615291595459,-0.041490375995635986,0.2678123116493225,0.3978899121284485,-0.06010672450065613,0.27165916562080383,0.34441956877708435,-0.0740438923239708,0.20517916977405548,0.525280773639679,-0.01866266317665577,0.2229098528623581,0.417166531085968,-0.03513022139668465,0.23271524906158447,0.34955763816833496,-0.05344979837536812,0.24037323892116547,0.29224443435668945,-0.0670207291841507,0.16512146592140198,0.5231727957725525,-0.020063644275069237,0.17826278507709503,0.4228382706642151,-0.03657786548137665,0.1892724186182022,0.3628680109977722,-0.0496673621237278,0.1993730068206787,0.3090522587299347,-0.05868542939424515,0.12240339815616608,0.5395909547805786,-0.025426682084798813,0.13212114572525024,0.46001505851745605,-0.04021800309419632,0.1413293182849884,0.4132866859436035,-0.0461907796561718,0.15235081315040588,0.3691239058971405,-0.04948585852980614,stop
0.5621537566184998,0.411482036113739,-0.8481143712997437,0.5958274602890015,0.35771793127059937,-0.8034823536872864,0.6129250526428223,0.35880187153816223,-0.803350567817688,0.6290795803070068,0.36065757274627686,-0.8033722639083862,0.5495417714118958,0.35139426589012146,-0.7845150232315063,0.5345199704170227,0.3480087220668793,-0.7839743494987488,0.5226646661758423,0.345212459564209,-0.7842090725898743,0.6548984050750732,0.380114883184433,-0.4117434024810791,0.5138455629348755,0.3579781949520111,-0.31124645471572876,0.5871621966362,0.4756176173686981,-0.7026198506355286,0.5307899117469788,0.47043564915657043,-0.6737886667251587,0.7842435836791992,0.6763808131217957,-0.20010721683502197,0.3941580057144165,0.6530545353889465,-0.22081880271434784,0.8676981925964355,0.9810008406639099,-0.16877511143684387,0.17599621415138245,0.8395013809204102,-0.9031349420547485,0.9218416213989258,1.4347811937332153,-0.37028101086616516,0.1692826747894287,0.7196304798126221,-2.0467686653137207,0.9516814947128296,1.5430632829666138,-0.4352805018424988,0.14580214023590088,0.5731915235519409,-2.25288462638855,0.91435706615448,1.5279004573822021,-0.48009103536605835,0.21698300540447235,0.5276013612747192,-2.2463788986206055,0.8869935274124146,1.4965828657150269,-0.4033961892127991,0.24213746190071106,0.6128572225570679,-2.077512264251709,0.6931076645851135,1.46273672580719,-0.06543324887752533,0.3969765603542328,1.4404520988464355,0.06956501305103302,0.6725040674209595,2.1012253761291504,0.039901651442050934,0.4007735848426819,2.0942811965942383,0.34969788789749146,0.6571668386459351,2.6772701740264893,0.717362642288208,0.3978882431983948,2.6591315269470215,1.0231354236602783,0.661523699760437,2.7554714679718018,0.7494932413101196,0.39316296577453613,2.7292253971099854,1.0841176509857178,0.6087155342102051,2.8581204414367676,0.13774912059307098,0.41972070932388306,2.856325387954712,0.4394550919532776,0,0,0,0,0,0,0,0,0,0,0,0,0,0,0,0,0,0,0,0,0,0,0,0,0,0,0,0,0,0,0,0,0,0,0,0,0,0,0,0,0,0,0,0,0,0,0,0,0,0,0,0,0,0,0,0,0,0,0,0,0,0,0,0.13965077698230743,0.7791322469711304,4.709588665718911e-07,0.21281445026397705,0.7625882029533386,-0.03637583553791046,0.28268977999687195,0.7161164283752441,-0.05336549133062363,0.33876094222068787,0.6675503849983215,-0.06742992252111435,0.3860270380973816,0.6364527940750122,-0.08065176755189896,0.24348673224449158,0.553321361541748,-0.02191426046192646,0.2611243724822998,0.45724591612815857,-0.04168926179409027,0.2651521861553192,0.39808666706085205,-0.06020497530698776,0.26832664012908936,0.3445936143398285,-0.0740865096449852,0.20368094742298126,0.5266393423080444,-0.019306102767586708,0.2210744470357895,0.41702672839164734,-0.03658759593963623,0.22979624569416046,0.3487464189529419,-0.05507780611515045,0.23628616333007812,0.2910027801990509,-0.06861069053411484,0.16319404542446136,0.5246099233627319,-0.021165532991290092,0.17540884017944336,0.42267853021621704,-0.03788483515381813,0.18518906831741333,0.3620632290840149,-0.050821300595998764,0.1937445104122162,0.30800583958625793,-0.05960441753268242,0.12015468627214432,0.5411750674247742,-0.02681281417608261,0.12973104417324066,0.46099090576171875,-0.04149630293250084,0.13839368522167206,0.4140157699584961,-0.04718606173992157,0.14826835691928864,0.3693689703941345,-0.050178054720163345,stop
0.5623767971992493,0.4114950895309448,-0.8431933522224426,0.5961183905601501,0.3577357232570648,-0.8000649213790894,0.6131699681282043,0.35881227254867554,-0.7999207377433777,0.6293104290962219,0.3606695830821991,-0.7999638319015503,0.5496208071708679,0.3514711558818817,-0.780613124370575,0.5345290303230286,0.348113477230072,-0.7800637483596802,0.5226298570632935,0.3453390896320343,-0.7802872061729431,0.6549268364906311,0.38014525175094604,-0.41197553277015686,0.5136814713478088,0.3580322265625,-0.31129884719848633,0.5873122215270996,0.4756287634372711,-0.7001946568489075,0.5308465957641602,0.470462828874588,-0.6708608865737915,0.7839080691337585,0.6763089895248413,-0.2004927098751068,0.3941691219806671,0.6530452370643616,-0.21982824802398682,0.8654411435127258,0.982536256313324,-0.17015919089317322,0.17593446373939514,0.8390744924545288,-0.9015073776245117,0.9199385643005371,1.4346635341644287,-0.3854544758796692,0.1697482019662857,0.7197198867797852,-2.044426441192627,0.9501479268074036,1.542907953262329,-0.4516392648220062,0.14573612809181213,0.5744665861129761,-2.2491729259490967,0.9134252667427063,1.5277498960494995,-0.495656818151474,0.2164553850889206,0.5281617045402527,-2.2409825325012207,0.8861780166625977,1.4964154958724976,-0.4187975525856018,0.23988310992717743,0.6124565005302429,-2.0745511054992676,0.6938156485557556,1.4620856046676636,-0.06562398374080658,0.3974306881427765,1.4403672218322754,0.06975191831588745,0.6748548746109009,2.101168394088745,0.04052996635437012,0.4035382866859436,2.0942041873931885,0.35051625967025757,0.6619398593902588,2.677155017852783,0.7110024690628052,0.4004445970058441,2.659348726272583,1.0328702926635742,0.6670736074447632,2.755223035812378,0.7419937252998352,0.39525896310806274,2.729539394378662,1.0945490598678589,0.6135799288749695,2.858015775680542,0.1349913328886032,0.42363542318344116,2.8562276363372803,0.4424799382686615,0,0,0,0,0,0,0,0,0,0,0,0,0,0,0,0,0,0,0,0,0,0,0,0,0,0,0,0,0,0,0,0,0,0,0,0,0,0,0,0,0,0,0,0,0,0,0,0,0,0,0,0,0,0,0,0,0,0,0,0,0,0,0,0.1373412311077118,0.7795197367668152,4.7633355393372767e-07,0.21032221615314484,0.7645074725151062,-0.03718314692378044,0.2814677953720093,0.7183682322502136,-0.05402428284287453,0.3385867178440094,0.6688318252563477,-0.06777376681566238,0.3862571716308594,0.6359307765960693,-0.08055287599563599,0.2419554740190506,0.5541340112686157,-0.02023984305560589,0.260409414768219,0.45826882123947144,-0.039369918406009674,0.2647080719470978,0.3992791771888733,-0.05796358734369278,0.26778993010520935,0.3457166850566864,-0.07189154624938965,0.202999085187912,0.5274339914321899,-0.017010413110256195,0.2204383760690689,0.4175626039505005,-0.03284509479999542,0.22963887453079224,0.34959450364112854,-0.05106741935014725,0.23661687970161438,0.29213976860046387,-0.06459341198205948,0.16348356008529663,0.5247741341590881,-0.018503915518522263,0.17628836631774902,0.4233670234680176,-0.03426157683134079,0.18681904673576355,0.3632954955101013,-0.0472271665930748,0.19609174132347107,0.3095220625400543,-0.056165631860494614,0.12122568488121033,0.5403430461883545,-0.0239314753562212,0.1305689811706543,0.46043097972869873,-0.037623073905706406,0.1392902433872223,0.41401365399360657,-0.042905475944280624,0.1496230661869049,0.3701508641242981,-0.04575589299201965,stop
0.5625825524330139,0.41155287623405457,-0.8583465814590454,0.5963056087493896,0.3577738404273987,-0.8136242628097534,0.6133330464363098,0.35883796215057373,-0.8134782910346985,0.6294628381729126,0.36068373918533325,-0.8135684132575989,0.5496906042098999,0.3515757620334625,-0.7945556640625,0.5345450043678284,0.34823843836784363,-0.7939804792404175,0.5226045846939087,0.34547317028045654,-0.7941887378692627,0.6549445390701294,0.3801712691783905,-0.4171668589115143,0.513549268245697,0.35807159543037415,-0.3177928328514099,0.5874728560447693,0.47563880681991577,-0.7121598720550537,0.5309370756149292,0.4705165922641754,-0.6833644509315491,0.7837405800819397,0.6762454509735107,-0.20095837116241455,0.3941703140735626,0.6530077457427979,-0.2194834202528,0.864368736743927,0.9834924340248108,-0.173391193151474,0.17566823959350586,0.8386596441268921,-0.900286853313446,0.9194433093070984,1.4344141483306885,-0.3994731307029724,0.1701967716217041,0.719836950302124,-2.048119306564331,0.9497302174568176,1.5427125692367554,-0.4672497808933258,0.14567884802818298,0.5746209621429443,-2.2536001205444336,0.9133228063583374,1.5276504755020142,-0.5135425329208374,0.21612146496772766,0.5283201336860657,-2.2462687492370605,0.8859705924987793,1.496309757232666,-0.43386906385421753,0.23852118849754333,0.6117791533470154,-2.079113245010376,0.6944588422775269,1.461357593536377,-0.06595440208911896,0.3977891802787781,1.4403259754180908,0.07011416554450989,0.6764127016067505,2.1010406017303467,0.04339153319597244,0.40454453229904175,2.0941038131713867,0.36615461111068726,0.6649767160415649,2.676856756210327,0.7176007032394409,0.4012386202812195,2.659646511077881,1.0769606828689575,0.6705164313316345,2.7547755241394043,0.7487160563468933,0.39594781398773193,2.7299652099609375,1.1403133869171143,0.6162669062614441,2.857924699783325,0.13504526019096375,0.42508453130722046,2.856297016143799,0.46909433603286743,0,0,0,0,0,0,0,0,0,0,0,0,0,0,0,0,0,0,0,0,0,0,0,0,0,0,0,0,0,0,0,0,0,0,0,0,0,0,0,0,0,0,0,0,0,0,0,0,0,0,0,0,0,0,0,0,0,0,0,0,0,0,0,0.13734130561351776,0.7788463830947876,4.6754772142776346e-07,0.21073876321315765,0.7637109160423279,-0.03639417141675949,0.2816951274871826,0.718398928642273,-0.05296340957283974,0.33789223432540894,0.6692190170288086,-0.06658957153558731,0.385316401720047,0.6379073858261108,-0.07932378351688385,0.24209126830101013,0.5537232756614685,-0.020036350935697556,0.2605659067630768,0.45839136838912964,-0.03904759883880615,0.2649246156215668,0.3994304835796356,-0.05747411772608757,0.2681005597114563,0.3458671569824219,-0.07132023572921753,0.20307976007461548,0.5268982648849487,-0.017170120030641556,0.22075408697128296,0.4176792502403259,-0.03305928781628609,0.22986483573913574,0.3496936559677124,-0.05118017643690109,0.23675021529197693,0.2920031249523163,-0.06463063508272171,0.1636037528514862,0.5242212414741516,-0.01890622079372406,0.17671418190002441,0.4232290983200073,-0.03470205143094063,0.18706351518630981,0.3630516529083252,-0.047548357397317886,0.19594964385032654,0.3090505599975586,-0.05638296902179718,0.12135837227106094,0.5398602485656738,-0.024484524503350258,0.13108044862747192,0.4598504602909088,-0.038285430520772934,0.1397610902786255,0.41335994005203247,-0.04354386776685715,0.14972852170467377,0.36929285526275635,-0.046339258551597595,stop
0.5625361204147339,0.41149601340293884,-0.8021632432937622,0.5962599515914917,0.35776281356811523,-0.7625659108161926,0.6132898330688477,0.3588455319404602,-0.762406051158905,0.6294286847114563,0.3606952428817749,-0.7625125646591187,0.5496665239334106,0.35144153237342834,-0.7449410557746887,0.5345296859741211,0.3480764329433441,-0.7444539666175842,0.5225812792778015,0.3453122675418854,-0.7446733117103577,0.6549359560012817,0.38019898533821106,-0.3965182304382324,0.5134931802749634,0.35803142189979553,-0.30086368322372437,0.5874349474906921,0.4756435453891754,-0.6673181653022766,0.5309240818023682,0.4705134630203247,-0.6401270627975464,0.7834267616271973,0.6762338280677795,-0.1937626451253891,0.3942326307296753,0.651694118976593,-0.21614792943000793,0.8643935322761536,0.9836191534996033,-0.17468097805976868,0.17550361156463623,0.8383472561836243,-0.8903689384460449,0.9190088510513306,1.4353433847427368,-0.36757341027259827,0.1702672243118286,0.7199255228042603,-1.9985263347625732,0.9494867324829102,1.5443739891052246,-0.42693060636520386,0.14571616053581238,0.5777798295021057,-2.190653085708618,0.9129679799079895,1.5295047760009766,-0.467585951089859,0.21598832309246063,0.5287094116210938,-2.1840097904205322,0.8855746388435364,1.4977548122406006,-0.3983199894428253,0.23729069530963898,0.6118974685668945,-2.0280582904815674,0.6944477558135986,1.4634125232696533,-0.06468496471643448,0.3978039622306824,1.4418003559112549,0.0688490942120552,0.6759961247444153,2.1035726070404053,-0.0023346219677478075,0.40364664793014526,2.0954205989837646,0.31104305386543274,0.6615687608718872,2.6807591915130615,0.5851739645004272,0.39910680055618286,2.6615288257598877,0.9155080914497375,0.6670690178871155,2.7589972019195557,0.6072330474853516,0.3929721415042877,2.7319514751434326,0.9676851034164429,0.6133942604064941,2.8610222339630127,0.023835573345422745,0.42412233352661133,2.8587377071380615,0.33331310749053955,0,0,0,0,0,0,0,0,0,0,0,0,0,0,0,0,0,0,0,0,0,0,0,0,0,0,0,0,0,0,0,0,0,0,0,0,0,0,0,0,0,0,0,0,0,0,0,0,0,0,0,0,0,0,0,0,0,0,0,0,0,0,0,0.13865754008293152,0.775687575340271,4.755825671054481e-07,0.21102455258369446,0.7612335681915283,-0.03648187220096588,0.2821483910083771,0.7162249684333801,-0.053352221846580505,0.33974072337150574,0.6675873398780823,-0.06724939495325089,0.38748621940612793,0.634592592716217,-0.08019135147333145,0.24317333102226257,0.5515446662902832,-0.020335594192147255,0.26170358061790466,0.45635807514190674,-0.03902434930205345,0.26625412702560425,0.3976745009422302,-0.05707685649394989,0.26998114585876465,0.34453317523002625,-0.07074233889579773,0.2048587203025818,0.524796724319458,-0.01761242002248764,0.22259747982025146,0.41581666469573975,-0.03342851251363754,0.23189719021320343,0.348482608795166,-0.0513165146112442,0.23912835121154785,0.2915790379047394,-0.06469797343015671,0.16566169261932373,0.5220509767532349,-0.01948706991970539,0.17880569398403168,0.42085766792297363,-0.0353190079331398,0.18947558104991913,0.36139678955078125,-0.04785213619470596,0.19915743172168732,0.30856865644454956,-0.05659046396613121,0.1231970563530922,0.5373347997665405,-0.025226539000868797,0.13207510113716125,0.45757997035980225,-0.03907553106546402,0.14136579632759094,0.4116653800010681,-0.044227439910173416,0.15275165438652039,0.36858874559402466,-0.04703209921717644,stop
0.561555027961731,0.40766409039497375,-0.7953463196754456,0.5957040190696716,0.3533898890018463,-0.7573215365409851,0.6127790212631226,0.3548572361469269,-0.7571269273757935,0.6289271712303162,0.35687384009361267,-0.7572341561317444,0.5485370755195618,0.34704479575157166,-0.737787127494812,0.5335693359375,0.34424886107444763,-0.7373243570327759,0.5218591690063477,0.3418269157409668,-0.7375168204307556,0.6547698974609375,0.37855228781700134,-0.39696815609931946,0.5123810768127441,0.35688504576683044,-0.29507726430892944,0.5867820978164673,0.47358664870262146,-0.6626527309417725,0.5300377607345581,0.4683052599430084,-0.6329557299613953,0.7833032608032227,0.6761171221733093,-0.19447508454322815,0.394196093082428,0.6515515446662903,-0.2142399549484253,0.864406943321228,0.9852527976036072,-0.18739768862724304,0.17524942755699158,0.8386085629463196,-0.8903083801269531,0.9188143610954285,1.4345225095748901,-0.38129568099975586,0.17045997083187103,0.7215078473091125,-2.001131534576416,0.9493312835693359,1.542558193206787,-0.44271421432495117,0.146005317568779,0.5843357443809509,-2.1967263221740723,0.9127707481384277,1.527333378791809,-0.4805886149406433,0.21670706570148468,0.5313030481338501,-2.1887636184692383,0.8854716420173645,1.4956635236740112,-0.4109281897544861,0.23726888000965118,0.6132526993751526,-2.0304574966430664,0.694210946559906,1.463365077972412,-0.06540138274431229,0.39811497926712036,1.4412142038345337,0.06954828649759293,0.6725198030471802,2.103503704071045,-0.01997997611761093,0.40123477578163147,2.095032215118408,0.32179009914398193,0.654278039932251,2.6811206340789795,0.5692423582077026,0.3954143226146698,2.6614787578582764,0.9626597166061401,0.6603808999061584,2.759268045425415,0.5922989249229431,0.3891060948371887,2.731889009475708,1.01882004737854,0.603783905506134,2.860957384109497,0.0055456156842410564,0.41821497678756714,2.858647346496582,0.378100723028183,0,0,0,0,0,0,0,0,0,0,0,0,0,0,0,0,0,0,0,0,0,0,0,0,0,0,0,0,0,0,0,0,0,0,0,0,0,0,0,0,0,0,0,0,0,0,0,0,0,0,0,0,0,0,0,0,0,0,0,0,0,0,0,0.13957595825195312,0.7676620483398438,4.561726143492706e-07,0.21220524609088898,0.7539549469947815,-0.03711436316370964,0.28397706151008606,0.7085589170455933,-0.05406070128083229,0.3415807783603668,0.6601380109786987,-0.06801439076662064,0.3886214792728424,0.6251481771469116,-0.08101750165224075,0.24460259079933167,0.5480914115905762,-0.02162148430943489,0.26224517822265625,0.45299550890922546,-0.04075929895043373,0.2669799029827118,0.3949728012084961,-0.05885051190853119,0.27080583572387695,0.3426438868045807,-0.07233455032110214,0.20644044876098633,0.521841287612915,-0.01849582977592945,0.22340387105941772,0.4141407310962677,-0.03422897309064865,0.23248553276062012,0.3474426865577698,-0.05183260142803192,0.23953211307525635,0.29046398401260376,-0.06512358039617538,0.1677328199148178,0.5191600322723389,-0.02005401998758316,0.18060341477394104,0.41972652077674866,-0.035650886595249176,0.1910771280527115,0.36076775193214417,-0.04776233062148094,0.2004813849925995,0.30756676197052,-0.056317057460546494,0.12582622468471527,0.5338638424873352,-0.025589633733034134,0.13541707396507263,0.45475584268569946,-0.03936576843261719,0.14493131637573242,0.4082797169685364,-0.044478897005319595,0.1557774543762207,0.36408358812332153,-0.04735457897186279,stop
0.5609096884727478,0.40535780787467957,-0.7929367423057556,0.5953131318092346,0.35076263546943665,-0.7554224133491516,0.6124125123023987,0.3524358570575714,-0.7552151679992676,0.6285669207572937,0.354538232088089,-0.7553216218948364,0.5478285551071167,0.3443524241447449,-0.7352961301803589,0.5329605937004089,0.3418305218219757,-0.7348438501358032,0.5214021801948547,0.3395783305168152,-0.7350279092788696,0.6546562910079956,0.37739863991737366,-0.39697059988975525,0.5117079615592957,0.3560003340244293,-0.29263293743133545,0.5863367319107056,0.4722355604171753,-0.6605609655380249,0.5294841527938843,0.4668266475200653,-0.6300994157791138,0.7832342386245728,0.6759783625602722,-0.1950102001428604,0.3941724896430969,0.6513841152191162,-0.2135545015335083,0.864373505115509,0.984443724155426,-0.1903184950351715,0.1750195175409317,0.8387911915779114,-0.8902456164360046,0.9186707735061646,1.4327269792556763,-0.3848128616809845,0.17061156034469604,0.722387969493866,-2.002713441848755,0.9492236375808716,1.5395700931549072,-0.44690456986427307,0.14624956250190735,0.5879775881767273,-2.1987595558166504,0.9125953912734985,1.5238553285598755,-0.4842352867126465,0.2173045575618744,0.532929539680481,-2.1892335414886475,0.885351300239563,1.4923818111419678,-0.4142226576805115,0.2398456335067749,0.6155107021331787,-2.0323338508605957,0.6940682530403137,1.463326334953308,-0.06554098427295685,0.3984012007713318,1.4406096935272217,0.06967458873987198,0.6705973148345947,2.1034274101257324,-0.022401664406061172,0.39997047185897827,2.0945780277252197,0.3292371928691864,0.6508709192276001,2.6811959743499756,0.5702999830245972,0.3937709629535675,2.6614274978637695,0.9756243824958801,0.6572090983390808,2.759284734725952,0.593913197517395,0.3874465823173523,2.731844425201416,1.031852126121521,0.5995835065841675,2.8608195781707764,0.006997216492891312,0.4155086576938629,2.8585450649261475,0.39265698194503784,0,0,0,0,0,0,0,0,0,0,0,0,0,0,0,0,0,0,0,0,0,0,0,0,0,0,0,0,0,0,0,0,0,0,0,0,0,0,0,0,0,0,0,0,0,0,0,0,0,0,0,0,0,0,0,0,0,0,0,0,0,0,0,0.1384354531764984,0.7672662734985352,4.6743113557567995e-07,0.21197421848773956,0.7543503046035767,-0.03909331560134888,0.2842171788215637,0.7104471921920776,-0.05620402470231056,0.3417341113090515,0.6613709330558777,-0.0698113739490509,0.38833683729171753,0.6252122521400452,-0.0822959914803505,0.24428360164165497,0.5477362275123596,-0.02160654217004776,0.261646568775177,0.4528120160102844,-0.04079651087522507,0.2662493884563446,0.3944593667984009,-0.05934906750917435,0.2701641321182251,0.3415038585662842,-0.07330001890659332,0.20587430894374847,0.5212719440460205,-0.017187532037496567,0.22290638089179993,0.414288729429245,-0.033502303063869476,0.23179630935192108,0.34715574979782104,-0.05198097601532936,0.2387051284313202,0.2894372344017029,-0.06568018347024918,0.16688987612724304,0.5188806056976318,-0.017649777233600616,0.18027713894844055,0.4193437695503235,-0.034039027988910675,0.1904536932706833,0.3596644401550293,-0.04707663133740425,0.19932341575622559,0.30541905760765076,-0.05595974996685982,0.1252172589302063,0.5343846678733826,-0.022192612290382385,0.13599428534507751,0.4555452764034271,-0.036862265318632126,0.14518731832504272,0.4091867208480835,-0.04278510436415672,0.1552959680557251,0.36462846398353577,-0.04597102850675583,stop
0.5544844269752502,0.4058692157268524,-0.7783862352371216,0.5875881910324097,0.35105153918266296,-0.7440711259841919,0.6054710745811462,0.3525523543357849,-0.7439073324203491,0.6217532753944397,0.3545835316181183,-0.7440637350082397,0.5393492579460144,0.34533196687698364,-0.7211425304412842,0.5264582633972168,0.3430798351764679,-0.7207101583480835,0.5138988494873047,0.340943843126297,-0.7209874987602234,0.6500641107559204,0.37741121649742126,-0.3959839940071106,0.5051678419113159,0.3569031357765198,-0.27845972776412964,0.5822968482971191,0.4723134934902191,-0.6491576433181763,0.5254337787628174,0.4672054052352905,-0.614667534828186,0.7813337445259094,0.6757634282112122,-0.1937907189130783,0.39169415831565857,0.6515188217163086,-0.20652201771736145,0.8610633015632629,0.9858779311180115,-0.18994387984275818,0.1736786663532257,0.8410490155220032,-0.8858156204223633,0.9170900583267212,1.455667495727539,-0.3589441776275635,0.17093506455421448,0.7199930548667908,-1.9867980480194092,0.948826789855957,1.567872166633606,-0.40960636734962463,0.1469103842973709,0.5817530155181885,-2.1764492988586426,0.9114522933959961,1.5567604303359985,-0.44619908928871155,0.21680834889411926,0.5284237265586853,-2.161348342895508,0.8835051655769348,1.5225672721862793,-0.38678696751594543,0.23839028179645538,0.6097896099090576,-2.013197183609009,0.6930981874465942,1.4650667905807495,-0.06566382944583893,0.3974527418613434,1.4411425590515137,0.06980827450752258,0.6673316955566406,2.1056671142578125,-0.032934460788965225,0.3956669569015503,2.095184326171875,0.33287662267684937,0.6480499505996704,2.6833910942077637,0.5395877361297607,0.3900673985481262,2.6628377437591553,0.9830110669136047,0.6543220281600952,2.761840581893921,0.5611693263053894,0.3843364119529724,2.7331607341766357,1.0401935577392578,0.5964196920394897,2.8641908168792725,-0.029346484690904617,0.4133566915988922,2.862330913543701,0.4014269709587097,0,0,0,0,0,0,0,0,0,0,0,0,0,0,0,0,0,0,0,0,0,0,0,0,0,0,0,0,0,0,0,0,0,0,0,0,0,0,0,0,0,0,0,0,0,0,0,0,0,0,0,0,0,0,0,0,0,0,0,0,0,0,0,0.13893000781536102,0.7657409906387329,4.552330494789203e-07,0.211830735206604,0.7494795918464661,-0.03684481605887413,0.2826087176799774,0.7016206383705139,-0.051529500633478165,0.33570271730422974,0.6471958160400391,-0.06305000931024551,0.38115066289901733,0.6132514476776123,-0.07323379814624786,0.24311943352222443,0.5441767573356628,-0.01547058392316103,0.2592346668243408,0.4518083333969116,-0.03221593052148819,0.2636030614376068,0.3942936062812805,-0.049495257437229156,0.2672994136810303,0.34232789278030396,-0.06264855712652206,0.20558498799800873,0.5193762183189392,-0.01135924644768238,0.22194832563400269,0.4143831729888916,-0.025340033695101738,0.23084628582000732,0.347697913646698,-0.04233091324567795,0.2379596084356308,0.29077282547950745,-0.05494440719485283,0.16757673025131226,0.517461359500885,-0.012251859530806541,0.18044909834861755,0.419833242893219,-0.026946252211928368,0.19100762903690338,0.3612808585166931,-0.038913022726774216,0.20062781870365143,0.3088362514972687,-0.04699177294969559,0.12652219831943512,0.5324096083641052,-0.017197271808981895,0.13653233647346497,0.45465531945228577,-0.030170798301696777,0.14589107036590576,0.40913647413253784,-0.03504229709506035,0.15682603418827057,0.365787148475647,-0.03755432739853859,stop
0.5376262068748474,0.40531447529792786,-0.7801885604858398,0.566515326499939,0.3509177267551422,-0.7480114698410034,0.5844179391860962,0.3523450493812561,-0.7478668093681335,0.6017695665359497,0.3543514013290405,-0.7479779720306396,0.5227097272872925,0.34539034962654114,-0.723604142665863,0.5089820623397827,0.3431148827075958,-0.7231019735336304,0.4953543245792389,0.34108883142471313,-0.7233294248580933,0.6341348886489868,0.37742751836776733,-0.4127134382724762,0.49013248085975647,0.3585580587387085,-0.27860027551651,0.5651794672012329,0.47195902466773987,-0.6528760194778442,0.5142341256141663,0.4670299291610718,-0.6175452470779419,0.7670568823814392,0.6748679876327515,-0.2056058943271637,0.3891870677471161,0.6477734446525574,-0.20417511463165283,0.8407036066055298,0.979559600353241,-0.21006008982658386,0.16829702258110046,0.84074866771698,-0.8818256258964539,0.9005060195922852,1.4487214088439941,-0.3627888560295105,0.16133789718151093,0.6808035373687744,-1.9867960214614868,0.9324538111686707,1.5596320629119873,-0.41567856073379517,0.14602741599082947,0.5807761549949646,-2.1797399520874023,0.89434814453125,1.54971444606781,-0.4536382555961609,0.2129349410533905,0.5284391045570374,-2.1657495498657227,0.866455078125,1.516289472579956,-0.39110589027404785,0.23319140076637268,0.6094415187835693,-2.0140087604522705,0.6887484192848206,1.4615548849105835,-0.06703754514455795,0.39573225378990173,1.4363093376159668,0.07107952237129211,0.6617928147315979,2.101130247116089,-0.027058949694037437,0.39219340682029724,2.086043119430542,0.32134711742401123,0.6480706930160522,2.678069829940796,0.5410997867584229,0.3914807438850403,2.6526098251342773,0.9330471754074097,0.6546666622161865,2.7583837509155273,0.5619787573814392,0.38741275668144226,2.722393035888672,0.9856714010238647,0.5964654684066772,2.8549458980560303,-0.028916459530591965,0.41589847207069397,2.8503026962280273,0.3562301993370056,0,0,0,0,0,0,0,0,0,0,0,0,0,0,0,0,0,0,0,0,0,0,0,0,0,0,0,0,0,0,0,0,0,0,0,0,0,0,0,0,0,0,0,0,0,0,0,0,0,0,0,0,0,0,0,0,0,0,0,0,0,0,0,0.13458964228630066,0.7772940397262573,4.01207785216684e-07,0.20288778841495514,0.7556896209716797,-0.036986880004405975,0.2715339660644531,0.7043518424034119,-0.051376763731241226,0.3215519189834595,0.6490992307662964,-0.06259135156869888,0.3636546730995178,0.6125605702400208,-0.07248946279287338,0.23336850106716156,0.5530997514724731,-0.015049679204821587,0.24747177958488464,0.4599660336971283,-0.032422978430986404,0.2515681982040405,0.40363889932632446,-0.05069546401500702,0.2553192377090454,0.35279279947280884,-0.06426483392715454,0.1948935091495514,0.5326159596443176,-0.010637480765581131,0.20896016061306,0.4289131760597229,-0.025174057111144066,0.2152722179889679,0.36344975233078003,-0.04288821667432785,0.21969285607337952,0.3083718717098236,-0.056038711220026016,0.15712520480155945,0.532747209072113,-0.011347727850079536,0.1700133979320526,0.4365794062614441,-0.025953982025384903,0.18009305000305176,0.3810807168483734,-0.037799935787916183,0.18873737752437592,0.332048624753952,-0.04583868011832237,0.11738327890634537,0.5485289692878723,-0.0162137933075428,0.12909165024757385,0.4737405478954315,-0.028645014390349388,0.13835108280181885,0.4294596016407013,-0.03328658640384674,0.14819000661373138,0.3871985077857971,-0.035713616758584976,stop
0.5314098000526428,0.40437963604927063,-0.7825815677642822,0.5597671270370483,0.3503219485282898,-0.7533531785011292,0.5776534080505371,0.35172393918037415,-0.7532449960708618,0.5953038930892944,0.35370731353759766,-0.7533128261566162,0.5167098045349121,0.34513193368911743,-0.7239254713058472,0.5026732683181763,0.34298041462898254,-0.7233332395553589,0.4884553551673889,0.3410596251487732,-0.7235485911369324,0.6289747953414917,0.3772870898246765,-0.42068028450012207,0.4838577210903168,0.35874542593955994,-0.2786652743816376,0.5592697858810425,0.47099077701568604,-0.6580803394317627,0.5094096064567566,0.4662173390388489,-0.6185080409049988,0.7625762820243835,0.6737641096115112,-0.2134457379579544,0.3870367705821991,0.6450458765029907,-0.19921818375587463,0.8337733149528503,0.9769459366798401,-0.22806668281555176,0.1639663726091385,0.8387871384620667,-0.8748893737792969,0.8925150632858276,1.4383964538574219,-0.38740187883377075,0.15731164813041687,0.6602441668510437,-1.9820690155029297,0.9235231280326843,1.5474058389663696,-0.44117945432662964,0.14585068821907043,0.5728644132614136,-2.1776089668273926,0.8851407170295715,1.5362513065338135,-0.4832074046134949,0.21180780231952667,0.5273430347442627,-2.159609317779541,0.8578127026557922,1.5042651891708374,-0.416696161031723,0.2317275106906891,0.6076515316963196,-2.0077316761016846,0.6869547367095947,1.457757830619812,-0.06849177926778793,0.39465051889419556,1.4326103925704956,0.07245125621557236,0.659535825252533,2.096804141998291,-0.023691250011324883,0.3909429907798767,2.080670118331909,0.3260638117790222,0.6486384868621826,2.6723365783691406,0.5438078045845032,0.3937026560306549,2.6466715335845947,0.953123927116394,0.65605628490448,2.75345516204834,0.565180242061615,0.3909028470516205,2.716175079345703,1.0077883005142212,0.5970053672790527,2.8480255603790283,-0.028213301673531532,0.41892218589782715,2.8431012630462646,0.3748815655708313,0,0,0,0,0,0,0,0,0,0,0,0,0,0,0,0,0,0,0,0,0,0,0,0,0,0,0,0,0,0,0,0,0,0,0,0,0,0,0,0,0,0,0,0,0,0,0,0,0,0,0,0,0,0,0,0,0,0,0,0,0,0,0,0.13623587787151337,0.7754123210906982,4.101575825643522e-07,0.20523768663406372,0.7548083662986755,-0.032401297241449356,0.27327877283096313,0.699981153011322,-0.045035384595394135,0.32335445284843445,0.6457287669181824,-0.055331841111183167,0.36496806144714355,0.6132060289382935,-0.06448540836572647,0.2360379695892334,0.5509877800941467,-0.013576983474195004,0.24960720539093018,0.45811235904693604,-0.029033122584223747,0.25273892283439636,0.4006168246269226,-0.045008476823568344,0.2548162639141083,0.350649893283844,-0.056999724358320236,0.19751228392124176,0.5310330986976624,-0.011268566362559795,0.21026554703712463,0.42822813987731934,-0.024117110297083855,0.21613197028636932,0.36358559131622314,-0.03949318826198578,0.2199965864419937,0.3108838200569153,-0.050833139568567276,0.15964722633361816,0.5312867760658264,-0.013503294438123703,0.17025704681873322,0.43558430671691895,-0.02665550634264946,0.17886778712272644,0.3804469108581543,-0.03683285787701607,0.18646062910556793,0.333524614572525,-0.04371914267539978,0.11912308633327484,0.5474075078964233,-0.0195130817592144,0.12658217549324036,0.47274208068847656,-0.030869532376527786,0.13478782773017883,0.4286288619041443,-0.03450554981827736,0.14425082504749298,0.38753777742385864,-0.03615809604525566,stop
0.5167710185050964,0.4045150578022003,-0.7823759913444519,0.5411397218704224,0.3504483997821808,-0.7539794445037842,0.5580718517303467,0.35175082087516785,-0.7538633346557617,0.5759096145629883,0.35368427634239197,-0.7539621591567993,0.4982551038265228,0.34664615988731384,-0.7257793545722961,0.484830379486084,0.3454757630825043,-0.7252386808395386,0.47251206636428833,0.3445577323436737,-0.725455641746521,0.6100109815597534,0.37674325704574585,-0.4201778471469879,0.46245360374450684,0.3629298210144043,-0.27918440103530884,0.5418726205825806,0.47079378366470337,-0.6550586223602295,0.4960002303123474,0.46629101037979126,-0.6155335903167725,0.7474618554115295,0.6714683175086975,-0.19763833284378052,0.3660617172718048,0.6440983414649963,-0.19429096579551697,0.8298537135124207,0.968180775642395,-0.2247074842453003,0.1544559895992279,0.847322404384613,-0.8046147227287292,0.8589938282966614,1.3721221685409546,-0.4556339383125305,0.149298757314682,0.6961959600448608,-1.87042236328125,0.8819292783737183,1.4677554368972778,-0.5272846221923828,0.131386399269104,0.5809762477874756,-2.0744035243988037,0.8489254713058472,1.4451731443405151,-0.5804861783981323,0.18874551355838776,0.5284296870231628,-2.057812213897705,0.826884925365448,1.4179579019546509,-0.49285489320755005,0.21064689755439758,0.6070298552513123,-1.8974335193634033,0.6739704012870789,1.4244295358657837,-0.05956763029098511,0.3843652606010437,1.401999831199646,0.06360814720392227,0.6464986801147461,2.0627522468566895,-0.028006136417388916,0.38135236501693726,2.048590660095215,0.288996160030365,0.642947793006897,2.6410892009735107,0.4738689064979553,0.3895006775856018,2.626368999481201,0.8586262464523315,0.6514493823051453,2.721785545349121,0.4896547198295593,0.3878844976425171,2.6965367794036865,0.9051851034164429,0.592598021030426,2.8131041526794434,-0.10631459951400757,0.41603583097457886,2.8222336769104004,0.26750725507736206,0,0,0,0,0,0,0,0,0,0,0,0,0,0,0,0,0,0,0,0,0,0,0,0,0,0,0,0,0,0,0,0,0,0,0,0,0,0,0,0,0,0,0,0,0,0,0,0,0,0,0,0,0,0,0,0,0,0,0,0,0,0,0,0.12448997795581818,0.7973510026931763,3.4913873037112353e-07,0.19130082428455353,0.7720910906791687,-0.03783898800611496,0.25611191987991333,0.7186559438705444,-0.052375175058841705,0.3017580509185791,0.6631559729576111,-0.06358814984560013,0.3390926718711853,0.623647928237915,-0.07372435182332993,0.2156955748796463,0.5693846344947815,-0.01644023507833481,0.22518707811832428,0.4771784245967865,-0.034784022718667984,0.2258845567703247,0.4210361838340759,-0.05380859598517418,0.22702820599079132,0.36895477771759033,-0.0679151639342308,0.17784357070922852,0.5525373220443726,-0.01174167450517416,0.1867247223854065,0.45278385281562805,-0.02757578156888485,0.19005899131298065,0.3900676369667053,-0.045595522969961166,0.19395916163921356,0.33516770601272583,-0.05889291688799858,0.1410326063632965,0.5549948811531067,-0.01232791505753994,0.14906084537506104,0.46346306800842285,-0.028094934299588203,0.15661239624023438,0.4112239181995392,-0.03926634415984154,0.16418179869651794,0.363868772983551,-0.04644621163606644,0.10366103798151016,0.5720759630203247,-0.017267288640141487,0.11266816407442093,0.4984608590602875,-0.030139995738863945,0.1204683929681778,0.4536513686180115,-0.0346374437212944,0.12938106060028076,0.41039061546325684,-0.03679223358631134,stop
0.49815335869789124,0.42053693532943726,-0.7057669162750244,0.5172263979911804,0.3617430031299591,-0.6749456524848938,0.5322572588920593,0.3615014851093292,-0.6750574111938477,0.5474700927734375,0.36110761761665344,-0.6751042604446411,0.47830134630203247,0.3609318733215332,-0.6505754590034485,0.4663778841495514,0.36080196499824524,-0.649999737739563,0.4528020918369293,0.3608238399028778,-0.6502768397331238,0.5742506384849548,0.37762877345085144,-0.32058995962142944,0.4358285367488861,0.37684956192970276,-0.18787816166877747,0.5183879733085632,0.4758661985397339,-0.5665144324302673,0.47781533002853394,0.47753316164016724,-0.5300129652023315,0.7357779741287231,0.6688241958618164,-0.09740716218948364,0.34117355942726135,0.6522581577301025,-0.014192854054272175,0.8683374524116516,0.9685377478599548,-0.33371493220329285,0.13384340703487396,0.869336724281311,-0.6421365141868591,0.801189124584198,1.157546877861023,-0.8176725506782532,0.1384352147579193,0.7530288696289062,-1.8165607452392578,0.7777789831161499,1.2148182392120361,-0.915817141532898,0.11540546268224716,0.6436999440193176,-2.0102813243865967,0.6817446947097778,1.052929162979126,-0.8802173733711243,0.16770993173122406,0.5599870681762695,-1.9772694110870361,0.6903989315032959,1.0397197008132935,-0.8145593404769897,0.18011291325092316,0.643305778503418,-1.8358781337738037,0.6735897660255432,1.4241998195648193,-0.0680684745311737,0.38116851449012756,1.4050236940383911,0.07231137156486511,0.6474366188049316,2.056501865386963,-0.09415166825056076,0.3786008059978485,2.0488791465759277,0.2986511290073395,0.6436745524406433,2.630955934524536,0.34616851806640625,0.388374388217926,2.6261210441589355,0.8391708135604858,0.6518928408622742,2.7077369689941406,0.3571472465991974,0.3876608610153198,2.696598768234253,0.8801196813583374,0.5959433317184448,2.8064541816711426,-0.24567493796348572,0.4160081744194031,2.8201467990875244,0.2562609314918518,0,0,0,0,0,0,0,0,0,0,0,0,0,0,0,0,0,0,0,0,0,0,0,0,0,0,0,0,0,0,0,0,0,0,0,0,0,0,0,0,0,0,0,0,0,0,0,0,0,0,0,0,0,0,0,0,0,0,0,0,0,0,0,0.11211086064577103,0.8174715638160706,3.492753535283555e-07,0.17853501439094543,0.7840520143508911,-0.032424136996269226,0.23866739869117737,0.7230093479156494,-0.04407748952507973,0.2812780737876892,0.6665282845497131,-0.05380697548389435,0.31731081008911133,0.6260048151016235,-0.06265638023614883,0.1888965219259262,0.575629472732544,-0.00967081543058157,0.19330520927906036,0.48832088708877563,-0.02655644528567791,0.19115391373634338,0.4342150092124939,-0.04513271152973175,0.18904420733451843,0.3842853307723999,-0.059142954647541046,0.1510060429573059,0.5634681582450867,-0.007957566529512405,0.15537352859973907,0.46693670749664307,-0.02265763469040394,0.15591643750667572,0.4057524502277374,-0.040042340755462646,0.15728390216827393,0.35366761684417725,-0.05312364920973778,0.11446625739336014,0.5711525082588196,-0.011423125863075256,0.11672979593276978,0.48221245408058167,-0.027095085009932518,0.1210935190320015,0.43439358472824097,-0.03795932978391647,0.1266976147890091,0.39205825328826904,-0.04481057450175285,0.07832277566194534,0.5943212509155273,-0.018924327567219734,0.08409234136343002,0.5228120684623718,-0.03220030665397644,0.08927403390407562,0.4783475399017334,-0.03700549900531769,0.0958501547574997,0.4366440773010254,-0.03935548663139343,stop
0.49077096581459045,0.42543521523475647,-0.673989474773407,0.5099082589149475,0.36592161655426025,-0.6432589292526245,0.5253705978393555,0.3649049401283264,-0.6433480381965637,0.5409687757492065,0.36349067091941833,-0.6433696150779724,0.46914130449295044,0.3658871352672577,-0.6223793029785156,0.4564381539821625,0.3656547963619232,-0.6217455863952637,0.44374871253967285,0.36529120802879333,-0.6220245361328125,0.5693961381912231,0.3776695430278778,-0.2828133702278137,0.4245823919773102,0.3807832896709442,-0.1681021898984909,0.5110124349594116,0.4781973659992218,-0.5308011770248413,0.4693909287452698,0.4811529219150543,-0.499370276927948,0.7230356931686401,0.6638287305831909,-0.039216719567775726,0.3300529718399048,0.6514815092086792,0.025713616982102394,0.8670442700386047,0.9685665369033813,-0.374666303396225,0.13165965676307678,0.8779446482658386,-0.5823854207992554,0.7562758922576904,1.0863779783248901,-0.9752687215805054,0.13045594096183777,0.7740283608436584,-1.7484848499298096,0.728531002998352,1.1179865598678589,-1.0821690559387207,0.10377742350101471,0.669192373752594,-1.9325206279754639,0.6645737886428833,0.9750849604606628,-1.0317360162734985,0.1561230719089508,0.5722363591194153,-1.8998626470565796,0.6723006963729858,0.9879639148712158,-0.9703184366226196,0.16219042241573334,0.6570108532905579,-1.7665529251098633,0.6625431180000305,1.4120270013809204,-0.0678800493478775,0.36822253465652466,1.3983794450759888,0.07220282405614853,0.641851544380188,2.0385100841522217,-0.20263198018074036,0.3676413893699646,2.0334012508392334,0.20558235049247742,0.6411212682723999,2.612900972366333,0.1369445025920868,0.3821653723716736,2.6126370429992676,0.5576421022415161,0.6488195657730103,2.6901583671569824,0.13772788643836975,0.3824992775917053,2.684486150741577,0.5786105394363403,0.5955237746238708,2.7877695560455322,-0.46830686926841736,0.4126533567905426,2.804464101791382,-0.04241206496953964,0,0,0,0,0,0,0,0,0,0,0,0,0,0,0,0,0,0,0,0,0,0,0,0,0,0,0,0,0,0,0,0,0,0,0,0,0,0,0,0,0,0,0,0,0,0,0,0,0,0,0,0,0,0,0,0,0,0,0,0,0,0,0,0.11201160401105881,0.8168743848800659,4.221337803755887e-07,0.17734560370445251,0.7859570980072021,-0.03285412862896919,0.2365395426750183,0.7234482765197754,-0.04551451653242111,0.28129419684410095,0.6644841432571411,-0.055830080062150955,0.3205935060977936,0.6244949698448181,-0.06490856409072876,0.18785378336906433,0.5785031914710999,-0.009960243478417397,0.1944393813610077,0.4904264211654663,-0.024959519505500793,0.19226503372192383,0.4342424273490906,-0.04176700860261917,0.1901359260082245,0.3853013515472412,-0.05424223467707634,0.14985986053943634,0.564858078956604,-0.006888596341013908,0.15292991697788239,0.4683840870857239,-0.018763922154903412,0.1525222212076187,0.4069281816482544,-0.03374924138188362,0.15359146893024445,0.35567060112953186,-0.04489191249012947,0.1134953498840332,0.5712040662765503,-0.008775347843766212,0.11222056299448013,0.4838256537914276,-0.021595953032374382,0.1157752051949501,0.4356725513935089,-0.030217666178941727,0.12120628356933594,0.3955427408218384,-0.03572194278240204,0.07754366099834442,0.5919782519340515,-0.014729921706020832,0.08075641840696335,0.5221633315086365,-0.025351589545607567,0.0854160487651825,0.4793816804885864,-0.027724038809537888,0.09204306453466415,0.4415290355682373,-0.02830762043595314,stop
0.46481186151504517,0.4318080246448517,-0.5675917863845825,0.48532968759536743,0.3713015913963318,-0.5510122179985046,0.4995047152042389,0.3704269528388977,-0.5510343313217163,0.5141823291778564,0.36890095472335815,-0.550981342792511,0.44859975576400757,0.3715769946575165,-0.5161350965499878,0.43592724204063416,0.371785044670105,-0.515428900718689,0.42182403802871704,0.3720456659793854,-0.5157607793807983,0.5426623225212097,0.38191455602645874,-0.26262640953063965,0.4053768217563629,0.3887791931629181,-0.08591774106025696,0.48778924345970154,0.4883575439453125,-0.4518647789955139,0.44294843077659607,0.490868479013443,-0.4020988345146179,0.6955677270889282,0.6649615168571472,-0.08423356711864471,0.31256991624832153,0.6545225977897644,0.11998860538005829,0.8276311159133911,0.9612477421760559,-0.5677195191383362,0.10905317962169647,0.8942332863807678,-0.4255741238594055,0.6872336268424988,0.9559427499771118,-1.154942274093628,0.10704907029867172,0.8066275119781494,-1.4810644388198853,0.6937901377677917,0.9611947536468506,-1.254676342010498,0.058691270649433136,0.7043157815933228,-1.6366888284683228,0.6666949987411499,0.8898448944091797,-1.1867691278457642,0.12792055308818817,0.5987347960472107,-1.581313967704773,0.6590089797973633,0.9088483452796936,-1.1424742937088013,0.11442965269088745,0.6838447451591492,-1.489472508430481,0.6401160955429077,1.4153276681900024,-0.0753762349486351,0.3396255075931549,1.4006460905075073,0.08015720546245575,0.6169425845146179,2.0433404445648193,-0.1430204063653946,0.33043137192726135,2.034855365753174,0.24472284317016602,0.6141182780265808,2.6129753589630127,0.2703593373298645,0.3443261682987213,2.6085517406463623,0.6473566889762878,0.6208847761154175,2.690324544906616,0.28089919686317444,0.3433586359024048,2.679673194885254,0.6740084290504456,0.573189377784729,2.787830352783203,-0.28741592168807983,0.3821697235107422,2.8027663230895996,0.08655424416065216,0,0,0,0,0,0,0,0,0,0,0,0,0,0,0,0,0,0,0,0,0,0,0,0,0,0,0,0,0,0,0,0,0,0,0,0,0,0,0,0,0,0,0,0,0,0,0,0,0,0,0,0,0,0,0,0,0,0,0,0,0,0,0,0.09180000424385071,0.8362087607383728,3.9458447531615093e-07,0.15638384222984314,0.797181248664856,-0.030697479844093323,0.2146526426076889,0.7329104542732239,-0.04241468384861946,0.2592778205871582,0.6767270565032959,-0.05242779105901718,0.2952388823032379,0.6363585591316223,-0.061536308377981186,0.16026566922664642,0.5915719866752625,-0.008254136890172958,0.16284975409507751,0.5052990317344666,-0.024210410192608833,0.1593937873840332,0.45324426889419556,-0.042461227625608444,0.15637829899787903,0.40573859214782715,-0.056095581501722336,0.12173321843147278,0.5823745727539062,-0.006822466850280762,0.12316969037055969,0.4861925542354584,-0.020100966095924377,0.12236114591360092,0.4266374707221985,-0.037018872797489166,0.12291231006383896,0.37662941217422485,-0.04990657418966293,0.08476020395755768,0.5927204489707947,-0.01032849121838808,0.0835743099451065,0.5047156810760498,-0.02472095936536789,0.08724183589220047,0.4583379924297333,-0.03539857640862465,0.09252206236124039,0.41865330934524536,-0.04226145148277283,0.04912945628166199,0.6182997822761536,-0.017683634534478188,0.05408418923616409,0.5492678880691528,-0.029459016397595406,0.05924336612224579,0.5071064233779907,-0.03338010609149933,0.06579640507698059,0.46903055906295776,-0.035216979682445526,stop
0.43545985221862793,0.43159571290016174,-0.44295400381088257,0.45789670944213867,0.370519757270813,-0.432344913482666,0.4721831679344177,0.36911818385124207,-0.43212562799453735,0.4882675111293793,0.367231547832489,-0.43198293447494507,0.41997361183166504,0.37081068754196167,-0.37326526641845703,0.40653499960899353,0.37084847688674927,-0.3728027045726776,0.3922058045864105,0.3711356222629547,-0.37294140458106995,0.5219914317131042,0.3819526135921478,-0.253807008266449,0.3816547393798828,0.3897309899330139,0.025857126340270042,0.46494847536087036,0.489342600107193,-0.37022948265075684,0.4142051637172699,0.49258872866630554,-0.2913513779640198,0.666917085647583,0.7008212804794312,-0.12394224107265472,0.268277645111084,0.6894511580467224,0.24317431449890137,0.8286378979682922,0.990792453289032,-0.6751798987388611,0.07423081994056702,0.9573883414268494,-0.2484123706817627,0.6871237754821777,0.7903859615325928,-1.102609395980835,0.05204586312174797,0.8330376148223877,-1.3160607814788818,0.6913541555404663,0.6878586411476135,-1.1947208642959595,0.011241444386541843,0.7066271305084229,-1.472763180732727,0.625126838684082,0.5750062465667725,-1.0767252445220947,0.09655303508043289,0.6387937664985657,-1.4094218015670776,0.6053096055984497,0.6669566035270691,-1.0667846202850342,0.07209853082895279,0.6980608105659485,-1.3347105979919434,0.598604142665863,1.4426143169403076,-0.16454686224460602,0.2921668589115143,1.417075276374817,0.17032407224178314,0.5575656294822693,2.077096462249756,-0.1305774748325348,0.2729952931404114,2.051974296569824,0.4955522418022156,0.5468022227287292,2.6549460887908936,0.47818440198898315,0.2754664421081543,2.626786470413208,1.087086796760559,0.5522266030311584,2.744980812072754,0.511501133441925,0.27451959252357483,2.706352710723877,1.137452244758606,0.5123177766799927,2.8068437576293945,-0.047539643943309784,0.30262818932533264,2.813720941543579,0.5765106081962585,0.6569066643714905,0.7716540098190308,2.4370933715545107e-07,0.5894200205802917,0.7317556142807007,-0.02894178405404091,0.5335869789123535,0.6658746004104614,-0.048341624438762665,0.48842257261276245,0.6137368679046631,-0.06710465252399445,0.4483674466609955,0.5681579113006592,-0.08594200015068054,0.5653983950614929,0.5251505374908447,-0.026259135454893112,0.5440540313720703,0.42889314889907837,-0.05515395104885101,0.5351037979125977,0.3733218014240265,-0.07986418157815933,0.5299293398857117,0.321320116519928,-0.09802073240280151,0.6081295013427734,0.5115060210227966,-0.033611733466386795,0.5909804701805115,0.40306809544563293,-0.05887141451239586,0.5804533958435059,0.33848607540130615,-0.07963991910219193,0.573029637336731,0.2811586856842041,-0.09548430144786835,0.6517734527587891,0.5224567651748657,-0.04581849277019501,0.6472735404968262,0.4170182943344116,-0.07095380127429962,0.639939546585083,0.3571009039878845,-0.0827639177441597,0.631730318069458,0.30461305379867554,-0.09127480536699295,0.6952580809593201,0.5535800457000732,-0.0613013319671154,0.7033196687698364,0.4717257618904114,-0.08317950367927551,0.7010058164596558,0.41660845279693604,-0.08983289450407028,0.6956740021705627,0.36714866757392883,-0.09426645189523697,0.059947796165943146,0.8765861988067627,3.7706715261265344e-07,0.11494211852550507,0.8341777324676514,-0.03204439952969551,0.1679724156856537,0.7603262066841125,-0.04381278529763222,0.21186180412769318,0.6987161636352539,-0.05340466648340225,0.24690033495426178,0.6576626896858215,-0.06210748106241226,0.11729288101196289,0.6198124885559082,-0.005937631241977215,0.11828257143497467,0.5278753638267517,-0.02119295671582222,0.11328500509262085,0.47219860553741455,-0.03949015587568283,0.1077105700969696,0.4244419038295746,-0.05334772169589996,0.08191703259944916,0.6151806116104126,-0.004327051341533661,0.08250486105680466,0.518405556678772,-0.01647075265645981,0.08101747930049896,0.45979952812194824,-0.033873219043016434,0.07955323904752731,0.4119884967803955,-0.04742904752492905,0.04707838594913483,0.6265107989311218,-0.00824135635048151,0.04503205418586731,0.5365304946899414,-0.020664626732468605,0.04693826287984848,0.48643237352371216,-0.03233519196510315,0.0491660013794899,0.44530612230300903,-0.040637459605932236,0.011387690901756287,0.6528154611587524,-0.016435302793979645,0.008205816149711609,0.5799124240875244,-0.026982538402080536,0.006851792335510254,0.5332703590393066,-0.032097749412059784,0.007597386837005615,0.49039024114608765,-0.03537760302424431,stop
0.4198765158653259,0.4257727265357971,-0.5127583742141724,0.44437354803085327,0.3646480143070221,-0.4932306706905365,0.4595643877983093,0.3627683222293854,-0.4931492209434509,0.47618311643600464,0.3601336181163788,-0.49305152893066406,0.40600472688674927,0.36595815420150757,-0.44592490792274475,0.3928527235984802,0.3660584092140198,-0.44524407386779785,0.37908807396888733,0.3663395643234253,-0.445394903421402,0.5075011253356934,0.37753885984420776,-0.27257001399993896,0.3696874678134918,0.3859715461730957,-0.040261898189783096,0.4490731656551361,0.48889634013175964,-0.42299938201904297,0.3982381224632263,0.4900401532649994,-0.35940805077552795,0.6432086229324341,0.6955096125602722,-0.1674777865409851,0.24765989184379578,0.6850585341453552,0.17809900641441345,0.8126430511474609,0.9898611903190613,-0.7005374431610107,0.04668223857879639,1.057943344116211,-0.37003204226493835,0.6780709028244019,0.7923495173454285,-1.174800157546997,0.051490139216184616,0.8449298143386841,-1.5019505023956299,0.6874530911445618,0.6988983154296875,-1.282463550567627,0.0182053092867136,0.707738995552063,-1.678558349609375,0.6156972050666809,0.5698532462120056,-1.1768591403961182,0.08407892286777496,0.6383229494094849,-1.6183761358261108,0.591580867767334,0.6556615233421326,-1.1460494995117188,0.09849942475557327,0.6950723528862,-1.5213934183120728,0.5802344083786011,1.4269144535064697,-0.1588589996099472,0.267971932888031,1.397638201713562,0.16472271084785461,0.5437241196632385,2.0604217052459717,-0.005401653237640858,0.261603981256485,2.0370638370513916,0.5637351870536804,0.5289375185966492,2.635375499725342,0.7183984518051147,0.2627653479576111,2.6086924076080322,1.27994966506958,0.5325440168380737,2.7280001640319824,0.7621777653694153,0.25924912095069885,2.6908421516418457,1.3430705070495605,0.4955686032772064,2.7873618602752686,0.1986980438232422,0.2984841763973236,2.7948110103607178,0.7650406956672668,0.661061704158783,0.7738239765167236,3.840997351289843e-07,0.5912595391273499,0.7324072122573853,-0.026096520945429802,0.5363333821296692,0.6647683382034302,-0.04463019594550133,0.4938550591468811,0.6102320551872253,-0.06263803690671921,0.45446208119392395,0.5644586086273193,-0.08057843893766403,0.5659337043762207,0.5317636728286743,-0.02263079397380352,0.5462790727615356,0.43798938393592834,-0.050534363836050034,0.5362017154693604,0.37894654273986816,-0.07489181309938431,0.5305314064025879,0.3254048526287079,-0.09250185638666153,0.6083350777626038,0.5200494527816772,-0.02947351522743702,0.5940478444099426,0.4188035726547241,-0.05275934562087059,0.5824325084686279,0.35454118251800537,-0.07278293371200562,0.573860228061676,0.2995201051235199,-0.087757408618927,0.652137815952301,0.5313833355903625,-0.04079253599047661,0.6479893326759338,0.43589991331100464,-0.061732664704322815,0.6411130428314209,0.37613239884376526,-0.0723293200135231,0.6346526145935059,0.32517510652542114,-0.08018768578767776,0.6956749558448792,0.5625557899475098,-0.055281054228544235,0.7013060450553894,0.4838101863861084,-0.07337149977684021,0.6991962790489197,0.428902268409729,-0.07896433770656586,0.6954939365386963,0.3796228766441345,-0.08242778480052948,0.06231093034148216,0.8757485151290894,4.114559146728425e-07,0.11741648614406586,0.8290818929672241,-0.02951424941420555,0.1671154499053955,0.7570054531097412,-0.04219919815659523,0.21097344160079956,0.6978176236152649,-0.05382036790251732,0.2475569248199463,0.6563354730606079,-0.0645371600985527,0.11386999487876892,0.619084894657135,-0.003126560477539897,0.11438533663749695,0.5336312651634216,-0.018427560105919838,0.10803458094596863,0.48115605115890503,-0.036951374262571335,0.10129299014806747,0.43570107221603394,-0.05064971745014191,0.07833009958267212,0.6145272850990295,-0.002635663840919733,0.0795426145195961,0.5211085081100464,-0.01367743220180273,0.0777357965707779,0.4626396894454956,-0.029924992471933365,0.07729659974575043,0.4140361547470093,-0.042374853044748306,0.04271337389945984,0.627596914768219,-0.007546109613031149,0.040540337562561035,0.5407543182373047,-0.019252071157097816,0.04273121803998947,0.49181270599365234,-0.029412316158413887,0.046239081770181656,0.4518575966358185,-0.036520298570394516,0.006223604083061218,0.6558437347412109,-0.016431765630841255,0.0005605593323707581,0.5852007269859314,-0.02625577710568905,-0.0024278461933135986,0.5403932332992554,-0.029390959069132805,-0.0030458420515060425,0.5012971758842468,-0.031027821823954582,stop
0.4131533205509186,0.43842750787734985,-0.4262145161628723,0.43334197998046875,0.37433484196662903,-0.42289090156555176,0.44854411482810974,0.37177425622940063,-0.42272892594337463,0.464057058095932,0.368478387594223,-0.42262107133865356,0.3937222361564636,0.37680619955062866,-0.3700745701789856,0.3795880973339081,0.3764086663722992,-0.3695140779018402,0.365400105714798,0.3762549161911011,-0.3695794939994812,0.4904642105102539,0.3799101412296295,-0.22606799006462097,0.35659006237983704,0.3914874196052551,0.031108971685171127,0.4431306719779968,0.49923527240753174,-0.33984431624412537,0.3941689133644104,0.5045828223228455,-0.2689158320426941,0.6453629732131958,0.6731550693511963,-0.1392601728439331,0.25183969736099243,0.6845308542251587,0.26505982875823975,0.8169170618057251,0.9703932404518127,-0.6472517848014832,0.06743960082530975,1.0106796026229858,-0.23192615807056427,0.6679295301437378,0.7367252111434937,-1.0334384441375732,0.051200903952121735,0.8499714136123657,-1.2131507396697998,0.6664245128631592,0.5989941358566284,-1.1094844341278076,0.015245579183101654,0.7302016019821167,-1.342820405960083,0.5989762544631958,0.5040575265884399,-1.0090060234069824,0.04671429470181465,0.6814441084861755,-1.269263505935669,0.5749505758285522,0.5905941724777222,-0.9960572123527527,0.0953579992055893,0.7282342314720154,-1.2245537042617798,0.5977412462234497,1.4161547422409058,-0.15124917030334473,0.2910372018814087,1.3983657360076904,0.15687906742095947,0.5650737285614014,2.048504590988159,-0.06972385942935944,0.2852286398410797,2.0334784984588623,0.4765416979789734,0.5523600578308105,2.6206443309783936,0.46906033158302307,0.2877669930458069,2.6091954708099365,1.090165138244629,0.5564222931861877,2.702758312225342,0.49835386872291565,0.2840111255645752,2.687666416168213,1.1210309267044067,0.5144286155700684,2.784386157989502,-0.01609817147254944,0.3177172541618347,2.7981159687042236,0.655229926109314,0.6541185975074768,0.7241307497024536,6.253504238884489e-07,0.5728862881660461,0.6998125910758972,-0.02773907594382763,0.5126739740371704,0.6225290894508362,-0.04095892235636711,0.4757075309753418,0.5529622435569763,-0.052483342587947845,0.4329183101654053,0.5088953375816345,-0.063500314950943,0.5547845959663391,0.4729823172092438,-0.014087485149502754,0.5400427579879761,0.37684231996536255,-0.03350450471043587,0.5341911315917969,0.3153379261493683,-0.05268966406583786,0.5317228436470032,0.26001107692718506,-0.06756538897752762,0.6031325459480286,0.45640066266059875,-0.018906285986304283,0.5911129713058472,0.34743914008140564,-0.032907720655202866,0.5866987109184265,0.2769148349761963,-0.049791350960731506,0.5831324458122253,0.21719452738761902,-0.06315526366233826,0.6501831412315369,0.46617692708969116,-0.02865084633231163,0.6440523862838745,0.36406654119491577,-0.04618567228317261,0.6397312879562378,0.30002260208129883,-0.05870959535241127,0.6326438784599304,0.24211561679840088,-0.06824143975973129,0.6977693438529968,0.49687573313713074,-0.04135528951883316,0.7041581869125366,0.4174213409423828,-0.058920908719301224,0.7039470672607422,0.3664010763168335,-0.06535416096448898,0.6981917023658752,0.3191482424736023,-0.06945014744997025,0.0085768923163414,0.9066680073738098,3.245597781642573e-07,0.0709751546382904,0.8672525882720947,-0.028767475858330727,0.12428280711174011,0.7885100245475769,-0.03803778439760208,0.166878342628479,0.7214988470077515,-0.045458607375621796,0.20440727472305298,0.686842143535614,-0.05222746729850769,0.05870931223034859,0.6604883074760437,-0.004026721231639385,0.052227046340703964,0.568741500377655,-0.015477434732019901,0.04351121187210083,0.5134807825088501,-0.03023478202521801,0.034493252635002136,0.4658483862876892,-0.04248850792646408,0.01591545343399048,0.6571172475814819,-0.002728414721786976,0.008133254945278168,0.5603989362716675,-0.01261298730969429,0.0012573450803756714,0.5018254518508911,-0.028014877811074257,-0.007890380918979645,0.45358139276504517,-0.04031933471560478,-0.020600713789463043,0.6676343679428101,-0.006272320635616779,-0.030512116849422455,0.5784333944320679,-0.01722976379096508,-0.03509020060300827,0.5265375375747681,-0.027884770184755325,-0.041840530931949615,0.48227405548095703,-0.03553475812077522,-0.05129428952932358,0.6924490332603455,-0.01369405072182417,-0.06157935410737991,0.6201394200325012,-0.022169016301631927,-0.06775964051485062,0.5766415596008301,-0.025899574160575867,-0.0725080743432045,0.5365423560142517,-0.02854265831410885,stop
0.40333041548728943,0.4392615258693695,-0.5016900300979614,0.42293643951416016,0.3755941689014435,-0.491588830947876,0.43782496452331543,0.37296783924102783,-0.4913508892059326,0.45328450202941895,0.3698146641254425,-0.4911215305328369,0.3831925094127655,0.37808912992477417,-0.4423910975456238,0.36949366331100464,0.37765011191368103,-0.4419870376586914,0.3552946448326111,0.3774070739746094,-0.4419565796852112,0.47866472601890564,0.3805653154850006,-0.23075203597545624,0.3450738489627838,0.3913017809391022,-0.03262520208954811,0.43420568108558655,0.49907854199409485,-0.40849560499191284,0.38557177782058716,0.5042243599891663,-0.3433980941772461,0.6308494210243225,0.6617603302001953,-0.16837002336978912,0.24284200370311737,0.6924822330474854,0.19382435083389282,0.8192757368087769,0.9588041305541992,-0.6723008751869202,0.06200521066784859,1.0828896760940552,-0.2954738140106201,0.6632896661758423,0.7649415135383606,-1.0918608903884888,0.0518692322075367,0.8678303360939026,-1.304823875427246,0.6706887483596802,0.6307101845741272,-1.1803041696548462,0.016497401520609856,0.7544564008712769,-1.4515312910079956,0.5950194001197815,0.5417245030403137,-1.0629523992538452,0.0557967834174633,0.6895970106124878,-1.3883979320526123,0.574202835559845,0.6338484883308411,-1.0540688037872314,0.10161188989877701,0.7453743815422058,-1.322585105895996,0.6029092669487,1.4119094610214233,-0.14277969300746918,0.30181536078453064,1.3994542360305786,0.14826348423957825,0.5742259621620178,2.042048215866089,-0.002192743355408311,0.2957668602466583,2.0330517292022705,0.5015968084335327,0.5619678497314453,2.609962224960327,0.6061689257621765,0.2958903908729553,2.6090457439422607,1.0805199146270752,0.5670862793922424,2.6893415451049805,0.6409461498260498,0.29019680619239807,2.6859519481658936,1.1259233951568604,0.5231653451919556,2.776825428009033,0.09795792400836945,0.3188960552215576,2.798327684402466,0.565499484539032,0.646008312702179,0.7434424161911011,5.243525151854556e-07,0.5623496770858765,0.7168286442756653,-0.03224700689315796,0.5023691654205322,0.6328153610229492,-0.04799691587686539,0.46878740191459656,0.5519341230392456,-0.061131104826927185,0.4263554513454437,0.4998680651187897,-0.07386220991611481,0.5489546060562134,0.48085296154022217,-0.02271968498826027,0.5330356955528259,0.3766821026802063,-0.045839983969926834,0.5262773036956787,0.31126782298088074,-0.06739086657762527,0.5226157307624817,0.25163665413856506,-0.08404875546693802,0.6020098924636841,0.4631325602531433,-0.02718622237443924,0.5915085673332214,0.3435276448726654,-0.04448141157627106,0.5850474238395691,0.2666265368461609,-0.06373967230319977,0.5790713429450989,0.20008859038352966,-0.07925460487604141,0.6524537205696106,0.47307077050209045,-0.03664080426096916,0.649296760559082,0.36157605051994324,-0.05662364140152931,0.6441820859909058,0.29211127758026123,-0.07079315930604935,0.636815071105957,0.23022615909576416,-0.0819598063826561,0.7015112638473511,0.5044620037078857,-0.049336958676576614,0.7100119590759277,0.41982826590538025,-0.06855526566505432,0.7119115591049194,0.36479413509368896,-0.07568880170583725,0.7092227339744568,0.31322532892227173,-0.08079209923744202,-0.007610958069562912,0.9259560704231262,4.978454057891213e-07,0.04559153690934181,0.8801714181900024,-0.0519300140440464,0.09231968224048615,0.7958135604858398,-0.07102590799331665,0.12666505575180054,0.7229781150817871,-0.08219371736049652,0.1591331958770752,0.6760658025741577,-0.09120006114244461,0.02910715341567993,0.6894094944000244,-0.02800414338707924,0.017235111445188522,0.5934038758277893,-0.04048646613955498,0.0068168602883815765,0.5370299816131592,-0.05437689274549484,-0.0016600973904132843,0.4905731678009033,-0.06496050208806992,-0.010924436151981354,0.6943636536598206,-0.011158253066241741,-0.027166374027729034,0.6013826727867126,-0.019434301182627678,-0.03421677649021149,0.5439234972000122,-0.032210204750299454,-0.04027792811393738,0.5015906691551208,-0.04194265604019165,-0.04347661882638931,0.710057258605957,-7.63220596127212e-05,-0.061812564730644226,0.630199134349823,-0.0084456168115139,-0.06995639950037003,0.584632158279419,-0.015869954600930214,-0.07497598975896835,0.5472640991210938,-0.021122436970472336,-0.06730622053146362,0.7350887656211853,0.005523592233657837,-0.0859321877360344,0.6767276525497437,8.63609166117385e-05,-0.09732965379953384,0.6497530341148376,-0.0005672334227710962,-0.10380493849515915,0.6270345449447632,-0.000750656530726701,stop
0.4009167551994324,0.44415155053138733,-0.6242229342460632,0.4190700054168701,0.380371630191803,-0.6135362386703491,0.4343876242637634,0.3768024146556854,-0.6133196353912354,0.44969019293785095,0.37281379103660583,-0.6126733422279358,0.3792196810245514,0.3845119774341583,-0.5601274371147156,0.3656734526157379,0.3836767375469208,-0.560086190700531,0.3520912826061249,0.38304534554481506,-0.5599712133407593,0.47595110535621643,0.38125789165496826,-0.36368513107299805,0.3440279960632324,0.3929026424884796,-0.12425072491168976,0.43316951394081116,0.500519335269928,-0.523260772228241,0.38431429862976074,0.5062857270240784,-0.45394259691238403,0.6233564615249634,0.6437352895736694,-0.24369347095489502,0.23491275310516357,0.6904109716415405,0.16101297736167908,0.8097822070121765,0.9451232552528381,-0.8726449012756348,0.07023729383945465,1.0570734739303589,-0.38716137409210205,0.6608230471611023,0.7550843954086304,-1.512723684310913,0.047923244535923004,0.8581014275550842,-1.4121999740600586,0.6708647608757019,0.6166064739227295,-1.6331428289413452,0.017906345427036285,0.7407788038253784,-1.5628210306167603,0.6000566482543945,0.5445899963378906,-1.523725986480713,0.05626503750681877,0.6842606663703918,-1.4914547204971313,0.6030334830284119,0.6262357831001282,-1.4849162101745605,0.09751370549201965,0.7393166422843933,-1.424172282218933,0.5977510213851929,1.4074021577835083,-0.14781740307807922,0.3040904700756073,1.3994566202163696,0.15283454954624176,0.5692435503005981,2.030346155166626,-0.2080755978822708,0.2992008328437805,2.0342650413513184,0.4727891981601715,0.5688415169715881,2.6034393310546875,0.24797268211841583,0.2966248691082001,2.6099252700805664,0.8637749552726746,0.5743924379348755,2.6855924129486084,0.26728343963623047,0.2972497344017029,2.6864418983459473,0.8887402415275574,0.5305231809616089,2.7706587314605713,-0.3251360356807709,0.32658901810646057,2.7984490394592285,0.3085925579071045,0.650436282157898,0.7487719058990479,4.810985387848632e-07,0.566450834274292,0.7189153432846069,-0.032508257776498795,0.5057603120803833,0.6365160346031189,-0.0488274060189724,0.47252529859542847,0.5539787411689758,-0.06255636364221573,0.43043702840805054,0.49870139360427856,-0.07561692595481873,0.5496833324432373,0.48151326179504395,-0.021554255858063698,0.5330776572227478,0.37487953901290894,-0.04398182034492493,0.5267316699028015,0.30954328179359436,-0.0649014338850975,0.5241138339042664,0.24936649203300476,-0.08130142092704773,0.6026121377944946,0.4634133279323578,-0.02553478442132473,0.5915833115577698,0.3436014652252197,-0.04229096695780754,0.5864747166633606,0.2682337164878845,-0.06083539500832558,0.582135021686554,0.20193061232566833,-0.07615922391414642,0.6527053117752075,0.47326233983039856,-0.03464464843273163,0.648836612701416,0.3633245825767517,-0.05379527434706688,0.6454938054084778,0.2956891655921936,-0.06709937751293182,0.6401535272598267,0.23498228192329407,-0.07800821959972382,0.7021120190620422,0.5041040182113647,-0.04718127101659775,0.7086613774299622,0.4205365777015686,-0.06561260670423508,0.7108675837516785,0.3661293387413025,-0.07248334586620331,0.7096117734909058,0.3143428564071655,-0.0776640996336937,0.0020675789564847946,0.9145598411560059,5.448691808851436e-07,0.05152929574251175,0.8713932037353516,-0.05098491534590721,0.09165041893720627,0.7932013869285583,-0.0715947300195694,0.12200821191072464,0.7252087593078613,-0.08540560305118561,0.14697574079036713,0.6704269051551819,-0.0979885533452034,0.032598141580820084,0.6820933818817139,-0.03548206016421318,0.01977817341685295,0.5922127366065979,-0.0537988618016243,0.008530457504093647,0.5377967357635498,-0.07009236514568329,-0.000601939857006073,0.49191975593566895,-0.08181848376989365,-0.001813262701034546,0.6904786229133606,-0.02232448384165764,-0.01672644354403019,0.5973019599914551,-0.03564863279461861,-0.025659268721938133,0.5411694049835205,-0.04874439164996147,-0.031972140073776245,0.4982592463493347,-0.05832488834857941,-0.029428260400891304,0.7143934369087219,-0.014806953258812428,-0.0509599894285202,0.6409408450126648,-0.031219517812132835,-0.059022098779678345,0.6129074096679688,-0.0399228110909462,-0.06184019148349762,0.5908567905426025,-0.04500661417841911,-0.05090036243200302,0.7474974393844604,-0.012337650172412395,-0.06719905138015747,0.7029811143875122,-0.027855059131979942,-0.06884429603815079,0.6984264850616455,-0.031345486640930176,-0.06557319313287735,0.6982656121253967,-0.032154567539691925,stop
0.3930848240852356,0.4449475407600403,-0.7856737375259399,0.4125032424926758,0.3809855878353119,-0.7790535688400269,0.4283387064933777,0.3772164285182953,-0.7788382768630981,0.44380268454551697,0.3732205629348755,-0.7782213687896729,0.3734012246131897,0.385956346988678,-0.7207242250442505,0.3608154356479645,0.385215163230896,-0.720399796962738,0.3482779860496521,0.3847145438194275,-0.7203466296195984,0.4732126295566559,0.381773978471756,-0.5217499136924744,0.3438301682472229,0.3945423662662506,-0.24749109148979187,0.42712634801864624,0.5005446076393127,-0.6796976327896118,0.3789079785346985,0.5065377354621887,-0.6021498441696167,0.624641478061676,0.6364224553108215,-0.3546287417411804,0.2395389825105667,0.6898903250694275,0.06843454390764236,0.7965747714042664,0.939647912979126,-0.9507535099983215,0.07241619378328323,1.0421501398086548,-0.4352955222129822,0.6570196747779846,0.7544239163398743,-1.5205680131912231,0.05545699596405029,0.8678656816482544,-1.4441447257995605,0.6665111780166626,0.6011523604393005,-1.634476661682129,0.02556092105805874,0.750907838344574,-1.6214689016342163,0.5996106266975403,0.5294025540351868,-1.5127004384994507,0.06968879699707031,0.7078738808631897,-1.5663269758224487,0.598899245262146,0.6007516384124756,-1.484535813331604,0.10264291614294052,0.7536567449569702,-1.4696372747421265,0.5894345045089722,1.407889723777771,-0.15364521741867065,0.30157628655433655,1.4000211954116821,0.1584290713071823,0.564224362373352,2.029783248901367,-0.18480750918388367,0.29942119121551514,2.0343177318573,0.499711811542511,0.5706696510314941,2.5942530632019043,0.3646635115146637,0.30329543352127075,2.605250835418701,0.994261622428894,0.5773493647575378,2.6722376346588135,0.393349826335907,0.3026181161403656,2.6803462505340576,1.0322961807250977,0.5322284698486328,2.7668888568878174,-0.3126777112483978,0.33400893211364746,2.7908148765563965,0.4312061667442322,0.6450468897819519,0.7703143954277039,5.120806463310146e-07,0.5572998523712158,0.7396553158760071,-0.034114472568035126,0.49452993273735046,0.6476260423660278,-0.0500820092856884,0.45756930112838745,0.5611297488212585,-0.06338827311992645,0.4134063124656677,0.5054845213890076,-0.07592595368623734,0.5432102680206299,0.4950263500213623,-0.021428614854812622,0.5258656740188599,0.3843398094177246,-0.044286396354436874,0.5186705589294434,0.3161141872406006,-0.06513603031635284,0.5149282217025757,0.2545528709888458,-0.0815163180232048,0.5987446904182434,0.4759907126426697,-0.025735024362802505,0.5880342721939087,0.351428747177124,-0.04331076890230179,0.5821795463562012,0.2723750174045563,-0.06258390843868256,0.5760979652404785,0.20273911952972412,-0.07809334248304367,0.6506716012954712,0.4863086938858032,-0.03552856668829918,0.6479767560958862,0.3715388774871826,-0.05638344585895538,0.6448634266853333,0.2987450957298279,-0.07124371826648712,0.6384379267692566,0.23303860425949097,-0.08287490904331207,0.7005425691604614,0.5185147523880005,-0.04877076670527458,0.7100314497947693,0.43167874217033386,-0.06857112050056458,0.7134249806404114,0.374286949634552,-0.07609770447015762,0.7119459509849548,0.3204840421676636,-0.08165015280246735,0.002357298508286476,0.9273713231086731,4.4868349391435913e-07,0.05407411605119705,0.8801893591880798,-0.042389094829559326,0.08945140987634659,0.8001787662506104,-0.06037762761116028,0.11115868389606476,0.7278738617897034,-0.07257052510976791,0.13150206208229065,0.6692600250244141,-0.08412937819957733,0.03229304775595665,0.6976631283760071,-0.038293059915304184,0.01627725176513195,0.6020098328590393,-0.061256468296051025,0.004155173897743225,0.5428789854049683,-0.07948121428489685,-0.0051151905208826065,0.4927603006362915,-0.09192123264074326,-0.002827480435371399,0.7054966688156128,-0.030119869858026505,-0.018241440877318382,0.6088446974754333,-0.05009792745113373,-0.028054216876626015,0.5480248332023621,-0.06721053272485733,-0.035212546586990356,0.4993109107017517,-0.07886513322591782,-0.030697384849190712,0.7300489544868469,-0.02601296454668045,-0.05146608501672745,0.6538577079772949,-0.046168774366378784,-0.06360027194023132,0.6041887402534485,-0.05827881023287773,-0.07097992300987244,0.5641636252403259,-0.06596523523330688,-0.051899753510951996,0.7676987051963806,-0.02574327029287815,-0.06768610328435898,0.7183485627174377,-0.042877957224845886,-0.07292881608009338,0.6963017582893372,-0.048199813812971115,-0.07527190446853638,0.6789883971214294,-0.0506511814892292,stop
0.39213404059410095,0.444280743598938,-0.8747618794441223,0.4107876718044281,0.3806089758872986,-0.8642102479934692,0.42623305320739746,0.3768708109855652,-0.8641268610954285,0.44163116812705994,0.3723934590816498,-0.863591194152832,0.37184685468673706,0.38536059856414795,-0.8061152696609497,0.35984814167022705,0.3848473131656647,-0.8056442141532898,0.3474583625793457,0.3846477270126343,-0.8057592511177063,0.4736364781856537,0.3814160227775574,-0.5936249494552612,0.34325939416885376,0.3950599431991577,-0.31572479009628296,0.428903192281723,0.5003823041915894,-0.7640624642372131,0.37756234407424927,0.5068334937095642,-0.685580849647522,0.6324723362922668,0.6275995969772339,-0.4221140742301941,0.23225629329681396,0.6903603672981262,0.030289148911833763,0.7979260087013245,0.9373533725738525,-1.0965484380722046,0.07542695850133896,1.016466498374939,-0.46091514825820923,0.6536237597465515,0.7464843988418579,-1.7690141201019287,0.05891697481274605,0.8708348870277405,-1.5496708154678345,0.6437122821807861,0.5832297205924988,-1.8957493305206299,0.02290710248053074,0.7579513192176819,-1.7007144689559937,0.5917007327079773,0.5294842720031738,-1.7644188404083252,0.0744209960103035,0.7160109877586365,-1.6370909214019775,0.6015956997871399,0.5866928696632385,-1.7303918600082397,0.10323520749807358,0.7573010921478271,-1.5629054307937622,0.5941435098648071,1.4086023569107056,-0.16133268177509308,0.3036254048347473,1.402096152305603,0.16614572703838348,0.5689351558685303,2.030884265899658,-0.21976909041404724,0.30194520950317383,2.035062551498413,0.35995107889175415,0.5734316110610962,2.5955393314361572,0.3066050410270691,0.3087930977344513,2.60566782951355,0.7472116351127625,0.5801489353179932,2.673506498336792,0.32814306020736694,0.307910293340683,2.6835873126983643,0.7727590799331665,0.5345476865768433,2.7681260108947754,-0.30874988436698914,0.3398556411266327,2.792351007461548,0.15325568616390228,0.6509226560592651,0.7732369303703308,5.190199772187043e-07,0.5615974068641663,0.7451039552688599,-0.03587544709444046,0.49521303176879883,0.6579341292381287,-0.053543027490377426,0.456108957529068,0.5738543272018433,-0.06819725036621094,0.40985676646232605,0.5201095342636108,-0.0822264775633812,0.5434694886207581,0.49872246384620667,-0.02539031021296978,0.5234676599502563,0.3869406580924988,-0.0490388460457325,0.5156810283660889,0.3180467486381531,-0.07070082426071167,0.5117915868759155,0.25439703464508057,-0.08788643032312393,0.5986948013305664,0.4784267544746399,-0.029063163325190544,0.5870551466941833,0.35232406854629517,-0.04739582538604736,0.5812780261039734,0.27224865555763245,-0.06698203086853027,0.5758767127990723,0.2011108696460724,-0.08308210968971252,0.6507424116134644,0.4883078336715698,-0.038156453520059586,0.6468991041183472,0.3726491630077362,-0.059448666870594025,0.6430239081382751,0.3004257082939148,-0.07433096319437027,0.636521577835083,0.2341381013393402,-0.08631093800067902,0.7016485929489136,0.5198729038238525,-0.050894949585199356,0.7106387615203857,0.433025062084198,-0.07134772837162018,0.7137390375137329,0.3754909038543701,-0.07945118099451065,0.7125958800315857,0.3196640908718109,-0.0856306329369545,-0.00019025243818759918,0.930860698223114,4.895081815448066e-07,0.052298665046691895,0.8829723000526428,-0.04621104523539543,0.08877848833799362,0.8084042072296143,-0.06588989496231079,0.11148259788751602,0.7386608123779297,-0.07941971719264984,0.13228543102741241,0.6789175868034363,-0.0920395627617836,0.03264572471380234,0.7028310298919678,-0.03832940757274628,0.01785958930850029,0.6080546379089355,-0.05962793156504631,0.006463595665991306,0.5510713458061218,-0.0770501047372818,-0.002274647355079651,0.5019755363464355,-0.0889115184545517,-0.0004636719822883606,0.7108943462371826,-0.026969078928232193,-0.01566336862742901,0.6159085631370544,-0.04501016438007355,-0.02499261684715748,0.5565352439880371,-0.06101883575320244,-0.03209356963634491,0.5104948282241821,-0.07230280339717865,-0.026964018121361732,0.7338627576828003,-0.02019922435283661,-0.04905198514461517,0.6619900465011597,-0.03867952525615692,-0.060499876737594604,0.6250836849212646,-0.04975180700421333,-0.06641095131635666,0.5972374677658081,-0.05670246481895447,-0.04871854931116104,0.7664306163787842,-0.01779223419725895,-0.06589622050523758,0.7183505296707153,-0.03313320502638817,-0.0700576975941658,0.7041345238685608,-0.03799280524253845,-0.06987737119197845,0.6948313117027283,-0.04037033021450043,stop
0.39263471961021423,0.4436841309070587,-0.931041419506073,0.41172322630882263,0.37958452105522156,-0.9192034602165222,0.426994651556015,0.37541231513023376,-0.9189297556877136,0.442343533039093,0.370779812335968,-0.9183505773544312,0.3719482719898224,0.3847302496433258,-0.8670175671577454,0.36063557863235474,0.3843768537044525,-0.8665217161178589,0.3486878275871277,0.3845449388027191,-0.8665834665298462,0.4736548364162445,0.3807114362716675,-0.6417644619941711,0.3438381850719452,0.3959938585758209,-0.39146560430526733,0.43099913001060486,0.5000870227813721,-0.8189316987991333,0.3771823048591614,0.5064511895179749,-0.7486329078674316,0.6360903978347778,0.6302160024642944,-0.447509765625,0.2357848584651947,0.6896867156028748,-0.08757036924362183,0.8011987805366516,0.9388994574546814,-1.0084786415100098,0.08101752400398254,1.0038126707077026,-0.6463289260864258,0.663378119468689,0.7567347288131714,-1.540698766708374,0.060166746377944946,0.8689444661140442,-1.7130683660507202,0.6593298316001892,0.6011283993721008,-1.6482492685317993,0.022546496242284775,0.7528207302093506,-1.8624374866485596,0.603456437587738,0.5354086756706238,-1.5120117664337158,0.07625237107276917,0.7142719626426697,-1.7909510135650635,0.6060478687286377,0.5961183309555054,-1.4977864027023315,0.10454186052083969,0.758364737033844,-1.7214062213897705,0.595991313457489,1.4119216203689575,-0.16064956784248352,0.303427517414093,1.4086247682571411,0.1655319631099701,0.5695091485977173,2.0395400524139404,-0.18565163016319275,0.2988815903663635,2.0453989505767822,0.44585466384887695,0.574237585067749,2.6021833419799805,0.42746537923812866,0.3103918433189392,2.6116278171539307,0.9564100503921509,0.5812866687774658,2.6809027194976807,0.458900511264801,0.3093288540840149,2.691131830215454,0.9985222816467285,0.5356644988059998,2.7776825428009033,-0.18274959921836853,0.3419657349586487,2.795635938644409,0.3801167607307434,0.6520439982414246,0.7757044434547424,5.238114795247384e-07,0.5624940395355225,0.7472971677780151,-0.03538045287132263,0.49603307247161865,0.6597122550010681,-0.05247631296515465,0.45625174045562744,0.5746217966079712,-0.06665123999118805,0.40917736291885376,0.5198611617088318,-0.0801997259259224,0.5436282157897949,0.49813205003738403,-0.023500431329011917,0.5250594615936279,0.387744665145874,-0.04711916297674179,0.5181825757026672,0.3194276690483093,-0.06909991800785065,0.5150504112243652,0.2562737762928009,-0.08642871677875519,0.5987347364425659,0.47790589928627014,-0.027329815551638603,0.5867660045623779,0.35190457105636597,-0.044781021773815155,0.5807733535766602,0.27326998114585876,-0.06395333260297775,0.5748175382614136,0.20342031121253967,-0.07986825704574585,0.6507460474967957,0.4874711334705353,-0.036724694073200226,0.6455212831497192,0.372145414352417,-0.05722155049443245,0.6414600610733032,0.30097079277038574,-0.07099026441574097,0.634824275970459,0.23561903834342957,-0.08230044692754745,0.7020860910415649,0.519205629825592,-0.049857281148433685,0.7107257843017578,0.4317949712276459,-0.06939884275197983,0.7148635387420654,0.3745814561843872,-0.0764082744717598,0.7147002220153809,0.3195812404155731,-0.08183442801237106,-0.00373733788728714,0.9302408695220947,4.872118211096677e-07,0.050459519028663635,0.8853049874305725,-0.04695949703454971,0.08773693442344666,0.8105324506759644,-0.06551098823547363,0.11143654584884644,0.7404550909996033,-0.07776258140802383,0.13215935230255127,0.6797234416007996,-0.08872610330581665,0.03160833194851875,0.7012734413146973,-0.03493485599756241,0.016501745209097862,0.6062384247779846,-0.05439362674951553,0.004637494683265686,0.5498039126396179,-0.07058239728212357,-0.004179200157523155,0.501340925693512,-0.08179904520511627,-0.0022918619215488434,0.709940493106842,-0.023142755031585693,-0.01999838277697563,0.6154314279556274,-0.03966390714049339,-0.02912304177880287,0.5578278303146362,-0.05530105531215668,-0.03551138564944267,0.5136910676956177,-0.06639803200960159,-0.02951507642865181,0.7334800958633423,-0.0162339024245739,-0.05170165374875069,0.6624698638916016,-0.03451760113239288,-0.06308621168136597,0.6274760961532593,-0.04539140686392784,-0.06901578605175018,0.5999211072921753,-0.0520700104534626,-0.051099520176649094,0.7660329937934875,-0.013785416260361671,-0.06848636269569397,0.7192056179046631,-0.029690057039260864,-0.07156641781330109,0.7094426155090332,-0.034329548478126526,-0.07055442035198212,0.7039351463317871,-0.03627656027674675,stop
0.3958551585674286,0.4415861964225769,-0.6377514004707336,0.4132470488548279,0.3771360218524933,-0.6241530179977417,0.42786264419555664,0.3724555969238281,-0.6242247223854065,0.4426041543483734,0.3673999607563019,-0.623857855796814,0.37385544180870056,0.3844332695007324,-0.584189772605896,0.36261552572250366,0.3840790390968323,-0.5837883353233337,0.3510761857032776,0.38410282135009766,-0.5841788053512573,0.47038549184799194,0.38008931279182434,-0.40456849336624146,0.3468061089515686,0.39613765478134155,-0.2279573678970337,0.43283820152282715,0.4953281581401825,-0.5460416674613953,0.3800186514854431,0.5060497522354126,-0.49505186080932617,0.6261341571807861,0.6182340979576111,-0.24374179542064667,0.23704728484153748,0.6857290267944336,0.002956624608486891,0.7820641994476318,0.9251550436019897,-0.944957435131073,0.08121207356452942,1.0030739307403564,-0.5395206212997437,0.6626340746879578,0.7551401853561401,-1.464633822441101,0.06191983073949814,0.8716851472854614,-1.5097253322601318,0.6587115526199341,0.6094313859939575,-1.5758912563323975,0.022982817143201828,0.7526941299438477,-1.6509116888046265,0.6061683893203735,0.5481704473495483,-1.4728705883026123,0.07892072945833206,0.7104663848876953,-1.5768314599990845,0.6114205121994019,0.6068742871284485,-1.4384005069732666,0.10555930435657501,0.756786584854126,-1.513013482093811,0.595000684261322,1.3675246238708496,-0.11879338324069977,0.3044741153717041,1.3673756122589111,0.12314115464687347,0.570837140083313,1.983432412147522,-0.19980654120445251,0.3156839907169342,1.9953590631484985,0.17713215947151184,0.5749043226242065,2.5523922443389893,0.23763084411621094,0.32291486859321594,2.567692995071411,0.40330106019973755,0.5819589495658875,2.6319077014923096,0.2549057900905609,0.32018259167671204,2.643721103668213,0.41112107038497925,0.5361518263816833,2.7118756771087646,-0.29609164595603943,0.3498992323875427,2.7427496910095215,-0.1485990583896637,0.6626141667366028,0.7805445194244385,4.826028998650145e-07,0.5736452341079712,0.7523974776268005,-0.03409875929355621,0.505661129951477,0.6661734580993652,-0.05023250728845596,0.46404704451560974,0.5841753482818604,-0.06392385810613632,0.4168160557746887,0.5310588479042053,-0.07704393565654755,0.5527674555778503,0.5053672194480896,-0.020951880142092705,0.5305334329605103,0.39670509099960327,-0.044314611703157425,0.5205012559890747,0.328669935464859,-0.06600208580493927,0.515120267868042,0.26646605134010315,-0.08312708884477615,0.6069372892379761,0.4828502833843231,-0.025279486551880836,0.5929356813430786,0.3566846251487732,-0.042652491480112076,0.585894763469696,0.2778548002243042,-0.061146773397922516,0.5803110003471375,0.20939064025878906,-0.07643605768680573,0.658951461315155,0.4901684522628784,-0.035335473716259,0.6530724167823792,0.3741891384124756,-0.05549704283475876,0.6480008959770203,0.302040159702301,-0.0688178613781929,0.6413270831108093,0.237167626619339,-0.07984159886837006,0.7107307314872742,0.5206735134124756,-0.049142252653837204,0.7209866642951965,0.4347105622291565,-0.06779459118843079,0.7257949113845825,0.37780433893203735,-0.07440454512834549,0.7264358401298523,0.32372045516967773,-0.07975661009550095,-0.004298923537135124,0.937078595161438,4.905157311441144e-07,0.050187207758426666,0.8953500390052795,-0.053334176540374756,0.09040188044309616,0.8218250274658203,-0.07444460690021515,0.11447089165449142,0.7524685263633728,-0.08685001730918884,0.1361466944217682,0.693128764629364,-0.09748221188783646,0.032772596925497055,0.7096136212348938,-0.04194977134466171,0.018854863941669464,0.6127995252609253,-0.06053954362869263,0.008104234002530575,0.5545733571052551,-0.07694420218467712,-0.00027755647897720337,0.5054134130477905,-0.08820651471614838,-0.002385322004556656,0.714461088180542,-0.024188635870814323,-0.017987294122576714,0.6190925240516663,-0.038851093500852585,-0.02569415234029293,0.5577043294906616,-0.053711920976638794,-0.03162205219268799,0.5106112957000732,-0.06428864598274231,-0.030462047085165977,0.7333698272705078,-0.011346333660185337,-0.04863151162862778,0.655458927154541,-0.025334428995847702,-0.058133840560913086,0.6036674976348877,-0.036479927599430084,-0.06326999515295029,0.5618810653686523,-0.04403150454163551,-0.05285223573446274,0.7610476613044739,-0.003413623897358775,-0.06813082844018936,0.7052187323570251,-0.014989283867180347,-0.0748918354511261,0.6755577921867371,-0.020169219002127647,-0.07776394486427307,0.6511163711547852,-0.023160558193922043,stop
0.39579349756240845,0.44097641110420227,-0.5907400250434875,0.4137873649597168,0.37643614411354065,-0.5780600309371948,0.4287416338920593,0.37153688073158264,-0.5780265927314758,0.44389399886131287,0.3663657009601593,-0.5778528451919556,0.3729417324066162,0.3840267062187195,-0.5419030785560608,0.36143845319747925,0.38368475437164307,-0.5413480997085571,0.3503376841545105,0.3838052451610565,-0.5416423678398132,0.4711229205131531,0.37905511260032654,-0.33164992928504944,0.34569913148880005,0.3963417112827301,-0.16293415427207947,0.43170395493507385,0.4928660988807678,-0.4878044128417969,0.37883278727531433,0.5056833624839783,-0.4389999806880951,0.626137375831604,0.5861037373542786,-0.167852520942688,0.24044625461101532,0.6816349029541016,0.06518121063709259,0.7684268951416016,0.9030317068099976,-0.7736963033676147,0.08639316260814667,1.017425775527954,-0.40297460556030273,0.6416633129119873,0.7256146669387817,-1.4188332557678223,0.06308397650718689,0.8686735033988953,-1.3175525665283203,0.6323553323745728,0.6109873056411743,-1.5011337995529175,0.025044703856110573,0.7628006339073181,-1.4455652236938477,0.6052485704421997,0.5603057146072388,-1.3907326459884644,0.07568901032209396,0.7172163724899292,-1.395754098892212,0.5760254263877869,0.5963533520698547,-1.3878902196884155,0.1008274182677269,0.7601470947265625,-1.3281232118606567,0.5961681008338928,1.3384041786193848,-0.10941002517938614,0.31732839345932007,1.3453980684280396,0.11360561847686768,0.5765231847763062,1.9551503658294678,-0.2663426995277405,0.3334943354129791,1.9663141965866089,0.0005531326169148088,0.5886555910110474,2.526806592941284,0.043814972043037415,0.34758704900741577,2.5418202877044678,0.06691800802946091,0.5997458100318909,2.604125738143921,0.04730014503002167,0.34647336602211,2.616738796234131,0.05897863581776619,0.5495726466178894,2.6879184246063232,-0.4814988970756531,0.3734910786151886,2.716352939605713,-0.4938279986381531,0.6781474351882935,0.7957185506820679,4.4636641405304545e-07,0.5890337824821472,0.7653937339782715,-0.03179043531417847,0.5213468670845032,0.6783645153045654,-0.04767472669482231,0.47879254817962646,0.5978654623031616,-0.06158299744129181,0.42961442470550537,0.5468332171440125,-0.07517102360725403,0.5679611563682556,0.5200155377388,-0.021057091653347015,0.5448248386383057,0.40937432646751404,-0.04488540440797806,0.5337153077125549,0.3406246304512024,-0.06670618802309036,0.527592122554779,0.27893200516700745,-0.08350684493780136,0.6212695837020874,0.49728742241859436,-0.026954997330904007,0.6052252650260925,0.3684748113155365,-0.04432113841176033,0.5974699854850769,0.287763774394989,-0.06300392746925354,0.5917433500289917,0.21950823068618774,-0.07814732193946838,0.6736946702003479,0.5046412944793701,-0.03816232085227966,0.667428731918335,0.38591253757476807,-0.057841937988996506,0.6637500524520874,0.31354475021362305,-0.07080020010471344,0.6581721305847168,0.2500360310077667,-0.08131330460309982,0.7263692021369934,0.5351710319519043,-0.05286199972033501,0.7356928586959839,0.4471648335456848,-0.07046090811491013,0.7406002283096313,0.38995033502578735,-0.07584980875253677,0.7418822646141052,0.3377607464790344,-0.08010011166334152,-0.0009139180183410645,0.9401535987854004,4.970220288669225e-07,0.05325546860694885,0.9016268253326416,-0.051720719784498215,0.09166629612445831,0.8281450271606445,-0.07352016866207123,0.11812162399291992,0.7582626342773438,-0.0874616950750351,0.14223453402519226,0.701457142829895,-0.10040637105703354,0.032914046198129654,0.718670666217804,-0.049687374383211136,0.020731214433908463,0.6232255101203918,-0.07373462617397308,0.01006410364061594,0.5640556812286377,-0.09248726814985275,0.0020317640155553818,0.513710618019104,-0.10519462823867798,-0.003570700064301491,0.7219998240470886,-0.035877615213394165,-0.018413839861750603,0.6235014796257019,-0.0551430806517601,-0.02655692957341671,0.5641921758651733,-0.06955926865339279,-0.03240407258272171,0.5168678760528564,-0.07940343022346497,-0.03238063305616379,0.7412917017936707,-0.02655627951025963,-0.05344918370246887,0.6649069786071777,-0.04674035310745239,-0.0596514567732811,0.6348693370819092,-0.05488795414566994,-0.06166975945234299,0.6120814681053162,-0.05916871502995491,-0.054368384182453156,0.7711000442504883,-0.02200881950557232,-0.0719582810997963,0.7250991463661194,-0.04065093770623207,-0.07299324870109558,0.7241611480712891,-0.04398918151855469,-0.07039844244718552,0.7293441891670227,-0.04399332404136658,stop
0.3968088924884796,0.44019973278045654,-0.5497124791145325,0.4158537983894348,0.37589260935783386,-0.5346059203147888,0.43101900815963745,0.3709353804588318,-0.5344913601875305,0.4462212026119232,0.3658514618873596,-0.5342854261398315,0.3746049404144287,0.3837437629699707,-0.4962589740753174,0.3628360629081726,0.3833814859390259,-0.49549227952957153,0.35204118490219116,0.38360267877578735,-0.4956973195075989,0.4727300703525543,0.37858253717422485,-0.297884464263916,0.3463500142097473,0.3965821862220764,-0.1120830774307251,0.43263477087020874,0.4925987124443054,-0.4523960053920746,0.3791009783744812,0.5054178833961487,-0.3998582065105438,0.6286500692367554,0.5946727991104126,-0.13888123631477356,0.24269647896289825,0.6814215183258057,0.12261752784252167,0.7748774290084839,0.9088125824928284,-0.6280278563499451,0.0869600772857666,1.0665438175201416,-0.31518882513046265,0.6509426832199097,0.745262086391449,-1.1188771724700928,0.06373243778944016,0.8779361844062805,-1.2132151126861572,0.6436564326286316,0.626709520816803,-1.1979213953018188,0.026650656014680862,0.7834585309028625,-1.331286907196045,0.6136162877082825,0.5725625157356262,-1.0830414295196533,0.07726927101612091,0.7225176692008972,-1.2741836309432983,0.5849475860595703,0.6217411160469055,-1.0837637186050415,0.10309736430644989,0.7617415189743042,-1.221392035484314,0.5985352396965027,1.3310070037841797,-0.11103242635726929,0.3229849338531494,1.3397291898727417,0.11555051803588867,0.5887506604194641,1.9418097734451294,-0.32602354884147644,0.34290939569473267,1.9542139768600464,0.15849672257900238,0.6055951714515686,2.50679349899292,-0.019203968346118927,0.36353275179862976,2.517529249191284,0.40829700231552124,0.6173206567764282,2.5830464363098145,-0.016353454440832138,0.3616507947444916,2.589932918548584,0.4209229350090027,0.5679802894592285,2.6685287952423096,-0.5669480562210083,0.39655327796936035,2.692790985107422,-0.13652627170085907,0.6770861744880676,0.7975054979324341,5.094591415399918e-07,0.5873790383338928,0.7662965059280396,-0.031248178333044052,0.5195450186729431,0.6786978244781494,-0.04673875495791435,0.47738218307495117,0.5983235836029053,-0.06049339845776558,0.42743968963623047,0.5498801469802856,-0.07409308850765228,0.567081868648529,0.5182251334190369,-0.019080327823758125,0.5443351864814758,0.4078553318977356,-0.04247497022151947,0.534229040145874,0.3404223918914795,-0.06437169015407562,0.5288369059562683,0.278170108795166,-0.08139386028051376,0.6213161945343018,0.49655964970588684,-0.024846822023391724,0.6075721383094788,0.36816251277923584,-0.04194731265306473,0.5999434590339661,0.28846555948257446,-0.061015013605356216,0.5936421751976013,0.21844130754470825,-0.07670499384403229,0.6733289957046509,0.5038228631019592,-0.03598837926983833,0.6681346893310547,0.38780122995376587,-0.0552331767976284,0.6638920903205872,0.31710559129714966,-0.06803786009550095,0.6575668454170227,0.2534107267856598,-0.0787036195397377,0.7248224020004272,0.5332128405570984,-0.050681836903095245,0.7345600724220276,0.445830374956131,-0.06777948141098022,0.7398347854614258,0.3900313973426819,-0.07288840413093567,0.7413411140441895,0.337539941072464,-0.0771917924284935,-0.006427351385354996,0.9433634877204895,5.725198093387007e-07,0.04880804568529129,0.9091644287109375,-0.05556212738156319,0.08942604809999466,0.8345441222190857,-0.07811960577964783,0.11827847361564636,0.7636545300483704,-0.09324326366186142,0.1425735354423523,0.7046515941619873,-0.10654329508543015,0.03380202874541283,0.7263033986091614,-0.05094385892152786,0.021110616624355316,0.6304734349250793,-0.07718297839164734,0.011563751846551895,0.570075511932373,-0.09510332345962524,0.0039597563445568085,0.5189200043678284,-0.10586384683847427,-0.0028725583106279373,0.7311998605728149,-0.03572429344058037,-0.01767079345881939,0.6351461410522461,-0.061472952365875244,-0.023373538628220558,0.5770440101623535,-0.07600505650043488,-0.025879574939608574,0.530642569065094,-0.08336379379034042,-0.03288070112466812,0.7534388899803162,-0.02549261413514614,-0.052007824182510376,0.6996675133705139,-0.05961490049958229,-0.04565335810184479,0.7333980798721313,-0.06567646563053131,-0.0358266606926918,0.7657578587532043,-0.060939814895391464,-0.0564117506146431,0.7832382321357727,-0.019677622243762016,-0.07342922687530518,0.7477347254753113,-0.048031631857156754,-0.06514430791139603,0.7787524461746216,-0.05039481073617935,-0.05357634276151657,0.8127965927124023,-0.04523057863116264,stop
0.39810115098953247,0.43749892711639404,-0.4863685965538025,0.41769132018089294,0.3740299344062805,-0.4641430974006653,0.43280085921287537,0.36891892552375793,-0.46403637528419495,0.4478393495082855,0.363980233669281,-0.46394675970077515,0.3766981363296509,0.3834625482559204,-0.4291784167289734,0.36476245522499084,0.3832171559333801,-0.4282981753349304,0.35380086302757263,0.383419007062912,-0.42847466468811035,0.47360649704933167,0.3780500590801239,-0.22261269390583038,0.34791263937950134,0.39665624499320984,-0.04990754276514053,0.4333582818508148,0.48941293358802795,-0.39052119851112366,0.3805679678916931,0.5024860501289368,-0.34225165843963623,0.628885805606842,0.5986639857292175,-0.07098688930273056,0.243555948138237,0.6815502643585205,0.16857732832431793,0.8052337765693665,0.9174239635467529,-0.4301702082157135,0.0932605117559433,1.0777015686035156,-0.2141612321138382,0.6669393181800842,0.7572389841079712,-0.7953348755836487,0.06084514781832695,0.8915380835533142,-1.1071357727050781,0.64967942237854,0.642293393611908,-0.8668742179870605,0.015322024002671242,0.8077390193939209,-1.2286536693572998,0.6160255670547485,0.5848052501678467,-0.7620783448219299,0.06513355672359467,0.7295809388160706,-1.1956875324249268,0.6007772088050842,0.630390465259552,-0.760263204574585,0.10127757489681244,0.7704523801803589,-1.1257282495498657,0.5988236665725708,1.3199588060379028,-0.10224475711584091,0.3262064754962921,1.3292373418807983,0.10734295845031738,0.5923761129379272,1.9289292097091675,-0.2823362946510315,0.3421252369880676,1.9343782663345337,0.19819660484790802,0.60719233751297,2.4858710765838623,0.1371207982301712,0.36401113867759705,2.4960474967956543,0.5306987762451172,0.6182333827018738,2.556655168533325,0.1480727195739746,0.36242616176605225,2.565826416015625,0.5530877113342285,0.5734865665435791,2.653043031692505,-0.4084393084049225,0.4037122130393982,2.674204111099243,-0.011512035503983498,0.6979528069496155,0.8072832822799683,4.595293887632579e-07,0.6088746190071106,0.7759299874305725,-0.033594951033592224,0.5395519733428955,0.6899676322937012,-0.04996379464864731,0.49516692757606506,0.6084556579589844,-0.06430596858263016,0.4447675347328186,0.5576114058494568,-0.07828626781702042,0.585582971572876,0.535610020160675,-0.023435762152075768,0.559657096862793,0.42401987314224243,-0.04925017058849335,0.5494232773780823,0.3539160192012787,-0.07220246642827988,0.5450248718261719,0.28877466917037964,-0.0896957516670227,0.6388002038002014,0.5107030868530273,-0.028542285785079002,0.6227548718452454,0.3810632824897766,-0.04706408083438873,0.6160639524459839,0.30051684379577637,-0.06584665924310684,0.6119944453239441,0.23066812753677368,-0.0810527428984642,0.6915788054466248,0.516902506351471,-0.03911104425787926,0.6866039037704468,0.3972492218017578,-0.05981496348977089,0.6838955879211426,0.32621508836746216,-0.0718340128660202,0.6796320080757141,0.26305511593818665,-0.08142153173685074,0.7452014088630676,0.5472073554992676,-0.05351275950670242,0.7567546367645264,0.45970121026039124,-0.07199962437152863,0.7622590661048889,0.40236929059028625,-0.07711248844861984,0.7635772228240967,0.3493443727493286,-0.08095081150531769,-0.00312834233045578,0.9398088455200195,5.244910994406382e-07,0.05291878059506416,0.9088023900985718,-0.055229075253009796,0.09429149329662323,0.834457278251648,-0.07539591938257217,0.12155130505561829,0.7648681998252869,-0.08706487715244293,0.1467784196138382,0.7100952863693237,-0.09680574387311935,0.036774251610040665,0.7269799113273621,-0.04833655804395676,0.024539940059185028,0.6293864250183105,-0.0702357292175293,0.015060734935104847,0.5686707496643066,-0.08584568649530411,0.0071748411282896996,0.5180623531341553,-0.09529079496860504,0.0024265237152576447,0.7300176024436951,-0.030172083526849747,-0.013120517134666443,0.6317826509475708,-0.049211129546165466,-0.020002290606498718,0.5714858770370483,-0.06119557470083237,-0.025363020598888397,0.5250446796417236,-0.06763529777526855,-0.024949990212917328,0.7478625774383545,-0.016997182741761208,-0.0463688038289547,0.6865959167480469,-0.03984915837645531,-0.050389599055051804,0.6907120943069458,-0.045958369970321655,-0.05052268132567406,0.6960656642913818,-0.04477567970752716,-0.04672105237841606,0.7723583579063416,-0.008646154776215553,-0.06663931906223297,0.7301650047302246,-0.026657335460186005,-0.0702909529209137,0.7392511963844299,-0.028798548504710197,-0.06985321640968323,0.7503682971000671,-0.026251690462231636,stop
0.3990393280982971,0.4373151361942291,-0.4749251902103424,0.4187718331813812,0.37367263436317444,-0.4640924036502838,0.4338332712650299,0.36871734261512756,-0.4638864994049072,0.44883283972740173,0.3638966977596283,-0.4638340473175049,0.37805506587028503,0.3828833997249603,-0.41787296533584595,0.3660202920436859,0.3828108012676239,-0.4171125888824463,0.3549754023551941,0.3831097185611725,-0.4172619879245758,0.47478237748146057,0.3783958852291107,-0.2577274441719055,0.3489704430103302,0.39666467905044556,-0.038755618035793304,0.43399572372436523,0.4894690215587616,-0.39038681983947754,0.38167163729667664,0.5022856593132019,-0.3280544877052307,0.6361193060874939,0.6004770994186401,-0.10970250517129898,0.2442992627620697,0.6814323663711548,0.18661697208881378,0.8099523782730103,0.9183967113494873,-0.5055452585220337,0.09414151310920715,1.075833797454834,-0.18576887249946594,0.6964750289916992,0.7665996551513672,-0.8831406831741333,0.057253412902355194,0.9216611385345459,-1.0877916812896729,0.6743048429489136,0.6499786376953125,-0.9531612396240234,0.013700848445296288,0.8389095067977905,-1.2091749906539917,0.6204994916915894,0.5911905765533447,-0.848316490650177,0.06364443898200989,0.7520826458930969,-1.1661112308502197,0.6025594472885132,0.6368223428726196,-0.8482565879821777,0.10177697241306305,0.7895921468734741,-1.1048028469085693,0.5990335941314697,1.3145116567611694,-0.1028938889503479,0.32618123292922974,1.3181653022766113,0.10829043388366699,0.5909793376922607,1.917709469795227,-0.14609991014003754,0.33869606256484985,1.9169577360153198,0.367084801197052,0.605106770992279,2.461979866027832,0.32066816091537476,0.35920780897140503,2.469184637069702,0.8751940727233887,0.6155009865760803,2.53303599357605,0.34375545382499695,0.3574073910713196,2.538601875305176,0.918493926525116,0.572360634803772,2.627581834793091,-0.16840201616287231,0.4002590775489807,2.64831280708313,0.37858083844184875,0.7128419280052185,0.8080908060073853,4.878774007011089e-07,0.6250386834144592,0.7718391418457031,-0.029402706772089005,0.5565146207809448,0.6816503405570984,-0.04392727464437485,0.5130017995834351,0.6005693674087524,-0.05731872841715813,0.46379444003105164,0.5528751015663147,-0.07063420116901398,0.6056277751922607,0.5311130285263062,-0.019297458231449127,0.5805059671401978,0.4215017557144165,-0.044131357222795486,0.5712119340896606,0.3524136245250702,-0.0663287341594696,0.5677568912506104,0.2882455289363861,-0.08320936560630798,0.6597008109092712,0.5090248584747314,-0.026503756642341614,0.6454036235809326,0.3784412145614624,-0.04518551006913185,0.6390889286994934,0.2953880727291107,-0.0646146908402443,0.634930431842804,0.22082248330116272,-0.08006774634122849,0.7130335569381714,0.5179634094238281,-0.038823071867227554,0.7089225649833679,0.3976728320121765,-0.06023653596639633,0.7069807648658752,0.32458287477493286,-0.07341284304857254,0.70307856798172,0.25831425189971924,-0.0834345892071724,0.767490029335022,0.5508697032928467,-0.05442669615149498,0.7804036140441895,0.4612835645675659,-0.07352583110332489,0.7858951091766357,0.4033462405204773,-0.07891714572906494,0.7862107753753662,0.34879136085510254,-0.08279009163379669,-0.0032120291143655777,0.9471338987350464,4.7155643301266537e-07,0.05469439923763275,0.912940502166748,-0.05266042798757553,0.09689575433731079,0.8393644094467163,-0.07276921719312668,0.12281537801027298,0.7688165903091431,-0.08436322957277298,0.14744657278060913,0.7118910551071167,-0.09432470798492432,0.03885117545723915,0.7295523285865784,-0.04399104788899422,0.025253478437662125,0.6353703141212463,-0.06458155810832977,0.013959820382297039,0.5763538479804993,-0.08170204609632492,0.0057783350348472595,0.5266493558883667,-0.09341445565223694,0.0022853072732686996,0.7321271300315857,-0.027174213901162148,-0.012464040890336037,0.6369725465774536,-0.04303357005119324,-0.01995956338942051,0.5778336524963379,-0.05614597350358963,-0.025590533390641212,0.5332038402557373,-0.06513276696205139,-0.026817696169018745,0.7500302791595459,-0.015325885266065598,-0.04546200484037399,0.6740832328796387,-0.0308463703840971,-0.05433913320302963,0.6347721219062805,-0.03865780681371689,-0.05900302529335022,0.6028687953948975,-0.04305589571595192,-0.04949818551540375,0.7770564556121826,-0.008490031585097313,-0.06667020916938782,0.724158763885498,-0.021898671984672546,-0.07425720989704132,0.7054699659347534,-0.025617454200983047,-0.07753758132457733,0.6906578540802002,-0.026737747713923454,stop
0.39974743127822876,0.4371953308582306,-0.4820142686367035,0.4195796549320221,0.37320655584335327,-0.47122636437416077,0.4346693158149719,0.3684190511703491,-0.47101783752441406,0.44970250129699707,0.36373570561408997,-0.4709285795688629,0.3787919878959656,0.38211309909820557,-0.42665377259254456,0.36676108837127686,0.3821532130241394,-0.4258616864681244,0.3556104302406311,0.38248977065086365,-0.4260218143463135,0.47576314210891724,0.3783964216709137,-0.2666447162628174,0.349510133266449,0.3964793086051941,-0.051838457584381104,0.4345817565917969,0.4894833564758301,-0.39769965410232544,0.38243967294692993,0.5016844272613525,-0.3373136520385742,0.6400405168533325,0.6031758785247803,-0.11281969398260117,0.24936170876026154,0.6780065894126892,0.17441119253635406,0.8158008456230164,0.9197614789009094,-0.49206528067588806,0.13414351642131805,1.0134782791137695,-0.1681043654680252,0.7091861963272095,0.7712793946266174,-0.8627603650093079,0.06143372133374214,0.918175458908081,-1.0156948566436768,0.6860262155532837,0.6569864749908447,-0.9261744618415833,0.01550513319671154,0.844502866268158,-1.1269760131835938,0.6380637288093567,0.5947391390800476,-0.8208039999008179,0.05867332965135574,0.7573278546333313,-1.0882419347763062,0.6270092129707336,0.6392841339111328,-0.8270055651664734,0.09992910176515579,0.790515661239624,-1.0331889390945435,0.5995262861251831,1.3072059154510498,-0.10451672226190567,0.32670754194259644,1.3102271556854248,0.10986615717411041,0.5909451842308044,1.9054070711135864,-0.1495947241783142,0.33792123198509216,1.904503583908081,0.34364938735961914,0.6047724485397339,2.4474408626556396,0.2884407341480255,0.3582810163497925,2.455575466156006,0.7969667315483093,0.6149735450744629,2.517194986343384,0.3108081817626953,0.3564741909503937,2.5246496200561523,0.8331750631332397,0.5708708167076111,2.613055467605591,-0.20211723446846008,0.3973800241947174,2.633350372314453,0.2892872393131256,0.7132667899131775,0.8065289855003357,5.16827071805892e-07,0.6226972341537476,0.7723246216773987,-0.030923953279852867,0.5538996458053589,0.6852961182594299,-0.04563703387975693,0.510499894618988,0.6044010519981384,-0.05879075825214386,0.4633916914463043,0.5526942014694214,-0.07163020223379135,0.6063830256462097,0.5276187658309937,-0.01716778613626957,0.5807303190231323,0.4180314540863037,-0.040275976061820984,0.571357786655426,0.35008323192596436,-0.06164067983627319,0.5679082870483398,0.2867051661014557,-0.07830121368169785,0.6608474254608154,0.5065534114837646,-0.02325819618999958,0.6477324962615967,0.37649664282798767,-0.04029594361782074,0.6415730714797974,0.2948867678642273,-0.05930883809924126,0.6366914510726929,0.22189739346504211,-0.07481136173009872,0.7133080959320068,0.5155530571937561,-0.03487592935562134,0.7097843885421753,0.3964182734489441,-0.05547903850674629,0.7058908343315125,0.3240465521812439,-0.06931966543197632,0.6999089121818542,0.25773051381111145,-0.08022292703390121,0.7659756541252136,0.5480181574821472,-0.049883581697940826,0.7793301939964294,0.4601690173149109,-0.06879127025604248,0.7862082123756409,0.4035536050796509,-0.07492517679929733,0.7883482575416565,0.3488440215587616,-0.07960374653339386,-0.007561838254332542,0.9470643997192383,5.307500714479829e-07,0.0512303002178669,0.916982889175415,-0.055085439234972,0.09436161816120148,0.8418301343917847,-0.07406735420227051,0.12213481962680817,0.769534170627594,-0.08541619032621384,0.1470452845096588,0.7122765779495239,-0.09458041191101074,0.03895950689911842,0.7329930067062378,-0.04332347959280014,0.02404727227985859,0.6375035047531128,-0.06575486809015274,0.013687482103705406,0.5772448182106018,-0.08102636784315109,0.0058891382068395615,0.5263809561729431,-0.08970649540424347,0.0036230236291885376,0.736753523349762,-0.026463240385055542,-0.01199951209127903,0.6410528421401978,-0.04920678213238716,-0.01807609386742115,0.5814957618713379,-0.06247838959097862,-0.020929956808686256,0.5332940816879272,-0.06840828061103821,-0.025801679119467735,0.7566730380058289,-0.015054292045533657,-0.04470738768577576,0.7077022194862366,-0.046711381524801254,-0.04009486734867096,0.7441745400428772,-0.05304737016558647,-0.03167293220758438,0.7749858498573303,-0.04770208150148392,-0.05022161453962326,0.7821250557899475,-0.008049595169723034,-0.0684223398566246,0.7465056777000427,-0.032137446105480194,-0.06451588869094849,0.7755677103996277,-0.033647529780864716,-0.05669303983449936,0.8039262890815735,-0.02814006246626377,stop
0.39979708194732666,0.43551865220069885,-0.4953390657901764,0.42019930481910706,0.3709225058555603,-0.47873345017433167,0.4352332651615143,0.36689454317092896,-0.4784065783023834,0.45023566484451294,0.3630295395851135,-0.47809481620788574,0.37949472665786743,0.3787354528903961,-0.4329611659049988,0.3673326075077057,0.3789018988609314,-0.4322507977485657,0.35619136691093445,0.37937846779823303,-0.4321906566619873,0.47617167234420776,0.37872427701950073,-0.26727423071861267,0.350117027759552,0.3952450156211853,-0.048696938902139664,0.4347069263458252,0.48885613679885864,-0.4105776250362396,0.38251572847366333,0.4991697371006012,-0.3496420979499817,0.6403793096542358,0.6186323165893555,-0.12625180184841156,0.2518482804298401,0.6778832674026489,0.1653526872396469,0.8516260981559753,0.9241132140159607,-0.5112864375114441,0.1298232078552246,1.0587973594665527,-0.18066151440143585,0.726524829864502,0.7582100033760071,-0.8578608632087708,0.062041986733675,0.9119720458984375,-1.021557092666626,0.7256690263748169,0.6300778985023499,-0.9283663034439087,0.015882570296525955,0.834838330745697,-1.1387109756469727,0.6518687009811401,0.5772615075111389,-0.8203595280647278,0.06056271120905876,0.7501019835472107,-1.0970300436019897,0.6291343569755554,0.6316045522689819,-0.8223534822463989,0.10093721002340317,0.7859241962432861,-1.0411850214004517,0.5980353951454163,1.3253073692321777,-0.1071910411119461,0.3257739245891571,1.3282912969589233,0.11294090747833252,0.587165892124176,1.915725827217102,-0.15696492791175842,0.32853811979293823,1.9169235229492188,0.35012418031692505,0.5993064641952515,2.4695980548858643,0.253657728433609,0.34923499822616577,2.4770090579986572,0.7728549838066101,0.60932856798172,2.5410284996032715,0.269991934299469,0.347871869802475,2.547677755355835,0.8056095838546753,0.5653823018074036,2.6359007358551025,-0.2323743849992752,0.38833653926849365,2.6545603275299072,0.2641957104206085,0.7252652645111084,0.7920915484428406,4.714431440788758e-07,0.6370303630828857,0.7559329867362976,-0.027119170874357224,0.5719310641288757,0.6626943349838257,-0.03947977349162102,0.535416305065155,0.5742692351341248,-0.05055994540452957,0.4879026412963867,0.5263208150863647,-0.06197822466492653,0.6254676580429077,0.5127902030944824,-0.01941876858472824,0.603793203830719,0.40104031562805176,-0.041465047746896744,0.5958736538887024,0.33246541023254395,-0.061483703553676605,0.5933859348297119,0.26883676648139954,-0.07701975852251053,0.679972231388092,0.4935179352760315,-0.026361003518104553,0.6681001782417297,0.36187440156936646,-0.04208558797836304,0.6639504432678223,0.28033286333084106,-0.059641242027282715,0.6623651385307312,0.20847302675247192,-0.07434895634651184,0.7327529788017273,0.5044482350349426,-0.0377996489405632,0.7317157983779907,0.3840678930282593,-0.05677087977528572,0.7295805215835571,0.30972161889076233,-0.0694892555475235,0.7259488701820374,0.24287718534469604,-0.07990965992212296,0.7859492897987366,0.5381662249565125,-0.05222130939364433,0.8001925945281982,0.44722211360931396,-0.07060837000608444,0.8060043454170227,0.3881258964538574,-0.07616545259952545,0.8075559139251709,0.3318426012992859,-0.08035051077604294,-0.003537297248840332,0.9464374780654907,5.162610250408761e-07,0.055250559002161026,0.9142125844955444,-0.05185597389936447,0.09776206314563751,0.8399413228034973,-0.07106465846300125,0.12230808287858963,0.7703877091407776,-0.08182226121425629,0.14639437198638916,0.7164410352706909,-0.09127483516931534,0.03619430959224701,0.7301543354988098,-0.04593305662274361,0.02279796451330185,0.6329881548881531,-0.06579949706792831,0.01211700588464737,0.5733336806297302,-0.08126161247491837,0.00464622862637043,0.5240352153778076,-0.09164050221443176,-0.0039684344083070755,0.734655499458313,-0.03002343513071537,-0.0191984660923481,0.6360797882080078,-0.045597486197948456,-0.025988522917032242,0.5775088667869568,-0.05776510760188103,-0.031039487570524216,0.5338683128356934,-0.06573580205440521,-0.03610440343618393,0.7542221546173096,-0.018670974299311638,-0.05686972290277481,0.6801359057426453,-0.035271864384412766,-0.06571543216705322,0.6505099534988403,-0.04204728454351425,-0.07032103091478348,0.6268793344497681,-0.045103199779987335,-0.060293927788734436,0.783548891544342,-0.012072513811290264,-0.08005788177251816,0.7357118725776672,-0.026850439608097076,-0.08671312034130096,0.7298667430877686,-0.02899009920656681,-0.08904623240232468,0.7270268797874451,-0.028266822919249535,stop
0.40094447135925293,0.43505457043647766,-0.5074148774147034,0.422443687915802,0.36987289786338806,-0.4852481484413147,0.43761205673217773,0.36628037691116333,-0.48544687032699585,0.45237913727760315,0.3628128170967102,-0.4854904115200043,0.3803642690181732,0.3768262267112732,-0.45289117097854614,0.3676322102546692,0.37705177068710327,-0.45211610198020935,0.3562873303890228,0.37761029601097107,-0.45233169198036194,0.4774323105812073,0.3794070780277252,-0.3234747648239136,0.3504454493522644,0.3942381739616394,-0.0499773845076561,0.4363720417022705,0.48877328634262085,-0.43433600664138794,0.38300803303718567,0.4980948865413666,-0.35034143924713135,0.6489984393119812,0.6189171671867371,-0.19438430666923523,0.2525988817214966,0.6807550191879272,0.15733680129051208,0.8531000018119812,0.9244834780693054,-0.5663260221481323,0.1256089210510254,1.107731580734253,-0.2215033322572708,0.7324373126029968,0.7376382350921631,-0.9482858777046204,0.06755213439464569,0.9091556668281555,-1.0979149341583252,0.7393926382064819,0.6034382581710815,-1.0248441696166992,0.01999579556286335,0.834815263748169,-1.2182817459106445,0.6606699824333191,0.5510359406471252,-0.916528046131134,0.06179102137684822,0.7475786209106445,-1.1735299825668335,0.62763911485672,0.6030286550521851,-0.914012610912323,0.10400602966547012,0.7836630344390869,-1.1170645952224731,0.604575514793396,1.3285677433013916,-0.1273752599954605,0.3312720060348511,1.328800916671753,0.13327941298484802,0.5882883667945862,1.9266787767410278,-0.15204714238643646,0.3287985324859619,1.927884817123413,0.4687963128089905,0.6000543832778931,2.4743402004241943,0.31963860988616943,0.3493080735206604,2.4835309982299805,0.981785774230957,0.6094216108322144,2.5464627742767334,0.341011106967926,0.3481864333152771,2.554377794265747,1.024161458015442,0.5677056908607483,2.637803077697754,-0.2008059322834015,0.38801437616348267,2.66013765335083,0.4698363244533539,0.7308229804039001,0.7783700823783875,5.042981001679436e-07,0.6437494158744812,0.7411456108093262,-0.03030940145254135,0.5777729749679565,0.6444569230079651,-0.043735090643167496,0.5417780876159668,0.5557618737220764,-0.054871901869773865,0.4979351758956909,0.5024783611297607,-0.06614971160888672,0.6355315446853638,0.49480515718460083,-0.023270541802048683,0.6191648840904236,0.37971705198287964,-0.04635930061340332,0.6143691539764404,0.309309720993042,-0.06720062345266342,0.6139131784439087,0.24459266662597656,-0.08349503576755524,0.6910215616226196,0.47782573103904724,-0.0288563072681427,0.6830688118934631,0.34536293148994446,-0.04618336260318756,0.6807227730751038,0.2630974352359772,-0.06493685394525528,0.6796715259552002,0.18925395607948303,-0.08049594610929489,0.7433516979217529,0.4903884828090668,-0.039141345769166946,0.74391108751297,0.36625587940216064,-0.0603199303150177,0.743972897529602,0.2915272116661072,-0.07419697940349579,0.7417104244232178,0.22277945280075073,-0.08531808853149414,0.7954651713371277,0.525836169719696,-0.052414827048778534,0.8091098666191101,0.43410030007362366,-0.07358356565237045,0.8166320323944092,0.37447425723075867,-0.08059800416231155,0.8203252553939819,0.3155750036239624,-0.08556605130434036,-0.004757614806294441,0.9528111815452576,5.412686050476623e-07,0.05405508726835251,0.9212723970413208,-0.05285669490695,0.09557013213634491,0.8424112200737,-0.07069005817174911,0.12346287071704865,0.7713563442230225,-0.08158433437347412,0.15148206055164337,0.716217041015625,-0.09030065685510635,0.03805713728070259,0.7326292991638184,-0.041064754128456116,0.024731582030653954,0.6385228633880615,-0.06403838843107224,0.015727574005723,0.5805450677871704,-0.07902037352323532,0.00797954946756363,0.5317493677139282,-0.08774471282958984,-0.00038886070251464844,0.7382187247276306,-0.026783011853694916,-0.018258890137076378,0.641286313533783,-0.05124107003211975,-0.023851623758673668,0.5849071145057678,-0.06382913142442703,-0.02529648132622242,0.5400056838989258,-0.06883540749549866,-0.03277641534805298,0.7625384330749512,-0.018064234405755997,-0.050373971462249756,0.7148880958557129,-0.05429640784859657,-0.039469197392463684,0.762143075466156,-0.06024277210235596,-0.02607136406004429,0.8007239699363708,-0.05329807847738266,-0.05932784080505371,0.7940331101417542,-0.01339651644229889,-0.07404525578022003,0.7617220878601074,-0.04339718446135521,-0.06474810093641281,0.799228310585022,-0.046234339475631714,-0.05221343785524368,0.8322662711143494,-0.04051389917731285,stop
0.40332740545272827,0.43472355604171753,-0.5236015915870667,0.4257693886756897,0.36943700909614563,-0.5028508305549622,0.44130176305770874,0.36587363481521606,-0.5029392242431641,0.45596376061439514,0.3624706566333771,-0.5028105974197388,0.3813956379890442,0.3762997090816498,-0.4662168025970459,0.36782416701316833,0.3764650523662567,-0.4654804766178131,0.3564881384372711,0.37687793374061584,-0.46564140915870667,0.4796994626522064,0.3795587420463562,-0.3295001983642578,0.35070791840553284,0.39361700415611267,-0.07250428199768066,0.4389254152774811,0.48873329162597656,-0.4418260455131531,0.3839130997657776,0.49763134121894836,-0.3649694323539734,0.6526375412940979,0.619127094745636,-0.19972792267799377,0.25279101729393005,0.6814221739768982,0.1425955593585968,0.8524476885795593,0.9248956441879272,-0.6243973970413208,0.12287846952676773,1.1017268896102905,-0.24569933116436005,0.7327070236206055,0.730702817440033,-0.979383647441864,0.06578359752893448,0.9177216291427612,-1.1476199626922607,0.7378667593002319,0.5968379974365234,-1.053760290145874,0.019893597811460495,0.8474395871162415,-1.2737345695495605,0.6679395437240601,0.5417202711105347,-0.9244343638420105,0.06223875284194946,0.7573466897010803,-1.2228087186813354,0.6472861766815186,0.5921766757965088,-0.9385534524917603,0.10441677272319794,0.789466142654419,-1.1623213291168213,0.6102250814437866,1.3301241397857666,-0.13681341707706451,0.33546340465545654,1.331870436668396,0.1424601525068283,0.5935060381889343,1.9221094846725464,-0.09373816102743149,0.3318886458873749,1.9246597290039062,0.5465782880783081,0.605684220790863,2.4556169509887695,0.4406919479370117,0.35154131054878235,2.461937427520752,1.1640172004699707,0.6134858131408691,2.5310556888580322,0.46960538625717163,0.35083693265914917,2.5347814559936523,1.21882164478302,0.5763766169548035,2.615786552429199,-0.06432019174098969,0.39189985394477844,2.6351568698883057,0.6876877546310425,0.732169508934021,0.7776088714599609,4.950053380525787e-07,0.6432532668113708,0.7419947385787964,-0.03212722763419151,0.5777062177658081,0.6488136649131775,-0.04697273299098015,0.5433728694915771,0.5626087784767151,-0.05955662205815315,0.5019046664237976,0.5049611926078796,-0.0720239207148552,0.636152446269989,0.4950248599052429,-0.023146875202655792,0.6201349496841431,0.3804727792739868,-0.04773544892668724,0.6156537532806396,0.3101804852485657,-0.06965457648038864,0.6155244708061218,0.24486371874809265,-0.08671050518751144,0.6922399997711182,0.47769805788993835,-0.029056869447231293,0.6838619112968445,0.3464282155036926,-0.04848100617527962,0.6811882257461548,0.26306140422821045,-0.06876740604639053,0.679142415523529,0.1877092719078064,-0.08510023355484009,0.7448365092277527,0.4905034601688385,-0.040112338960170746,0.7446305155754089,0.36831575632095337,-0.06340154260396957,0.744311511516571,0.29452821612358093,-0.07806756347417831,0.7417938709259033,0.22588250041007996,-0.08925800770521164,0.796928346157074,0.5261620879173279,-0.05438343062996864,0.8106368780136108,0.43582335114479065,-0.0767328068614006,0.818730354309082,0.3761924207210541,-0.08436021953821182,0.8230696320533752,0.3171740174293518,-0.08970099687576294,-0.005613429471850395,0.9492731690406799,5.359061105991714e-07,0.052731920033693314,0.9200167655944824,-0.05068497359752655,0.09549097716808319,0.8418495655059814,-0.06702882796525955,0.12446215003728867,0.7703378200531006,-0.07695763558149338,0.15143710374832153,0.7167035341262817,-0.08460145443677902,0.0372190959751606,0.7299482822418213,-0.03633543848991394,0.023999448865652084,0.6355172991752625,-0.05771864578127861,0.014237876981496811,0.5769138932228088,-0.07145998626947403,0.006675804033875465,0.528154194355011,-0.07890132814645767,-0.002008587121963501,0.7333629131317139,-0.022373870015144348,-0.02015114761888981,0.6366340517997742,-0.04628536105155945,-0.026942284777760506,0.5800334215164185,-0.059378813952207565,-0.029551969841122627,0.5346564054489136,-0.06423389911651611,-0.03535638004541397,0.7541406154632568,-0.013781324960291386,-0.056233443319797516,0.7075244784355164,-0.04942219331860542,-0.049365051090717316,0.7561938762664795,-0.05548343434929848,-0.03863660246133804,0.7955203652381897,-0.048047710210084915,-0.06340993195772171,0.781836211681366,-0.008999413810670376,-0.08268449455499649,0.7475630044937134,-0.03646978735923767,-0.07675029337406158,0.7849137783050537,-0.03762555867433548,-0.06676847487688065,0.8175591826438904,-0.030646832659840584,stop
0.40441441535949707,0.43416520953178406,-0.4338979125022888,0.4274466037750244,0.3689064383506775,-0.4097457826137543,0.44300031661987305,0.36510780453681946,-0.40951862931251526,0.4574039578437805,0.36158740520477295,-0.4093625545501709,0.3823578655719757,0.3761558532714844,-0.37745144963264465,0.36829128861427307,0.3763182461261749,-0.3768710494041443,0.3566041588783264,0.3766612410545349,-0.3769969344139099,0.4798121452331543,0.3795584738254547,-0.20499785244464874,0.3509376347064972,0.3933132290840149,-0.038402631878852844,0.43944311141967773,0.48825496435165405,-0.35096755623817444,0.38466018438339233,0.49698999524116516,-0.30384767055511475,0.6485592722892761,0.6184249520301819,-0.07844561338424683,0.25293445587158203,0.6807337403297424,0.14700791239738464,0.8504713773727417,0.9246664047241211,-0.5116685628890991,0.12092800438404083,1.0926705598831177,-0.24281159043312073,0.7315061092376709,0.7278268933296204,-0.9348992109298706,0.06650005280971527,0.9188557863235474,-1.0993770360946655,0.7389942407608032,0.6046038866043091,-1.0077636241912842,0.020354585722088814,0.8492787480354309,-1.2164636850357056,0.6733278632164001,0.547423779964447,-0.9024902582168579,0.06278668344020844,0.760119616985321,-1.1776288747787476,0.6559475064277649,0.5972710847854614,-0.9038076400756836,0.10459832847118378,0.7904127240180969,-1.1170023679733276,0.6089586615562439,1.3291771411895752,-0.11113893985748291,0.3351655602455139,1.333122730255127,0.11639821529388428,0.5935698747634888,1.9181262254714966,-0.11120657622814178,0.33240431547164917,1.923324704170227,0.36753910779953003,0.6067410707473755,2.44982647895813,0.39186519384384155,0.35343557596206665,2.456817150115967,0.793861985206604,0.614498496055603,2.5252223014831543,0.4091499447822571,0.3527167737483978,2.527404546737671,0.8265933990478516,0.5798920392990112,2.607090473175049,-0.12517516314983368,0.39757999777793884,2.6298532485961914,0.3212204575538635,0.736343502998352,0.7726473808288574,5.296398626342125e-07,0.6470556259155273,0.7405638694763184,-0.035477034747600555,0.5798696875572205,0.6488786339759827,-0.05169835314154625,0.5451939105987549,0.560417890548706,-0.0647800862789154,0.5035454034805298,0.5020644068717957,-0.07742477208375931,0.6381839513778687,0.49180108308792114,-0.026702014729380608,0.6223092675209045,0.3763291537761688,-0.05138560011982918,0.6184917688369751,0.3054468035697937,-0.07339441776275635,0.6189836859703064,0.23952332139015198,-0.09046990424394608,0.6938339471817017,0.47380077838897705,-0.03053434193134308,0.6864514350891113,0.3421868085861206,-0.04949250817298889,0.6844358444213867,0.2588980793952942,-0.06927420198917389,0.6831625699996948,0.18287017941474915,-0.08535347878932953,0.7458906173706055,0.48634859919548035,-0.039640020579099655,0.7459745407104492,0.36399245262145996,-0.0622144415974617,0.7463122010231018,0.2898475229740143,-0.07642211019992828,0.7445358037948608,0.22037115693092346,-0.08747696131467819,0.7981113791465759,0.5212278366088867,-0.05228787660598755,0.811440110206604,0.43065571784973145,-0.07428675144910812,0.819334089756012,0.3708955645561218,-0.08180083334445953,0.8239091634750366,0.3112418055534363,-0.08703820407390594,-0.008514359593391418,0.948971688747406,5.006647256777796e-07,0.05259039252996445,0.9199643731117249,-0.05347331240773201,0.09664825350046158,0.8445592522621155,-0.07126183807849884,0.12402042001485825,0.7734754681587219,-0.08122453838586807,0.14893637597560883,0.7163121104240417,-0.08891262859106064,0.03813759982585907,0.7373747825622559,-0.043179795145988464,0.024562783539295197,0.6379408240318298,-0.06396789103746414,0.015861602500081062,0.5780400037765503,-0.07777855545282364,0.00842301081866026,0.5279518365859985,-0.08561093360185623,0.000632530078291893,0.7416263222694397,-0.0259696152061224,-0.01741812191903591,0.6446512341499329,-0.04617850482463837,-0.02320081926882267,0.5901740789413452,-0.05713791772723198,-0.026422129943966866,0.5473534464836121,-0.06171213462948799,-0.029483826830983162,0.7619544863700867,-0.013858987018465996,-0.04750174283981323,0.7167955040931702,-0.04217375069856644,-0.03964958339929581,0.7547554969787598,-0.04640631377696991,-0.030018089339137077,0.7858659029006958,-0.04046342521905899,-0.05367622524499893,0.7879144549369812,-0.00616734754294157,-0.07066700607538223,0.7560469508171082,-0.027989676222205162,-0.0645294189453125,0.7869061827659607,-0.028417112305760384,-0.05548641085624695,0.8158522248268127,-0.022497637197375298,stop
0.40530484914779663,0.43409445881843567,-0.4643939137458801,0.42939528822898865,0.3688450753688812,-0.45042872428894043,0.44468483328819275,0.36505916714668274,-0.450161874294281,0.4587222933769226,0.36156803369522095,-0.45000624656677246,0.38411998748779297,0.37611350417137146,-0.40867382287979126,0.36963358521461487,0.3762754201889038,-0.4081692099571228,0.3573322594165802,0.37662366032600403,-0.40828198194503784,0.48096728324890137,0.3809346556663513,-0.21316519379615784,0.35114583373069763,0.3932841718196869,-0.05404813960194588,0.4399854242801666,0.4882650375366211,-0.38544607162475586,0.38523969054222107,0.4964056611061096,-0.3296668231487274,0.6486079096794128,0.6189334988594055,-0.11358004808425903,0.25301095843315125,0.6806426644325256,0.14617371559143066,0.8495355844497681,0.9248353838920593,-0.5577698945999146,0.1194879561662674,1.0885756015777588,-0.24506385624408722,0.7298935651779175,0.7296894192695618,-0.972488522529602,0.06589972972869873,0.9191501140594482,-1.0940165519714355,0.7384649515151978,0.6103050112724304,-1.0443516969680786,0.020359881222248077,0.8510097861289978,-1.209670901298523,0.6737293004989624,0.5501793026924133,-0.947778582572937,0.06311075389385223,0.7594216465950012,-1.1616650819778442,0.6572352051734924,0.5995686650276184,-0.9455839395523071,0.10532344877719879,0.7898654937744141,-1.1091034412384033,0.609043300151825,1.3306255340576172,-0.11319613456726074,0.3348970115184784,1.3339955806732178,0.11843562126159668,0.5934974551200867,1.9215401411056519,-0.054688405245542526,0.33105283975601196,1.9258421659469604,0.48314809799194336,0.60675448179245,2.4530422687530518,0.4947383403778076,0.35250386595726013,2.4600629806518555,1.0555592775344849,0.6142867207527161,2.5298564434051514,0.5265682935714722,0.35149437189102173,2.5316922664642334,1.1051193475723267,0.581343948841095,2.609971761703491,0.008292166516184807,0.39661771059036255,2.634589672088623,0.5736871957778931,0.733943521976471,0.7795757055282593,5.195596486373688e-07,0.6417812705039978,0.7450597286224365,-0.03541206941008568,0.5763680338859558,0.6524780988693237,-0.05150814354419708,0.5426402688026428,0.5637387633323669,-0.06476768106222153,0.4995710849761963,0.5068138241767883,-0.07786867767572403,0.6360506415367126,0.49899399280548096,-0.025979313999414444,0.620043158531189,0.38411349058151245,-0.05136429890990257,0.615409255027771,0.3133828938007355,-0.07368051260709763,0.6148586273193359,0.2472960650920868,-0.09100697934627533,0.6929482221603394,0.48111841082572937,-0.030614908784627914,0.6848686337471008,0.34996145963668823,-0.05107366293668747,0.6824414730072021,0.26680806279182434,-0.07187821716070175,0.6804640889167786,0.19104531407356262,-0.0884874016046524,0.7452487349510193,0.4934794306755066,-0.04070661962032318,0.7450160384178162,0.37296000123023987,-0.06528306007385254,0.7442570328712463,0.29909056425094604,-0.08100295811891556,0.7413114905357361,0.23027536273002625,-0.092710942029953,0.7961772084236145,0.5283900499343872,-0.05425111576914787,0.8092268705368042,0.4385477900505066,-0.07774733752012253,0.8170530200004578,0.37929606437683105,-0.08639337122440338,0.8213530778884888,0.320620059967041,-0.0924120768904686,-0.0012415051460266113,0.9461091756820679,5.149319690644916e-07,0.053943172097206116,0.9153980016708374,-0.05725085735321045,0.09637667238712311,0.8413153886795044,-0.07819564640522003,0.12235201895236969,0.7710130214691162,-0.08966387063264847,0.14650003612041473,0.7144395709037781,-0.0995757207274437,0.03696877136826515,0.7307209372520447,-0.05133148655295372,0.02401161566376686,0.6359326839447021,-0.0737549290060997,0.012944433838129044,0.5757238268852234,-0.09044702351093292,0.004496525973081589,0.5251859426498413,-0.10116315633058548,-0.002097947522997856,0.7330808639526367,-0.03264063224196434,-0.019077643752098083,0.6346278190612793,-0.05149850249290466,-0.028073035180568695,0.5775268077850342,-0.0639280155301094,-0.03522239625453949,0.5322484970092773,-0.07112767547369003,-0.033569805324077606,0.7512884736061096,-0.018947001546621323,-0.058465633541345596,0.6828467845916748,-0.04070436954498291,-0.06716805696487427,0.6740820407867432,-0.04660725221037865,-0.07047238945960999,0.6647889614105225,-0.046721555292606354,-0.05836014077067375,0.7777237892150879,-0.01023892406374216,-0.08315064013004303,0.7333279848098755,-0.028889020904898643,-0.08975441753864288,0.7401005029678345,-0.03098425827920437,-0.09083878993988037,0.7455981969833374,-0.02884342335164547,stop
0.40565699338912964,0.4339957535266876,-0.4735850393772125,0.43017855286598206,0.36878079175949097,-0.4622325301170349,0.44539040327072144,0.36501747369766235,-0.46194887161254883,0.459312379360199,0.3615497946739197,-0.46182483434677124,0.38459163904190063,0.3760238587856293,-0.4189048707485199,0.36985912919044495,0.37623462080955505,-0.4184233546257019,0.35748934745788574,0.3766017556190491,-0.4185166358947754,0.4817207455635071,0.3819241225719452,-0.23573830723762512,0.35131198167800903,0.3932219445705414,-0.060646843165159225,0.44046884775161743,0.48824837803840637,-0.3960419297218323,0.38542672991752625,0.4957241714000702,-0.3388625383377075,0.6480744481086731,0.6190863251686096,-0.12398935854434967,0.2526230216026306,0.6798819303512573,0.14037849009037018,0.8478468656539917,0.9247948527336121,-0.5593818426132202,0.11772074550390244,1.089282512664795,-0.25194260478019714,0.7282795310020447,0.7268581390380859,-0.9842185974121094,0.06482996791601181,0.9211596250534058,-1.11757493019104,0.737487256526947,0.6046019196510315,-1.059560775756836,0.02054530754685402,0.853434681892395,-1.2351168394088745,0.6746824383735657,0.5478627681732178,-0.9569591283798218,0.062484245747327805,0.7619553208351135,-1.1884806156158447,0.6381955742835999,0.5977910757064819,-0.9543578028678894,0.10550906509160995,0.7907559871673584,-1.1333962678909302,0.608592689037323,1.330024242401123,-0.1135706752538681,0.33424073457717896,1.3330273628234863,0.11881224066019058,0.5932719111442566,1.9208595752716064,-0.03465563803911209,0.32824161648750305,1.924906849861145,0.4987177848815918,0.6064562201499939,2.4501516819000244,0.5085588097572327,0.34958988428115845,2.457336187362671,1.0690776109695435,0.614212155342102,2.527790069580078,0.5405486822128296,0.3482744097709656,2.529454469680786,1.118774652481079,0.580955982208252,2.6077821254730225,0.027598310261964798,0.39572227001190186,2.632974863052368,0.5894031524658203,0.7344741821289062,0.7792558670043945,5.164982894712011e-07,0.6434991955757141,0.7460153102874756,-0.034176263958215714,0.5774344205856323,0.6544532775878906,-0.05005550757050514,0.5440090298652649,0.566550612449646,-0.06316056847572327,0.5015623569488525,0.5095985531806946,-0.07623983919620514,0.6357384324073792,0.5000225901603699,-0.0266033336520195,0.6197328567504883,0.3847598433494568,-0.05195237323641777,0.6152459979057312,0.3135756552219391,-0.07428496330976486,0.6146467328071594,0.24713313579559326,-0.091556116938591,0.6924254298210144,0.48237934708595276,-0.03163882717490196,0.6844139695167542,0.3510327637195587,-0.051711127161979675,0.681790828704834,0.2676844894886017,-0.07230394333600998,0.6794776916503906,0.1914522647857666,-0.08881939202547073,0.745186448097229,0.49474722146987915,-0.04180371016263962,0.7441009283065796,0.37326478958129883,-0.06567823141813278,0.7432833909988403,0.2990241050720215,-0.080687016248703,0.7403019070625305,0.2297995686531067,-0.09205222874879837,0.7971453070640564,0.5294464230537415,-0.05529133975505829,0.8094979524612427,0.43865159153938293,-0.07817213237285614,0.8171329498291016,0.379372775554657,-0.085964135825634,0.8214195966720581,0.32075777649879456,-0.09133996814489365,-0.004894884303212166,0.9484044313430786,5.41587269253796e-07,0.052863508462905884,0.919540524482727,-0.057574428617954254,0.09463340789079666,0.8435760736465454,-0.07834776490926743,0.1234561949968338,0.7719776034355164,-0.09060259908437729,0.14926402270793915,0.7139433026313782,-0.10111750662326813,0.036444373428821564,0.7364731431007385,-0.05219180881977081,0.023710956797003746,0.6389760971069336,-0.0788053572177887,0.014820083975791931,0.5772793292999268,-0.0965857207775116,0.006470855325460434,0.5245994329452515,-0.10699532181024551,-0.0011449586600065231,0.7399982810020447,-0.03442419692873955,-0.019352002069354057,0.6414556503295898,-0.06140832602977753,-0.02686590515077114,0.5877748727798462,-0.07425062358379364,-0.031162938103079796,0.5440554618835449,-0.0790964737534523,-0.03179065138101578,0.7602537274360657,-0.022000031545758247,-0.053305551409721375,0.7138921022415161,-0.05827624723315239,-0.04658748209476471,0.7607004642486572,-0.06263598054647446,-0.035791561007499695,0.7989391684532166,-0.05456314980983734,-0.05688697099685669,0.7869142889976501,-0.014045524410903454,-0.07774563878774643,0.7551734447479248,-0.044022805988788605,-0.07239137589931488,0.7930240035057068,-0.04613526165485382,-0.06193586438894272,0.8266661167144775,-0.0396508164703846,stop
0.40649405121803284,0.43185651302337646,-0.4817756712436676,0.43100476264953613,0.3667062222957611,-0.46812161803245544,0.44596558809280396,0.3631959855556488,-0.46781355142593384,0.45964327454566956,0.3601202368736267,-0.46760472655296326,0.38533490896224976,0.37407082319259644,-0.4275382459163666,0.3705001473426819,0.37466180324554443,-0.42706388235092163,0.35781413316726685,0.3753950893878937,-0.4271557927131653,0.4819719195365906,0.3816658854484558,-0.25625544786453247,0.3515581488609314,0.39252498745918274,-0.07719258219003677,0.44216370582580566,0.48709946870803833,-0.40257686376571655,0.3867587745189667,0.49427375197410583,-0.34705445170402527,0.6484335660934448,0.6192135214805603,-0.12910422682762146,0.25288641452789307,0.6800107955932617,0.11124209314584732,0.8489229083061218,0.9240024089813232,-0.5588275194168091,0.11713490635156631,1.0887033939361572,-0.24605436623096466,0.7331255078315735,0.731342613697052,-0.9909356236457825,0.06666284054517746,0.9250260591506958,-1.0341154336929321,0.7357041835784912,0.6051322221755981,-1.0662970542907715,0.020802628248929977,0.8540605902671814,-1.145546317100525,0.6757396459579468,0.549262285232544,-0.9575492143630981,0.06246977299451828,0.7622331380844116,-1.1072231531143188,0.6347983479499817,0.6012228727340698,-0.9589987993240356,0.1057533249258995,0.7913160920143127,-1.0511047840118408,0.6090859174728394,1.3278230428695679,-0.10916139930486679,0.3356766104698181,1.3316341638565063,0.11436015367507935,0.5962237119674683,1.918515682220459,-0.038158249109983444,0.34008046984672546,1.9239288568496704,0.42363089323043823,0.6073589324951172,2.450596570968628,0.4964291453361511,0.35722601413726807,2.4613118171691895,1.0045385360717773,0.6143489480018616,2.526681661605835,0.5261318683624268,0.3558286130428314,2.5336146354675293,1.0575542449951172,0.5829505324363708,2.6097841262817383,0.026027824729681015,0.3996637463569641,2.6367380619049072,0.5550475120544434,0.7335531711578369,0.7897293567657471,5.043390842729423e-07,0.6404576897621155,0.7559365034103394,-0.035303547978401184,0.5750707387924194,0.6640393733978271,-0.05151919275522232,0.5410523414611816,0.5768057703971863,-0.06497237086296082,0.49832457304000854,0.5194921493530273,-0.07836780697107315,0.6347094178199768,0.5117196440696716,-0.026862505823373795,0.618489146232605,0.3964154124259949,-0.05242110416293144,0.6121351718902588,0.3254341185092926,-0.07459352910518646,0.6095964908599854,0.25958898663520813,-0.09184656292200089,0.691522479057312,0.4943167269229889,-0.031720712780952454,0.6831101775169373,0.3628464341163635,-0.05288705974817276,0.6794980764389038,0.27959370613098145,-0.07404229789972305,0.6762992143630981,0.20383387804031372,-0.09078267961740494,0.7438536286354065,0.5068089365959167,-0.04190995544195175,0.7435351014137268,0.3854691982269287,-0.06732151657342911,0.7426515817642212,0.3110635578632355,-0.0835353434085846,0.7391233444213867,0.24231630563735962,-0.09544380754232407,0.7948659658432007,0.5414595007896423,-0.05541224405169487,0.8078091144561768,0.45083141326904297,-0.07969505339860916,0.8154509663581848,0.39194631576538086,-0.0886630117893219,0.8192142844200134,0.3341822028160095,-0.09480950981378555,-0.004906881600618362,0.9446945190429688,4.3615341382974293e-07,0.053391993045806885,0.9140392541885376,-0.04654160514473915,0.0973053127527237,0.8380877375602722,-0.06411565095186234,0.12341389805078506,0.7687410116195679,-0.07433588802814484,0.14791926741600037,0.7182142734527588,-0.08304049074649811,0.037307050079107285,0.7287379503250122,-0.039310164749622345,0.025439096614718437,0.6330590844154358,-0.05898481607437134,0.014992129988968372,0.5737454891204834,-0.07492019981145859,0.006614822894334793,0.5255516767501831,-0.08553629368543625,0.00011591613292694092,0.7304949760437012,-0.025754548609256744,-0.013135839253664017,0.6348202228546143,-0.04206688702106476,-0.020392563194036484,0.5732407569885254,-0.055697064846754074,-0.026128314435482025,0.5260341167449951,-0.06436600536108017,-0.029932018369436264,0.7453069686889648,-0.01650736853480339,-0.04663825035095215,0.6642921566963196,-0.03193432092666626,-0.0552571564912796,0.6130913496017456,-0.040508151054382324,-0.06055367738008499,0.5720138549804688,-0.04515526443719864,-0.05407889932394028,0.7711576223373413,-0.01163580920547247,-0.07048088312149048,0.7110785841941833,-0.024281470105051994,-0.07911136746406555,0.6786527037620544,-0.027923060581088066,-0.08447461575269699,0.65175461769104,-0.02880977839231491,stop
0.406732976436615,0.4309301972389221,-0.4376820921897888,0.4316168427467346,0.36576032638549805,-0.4191192090511322,0.4463439881801605,0.362305611371994,-0.41884908080101013,0.4597911834716797,0.3593825399875641,-0.41870251297950745,0.38589179515838623,0.37336382269859314,-0.3873112201690674,0.37099844217300415,0.3740842640399933,-0.38682395219802856,0.3580222725868225,0.37490734457969666,-0.38696110248565674,0.48221245408058167,0.381487101316452,-0.22480881214141846,0.3517530560493469,0.39194828271865845,-0.0736626386642456,0.442359983921051,0.48615774512290955,-0.36079761385917664,0.3868695795536041,0.4932385981082916,-0.3184225261211395,0.6425012350082397,0.6186676621437073,-0.09448204189538956,0.25340235233306885,0.6801121830940247,0.10911264270544052,0.84684818983078,0.922642707824707,-0.5051727890968323,0.11666381359100342,1.0867233276367188,-0.24673263728618622,0.7370983362197876,0.7378501296043396,-0.9424089193344116,0.071027472615242,0.924071729183197,-1.0244667530059814,0.743448793888092,0.6056215763092041,-1.0204675197601318,0.01518230326473713,0.8533804416656494,-1.1333941221237183,0.6750181317329407,0.5517923831939697,-0.9262136220932007,0.06257756054401398,0.7652532458305359,-1.0966123342514038,0.6351636648178101,0.6048057079315186,-0.9170926809310913,0.10595877468585968,0.7929534912109375,-1.0414174795150757,0.6090260148048401,1.3196966648101807,-0.10472990572452545,0.33548474311828613,1.3232157230377197,0.11007140576839447,0.5961489677429199,1.9109348058700562,-0.10176863521337509,0.3393908441066742,1.9176347255706787,0.33800408244132996,0.6065964698791504,2.4474568367004395,0.3781698942184448,0.35710519552230835,2.4576776027679443,0.7835520505905151,0.6126222610473633,2.5243589878082275,0.40306711196899414,0.35527998208999634,2.5303189754486084,0.8177546262741089,0.5826429724693298,2.6041553020477295,-0.07657616585493088,0.3993391990661621,2.6309773921966553,0.29221928119659424,0.7355393767356873,0.7965024709701538,5.176376021154283e-07,0.6440508365631104,0.7658663392066956,-0.03631133958697319,0.5779511332511902,0.6771175265312195,-0.053183745592832565,0.5427103042602539,0.5911290049552917,-0.06714395433664322,0.4994189143180847,0.531959056854248,-0.08083463460206985,0.6351938843727112,0.5193000435829163,-0.026986002922058105,0.6169366240501404,0.4041140079498291,-0.052585236728191376,0.6104455590248108,0.333112508058548,-0.07478789985179901,0.6084533929824829,0.2673652172088623,-0.09204061329364777,0.6920385360717773,0.5008354187011719,-0.03145511448383331,0.6817412972450256,0.37028998136520386,-0.05253930389881134,0.6777092814445496,0.2865738272666931,-0.07397789508104324,0.6747371554374695,0.21073287725448608,-0.09099774807691574,0.7450650930404663,0.5123721957206726,-0.04141608998179436,0.7427186965942383,0.3929096460342407,-0.0667678639292717,0.7411608695983887,0.31924188137054443,-0.08326735347509384,0.7378837466239929,0.2505129277706146,-0.09552314132452011,0.7968659400939941,0.5462052226066589,-0.05481285601854324,0.8081851005554199,0.4580037593841553,-0.079164057970047,0.8156319260597229,0.4003409147262573,-0.08838048577308655,0.819947361946106,0.34293317794799805,-0.09477275609970093,-0.006420653313398361,0.9486271142959595,4.951875780534465e-07,0.054575998336076736,0.9206766486167908,-0.053276028484106064,0.09788696467876434,0.8446234464645386,-0.0725405141711235,0.12504780292510986,0.7728431820869446,-0.08469044417142868,0.1513376086950302,0.7168340086936951,-0.0948253870010376,0.03946719318628311,0.7386139035224915,-0.047795236110687256,0.02395302802324295,0.639306366443634,-0.07455531507730484,0.014506006613373756,0.5781721472740173,-0.09064538031816483,0.007680773735046387,0.5262303948402405,-0.09924764931201935,0.0014953725039958954,0.7419024109840393,-0.03330560401082039,-0.021426912397146225,0.6411775350570679,-0.06263890862464905,-0.02991810068488121,0.5828275680541992,-0.07659314572811127,-0.03356132656335831,0.5342578291893005,-0.08129389584064484,-0.028856519609689713,0.7621236443519592,-0.023844648152589798,-0.04909607023000717,0.7225621342658997,-0.06352979689836502,-0.03809209167957306,0.7747416496276855,-0.06810405850410461,-0.024663373827934265,0.8147493600845337,-0.05857882648706436,-0.05291636288166046,0.7891576290130615,-0.018386365845799446,-0.07126274704933167,0.7605798244476318,-0.04836996644735336,-0.06347077339887619,0.8029219508171082,-0.04879976809024811,-0.05227956920862198,0.8388485908508301,-0.04058443754911423,stop
0.4068123698234558,0.4295092821121216,-0.44839420914649963,0.4317348897457123,0.36420825123786926,-0.4305487275123596,0.4464240074157715,0.36107608675956726,-0.43025678396224976,0.45982369780540466,0.35849255323410034,-0.4300754964351654,0.38594871759414673,0.37122032046318054,-0.3961159586906433,0.37106215953826904,0.3719179034233093,-0.3956412971019745,0.3581460118293762,0.372763991355896,-0.39575356245040894,0.4823969006538391,0.38125813007354736,-0.23868095874786377,0.352022260427475,0.3903103768825531,-0.07571158558130264,0.4424593448638916,0.4849412739276886,-0.3714433014392853,0.3870396614074707,0.4917033314704895,-0.32586222887039185,0.6412737369537354,0.6187371611595154,-0.10419468581676483,0.25406235456466675,0.6800953149795532,0.10406967252492905,0.8456060290336609,0.9226391315460205,-0.5130159258842468,0.11686819791793823,1.087809443473816,-0.2251107394695282,0.7414253950119019,0.7463372349739075,-0.9544199705123901,0.0742214173078537,0.9233219623565674,-0.9592981338500977,0.7504294514656067,0.620762825012207,-1.0336384773254395,0.019421828910708427,0.8548343777656555,-1.0634772777557373,0.6739616394042969,0.565394937992096,-0.9397889971733093,0.06286577880382538,0.7643063068389893,-1.0264891386032104,0.6369878649711609,0.6120275855064392,-0.9294487237930298,0.10664260387420654,0.7926379442214966,-0.9755727648735046,0.6090651750564575,1.3166166543960571,-0.1055745854973793,0.3354010283946991,1.320695400238037,0.11092843115329742,0.5966430902481079,1.9087063074111938,-0.12103301286697388,0.34099528193473816,1.9152766466140747,0.3278506398200989,0.6069775223731995,2.446493625640869,0.36225947737693787,0.3577954173088074,2.4567031860351562,0.7668290138244629,0.6128905415534973,2.522977352142334,0.38723787665367126,0.35568127036094666,2.5293898582458496,0.800376296043396,0.583803117275238,2.603177070617676,-0.09328488260507584,0.3995855450630188,2.6291985511779785,0.2668156027793884,0.7360641360282898,0.7983020544052124,5.337093398338766e-07,0.6449453830718994,0.7660696506500244,-0.03659604489803314,0.579617440700531,0.6783460974693298,-0.054394397884607315,0.5441515445709229,0.5928826332092285,-0.06921236962080002,0.5008963346481323,0.5333707332611084,-0.0837036594748497,0.6352736353874207,0.5202317833900452,-0.028187496587634087,0.6176886558532715,0.40523260831832886,-0.05444927513599396,0.6111996173858643,0.33419889211654663,-0.07743450999259949,0.6087385416030884,0.26733607053756714,-0.09523139148950577,0.6919397711753845,0.5020225048065186,-0.03269871696829796,0.6821434497833252,0.3716791272163391,-0.05387651175260544,0.6782192587852478,0.28844523429870605,-0.07544643431901932,0.6748294830322266,0.21132084727287292,-0.09264998137950897,0.7450844049453735,0.5139246582984924,-0.042588602751493454,0.7428962588310242,0.39386335015296936,-0.06770418584346771,0.7416677474975586,0.3199157118797302,-0.0835384875535965,0.7381323575973511,0.2500762641429901,-0.09539983421564102,0.7972894906997681,0.548255443572998,-0.055967915803194046,0.8083721399307251,0.4584076404571533,-0.07989784330129623,0.8155591487884521,0.4001041650772095,-0.08827053010463715,0.8193400502204895,0.3418304920196533,-0.09399546682834625,-0.005828134715557098,0.9460390210151672,4.882539315076428e-07,0.053879983723163605,0.9206341505050659,-0.0549650564789772,0.09734869003295898,0.8458067774772644,-0.07428979873657227,0.12380649149417877,0.7736130952835083,-0.08609172701835632,0.14933520555496216,0.7173421382904053,-0.09578333050012589,0.04029402881860733,0.7368789315223694,-0.04601198807358742,0.024120481684803963,0.637820839881897,-0.07116515189409256,0.014080926775932312,0.5767918229103088,-0.08685528486967087,0.006782056763768196,0.5254894495010376,-0.09520234912633896,0.002125456929206848,0.7401082515716553,-0.02994511090219021,-0.020091164857149124,0.6416150331497192,-0.05804869532585144,-0.0297543928027153,0.5850879549980164,-0.07252015918493271,-0.03509196639060974,0.5385384559631348,-0.07747207581996918,-0.028673268854618073,0.7594093680381775,-0.019024835899472237,-0.04945877566933632,0.7192370891571045,-0.05719920992851257,-0.04175548627972603,0.7706800103187561,-0.06224547699093819,-0.030844755470752716,0.8102015256881714,-0.05323903262615204,-0.05338267609477043,0.7849228382110596,-0.012236892245709896,-0.07301776111125946,0.7556074857711792,-0.04076933488249779,-0.06654404103755951,0.7977049946784973,-0.0409121960401535,-0.056247811764478683,0.8341303467750549,-0.03256838023662567,stop
0.4070080816745758,0.427031010389328,-0.5157520771026611,0.4324257969856262,0.3626146614551544,-0.4899980425834656,0.44703975319862366,0.3599509596824646,-0.48963087797164917,0.4601784348487854,0.3578426241874695,-0.489399254322052,0.3861989378929138,0.3682442605495453,-0.45844894647598267,0.37122201919555664,0.3685562312602997,-0.45796674489974976,0.3582499623298645,0.36913344264030457,-0.4579547047615051,0.4825029969215393,0.38104093074798584,-0.271432101726532,0.3521658480167389,0.38736483454704285,-0.11700601875782013,0.44254177808761597,0.4837389588356018,-0.4301559031009674,0.38714465498924255,0.4893253445625305,-0.38664841651916504,0.6405895352363586,0.6206280589103699,-0.11907138675451279,0.25385260581970215,0.6800933480262756,0.07643596827983856,0.8476902842521667,0.9264699816703796,-0.5226119756698608,0.11679671704769135,1.1019359827041626,-0.2255723476409912,0.7455493211746216,0.7507643103599548,-1.0206575393676758,0.07403351366519928,0.9259872436523438,-0.9927517175674438,0.7560447454452515,0.6248446106910706,-1.114242434501648,0.01946851797401905,0.8577615022659302,-1.104285717010498,0.6734503507614136,0.5686215162277222,-1.0112040042877197,0.0655413344502449,0.7636921405792236,-1.0719599723815918,0.6388810873031616,0.617236316204071,-0.9946309328079224,0.10854321718215942,0.792309045791626,-1.0117994546890259,0.6085410118103027,1.3176004886627197,-0.10952132940292358,0.33321988582611084,1.321709156036377,0.11505243927240372,0.5969961285591125,1.9103376865386963,-0.06575200706720352,0.3405486047267914,1.916251540184021,0.43197932839393616,0.607795000076294,2.448519468307495,0.5276401042938232,0.3574742078781128,2.4579050540924072,1.0381931066513062,0.6135155558586121,2.524761915206909,0.5630261301994324,0.355339914560318,2.5341556072235107,1.089712381362915,0.5864152312278748,2.6053011417388916,0.05533670634031296,0.3997036814689636,2.6298727989196777,0.539275050163269,0.7407359480857849,0.8014345169067383,5.338732194104523e-07,0.6489127278327942,0.7710655331611633,-0.03730590268969536,0.5829452872276306,0.684179961681366,-0.05553366616368294,0.5465730428695679,0.5979310870170593,-0.07081207633018494,0.5023735165596008,0.538907527923584,-0.08585721999406815,0.6371429562568665,0.5277689099311829,-0.029338780790567398,0.6188070178031921,0.4117255210876465,-0.05644401162862778,0.6115646958351135,0.34045112133026123,-0.07971511781215668,0.6084365844726562,0.2729880213737488,-0.09773445129394531,0.6937991380691528,0.508633553981781,-0.03391814976930618,0.6832168102264404,0.37733006477355957,-0.056501928716897964,0.6787051558494568,0.29294553399086,-0.07883843779563904,0.6750748753547668,0.21433967351913452,-0.09647193551063538,0.7472640872001648,0.5192936658859253,-0.04394862428307533,0.743995726108551,0.3997272551059723,-0.07035671919584274,0.7417851090431213,0.32514357566833496,-0.08697711676359177,0.7378716468811035,0.2542899250984192,-0.0992506742477417,0.8002058863639832,0.5516980886459351,-0.05748600512742996,0.8101511001586914,0.46307873725891113,-0.08226969838142395,0.8164095878601074,0.40480172634124756,-0.09132195264101028,0.8196195960044861,0.3461396098136902,-0.09757860749959946,-0.0033075548708438873,0.9446091651916504,4.249511960097152e-07,0.056606121361255646,0.9174590706825256,-0.05761639028787613,0.0997888520359993,0.8439066410064697,-0.07669641077518463,0.125308558344841,0.7736324667930603,-0.08666135370731354,0.15157727897167206,0.7176737189292908,-0.09450628608465195,0.03794430196285248,0.7346932888031006,-0.04768035188317299,0.02240602672100067,0.6332033276557922,-0.06861694157123566,0.012650730088353157,0.5719646215438843,-0.08257024735212326,0.004973338916897774,0.5207592844963074,-0.09053169935941696,0.000581858679652214,0.7405200004577637,-0.02710377424955368,-0.027422944083809853,0.64759761095047,-0.04893213510513306,-0.03874317556619644,0.6000638604164124,-0.0607745461165905,-0.046575695276260376,0.5602986812591553,-0.06510209292173386,-0.027718892320990562,0.7603464722633362,-0.011601964943110943,-0.04934339225292206,0.7224704623222351,-0.041252266615629196,-0.042551957070827484,0.7674174308776855,-0.04569930210709572,-0.03375524282455444,0.7985849976539612,-0.03889397904276848,-0.04905977100133896,0.7837464213371277,-0.0006676548509858549,-0.06921763718128204,0.7550555467605591,-0.02264442667365074,-0.06572400778532028,0.7911508679389954,-0.022936489433050156,-0.05870203673839569,0.8213078379631042,-0.016374005004763603,stop
0.4070884585380554,0.42269784212112427,-0.49995413422584534,0.4326353669166565,0.35999158024787903,-0.47769078612327576,0.4472183585166931,0.3579850494861603,-0.47742778062820435,0.4602591395378113,0.35646238923072815,-0.4771804213523865,0.38629475235939026,0.36416658759117126,-0.44238972663879395,0.3713950514793396,0.364143043756485,-0.4417857527732849,0.3584672212600708,0.36438804864883423,-0.4417967200279236,0.48264044523239136,0.38060566782951355,-0.27195173501968384,0.35226505994796753,0.38447001576423645,-0.11020155996084213,0.44258683919906616,0.48055407404899597,-0.4241538643836975,0.3868909776210785,0.4842185974121094,-0.37747031450271606,0.6398059129714966,0.6236587762832642,-0.1338711380958557,0.25589147210121155,0.6784571409225464,0.07989383488893509,0.8480827212333679,0.9268774390220642,-0.5530672669410706,0.12605564296245575,1.099875569343567,-0.1364181935787201,0.7446818351745605,0.7554860711097717,-1.0187432765960693,0.07826103270053864,0.9246994256973267,-0.7502518892288208,0.756299614906311,0.6260806322097778,-1.1082098484039307,0.023337356746196747,0.8565751910209656,-0.834496021270752,0.6729068756103516,0.5748241543769836,-1.0062220096588135,0.06792260706424713,0.7634330987930298,-0.794981062412262,0.6395298838615417,0.6262361407279968,-0.9920841455459595,0.11134884506464005,0.7917359471321106,-0.763954222202301,0.607638955116272,1.3183538913726807,-0.12225683778524399,0.33317893743515015,1.3222754001617432,0.12801305949687958,0.5962273478507996,1.9111266136169434,-0.22246217727661133,0.34113553166389465,1.9173070192337036,0.4146769046783447,0.6074004769325256,2.4494097232818604,0.21417298913002014,0.3573141396045685,2.45906925201416,0.8748136758804321,0.6133815050125122,2.524313449859619,0.23254117369651794,0.3550793528556824,2.5352025032043457,0.9087122082710266,0.584506630897522,2.607062578201294,-0.29351335763931274,0.3995605707168579,2.6319172382354736,0.36763423681259155,0.7431968450546265,0.8076354265213013,5.344535338736023e-07,0.6509227156639099,0.7780272364616394,-0.03609203174710274,0.5853195786476135,0.6895070672035217,-0.05359698832035065,0.5491734147071838,0.603579044342041,-0.06836836040019989,0.5043079853057861,0.546227753162384,-0.08314023911952972,0.6383179426193237,0.5356355309486389,-0.029265880584716797,0.6191072463989258,0.4195086359977722,-0.05652680993080139,0.6112274527549744,0.34792274236679077,-0.07964477688074112,0.6077606081962585,0.2808402180671692,-0.09738583862781525,0.6950351595878601,0.5159792900085449,-0.034517813473939896,0.683030366897583,0.383711576461792,-0.05717528238892555,0.6775185465812683,0.2985670566558838,-0.07952304184436798,0.6731939911842346,0.22035101056098938,-0.09702835232019424,0.7486391663551331,0.5265585780143738,-0.045050542801618576,0.7445725202560425,0.405090868473053,-0.07185132801532745,0.7417582869529724,0.33035391569137573,-0.08888664096593857,0.7373116612434387,0.2602076232433319,-0.10129713267087936,0.8013187646865845,0.5596877932548523,-0.05885990336537361,0.812055766582489,0.47000083327293396,-0.0843425765633583,0.8186729550361633,0.4119882583618164,-0.09368205815553665,0.8217654228210449,0.3545129895210266,-0.09998221695423126,-0.0071499161422252655,0.9484838247299194,5.13068755481072e-07,0.05281716585159302,0.9210584163665771,-0.05275452136993408,0.09763382375240326,0.8457462787628174,-0.07062561064958572,0.12506985664367676,0.773308277130127,-0.08043133467435837,0.15133732557296753,0.7165490984916687,-0.08809291571378708,0.03827468305826187,0.7332664132118225,-0.04368484765291214,0.025866728276014328,0.6366090774536133,-0.06412766873836517,0.016589799895882607,0.5764040946960449,-0.07783803343772888,0.009628912433981895,0.5266345739364624,-0.08605499565601349,-0.0005826912820339203,0.7360484004020691,-0.027493592351675034,-0.017618119716644287,0.6361486911773682,-0.046760860830545425,-0.024046484380960464,0.5774314403533936,-0.05809559300541878,-0.0275246724486351,0.5298112034797668,-0.06350430846214294,-0.03176260367035866,0.7553826570510864,-0.016287056729197502,-0.053203437477350235,0.6959848999977112,-0.04193275049328804,-0.05400689318776131,0.708442211151123,-0.04763869568705559,-0.050562646239995956,0.716532826423645,-0.0446736104786396,-0.05582834407687187,0.7830687761306763,-0.009475784376263618,-0.07630178332328796,0.7427366971969604,-0.02964804507791996,-0.0785883218050003,0.7604551315307617,-0.031024497002363205,-0.07634119689464569,0.7756776213645935,-0.026933813467621803,stop
0.40715542435646057,0.4203222095966339,-0.4807050824165344,0.43279942870140076,0.35863611102104187,-0.46015024185180664,0.44737228751182556,0.3569486439228058,-0.459923654794693,0.4603460431098938,0.3557276129722595,-0.4596822261810303,0.38639017939567566,0.3622182607650757,-0.42164450883865356,0.3715634346008301,0.36209434270858765,-0.4209887385368347,0.3586716055870056,0.3622342646121979,-0.4209994673728943,0.48274603486061096,0.3802696466445923,-0.2661893665790558,0.3523671329021454,0.38288745284080505,-0.0845475047826767,0.4426279067993164,0.47866007685661316,-0.40857839584350586,0.3867952525615692,0.48131605982780457,-0.3573054075241089,0.639850378036499,0.6259052753448486,-0.13460052013397217,0.25786757469177246,0.677476167678833,0.09456730633974075,0.8496333360671997,0.9274149537086487,-0.5528870820999146,0.1312289535999298,1.1011395454406738,-0.10812356323003769,0.7442465424537659,0.7601059675216675,-0.9843094944953918,0.08116261661052704,0.9229649305343628,-0.7226483821868896,0.7563565969467163,0.6351767778396606,-1.0633066892623901,0.026751387864351273,0.8560123443603516,-0.806976318359375,0.6725557446479797,0.5804793238639832,-0.9631109237670898,0.06943784654140472,0.762974739074707,-0.7669392824172974,0.640082836151123,0.6322107911109924,-0.9571015238761902,0.11320924758911133,0.7916223406791687,-0.7363799214363098,0.6074658632278442,1.3188587427139282,-0.12679995596408844,0.33312585949897766,1.3226091861724854,0.13260480761528015,0.5960915684700012,1.9120463132858276,-0.22994868457317352,0.3424813747406006,1.9176833629608154,0.3965078294277191,0.6072892546653748,2.450369358062744,0.2026561200618744,0.3577169179916382,2.4597244262695312,0.826245903968811,0.6133266687393188,2.52476167678833,0.22084388136863708,0.35517528653144836,2.535390615463257,0.8590142130851746,0.5830117464065552,2.6083548069000244,-0.30413299798965454,0.3993283808231354,2.6330885887145996,0.3178657591342926,0.7444509863853455,0.8080136775970459,5.470361088555364e-07,0.6521404981613159,0.7773430943489075,-0.034740522503852844,0.5856553912162781,0.6889849901199341,-0.05168335512280464,0.548822283744812,0.604208767414093,-0.06599443405866623,0.5042471885681152,0.5478610992431641,-0.0803104117512703,0.6370947957038879,0.5351170301437378,-0.028573397547006607,0.6185394525527954,0.4192744493484497,-0.05524122342467308,0.6112545132637024,0.34737181663513184,-0.07799916714429855,0.6082032918930054,0.27980121970176697,-0.09553907811641693,0.6943114399909973,0.5153973698616028,-0.03416132926940918,0.6824308037757874,0.38379475474357605,-0.05629948899149895,0.6776213049888611,0.2982873320579529,-0.07843457162380219,0.6734395623207092,0.21878203749656677,-0.09586150199174881,0.7483551502227783,0.5260800719261169,-0.04479248449206352,0.744346559047699,0.4055948853492737,-0.07115380465984344,0.7419562339782715,0.3304867148399353,-0.08803240954875946,0.737046480178833,0.2595481872558594,-0.10035412758588791,0.8014260530471802,0.559128999710083,-0.0585368387401104,0.8111749291419983,0.4686294198036194,-0.08371752500534058,0.8170717358589172,0.4097251892089844,-0.09282902628183365,0.8192501664161682,0.35099971294403076,-0.09892500191926956,-0.004294238984584808,0.9449853897094727,4.709306153927173e-07,0.055351875722408295,0.9154313206672668,-0.0509294718503952,0.0998038649559021,0.8409263491630554,-0.06939340382814407,0.12529356777668,0.7708653211593628,-0.07968199998140335,0.1509174257516861,0.718120813369751,-0.08833511918783188,0.0377175472676754,0.7267454266548157,-0.04246501624584198,0.02662087231874466,0.633582592010498,-0.06228611245751381,0.016759073361754417,0.5748801231384277,-0.07814935594797134,0.009845267981290817,0.5263198614120483,-0.08890686184167862,-0.002696281298995018,0.727592408657074,-0.026706520467996597,-0.01920286752283573,0.6303394436836243,-0.04314228519797325,-0.025847917422652245,0.5723018050193787,-0.05600378289818764,-0.02909952960908413,0.5281878709793091,-0.06402066349983215,-0.03501037508249283,0.7435472011566162,-0.015630600973963737,-0.05599057674407959,0.6645406484603882,-0.033083222806453705,-0.065137580037117,0.6264819502830505,-0.04087063670158386,-0.06840459257364273,0.5950174331665039,-0.04410362243652344,-0.059892766177654266,0.7706074714660645,-0.00915133859962225,-0.08273579925298691,0.7158288955688477,-0.02451610192656517,-0.09417993575334549,0.6981534957885742,-0.02808399498462677,-0.09980208426713943,0.6825302243232727,-0.028093915432691574,stop
0.40830016136169434,0.41962775588035583,-0.3865414261817932,0.43471401929855347,0.35819733142852783,-0.36996132135391235,0.44895321130752563,0.35655567049980164,-0.36961326003074646,0.4613036513328552,0.3554386496543884,-0.36932238936424255,0.38809269666671753,0.3619314134120941,-0.3293322026729584,0.3731462359428406,0.3619392216205597,-0.3287654519081116,0.3598874807357788,0.3621954321861267,-0.32877445220947266,0.48300105333328247,0.3800078332424164,-0.20018959045410156,0.35336121916770935,0.3825969398021698,-0.012876732274889946,0.4428469240665436,0.4779367744922638,-0.3205917477607727,0.3869037628173828,0.48102065920829773,-0.26771730184555054,0.6386570930480957,0.6266147494316101,-0.07988913357257843,0.2599080801010132,0.6754506230354309,0.13260187208652496,0.8368914723396301,0.9332200884819031,-0.45057687163352966,0.14138635993003845,1.0164939165115356,-0.1454218626022339,0.7436235547065735,0.774181067943573,-0.8538697957992554,0.08317858725786209,0.9227461218833923,-0.7431048154830933,0.7570856213569641,0.6492840051651001,-0.9247843623161316,0.03720320016145706,0.8555737733840942,-0.8780282735824585,0.6891714334487915,0.5901175737380981,-0.8479917645454407,0.07850153744220734,0.7631322741508484,-0.841382622718811,0.6699240207672119,0.6386147141456604,-0.8354528546333313,0.11443577706813812,0.7918652296066284,-0.7809208035469055,0.606120228767395,1.319303035736084,-0.10943955183029175,0.3329727351665497,1.3222354650497437,0.11530017852783203,0.5918093919754028,1.9121397733688354,-0.19798889756202698,0.34079328179359436,1.9168645143508911,0.25712981820106506,0.5965535044670105,2.4491448402404785,0.23384006321430206,0.35156089067459106,2.458463430404663,0.6061472296714783,0.602619469165802,2.522024393081665,0.25086313486099243,0.34843340516090393,2.5312047004699707,0.6298350095748901,0.5701833963394165,2.6062707901000977,-0.2586195468902588,0.3873694837093353,2.63107967376709,0.09086896479129791,0.74094158411026,0.8198229670524597,4.925742018713208e-07,0.6495693325996399,0.7882036566734314,-0.03438679873943329,0.5850755572319031,0.6997143030166626,-0.05163941532373428,0.5490131378173828,0.6155834197998047,-0.06643632054328918,0.505164384841919,0.5592581629753113,-0.08132300525903702,0.6371946930885315,0.5497745871543884,-0.028341026976704597,0.6188064813613892,0.4350433945655823,-0.05544959381222725,0.6092921495437622,0.3640603721141815,-0.07850951701402664,0.6039806604385376,0.29849228262901306,-0.09609371423721313,0.6931901574134827,0.5306252241134644,-0.034381501376628876,0.6809495091438293,0.39919665455818176,-0.056887902319431305,0.6740618348121643,0.3161262273788452,-0.07879070192575455,0.6678348183631897,0.2398761808872223,-0.09582951664924622,0.7463569045066833,0.5410445332527161,-0.04547160118818283,0.7416473627090454,0.4187346398830414,-0.07177969068288803,0.738519012928009,0.34324342012405396,-0.08804953843355179,0.7326430082321167,0.27349093556404114,-0.09990938752889633,0.7990594506263733,0.574219822883606,-0.059704504907131195,0.8082289695739746,0.4820522964000702,-0.08413909375667572,0.8133666515350342,0.42377108335494995,-0.09225673973560333,0.8139404058456421,0.3673252761363983,-0.09772287309169769,-0.00801289826631546,0.9459136724472046,4.78045137697336e-07,0.05249343812465668,0.9231423139572144,-0.056933704763650894,0.10013759136199951,0.8500986695289612,-0.07904063910245895,0.12584838271141052,0.7786320447921753,-0.09115821123123169,0.1531306356191635,0.7252588868141174,-0.10142277926206589,0.041506893932819366,0.7314469218254089,-0.05159448832273483,0.03419500216841698,0.6376397609710693,-0.07405015826225281,0.026009032502770424,0.5766922235488892,-0.09267935156822205,0.01995900645852089,0.5251572132110596,-0.10546517372131348,0.002304883673787117,0.7248480916023254,-0.032624904066324234,-0.00918499380350113,0.6265935897827148,-0.05152161791920662,-0.014083098620176315,0.5636560916900635,-0.06644829362630844,-0.017839200794696808,0.5123291015625,-0.07605824619531631,-0.030821606516838074,0.7343002557754517,-0.018375393003225327,-0.04555075988173485,0.6474631428718567,-0.03598882630467415,-0.05081953480839729,0.5939109921455383,-0.04476018622517586,-0.05244747921824455,0.5483457446098328,-0.0490155853331089,-0.05834610387682915,0.7552877068519592,-0.009263156913220882,-0.07483577728271484,0.6861757636070251,-0.023323651403188705,-0.08296060562133789,0.6481634378433228,-0.02757111005485058,-0.0858088880777359,0.613437294960022,-0.028725918382406235,stop
0.41478410363197327,0.418622225522995,-0.3783402144908905,0.44298428297042847,0.35819241404533386,-0.3595077097415924,0.45607486367225647,0.3566144108772278,-0.35940438508987427,0.46766024827957153,0.3556910753250122,-0.3592472970485687,0.39681026339530945,0.36175301671028137,-0.32908982038497925,0.3802858889102936,0.36182335019111633,-0.3285737633705139,0.3661600351333618,0.3620712161064148,-0.3287448287010193,0.4886384904384613,0.38010770082473755,-0.16902489960193634,0.3560582399368286,0.38226211071014404,-0.025714179500937462,0.44656902551651,0.4779494106769562,-0.30280596017837524,0.38992971181869507,0.48083221912384033,-0.2639274001121521,0.6233381628990173,0.6275234222412109,-0.055868782103061676,0.2621559500694275,0.6673837900161743,0.1321951299905777,0.8161835670471191,1.0088796615600586,-0.47409915924072266,0.16354873776435852,0.9724408388137817,-0.17240867018699646,0.743391215801239,0.7943193316459656,-0.873129665851593,0.08565382659435272,0.9254692196846008,-0.8068587183952332,0.756083071231842,0.6763656735420227,-0.9359489679336548,0.04473462700843811,0.858721911907196,-0.9577228426933289,0.6978383660316467,0.6253507733345032,-0.9078391194343567,0.08038203418254852,0.7709882259368896,-0.9131826162338257,0.6792519092559814,0.6679421663284302,-0.8780114054679871,0.11858075857162476,0.8029386401176453,-0.8458589315414429,0.5986266136169434,1.3141539096832275,-0.09900761395692825,0.3293663263320923,1.3144625425338745,0.10420652478933334,0.5846198797225952,1.8999159336090088,-0.18477465212345123,0.34033650159835815,1.9055472612380981,0.2690950036048889,0.5914642214775085,2.431281805038452,0.2297634333372116,0.3504745364189148,2.43937611579895,0.6467441916465759,0.597023606300354,2.5036120414733887,0.24589066207408905,0.3469395339488983,2.5085079669952393,0.6748477220535278,0.5664780735969543,2.5881505012512207,-0.24835649132728577,0.3865898549556732,2.6093971729278564,0.15450137853622437,0.7436662912368774,0.8385896682739258,4.5854793029320717e-07,0.6533364653587341,0.8066345453262329,-0.036785367876291275,0.5885740518569946,0.7192607522010803,-0.056116733700037,0.55238276720047,0.6337875127792358,-0.07242957502603531,0.5085771083831787,0.5745078921318054,-0.08871300518512726,0.6357887387275696,0.5750369429588318,-0.034301552921533585,0.6166760921478271,0.46016955375671387,-0.06385906040668488,0.6065170764923096,0.39012542366981506,-0.08823966979980469,0.6001554727554321,0.32387158274650574,-0.10671032965183258,0.6900143027305603,0.5545362830162048,-0.03981775417923927,0.6756889224052429,0.42438003420829773,-0.06491319835186005,0.6679316759109497,0.34227454662323,-0.08810552209615707,0.6613317131996155,0.26535844802856445,-0.10598769783973694,0.742057740688324,0.5643930435180664,-0.050216399133205414,0.7355130314826965,0.4443601965904236,-0.07823944091796875,0.7327817678451538,0.36967435479164124,-0.09520873427391052,0.727410614490509,0.30000507831573486,-0.1074896901845932,0.7944006323814392,0.5971292853355408,-0.06386271864175797,0.799086332321167,0.5063979029655457,-0.08976829797029495,0.8021098375320435,0.45012393593788147,-0.09856007248163223,0.8011605143547058,0.3956160843372345,-0.1043664813041687,0.008514149114489555,0.9474390745162964,3.9601241041964386e-07,0.06854857504367828,0.9200236201286316,-0.037023577839136124,0.11294975876808167,0.8422199487686157,-0.049387358129024506,0.14170855283737183,0.7738292217254639,-0.05761211737990379,0.17350783944129944,0.7335236072540283,-0.06509088724851608,0.05137862637639046,0.7177503705024719,-0.02146637998521328,0.0448247566819191,0.6289357542991638,-0.03845128417015076,0.035338662564754486,0.5729610919952393,-0.05469966679811478,0.026574838906526566,0.5250320434570312,-0.06674547493457794,0.010778158903121948,0.714157223701477,-0.015442933887243271,0.0008705500513315201,0.6165640354156494,-0.031301937997341156,-0.005779234692454338,0.5520620942115784,-0.04777868464589119,-0.0118294358253479,0.497890830039978,-0.05893309786915779,-0.024156630039215088,0.7257852554321289,-0.013847959227859974,-0.03650868311524391,0.6350613832473755,-0.030212432146072388,-0.04178460314869881,0.5788880586624146,-0.04157999902963638,-0.04617865011096001,0.531256914138794,-0.047868385910987854,-0.0545460544526577,0.7516149878501892,-0.016108669340610504,-0.0667390525341034,0.6773552298545837,-0.029424959793686867,-0.07260845601558685,0.6332531571388245,-0.03414151445031166,-0.07569977641105652,0.59390789270401,-0.035888828337192535,stop
0.41856902837753296,0.4174559414386749,-0.3901810050010681,0.4475173354148865,0.3580681085586548,-0.37159115076065063,0.4601181447505951,0.3566024899482727,-0.3715307116508484,0.4714634418487549,0.35571080446243286,-0.37140706181526184,0.40155690908432007,0.3613629639148712,-0.34233158826828003,0.38429611921310425,0.36151060461997986,-0.3418375849723816,0.36977237462997437,0.36173734068870544,-0.34204500913619995,0.49233752489089966,0.3801032304763794,-0.17880764603614807,0.3577446937561035,0.38179364800453186,-0.03630576282739639,0.44903236627578735,0.47787904739379883,-0.3132350742816925,0.3920750021934509,0.4805178642272949,-0.27565276622772217,0.6196349859237671,0.6278111934661865,-0.0632515698671341,0.2630603015422821,0.6628847718238831,0.13165885210037231,0.8103192448616028,1.0296070575714111,-0.4873761236667633,0.17238862812519073,0.9653432965278625,-0.18989132344722748,0.7432581782341003,0.800976037979126,-0.9148667454719543,0.08878706395626068,0.92768394947052,-0.8697363138198853,0.7556093335151672,0.68560791015625,-0.9818345308303833,0.04838651791214943,0.86226886510849,-1.002319097518921,0.7000125646591187,0.6351421475410461,-0.9490441083908081,0.08189455419778824,0.775719404220581,-0.9602093696594238,0.6818246841430664,0.676505446434021,-0.9187718629837036,0.12148946523666382,0.8085486888885498,-0.8999471664428711,0.5962222814559937,1.3107980489730835,-0.09656717628240585,0.32833245396614075,1.3103833198547363,0.1015339121222496,0.5826471447944641,1.8939757347106934,-0.1820303201675415,0.34036386013031006,1.8998700380325317,0.2801732122898102,0.5902289748191833,2.4244887828826904,0.2459029257297516,0.3504808247089386,2.4324638843536377,0.6762394309043884,0.5955827236175537,2.4967191219329834,0.26336339116096497,0.3469264805316925,2.501065492630005,0.7062974572181702,0.565517008304596,2.582007884979248,-0.23177345097064972,0.3867075741291046,2.6014459133148193,0.18619313836097717,0.7421762347221375,0.8351126909255981,5.309715334078646e-07,0.6520389318466187,0.8049848675727844,-0.035170990973711014,0.588254988193512,0.719815731048584,-0.05343488231301308,0.5528368949890137,0.6372500658035278,-0.06900148838758469,0.5090829730033875,0.5809600353240967,-0.08486076444387436,0.636918306350708,0.5720499753952026,-0.032663494348526,0.6166841387748718,0.4585701823234558,-0.0620567612349987,0.606799304485321,0.3882766366004944,-0.0863884910941124,0.6007103323936462,0.32054591178894043,-0.10467909276485443,0.6903135180473328,0.5539299845695496,-0.038408223539590836,0.6761847138404846,0.4248567819595337,-0.06317159533500671,0.6697551012039185,0.342113196849823,-0.08599531650543213,0.6639381051063538,0.26334479451179504,-0.10357198864221573,0.7412481904029846,0.5649004578590393,-0.0490155927836895,0.7344329953193665,0.4455609917640686,-0.0769047886133194,0.7312260270118713,0.37240874767303467,-0.0932183638215065,0.725184440612793,0.303228497505188,-0.10475772619247437,0.792770266532898,0.5968650579452515,-0.0627826452255249,0.7984212040901184,0.5055846571922302,-0.0886305645108223,0.8020681142807007,0.4482823610305786,-0.09728527069091797,0.8017207980155945,0.3921915292739868,-0.10282228887081146,0.0029658712446689606,0.9570059776306152,3.804632626724924e-07,0.0640931949019432,0.9275011420249939,-0.03447970747947693,0.10936248302459717,0.8468613028526306,-0.045279450714588165,0.13859617710113525,0.7742570042610168,-0.05261681601405144,0.17063216865062714,0.7324770092964172,-0.05917396768927574,0.05102499946951866,0.7213035225868225,-0.01597585156559944,0.04609140753746033,0.6312205791473389,-0.031928807497024536,0.03732386603951454,0.5761059522628784,-0.048044368624687195,0.028937947005033493,0.5282375812530518,-0.06027071550488472,0.010942723602056503,0.7151671648025513,-0.011744658462703228,0.0026035942137241364,0.6165782809257507,-0.026771996170282364,-0.004579976201057434,0.5516666173934937,-0.043454334139823914,-0.011583812534809113,0.49716266989707947,-0.05484567955136299,-0.024199508130550385,0.7259407639503479,-0.012100379914045334,-0.03496485576033592,0.6334803104400635,-0.028270918875932693,-0.03939260169863701,0.5751751065254211,-0.039611898362636566,-0.04379959776997566,0.5252801179885864,-0.04583752900362015,-0.05584857240319252,0.7524950504302979,-0.016227060928940773,-0.06579209864139557,0.6759510636329651,-0.029478304088115692,-0.07116258144378662,0.6292411684989929,-0.033916909247636795,-0.07422077655792236,0.5870113372802734,-0.03546103835105896,stop
0.424083948135376,0.41537711024284363,-0.3958500921726227,0.4518916606903076,0.3577951192855835,-0.3676639199256897,0.4644693434238434,0.35630568861961365,-0.3678010106086731,0.47628894448280334,0.3553953468799591,-0.3677704930305481,0.4082512855529785,0.3611659109592438,-0.34359315037727356,0.3911397159099579,0.3613392412662506,-0.34305304288864136,0.3765861392021179,0.3615460991859436,-0.34334033727645874,0.4989708364009857,0.3784335255622864,-0.12563389539718628,0.3636508584022522,0.3811343312263489,-0.018015433102846146,0.45324763655662537,0.4747013449668884,-0.3056492507457733,0.39934688806533813,0.47710445523262024,-0.275155246257782,0.620743453502655,0.626302182674408,-0.01572393998503685,0.27808207273483276,0.6599063277244568,0.1511143147945404,0.7977302074432373,0.9596424102783203,-0.3808799088001251,0.1729302704334259,1.0013245344161987,-0.2030561864376068,0.7346625328063965,0.8031009435653687,-0.8294349908828735,0.09779380261898041,0.9196498394012451,-0.9822549819946289,0.7421368956565857,0.695404589176178,-0.9050323367118835,0.08321667462587357,0.8282373547554016,-1.1013753414154053,0.6997047662734985,0.6445077657699585,-0.8524044752120972,0.10765371471643448,0.7487433552742004,-1.072270393371582,0.6844857931137085,0.6807630062103271,-0.8200481534004211,0.12663833796977997,0.7780545353889465,-1.0027823448181152,0.5990854501724243,1.2851630449295044,-0.07789649069309235,0.33635836839675903,1.2882020473480225,0.08239930868148804,0.5887600183486938,1.8574031591415405,-0.2987852990627289,0.3431472182273865,1.859930157661438,-0.03737006336450577,0.5912520289421082,2.4017693996429443,-0.07975288480520248,0.3521474301815033,2.402031421661377,-0.027449870482087135,0.5969990491867065,2.4736852645874023,-0.08205652981996536,0.3476575016975403,2.471906900405884,-0.03847721219062805,0.565825343132019,2.5609171390533447,-0.5582544803619385,0.39042094349861145,2.568678617477417,-0.5378467440605164,0.7215719223022461,0.8265141248703003,5.847863349117688e-07,0.6465591192245483,0.8059518933296204,-0.03017108328640461,0.5906062126159668,0.7272239923477173,-0.047325499355793,0.5554191470146179,0.6563345193862915,-0.06200708821415901,0.5160021185874939,0.6046262979507446,-0.07742464542388916,0.6302164793014526,0.5930249691009521,-0.035258885473012924,0.612235426902771,0.48536139726638794,-0.06347162276506424,0.6050642132759094,0.4161617159843445,-0.08575355261564255,0.601186215877533,0.3573458194732666,-0.10109937936067581,0.6780862212181091,0.5785258412361145,-0.04118248447775841,0.6703640222549438,0.45484182238578796,-0.0657886192202568,0.6654396057128906,0.3720424473285675,-0.08748145401477814,0.6620979905128479,0.30272677540779114,-0.10281316190958023,0.7239328622817993,0.5895646810531616,-0.05080372840166092,0.728222131729126,0.47348177433013916,-0.0772131010890007,0.7267318367958069,0.39794808626174927,-0.09521600604057312,0.7235070466995239,0.3323013186454773,-0.10704303532838821,0.7677379250526428,0.6205345392227173,-0.06248326972126961,0.783450722694397,0.5337847471237183,-0.08628466725349426,0.7904908061027527,0.47467654943466187,-0.09562920033931732,0.7926537990570068,0.4216783344745636,-0.1011199951171875,0.07543721795082092,0.9311330318450928,3.7981604350534326e-07,0.12475214898586273,0.8674737215042114,-0.015110135078430176,0.1615648865699768,0.793839693069458,-0.022030945867300034,0.19158145785331726,0.7374047636985779,-0.03141633793711662,0.220838263630867,0.6963804960250854,-0.04012291505932808,0.0969572365283966,0.6726624369621277,0.02264164201915264,0.09051575511693954,0.5952900648117065,0.012033152393996716,0.08439338207244873,0.5506278872489929,-0.005191740579903126,0.08142305910587311,0.5132824778556824,-0.01779293082654476,0.06991457939147949,0.6774569749832153,0.01834115944802761,0.06472596526145935,0.592883288860321,0.010183798149228096,0.06210704892873764,0.5415821075439453,-0.006998475641012192,0.062739297747612,0.5034273862838745,-0.019346240907907486,0.04360388219356537,0.6929256319999695,0.009039072319865227,0.038005176931619644,0.6117191910743713,0.0012199199991300702,0.040139857679605484,0.5614290237426758,-0.007753267884254456,0.045822110027074814,0.5258932113647461,-0.013699676841497421,0.018372194841504097,0.7213343977928162,-0.0033377092331647873,0.014575961977243423,0.6566040515899658,-0.0075518107041716576,0.01441602036356926,0.6144300103187561,-0.006911961827427149,0.017928963527083397,0.5792790651321411,-0.005851133726537228,stop
0.4402976930141449,0.41536715626716614,-0.4243795871734619,0.46561917662620544,0.3577069640159607,-0.3814440667629242,0.4791349768638611,0.3562180697917938,-0.3820050358772278,0.49215084314346313,0.3553348183631897,-0.3819739818572998,0.4256349503993988,0.36118125915527344,-0.3577576279640198,0.4119066298007965,0.3615318834781647,-0.3569403290748596,0.39777272939682007,0.36216214299201965,-0.3574064373970032,0.5172834992408752,0.3774295151233673,-0.15745460987091064,0.3855745196342468,0.3818482458591461,-0.012501808814704418,0.4674965739250183,0.473495215177536,-0.31779053807258606,0.4206889271736145,0.4771784543991089,-0.28344017267227173,0.6801028251647949,0.639373242855072,-0.023023808375000954,0.2968485653400421,0.6744118332862854,0.16413897275924683,0.8719005584716797,0.9412984251976013,-0.43289288878440857,0.17074891924858093,1.0345219373703003,-0.29850611090660095,0.7161201238632202,0.9250183701515198,-0.8553387522697449,0.14541471004486084,0.8908361792564392,-1.2733876705169678,0.6690519452095032,0.8920547962188721,-0.9353393316268921,0.12518826127052307,0.7769081592559814,-1.4171921014785767,0.6552864909172058,0.8492780923843384,-0.8566372990608215,0.16325494647026062,0.7104544043540955,-1.3691837787628174,0.656203031539917,0.8641270995140076,-0.8323267102241516,0.19347524642944336,0.764083743095398,-1.285936951637268,0.6170405745506287,1.3502017259597778,-0.07950557768344879,0.3445641100406647,1.352235198020935,0.08380816131830215,0.609609067440033,1.9266592264175415,-0.24422089755535126,0.35033541917800903,1.9245857000350952,0.098874531686306,0.6088184118270874,2.4516336917877197,0.11135756969451904,0.35679277777671814,2.4424593448638916,0.2967396080493927,0.6177712082862854,2.5211126804351807,0.12325594574213028,0.35338932275772095,2.510378122329712,0.3047733008861542,0.5699838399887085,2.6202518939971924,-0.3795834481716156,0.3923444151878357,2.621432304382324,-0.22431008517742157,0.680661678314209,0.9077994227409363,-6.229628866094572e-07,0.6248989105224609,0.8870953321456909,-0.013213233090937138,0.5778330564498901,0.8388797640800476,-0.023746224120259285,0.546550989151001,0.7950175404548645,-0.03523387759923935,0.5137853622436523,0.7751951217651367,-0.04854824021458626,0.5825610160827637,0.7449596524238586,-0.030691644176840782,0.5440505743026733,0.7468834519386292,-0.06585171818733215,0.5113323926925659,0.7661089897155762,-0.08997534215450287,0.485235333442688,0.7847186923027039,-0.10378039628267288,0.615675151348114,0.7354792356491089,-0.04006769880652428,0.5800086259841919,0.7762297987937927,-0.07671470195055008,0.5692723989486694,0.8531972765922546,-0.0871896892786026,0.5692006945610046,0.9049789905548096,-0.08861415088176727,0.6551851630210876,0.747944712638855,-0.05216338485479355,0.6242212057113647,0.7993477582931519,-0.08807536959648132,0.6098171472549438,0.8774808049201965,-0.0879596620798111,0.6095794439315796,0.9293020963668823,-0.08050750941038132,0.6979783773422241,0.7741970419883728,-0.06523802876472473,0.6666164994239807,0.8310527205467224,-0.09316704422235489,0.6430649161338806,0.8930325508117676,-0.09354733675718307,0.634465754032135,0.9334797859191895,-0.0873437449336052,0.13940247893333435,0.886183500289917,4.245688671744574e-07,0.19086825847625732,0.8319051265716553,-0.020655758678913116,0.23509898781776428,0.7602213025093079,-0.027415886521339417,0.27049368619918823,0.7006235718727112,-0.03485185280442238,0.29773232340812683,0.6559479236602783,-0.04112004116177559,0.19317418336868286,0.6308047771453857,0.015636101365089417,0.1929987370967865,0.5538347959518433,0.007680409122258425,0.1860594004392624,0.5092198252677917,-0.006703499238938093,0.17954498529434204,0.472122460603714,-0.01807164028286934,0.16494928300380707,0.6285176873207092,0.015180917456746101,0.16522866487503052,0.5454270839691162,0.011300062760710716,0.16311641037464142,0.49756112694740295,-0.002947283908724785,0.16290190815925598,0.4615246653556824,-0.014146612957119942,0.13486745953559875,0.6429208517074585,0.00971026811748743,0.13423343002796173,0.5664199590682983,0.002827282529324293,0.13990072906017303,0.5241757035255432,-0.008306964300572872,0.1458711326122284,0.49337708950042725,-0.01699930988252163,0.10462182015180588,0.6717231273651123,0.0009399426635354757,0.11214004456996918,0.6278945207595825,-0.006478247232735157,0.12486867606639862,0.6090266108512878,-0.008736684918403625,0.13782572746276855,0.5951727628707886,-0.009699227288365364,stop
0.43861785531044006,0.4149462580680847,-0.4583677649497986,0.46390610933303833,0.3575763702392578,-0.42634519934654236,0.47784823179244995,0.3560974895954132,-0.42683106660842896,0.4911576211452484,0.3552362322807312,-0.4268648624420166,0.42355042695999146,0.36083969473838806,-0.3883820176124573,0.41043582558631897,0.3610863983631134,-0.38769397139549255,0.39724001288414,0.36159661412239075,-0.38816243410110474,0.5182052254676819,0.3765646517276764,-0.19264158606529236,0.3894173502922058,0.38053521513938904,-0.0166625939309597,0.4672083854675293,0.4731644093990326,-0.3630315661430359,0.420358806848526,0.4767589867115021,-0.30756253004074097,0.7017034292221069,0.6445426940917969,-0.12298937886953354,0.31083956360816956,0.6763292551040649,0.17164459824562073,0.8958760499954224,0.9408568143844604,-0.5438013672828674,0.17036397755146027,1.0350439548492432,-0.27616265416145325,0.7002852559089661,0.9416274428367615,-0.9167495965957642,0.1395578682422638,0.8666849732398987,-1.1593472957611084,0.6557542085647583,0.9194876551628113,-0.9941104054450989,0.13254913687705994,0.7650859951972961,-1.2859216928482056,0.6347647905349731,0.8594210147857666,-0.8947402238845825,0.14764632284641266,0.6875520348548889,-1.2393214702606201,0.6379366517066956,0.8854445815086365,-0.8775991201400757,0.1773051917552948,0.7283116579055786,-1.1724318265914917,0.6265052556991577,1.3821251392364502,-0.10116420686244965,0.3525680601596832,1.379207968711853,0.10550151765346527,0.6106496453285217,1.9687974452972412,-0.23437607288360596,0.35028013586997986,1.9588046073913574,0.11473631858825684,0.6089545488357544,2.4995789527893066,0.13716721534729004,0.355898916721344,2.4798812866210938,0.3140687644481659,0.6190589666366577,2.573486089706421,0.14663465321063995,0.3532133996486664,2.5491249561309814,0.32062891125679016,0.565765380859375,2.6651382446289062,-0.37641727924346924,0.3850160241127014,2.6633055210113525,-0.20793786644935608,0.6862192749977112,0.8922997117042542,-7.17051989340689e-07,0.6438011527061462,0.8824788331985474,-0.01850619539618492,0.602485179901123,0.8665016889572144,-0.03741659224033356,0.5644416213035583,0.8595133423805237,-0.055365435779094696,0.5304836630821228,0.8628142476081848,-0.07501648366451263,0.5982836484909058,0.7398543357849121,-0.04265504702925682,0.5645248293876648,0.7827833294868469,-0.08116611838340759,0.552757978439331,0.8454041481018066,-0.10844146460294724,0.5475836396217346,0.8951054811477661,-0.12147331237792969,0.6241931915283203,0.7279625535011292,-0.04858732223510742,0.5867729187011719,0.785484254360199,-0.080623559653759,0.5705320835113525,0.8617537021636963,-0.09199804812669754,0.5678078532218933,0.9186992645263672,-0.09433144330978394,0.6546246409416199,0.7389308214187622,-0.05642304942011833,0.6219068169593811,0.8038787841796875,-0.08689539134502411,0.6032208204269409,0.8803809285163879,-0.08692306280136108,0.6007512807846069,0.9342111349105835,-0.08037437498569489,0.6870557069778442,0.7649277448654175,-0.0655875951051712,0.6561027765274048,0.8309726715087891,-0.08983147144317627,0.6337195634841919,0.8938862085342407,-0.08685576915740967,0.62595134973526,0.9373501539230347,-0.07766817510128021,0.1469285637140274,0.8766992688179016,3.661172343072394e-07,0.20060181617736816,0.8317089676856995,-0.02477198839187622,0.2458447515964508,0.761882483959198,-0.033194489777088165,0.27336567640304565,0.6998520493507385,-0.04071871563792229,0.2944457530975342,0.6501246690750122,-0.046729035675525665,0.20122526586055756,0.6314460635185242,0.005164051428437233,0.19964051246643066,0.5509854555130005,-0.0076009351760149,0.19362477958202362,0.5025089979171753,-0.02401334047317505,0.18831467628479004,0.46267181634902954,-0.03605462983250618,0.17083753645420074,0.63089919090271,0.005839538294821978,0.17094095051288605,0.5420656800270081,-0.004034491255879402,0.16952835023403168,0.4903421401977539,-0.01955806463956833,0.17171506583690643,0.4530247449874878,-0.031091278418898582,0.14111897349357605,0.6460018157958984,0.0014092870987951756,0.14058580994606018,0.5647967457771301,-0.011637051589787006,0.1466737687587738,0.5196125507354736,-0.02320673316717148,0.15467217564582825,0.48819369077682495,-0.03102470561861992,0.11168758571147919,0.6745986342430115,-0.0061966367065906525,0.12282803654670715,0.6238402128219604,-0.018681557849049568,0.13512273132801056,0.5969865918159485,-0.02346998266875744,0.14762380719184875,0.5776441097259521,-0.025726404041051865,stop
0.4528987407684326,0.41622546315193176,-0.675754189491272,0.4767240881919861,0.3593900799751282,-0.6359807848930359,0.4908381402492523,0.35777032375335693,-0.6363040208816528,0.5033022165298462,0.356746107339859,-0.6364452242851257,0.4384061396121979,0.36293017864227295,-0.612078070640564,0.42493993043899536,0.36345070600509644,-0.6117812991142273,0.41258901357650757,0.3642282783985138,-0.6121968626976013,0.5321882367134094,0.3764558732509613,-0.3032630980014801,0.40176263451576233,0.3816779553890228,-0.1741318702697754,0.4794718623161316,0.4734835624694824,-0.5478082299232483,0.4337795674800873,0.4777493476867676,-0.5122035145759583,0.7186005711555481,0.6459059119224548,-0.1270681470632553,0.31801217794418335,0.6768051385879517,-0.009125417098402977,0.8918954730033875,0.9357179403305054,-0.4178372025489807,0.16617228090763092,0.9628013372421265,-0.608025074005127,0.8302614092826843,1.1227487325668335,-0.8484604954719543,0.16345295310020447,0.8095317482948303,-1.6924197673797607,0.8281331062316895,1.191129207611084,-0.9298416972160339,0.1518932282924652,0.6966620087623596,-1.8714935779571533,0.787999153137207,1.1489170789718628,-0.8998605608940125,0.1869090497493744,0.6333926320075989,-1.8344790935516357,0.7759939432144165,1.1372432708740234,-0.8502318263053894,0.21053913235664368,0.6870620250701904,-1.708099126815796,0.6452494859695435,1.4076285362243652,-0.10114660114049911,0.3671082556247711,1.3998764753341675,0.1054011732339859,0.6299054026603699,1.9963719844818115,-0.24658961594104767,0.36642220616340637,1.9929165840148926,0.1335417777299881,0.6314181089401245,2.5375139713287354,0.11925510317087173,0.37111133337020874,2.518700122833252,0.3768715560436249,0.6438742876052856,2.6214516162872314,0.123174749314785,0.3698071837425232,2.590876340866089,0.3869909346103668,0.5788302421569824,2.689038038253784,-0.44015246629714966,0.40048709511756897,2.6998372077941895,-0.17130862176418304,0,0,0,0,0,0,0,0,0,0,0,0,0,0,0,0,0,0,0,0,0,0,0,0,0,0,0,0,0,0,0,0,0,0,0,0,0,0,0,0,0,0,0,0,0,0,0,0,0,0,0,0,0,0,0,0,0,0,0,0,0,0,0,0.18123672902584076,0.8311541080474854,4.45406698190709e-07,0.2409065067768097,0.7915729284286499,-0.025664260610938072,0.2894642651081085,0.7233291864395142,-0.03520117327570915,0.32154083251953125,0.6576208472251892,-0.043576374650001526,0.35025525093078613,0.6074107885360718,-0.051271431148052216,0.24997170269489288,0.6034141778945923,-0.004267485346645117,0.25852474570274353,0.5199856162071228,-0.019642140716314316,0.2597353756427765,0.4692971110343933,-0.036304719746112823,0.2594752311706543,0.42515772581100464,-0.04791964590549469,0.2157323658466339,0.5937617421150208,-0.0037239324301481247,0.2244301289319992,0.5033799409866333,-0.016121497377753258,0.2275419533252716,0.44790780544281006,-0.031237192451953888,0.23022712767124176,0.4019961953163147,-0.041866324841976166,0.18203352391719818,0.6012017726898193,-0.007709065452218056,0.18890082836151123,0.5155090689659119,-0.02043844945728779,0.19657757878303528,0.4647253155708313,-0.029193412512540817,0.20433413982391357,0.4228042960166931,-0.034662097692489624,0.14680315554141998,0.6234497427940369,-0.014897969551384449,0.1553090214729309,0.5547637939453125,-0.024977637454867363,0.16282013058662415,0.5120333433151245,-0.026570739224553108,0.17130133509635925,0.47393596172332764,-0.02641192264854908,stop
0.4808671474456787,0.4115851819515228,-0.8700063824653625,0.506719172000885,0.3581710457801819,-0.8152838945388794,0.520574688911438,0.35707587003707886,-0.815438449382782,0.5350021123886108,0.3563588857650757,-0.815172553062439,0.4679117202758789,0.3604821264743805,-0.7924699187278748,0.4540126919746399,0.36090072989463806,-0.7923665642738342,0.43986693024635315,0.3616943061351776,-0.7928133606910706,0.5665279030799866,0.3758552372455597,-0.4215499758720398,0.4250909388065338,0.38134706020355225,-0.3066502809524536,0.5051040053367615,0.46984440088272095,-0.7280512452125549,0.45713621377944946,0.47468799352645874,-0.6967242956161499,0.7319863438606262,0.6484965085983276,-0.2357548028230667,0.3448098599910736,0.6733377575874329,-0.15184982120990753,0.8860613107681274,0.9515131115913391,-0.3323477506637573,0.17355015873908997,0.9267646670341492,-0.8326653242111206,0.8744381666183472,1.325850248336792,-0.6359279155731201,0.17389588057994843,0.7721129059791565,-2.0415971279144287,0.9073781967163086,1.4374263286590576,-0.7141169309616089,0.16671231389045715,0.6569775342941284,-2.2496631145477295,0.8643527030944824,1.4214444160461426,-0.7647795081138611,0.2147197276353836,0.6089032888412476,-2.239614725112915,0.8381072282791138,1.3895328044891357,-0.6682471632957458,0.2357030212879181,0.6593453288078308,-2.0722010135650635,0.680440366268158,1.4172089099884033,-0.10009323060512543,0.3974911570549011,1.4113253355026245,0.10409881174564362,0.6752045750617981,2.020639419555664,-0.05725235864520073,0.4051666259765625,2.0157310962677,0.15574121475219727,0.6814404726028442,2.559664487838745,0.5609015226364136,0.4222396910190582,2.541409492492676,0.5461632609367371,0.6918320059776306,2.6426644325256348,0.5835316181182861,0.42311030626296997,2.613344430923462,0.5748633742332458,0.6361555457115173,2.7143893241882324,-0.025629499927163124,0.45368170738220215,2.7182493209838867,-0.08917267620563507,0,0,0,0,0,0,0,0,0,0,0,0,0,0,0,0,0,0,0,0,0,0,0,0,0,0,0,0,0,0,0,0,0,0,0,0,0,0,0,0,0,0,0,0,0,0,0,0,0,0,0,0,0,0,0,0,0,0,0,0,0,0,0,0.17721450328826904,0.7890635132789612,4.6660881025673007e-07,0.24306803941726685,0.7685269117355347,-0.02993481419980526,0.3004717528820038,0.71010822057724,-0.04178757965564728,0.33568957448005676,0.6453554034233093,-0.05133866146206856,0.36707955598831177,0.5967352390289307,-0.059709981083869934,0.2711608409881592,0.5801684856414795,-0.011702154763042927,0.2837604880332947,0.49456655979156494,-0.027836641296744347,0.2849511206150055,0.4432198107242584,-0.04370947927236557,0.2855711877346039,0.3986431360244751,-0.05504357069730759,0.2331523895263672,0.5607100129127502,-0.009656106121838093,0.24649527668952942,0.46530839800834656,-0.022075103595852852,0.2521760165691376,0.40670955181121826,-0.03634578362107277,0.25778478384017944,0.356810063123703,-0.0464981384575367,0.19671174883842468,0.5607846975326538,-0.012049810029566288,0.2079719752073288,0.4715994596481323,-0.024955712258815765,0.21563845872879028,0.41797441244125366,-0.0333842895925045,0.22365160286426544,0.3711435794830322,-0.03872636705636978,0.1586775779724121,0.5768678784370422,-0.017800388857722282,0.16673310101032257,0.5068104267120361,-0.028715696185827255,0.1748080551624298,0.4659082591533661,-0.030620072036981583,0.18404847383499146,0.42797333002090454,-0.030520834028720856,stop
0.4879893362522125,0.41147804260253906,-0.8672018051147461,0.5152670741081238,0.3581845462322235,-0.8147269487380981,0.5291758179664612,0.35719460248947144,-0.8148771524429321,0.5418590307235718,0.35667848587036133,-0.8146125078201294,0.4740791320800781,0.3603909909725189,-0.793512225151062,0.4590309262275696,0.360810786485672,-0.7934911847114563,0.44513192772865295,0.36160770058631897,-0.7940247654914856,0.5724948048591614,0.37585383653640747,-0.42386966943740845,0.43017810583114624,0.3813795745372772,-0.31872934103012085,0.5129834413528442,0.46985894441604614,-0.7243691086769104,0.4612616002559662,0.47475674748420715,-0.6962276697158813,0.7344750165939331,0.6489517688751221,-0.22292891144752502,0.3539353013038635,0.6721455454826355,-0.17292222380638123,0.8742381930351257,0.9533878564834595,-0.27082380652427673,0.17888320982456207,0.918678879737854,-0.8874212503433228,0.8911898732185364,1.312815546989441,-0.5495169162750244,0.17735986411571503,0.7654669880867004,-2.1163887977600098,0.9247984886169434,1.4176709651947021,-0.6213074326515198,0.15693119168281555,0.6570488214492798,-2.329301357269287,0.8861071467399597,1.397574782371521,-0.6733375787734985,0.22073444724082947,0.5953396558761597,-2.3214097023010254,0.8594541549682617,1.368786096572876,-0.5823426246643066,0.2371269166469574,0.6512489914894104,-2.148845911026001,0.6908903121948242,1.4269911050796509,-0.09934336692094803,0.40883928537368774,1.422645926475525,0.1032574400305748,0.6904186010360718,2.030634641647339,-0.09902282059192657,0.41945433616638184,2.030299186706543,0.11270833015441895,0.7026652693748474,2.5812385082244873,0.4431386888027191,0.44149050116539,2.564342975616455,0.4805823862552643,0.7141441106796265,2.666581392288208,0.45964542031288147,0.4424847960472107,2.6383233070373535,0.5034734010696411,0.6595288515090942,2.73568058013916,-0.12785910069942474,0.4734728932380676,2.737994909286499,-0.135713130235672,0,0,0,0,0,0,0,0,0,0,0,0,0,0,0,0,0,0,0,0,0,0,0,0,0,0,0,0,0,0,0,0,0,0,0,0,0,0,0,0,0,0,0,0,0,0,0,0,0,0,0,0,0,0,0,0,0,0,0,0,0,0,0,0.1746138632297516,0.7890843152999878,3.2202913757828355e-07,0.24110648036003113,0.7671771049499512,-0.028740033507347107,0.2983178496360779,0.7087101936340332,-0.03827681392431259,0.3361324071884155,0.6454960703849792,-0.04580118507146835,0.3666818141937256,0.596200168132782,-0.052317745983600616,0.2697010338306427,0.5789949893951416,-0.00919053703546524,0.2823813259601593,0.49474528431892395,-0.023821543902158737,0.28593045473098755,0.44289955496788025,-0.03897131606936455,0.2892236113548279,0.3969573378562927,-0.05024644359946251,0.23358407616615295,0.5595324635505676,-0.007404105272144079,0.24524414539337158,0.4652515947818756,-0.019382048398256302,0.2514857351779938,0.40600383281707764,-0.034155458211898804,0.25716760754585266,0.3558516502380371,-0.045179255306720734,0.1979570984840393,0.5601903796195984,-0.009996009059250355,0.20825731754302979,0.4734969139099121,-0.022997098043560982,0.21611836552619934,0.4217979609966278,-0.032877929508686066,0.22355708479881287,0.37655550241470337,-0.03951575234532356,0.16047555208206177,0.5767329335212708,-0.01584465615451336,0.16743382811546326,0.507498562335968,-0.027951529249548912,0.1754705011844635,0.4665909707546234,-0.03207284212112427,0.18404842913150787,0.4281855821609497,-0.03390326350927353,stop
0.5228852033615112,0.411354660987854,-0.9001377820968628,0.5459036231040955,0.3593597412109375,-0.8443241119384766,0.5585306882858276,0.35933220386505127,-0.8446077108383179,0.5707109570503235,0.35987260937690735,-0.8443381190299988,0.5081437826156616,0.3604058623313904,-0.8264838457107544,0.4937986731529236,0.36078590154647827,-0.8266293406486511,0.4789157509803772,0.36146536469459534,-0.8271831274032593,0.5951453447341919,0.378146767616272,-0.43505945801734924,0.4591703414916992,0.38131943345069885,-0.3466838300228119,0.5428298711776733,0.4698968827724457,-0.7497923970222473,0.4947241246700287,0.4728027582168579,-0.7266574501991272,0.7497731447219849,0.6515505909919739,-0.2266528159379959,0.3690376579761505,0.6710090637207031,-0.17200087010860443,0.8724931478500366,0.9625178575515747,-0.2899675965309143,0.18745329976081848,0.8691973090171814,-0.8476985096931458,0.8592866659164429,1.3229471445083618,-0.6114574670791626,0.18342050909996033,0.7421932816505432,-2.0921695232391357,0.8772556185722351,1.4376792907714844,-0.6954768300056458,0.1690029352903366,0.6217758059501648,-2.311962604522705,0.835767388343811,1.4072340726852417,-0.7368570566177368,0.228631854057312,0.5687228441238403,-2.3135604858398438,0.8150342106819153,1.3733183145523071,-0.6409116387367249,0.24960723519325256,0.631986677646637,-2.1288092136383057,0.6985639333724976,1.4302634000778198,-0.09917543828487396,0.4210811257362366,1.4238345623016357,0.10293121635913849,0.6949080228805542,2.035889148712158,-0.10777449607849121,0.429796040058136,2.029176950454712,0.10208691656589508,0.7042002081871033,2.5906288623809814,0.43311548233032227,0.4490363597869873,2.568406820297241,0.4727768301963806,0.7143104076385498,2.67541241645813,0.4480888247489929,0.44906821846961975,2.642792224884033,0.49467381834983826,0.6622971296310425,2.7449581623077393,-0.15037795901298523,0.48052674531936646,2.7396657466888428,-0.14056634902954102,0,0,0,0,0,0,0,0,0,0,0,0,0,0,0,0,0,0,0,0,0,0,0,0,0,0,0,0,0,0,0,0,0,0,0,0,0,0,0,0,0,0,0,0,0,0,0,0,0,0,0,0,0,0,0,0,0,0,0,0,0,0,0,0.17138944566249847,0.7771143913269043,3.6860288332718483e-07,0.23925192654132843,0.7581140995025635,-0.03081252984702587,0.2982964813709259,0.6988499760627747,-0.04085702821612358,0.3356482982635498,0.6335172653198242,-0.04814137890934944,0.3688945770263672,0.5878785252571106,-0.05420640856027603,0.2700032889842987,0.5692641139030457,-0.012749790214002132,0.28439798951148987,0.48372021317481995,-0.02710678242146969,0.2880862057209015,0.43024545907974243,-0.04146954417228699,0.2904083728790283,0.3830375671386719,-0.05228928476572037,0.23373423516750336,0.5479510426521301,-0.0093785235658288,0.24751196801662445,0.4526575207710266,-0.021508272737264633,0.25498318672180176,0.392210453748703,-0.03564636781811714,0.26088452339172363,0.34118151664733887,-0.0459575392305851,0.19811242818832397,0.5473679900169373,-0.01031834352761507,0.20901677012443542,0.4606170058250427,-0.023067355155944824,0.21827179193496704,0.4091385006904602,-0.03256678581237793,0.2266700714826584,0.36361169815063477,-0.03886348009109497,0.16010573506355286,0.5628247857093811,-0.0146459536626935,0.1685183346271515,0.49402299523353577,-0.026433859020471573,0.176425039768219,0.4531515836715698,-0.030470406636595726,0.18456026911735535,0.41484516859054565,-0.03215441107749939,stop
0.5506123900413513,0.4081955850124359,-0.9079626798629761,0.5753275156021118,0.3593541979789734,-0.8547955751419067,0.589409351348877,0.3596411943435669,-0.8548496961593628,0.6029133200645447,0.36085209250450134,-0.8547489047050476,0.5390518307685852,0.35890886187553406,-0.8395569920539856,0.5243547558784485,0.35833242535591125,-0.8392362594604492,0.5094563364982605,0.35776060819625854,-0.839584469795227,0.6279394626617432,0.3803788721561432,-0.4525872766971588,0.4893272817134857,0.37720775604248047,-0.373557984828949,0.5678876638412476,0.46751484274864197,-0.7617105841636658,0.521475076675415,0.46146222949028015,-0.739923894405365,0.7659378051757812,0.6553030610084534,-0.23833492398262024,0.3800942003726959,0.6692758798599243,-0.24861106276512146,0.8729658126831055,0.966690719127655,-0.27370405197143555,0.1949281096458435,0.8700534105300903,-0.9574071764945984,0.8982637524604797,1.3503124713897705,-0.5362527370452881,0.18147264420986176,0.7275987863540649,-2.146794319152832,0.9287033081054688,1.4631060361862183,-0.6173371076583862,0.1674644649028778,0.6055325269699097,-2.364359140396118,0.884852409362793,1.4443720579147339,-0.6634763479232788,0.2236403226852417,0.5515608191490173,-2.3614375591278076,0.8580343127250671,1.4130280017852783,-0.5681927800178528,0.24909038841724396,0.6130431890487671,-2.18013072013855,0.7081798911094666,1.4451981782913208,-0.08450523763895035,0.42266058921813965,1.4333676099777222,0.08807949721813202,0.6959047317504883,2.0526392459869385,0.031270720064640045,0.42753130197525024,2.045968770980835,0.22725637257099152,0.6965367794036865,2.5979418754577637,0.6628636121749878,0.43608784675598145,2.5766775608062744,0.8055973052978516,0.7053331732749939,2.679804801940918,0.6884767413139343,0.4348553717136383,2.6491029262542725,0.8519303202629089,0.6524298787117004,2.7602736949920654,0.10259313881397247,0.4667067527770996,2.754796266555786,0.21921245753765106,0,0,0,0,0,0,0,0,0,0,0,0,0,0,0,0,0,0,0,0,0,0,0,0,0,0,0,0,0,0,0,0,0,0,0,0,0,0,0,0,0,0,0,0,0,0,0,0,0,0,0,0,0,0,0,0,0,0,0,0,0,0,0,0.1646823137998581,0.7691459059715271,3.1345626894108136e-07,0.23070107400417328,0.7453585267066956,-0.026876259595155716,0.28572946786880493,0.6842148900032043,-0.035703640431165695,0.3219585418701172,0.6233932375907898,-0.04298911616206169,0.35415029525756836,0.5804644823074341,-0.049393389374017715,0.2572753131389618,0.5581552982330322,-0.008514367043972015,0.2713582515716553,0.47464215755462646,-0.023650025948882103,0.2760705053806305,0.4216085970401764,-0.03909285366535187,0.2788656949996948,0.3737623691558838,-0.050860125571489334,0.22430533170700073,0.5385897755622864,-0.007549393456429243,0.23801802098751068,0.44577106833457947,-0.02005714736878872,0.24545074999332428,0.38755014538764954,-0.034375909715890884,0.2508736848831177,0.33765965700149536,-0.04508053883910179,0.1914500594139099,0.5388913154602051,-0.010867860168218613,0.2010422646999359,0.45270201563835144,-0.023840611800551414,0.21024630963802338,0.4022999107837677,-0.03258268162608147,0.21803243458271027,0.3579838275909424,-0.03864428400993347,0.15540385246276855,0.5545884966850281,-0.0174177885055542,0.16200143098831177,0.48731160163879395,-0.029216628521680832,0.17022906243801117,0.4479093551635742,-0.032604411244392395,0.17852136492729187,0.41165482997894287,-0.0341193713247776,stop
0.5553698539733887,0.407022625207901,-0.9323388338088989,0.5820497870445251,0.3593687117099762,-0.8802688717842102,0.5943329334259033,0.35993608832359314,-0.880214512348175,0.608129620552063,0.3616594672203064,-0.8802306056022644,0.5446774363517761,0.3570860028266907,-0.8670516014099121,0.5305367708206177,0.35514160990715027,-0.866629958152771,0.5143566727638245,0.35278913378715515,-0.8669757843017578,0.6316231489181519,0.38180848956108093,-0.46598872542381287,0.4942501187324524,0.37202689051628113,-0.39352887868881226,0.5740722417831421,0.4669798016548157,-0.7795087099075317,0.5240777730941772,0.45694440603256226,-0.7593151330947876,0.7651695609092712,0.6548551321029663,-0.22680401802062988,0.38156208395957947,0.6643892526626587,-0.28170955181121826,0.8726298213005066,0.964198887348175,-0.23107044398784637,0.19185981154441833,0.8617656230926514,-0.989818274974823,0.9209152460098267,1.3464148044586182,-0.48257875442504883,0.17624369263648987,0.7246602773666382,-2.166736602783203,0.9562097787857056,1.4560139179229736,-0.5609534978866577,0.169732004404068,0.6153764724731445,-2.38596510887146,0.9122017621994019,1.439250111579895,-0.6077852845191956,0.2209359109401703,0.5582090020179749,-2.381164789199829,0.8836851119995117,1.4091087579727173,-0.515807569026947,0.24208767712116241,0.611401379108429,-2.197523355484009,0.7021626234054565,1.4437228441238403,-0.07581214606761932,0.4140191674232483,1.4273098707199097,0.07953377068042755,0.6848292350769043,2.0517847537994385,0.08440209925174713,0.42156949639320374,2.0403270721435547,0.35097163915634155,0.6895188689231873,2.5921621322631836,0.7297787070274353,0.4096202254295349,2.5695464611053467,1.0468634366989136,0.6932428479194641,2.673532724380493,0.7569593191146851,0.4039301872253418,2.6415953636169434,1.1067233085632324,0.6320083141326904,2.7574687004089355,0.16238656640052795,0.43441659212112427,2.75203275680542,0.47016483545303345,0,0,0,0,0,0,0,0,0,0,0,0,0,0,0,0,0,0,0,0,0,0,0,0,0,0,0,0,0,0,0,0,0,0,0,0,0,0,0,0,0,0,0,0,0,0,0,0,0,0,0,0,0,0,0,0,0,0,0,0,0,0,0,0.16481105983257294,0.7677369117736816,2.8799647111554805e-07,0.22870443761348724,0.743706464767456,-0.02594759687781334,0.2854461669921875,0.6806882619857788,-0.03409598395228386,0.3251253068447113,0.6201545596122742,-0.04081404209136963,0.35826021432876587,0.5767046213150024,-0.04651385173201561,0.2581017315387726,0.5595043301582336,-0.006244518328458071,0.27145159244537354,0.47594499588012695,-0.02024068683385849,0.27588823437690735,0.4240899085998535,-0.03513067588210106,0.27946946024894714,0.37803247570991516,-0.04641059786081314,0.22516383230686188,0.539679229259491,-0.005354185588657856,0.2384180724620819,0.4473603665828705,-0.01646909862756729,0.2454419732093811,0.3895722031593323,-0.03042997419834137,0.25103574991226196,0.33995893597602844,-0.04113754257559776,0.19262658059597015,0.5386232137680054,-0.008736974559724331,0.2037510722875595,0.45382148027420044,-0.02025648206472397,0.21236483752727509,0.4041554033756256,-0.028918109834194183,0.21930374205112457,0.36078184843063354,-0.035202089697122574,0.1574040949344635,0.5524160265922546,-0.015331657603383064,0.1647915244102478,0.4866827130317688,-0.02566225826740265,0.17273478209972382,0.44725728034973145,-0.028633546084165573,0.18034549057483673,0.41032716631889343,-0.03013448975980282,stop
0.5807493329048157,0.4009782075881958,-0.9080595970153809,0.6077714562416077,0.35720738768577576,-0.8482524156570435,0.621600866317749,0.3589867055416107,-0.8481618165969849,0.634416401386261,0.36133289337158203,-0.8481723070144653,0.5726835131645203,0.34925830364227295,-0.8421276211738586,0.5573609471321106,0.34500181674957275,-0.841704249382019,0.5429423451423645,0.34068945050239563,-0.8420051336288452,0.6562305092811584,0.3817037045955658,-0.43119922280311584,0.515394926071167,0.36104610562324524,-0.3836751878261566,0.597145676612854,0.4614971876144409,-0.7533240914344788,0.5498135685920715,0.44687026739120483,-0.7425225973129272,0.7772251963615417,0.6555191278457642,-0.2076168805360794,0.3846502900123596,0.6575273275375366,-0.29232481122016907,0.8754094243049622,0.9661920666694641,-0.15385253727436066,0.18905919790267944,0.8565356731414795,-0.9982686042785645,0.9176399111747742,1.3570196628570557,-0.37874841690063477,0.17277172207832336,0.737466037273407,-2.180797576904297,0.9474288821220398,1.4716142416000366,-0.4462224841117859,0.16282375156879425,0.6278156638145447,-2.398366928100586,0.9003602862358093,1.453743577003479,-0.4879463315010071,0.21523046493530273,0.5666657090187073,-2.3949484825134277,0.8752676844596863,1.420172095298767,-0.40934252738952637,0.2372709959745407,0.6174243688583374,-2.2120914459228516,0.7013861536979675,1.4522367715835571,-0.05904114246368408,0.4093293249607086,1.429378628730774,0.0631306916475296,0.6790485382080078,2.0628557205200195,0.1095191091299057,0.4173567295074463,2.0455543994903564,0.32173898816108704,0.6726890206336975,2.6042892932891846,0.78915935754776,0.38639798760414124,2.5740091800689697,0.9909979701042175,0.6706720590591431,2.6885130405426025,0.819747805595398,0.3780021667480469,2.6485719680786133,1.0480221509933472,0.61659836769104,2.7714579105377197,0.23093374073505402,0.4122663140296936,2.759474277496338,0.40669679641723633,0,0,0,0,0,0,0,0,0,0,0,0,0,0,0,0,0,0,0,0,0,0,0,0,0,0,0,0,0,0,0,0,0,0,0,0,0,0,0,0,0,0,0,0,0,0,0,0,0,0,0,0,0,0,0,0,0,0,0,0,0,0,0,0.15466080605983734,0.7707578539848328,3.09269694298564e-07,0.21592004597187042,0.7473008632659912,-0.028773313388228416,0.2708103656768799,0.689144492149353,-0.037738412618637085,0.3069295287132263,0.6280063986778259,-0.04473619908094406,0.3383064866065979,0.5829983949661255,-0.05052688345313072,0.24031378328800201,0.5614892840385437,-0.006188567262142897,0.25478699803352356,0.4799014925956726,-0.02096281386911869,0.2592718005180359,0.428089439868927,-0.03698784485459328,0.26293689012527466,0.3806273341178894,-0.04929627850651741,0.2080993801355362,0.5424662828445435,-0.0037424175534397364,0.22215166687965393,0.452275812625885,-0.016217689961194992,0.22878141701221466,0.394071102142334,-0.03147219121456146,0.23413734138011932,0.34366458654403687,-0.0430278517305851,0.17583999037742615,0.5429956316947937,-0.005954238586127758,0.18756817281246185,0.45790883898735046,-0.019431814551353455,0.19674833118915558,0.4085772633552551,-0.02928609773516655,0.2043895274400711,0.3647516965866089,-0.03607415407896042,0.14089767634868622,0.5586299896240234,-0.011598706245422363,0.15025201439857483,0.4931098222732544,-0.024041807278990746,0.15823638439178467,0.45437219738960266,-0.028430869802832603,0.16615094244480133,0.4178401827812195,-0.03071681410074234,stop
0.5855511426925659,0.39328834414482117,-0.8820306658744812,0.6118261218070984,0.35154157876968384,-0.8285832405090332,0.6262212991714478,0.35540181398391724,-0.8284837007522583,0.6410816311836243,0.35949838161468506,-0.8284884691238403,0.5751849412918091,0.3373667299747467,-0.8190512657165527,0.5612788200378418,0.3316498398780823,-0.8186343312263489,0.5470932126045227,0.32666924595832825,-0.8189179301261902,0.6674116849899292,0.3814392387866974,-0.4275033473968506,0.5249004364013672,0.348455011844635,-0.37126657366752625,0.6053783297538757,0.4548717141151428,-0.7349694967269897,0.5548726916313171,0.43772390484809875,-0.719377338886261,0.7858600616455078,0.6574733257293701,-0.20292751491069794,0.3852256238460541,0.6535918116569519,-0.2684989273548126,0.8802642822265625,0.9683620929718018,-0.18866828083992004,0.18867650628089905,0.8693088889122009,-0.9310887455940247,0.9272821545600891,1.3665204048156738,-0.4653412699699402,0.17196078598499298,0.7415435314178467,-2.096674680709839,0.9591752886772156,1.4742724895477295,-0.5443286895751953,0.15990586578845978,0.6256353855133057,-2.3132095336914062,0.9155851602554321,1.4539133310317993,-0.5843538641929626,0.2098517119884491,0.5686169266700745,-2.3093550205230713,0.8891583681106567,1.4229646921157837,-0.4979027211666107,0.2330189049243927,0.6174337863922119,-2.1293933391571045,0.6994664669036865,1.4498311281204224,-0.05267825722694397,0.40639930963516235,1.4266349077224731,0.05696713179349899,0.6764188408851624,2.061596155166626,0.126129150390625,0.40975087881088257,2.045271873474121,0.35905271768569946,0.6584948301315308,2.603010416030884,0.8094941973686218,0.3759153187274933,2.574619770050049,1.0740313529968262,0.6558852195739746,2.6854946613311768,0.8420330286026001,0.36737850308418274,2.6479392051696777,1.1366897821426392,0.6042270660400391,2.771531581878662,0.2602674067020416,0.4033631384372711,2.763066530227661,0.503912091255188,0,0,0,0,0,0,0,0,0,0,0,0,0,0,0,0,0,0,0,0,0,0,0,0,0,0,0,0,0,0,0,0,0,0,0,0,0,0,0,0,0,0,0,0,0,0,0,0,0,0,0,0,0,0,0,0,0,0,0,0,0,0,0,0.13996174931526184,0.7728155255317688,3.187931838510849e-07,0.20111887156963348,0.7521727085113525,-0.028705114498734474,0.25641581416130066,0.6951413154602051,-0.0373021736741066,0.29448047280311584,0.6344778537750244,-0.0436493456363678,0.3251422643661499,0.590815007686615,-0.04875998944044113,0.2284504473209381,0.567950963973999,-0.007022794336080551,0.24286366999149323,0.4876099228858948,-0.020476149395108223,0.24685686826705933,0.43822789192199707,-0.035390667617321014,0.24999500811100006,0.39276763796806335,-0.04695938900113106,0.19598297774791718,0.5474656820297241,-0.0041975718922913074,0.2090345025062561,0.4562537670135498,-0.015274572186172009,0.21523885428905487,0.3989518880844116,-0.03002047911286354,0.219972163438797,0.3494207262992859,-0.041320089250802994,0.16358698904514313,0.547271192073822,-0.005760703701525927,0.17328929901123047,0.46272552013397217,-0.018171831965446472,0.18170210719108582,0.41400790214538574,-0.028355609625577927,0.18875405192375183,0.3705188035964966,-0.03546852990984917,0.12822231650352478,0.5623600482940674,-0.010621263645589352,0.13569429516792297,0.4962524175643921,-0.022168245166540146,0.14352932572364807,0.45874038338661194,-0.026386305689811707,0.15181171894073486,0.4235404133796692,-0.028657514601945877,stop
0.582653820514679,0.3937896192073822,-0.8460848927497864,0.6119828820228577,0.3520961403846741,-0.7973725199699402,0.6248257756233215,0.3560542166233063,-0.7972997426986694,0.6391763091087341,0.360212504863739,-0.7972856760025024,0.5735916495323181,0.33830228447914124,-0.7828909754753113,0.5598746538162231,0.33298784494400024,-0.7825062870979309,0.5461055636405945,0.3280707597732544,-0.7828127145767212,0.663655161857605,0.382130891084671,-0.4189009666442871,0.5276792645454407,0.3484759032726288,-0.3420695960521698,0.6027389764785767,0.4552792012691498,-0.7066092491149902,0.5507451295852661,0.439710795879364,-0.685416042804718,0.7850543260574341,0.6592556834220886,-0.2041461020708084,0.38483935594558716,0.6519014835357666,-0.22828824818134308,0.882325291633606,0.9693812727928162,-0.21489553153514862,0.19178852438926697,0.8763496279716492,-0.8823792338371277,0.9270871877670288,1.3629660606384277,-0.4973691999912262,0.17150047421455383,0.7440608143806458,-2.044201612472534,0.9584900736808777,1.4673668146133423,-0.577318549156189,0.15748198330402374,0.6295477151870728,-2.254282236099243,0.9164000749588013,1.4463969469070435,-0.6153758764266968,0.20688235759735107,0.5733501315116882,-2.2452733516693115,0.8899876475334167,1.4175256490707397,-0.5284149050712585,0.2305961549282074,0.622666597366333,-2.074324369430542,0.6983681917190552,1.4456419944763184,-0.055487118661403656,0.40464162826538086,1.4243873357772827,0.05972782522439957,0.6738947033882141,2.05570387840271,0.11762497574090958,0.40786901116371155,2.0420844554901123,0.42290768027305603,0.6579946875572205,2.5976715087890625,0.7881041765213013,0.3770659267902374,2.572021245956421,1.1771726608276367,0.6553012132644653,2.6787374019622803,0.8218798637390137,0.36932867765426636,2.644444227218628,1.2456833124160767,0.6040159463882446,2.7686054706573486,0.2518022656440735,0.4051493704319,2.7603437900543213,0.6327627897262573,0,0,0,0,0,0,0,0,0,0,0,0,0,0,0,0,0,0,0,0,0,0,0,0,0,0,0,0,0,0,0,0,0,0,0,0,0,0,0,0,0,0,0,0,0,0,0,0,0,0,0,0,0,0,0,0,0,0,0,0,0,0,0,0.1404966115951538,0.771493673324585,3.1273552281163575e-07,0.2001911848783493,0.7517203688621521,-0.030598130077123642,0.25470858812332153,0.6931631565093994,-0.04018136486411095,0.2944040298461914,0.63199383020401,-0.047081440687179565,0.3251849412918091,0.5866528153419495,-0.052947748452425,0.22894243896007538,0.5695689916610718,-0.011700457893311977,0.2429766207933426,0.48879411816596985,-0.02550630085170269,0.24693307280540466,0.43814146518707275,-0.040217868983745575,0.2504658102989197,0.39212241768836975,-0.0517931766808033,0.1968318372964859,0.5494764447212219,-0.00824115239083767,0.20892207324504852,0.4581761360168457,-0.019722994416952133,0.21565094590187073,0.401231050491333,-0.034566011279821396,0.221546933054924,0.35195374488830566,-0.04632003977894783,0.1647169440984726,0.5492820739746094,-0.009111017920076847,0.17431536316871643,0.46539801359176636,-0.022141288965940475,0.18233232200145721,0.41585275530815125,-0.03306775540113449,0.18909060955047607,0.37209808826446533,-0.04099438339471817,0.13016337156295776,0.5636647939682007,-0.013304715976119041,0.1365746259689331,0.49791377782821655,-0.02581951394677162,0.14386509358882904,0.45902296900749207,-0.031188247725367546,0.151463583111763,0.42205730080604553,-0.0345437191426754,stop
0.5940693616867065,0.3939110338687897,-0.8489995002746582,0.6213047504425049,0.35252538323402405,-0.802841067314148,0.6342536807060242,0.3566129505634308,-0.8027374148368835,0.6482421159744263,0.36095717549324036,-0.8027626276016235,0.5826266407966614,0.33892524242401123,-0.7906032800674438,0.5682717561721802,0.3334369361400604,-0.790216326713562,0.5536643266677856,0.32807332277297974,-0.7904654145240784,0.6692718267440796,0.38294684886932373,-0.42297354340553284,0.5296740531921387,0.3473125100135803,-0.35651320219039917,0.61168372631073,0.45571306347846985,-0.707595944404602,0.5605074763298035,0.44110119342803955,-0.6887055039405823,0.7865400314331055,0.6608269810676575,-0.21154439449310303,0.38308119773864746,0.6509231925010681,-0.23111121356487274,0.8856110572814941,0.9696610569953918,-0.23467381298542023,0.1917242854833603,0.8804786205291748,-0.8692625164985657,0.935806155204773,1.3601868152618408,-0.5725773572921753,0.16979029774665833,0.7460334897041321,-2.02665376663208,0.9690508842468262,1.4637213945388794,-0.6777695417404175,0.15506988763809204,0.6330693960189819,-2.2392661571502686,0.9273589849472046,1.4428215026855469,-0.7332257628440857,0.2047041952610016,0.5784461498260498,-2.2315657138824463,0.9005341529846191,1.4151184558868408,-0.619029700756073,0.22890493273735046,0.6275408864021301,-2.057023763656616,0.7039249539375305,1.4428176879882812,-0.05042966455221176,0.40614452958106995,1.4246094226837158,0.054783035069704056,0.6797455549240112,2.0541272163391113,0.13782554864883423,0.40834012627601624,2.045355796813965,0.39490681886672974,0.6655560731887817,2.5973410606384277,0.8143258094787598,0.3895832598209381,2.5774223804473877,1.1089975833892822,0.665573000907898,2.678321361541748,0.8486965894699097,0.38083523511886597,2.6493589878082275,1.1719273328781128,0.614748477935791,2.770347833633423,0.2832932472229004,0.4246578812599182,2.768000841140747,0.5578616857528687,0,0,0,0,0,0,0,0,0,0,0,0,0,0,0,0,0,0,0,0,0,0,0,0,0,0,0,0,0,0,0,0,0,0,0,0,0,0,0,0,0,0,0,0,0,0,0,0,0,0,0,0,0,0,0,0,0,0,0,0,0,0,0,0.13629642128944397,0.771302342414856,3.275006861258589e-07,0.19800691306591034,0.7522825002670288,-0.030647486448287964,0.252972275018692,0.6942751407623291,-0.03986744582653046,0.2924579977989197,0.6327216029167175,-0.0464261956512928,0.3235660195350647,0.5879296064376831,-0.05194733664393425,0.22479575872421265,0.569993257522583,-0.01041598990559578,0.23849175870418549,0.4895201623439789,-0.024200379848480225,0.24222028255462646,0.4392758905887604,-0.0390368327498436,0.24550305306911469,0.39373767375946045,-0.05070233345031738,0.19173899292945862,0.5503073334693909,-0.007006123196333647,0.20400600135326385,0.45874422788619995,-0.018582575023174286,0.21071670949459076,0.40111246705055237,-0.03373802825808525,0.21634258329868317,0.3513666093349457,-0.04555278271436691,0.15846990048885345,0.5511260032653809,-0.00805678404867649,0.16741858422756195,0.4668729305267334,-0.021472739055752754,0.17568841576576233,0.41639697551727295,-0.03301083669066429,0.18298247456550598,0.3714714050292969,-0.04124513640999794,0.1226927638053894,0.5667709112167358,-0.01240058708935976,0.12877985835075378,0.5011651515960693,-0.025368396192789078,0.13570727407932281,0.46256914734840393,-0.031106725335121155,0.14318037033081055,0.42579448223114014,-0.034661777317523956,stop
0.5931482911109924,0.3942769765853882,-0.8461434245109558,0.6222883462905884,0.3526398539543152,-0.7980889081954956,0.6351377964019775,0.3567230999469757,-0.7979966402053833,0.6496105194091797,0.36102619767189026,-0.797989010810852,0.582564115524292,0.3394130766391754,-0.7860504984855652,0.5678600072860718,0.3341140151023865,-0.7856307625770569,0.5528095364570618,0.32878705859184265,-0.7859116792678833,0.6709389090538025,0.38307109475135803,-0.4171883463859558,0.5302342176437378,0.34702983498573303,-0.3452664315700531,0.6114400029182434,0.4564250111579895,-0.7023830413818359,0.559103786945343,0.4415643513202667,-0.6836686134338379,0.7899798154830933,0.6619386672973633,-0.2099713832139969,0.3845508396625519,0.6479711532592773,-0.22534027695655823,0.8894199132919312,0.9705721735954285,-0.22106178104877472,0.190827414393425,0.8831192851066589,-0.8623073697090149,0.9226310849189758,1.3561136722564697,-0.5451334714889526,0.16800639033317566,0.7468664646148682,-2.0343592166900635,0.9512711763381958,1.4635812044143677,-0.642568826675415,0.15362542867660522,0.6333321332931519,-2.252899646759033,0.9086337089538574,1.437733769416809,-0.6884219646453857,0.20365707576274872,0.5799949169158936,-2.2424120903015137,0.8830899000167847,1.4074846506118774,-0.5821265578269958,0.2292354851961136,0.6294676065444946,-2.0639424324035645,0.7042704820632935,1.4408296346664429,-0.053196437656879425,0.405118852853775,1.4234561920166016,0.05757088214159012,0.6807767748832703,2.051792621612549,0.13612177968025208,0.4080098271369934,2.0444517135620117,0.46511587500572205,0.669845461845398,2.5963027477264404,0.838654637336731,0.4008124768733978,2.5764994621276855,1.2712388038635254,0.6700698733329773,2.6782150268554688,0.8752511143684387,0.39433667063713074,2.648541212081909,1.344713568687439,0.6228797435760498,2.770735263824463,0.2842499613761902,0.4372897744178772,2.76708722114563,0.7129438519477844,0,0,0,0,0,0,0,0,0,0,0,0,0,0,0,0,0,0,0,0,0,0,0,0,0,0,0,0,0,0,0,0,0,0,0,0,0,0,0,0,0,0,0,0,0,0,0,0,0,0,0,0,0,0,0,0,0,0,0,0,0,0,0,0.1365090310573578,0.7761171460151672,3.184307786341378e-07,0.19838285446166992,0.7573776245117188,-0.031161222606897354,0.2528994083404541,0.69852215051651,-0.041116904467344284,0.29121026396751404,0.6365368962287903,-0.04835197702050209,0.3228527903556824,0.5907840132713318,-0.05450909212231636,0.2259233593940735,0.5730711817741394,-0.011788890697062016,0.23910751938819885,0.49190008640289307,-0.026164060458540916,0.24231413006782532,0.44152534008026123,-0.04114741459488869,0.24554280936717987,0.39600709080696106,-0.052894510328769684,0.19199687242507935,0.5537955164909363,-0.008360792882740498,0.20379887521266937,0.4619746804237366,-0.02060353010892868,0.2097254991531372,0.40492963790893555,-0.03575904667377472,0.21503369510173798,0.3553187847137451,-0.04743382707238197,0.1584685742855072,0.5548991560935974,-0.009361284784972668,0.1675252765417099,0.4705813527107239,-0.023353418335318565,0.17474332451820374,0.4205946922302246,-0.03442985936999321,0.18123069405555725,0.3758560121059418,-0.042166318744421005,0.12320788204669952,0.5713887810707092,-0.01367434486746788,0.1294918954372406,0.5058203339576721,-0.026867927983403206,0.13601520657539368,0.46752864122390747,-0.03227346017956734,0.14304539561271667,0.43089044094085693,-0.03544512763619423,stop
0.5912219285964966,0.39675429463386536,-0.8543145060539246,0.6233938336372375,0.35367414355278015,-0.8075779676437378,0.6363024711608887,0.35776737332344055,-0.8074852824211121,0.6509419083595276,0.36223363876342773,-0.8074769973754883,0.5814058780670166,0.3401232361793518,-0.7925940752029419,0.5662028193473816,0.3343559205532074,-0.7921224236488342,0.5511828660964966,0.3292689323425293,-0.7924173474311829,0.6735297441482544,0.38461509346961975,-0.4199533462524414,0.5306934714317322,0.3471914529800415,-0.3393611013889313,0.6106216907501221,0.460041344165802,-0.7081456780433655,0.5563256144523621,0.4450717568397522,-0.6858032941818237,0.7964972257614136,0.664068877696991,-0.21289706230163574,0.3844888210296631,0.648118793964386,-0.21444721519947052,0.8905780911445618,0.9745542407035828,-0.23206081986427307,0.19012372195720673,0.8853391408920288,-0.8481912612915039,0.9157912135124207,1.365513563156128,-0.5600675344467163,0.16760101914405823,0.7490747570991516,-2.0331075191497803,0.9443310499191284,1.4765775203704834,-0.6666668653488159,0.1527218073606491,0.6363423466682434,-2.253011703491211,0.9024468660354614,1.4489595890045166,-0.7114534378051758,0.2026716023683548,0.5807422995567322,-2.2403957843780518,0.8752108812332153,1.4164570569992065,-0.6009832620620728,0.2283100187778473,0.6310326457023621,-2.0626742839813232,0.7045825719833374,1.4410320520401,-0.054450929164886475,0.40441474318504333,1.4233205318450928,0.05874360725283623,0.6800424456596375,2.0541465282440186,0.15491417050361633,0.4066820740699768,2.046959400177002,0.5096535682678223,0.6694097518920898,2.5983309745788574,0.8830097317695618,0.40060171484947205,2.5802838802337646,1.344256043434143,0.6700794696807861,2.6803781986236572,0.9224235415458679,0.3946015536785126,2.6526710987091064,1.4203054904937744,0.622611403465271,2.7758657932281494,0.32127729058265686,0.4365413188934326,2.7728006839752197,0.7811196446418762,0,0,0,0,0,0,0,0,0,0,0,0,0,0,0,0,0,0,0,0,0,0,0,0,0,0,0,0,0,0,0,0,0,0,0,0,0,0,0,0,0,0,0,0,0,0,0,0,0,0,0,0,0,0,0,0,0,0,0,0,0,0,0,0.13517844676971436,0.7763323783874512,3.267074930590752e-07,0.19712291657924652,0.7584455013275146,-0.030664442107081413,0.2526586651802063,0.699448823928833,-0.04018482193350792,0.29166385531425476,0.6375870704650879,-0.04701589420437813,0.3223873972892761,0.5916751027107239,-0.05278034880757332,0.22523243725299835,0.5734432935714722,-0.01174343191087246,0.23866716027259827,0.49172985553741455,-0.025862200185656548,0.24218082427978516,0.4406690001487732,-0.040483396500349045,0.24555249512195587,0.3953095078468323,-0.05181187391281128,0.19160519540309906,0.5542887449264526,-0.008365197107195854,0.2037472426891327,0.4623214304447174,-0.020112348720431328,0.21003717184066772,0.4048095643520355,-0.03477663919329643,0.2155001163482666,0.3554769456386566,-0.04608510807156563,0.15816351771354675,0.5552499890327454,-0.009368921630084515,0.16754381358623505,0.47105610370635986,-0.022747252136468887,0.17484422028064728,0.4203534424304962,-0.033450499176979065,0.181223064661026,0.37546229362487793,-0.04096619039773941,0.12252103537321091,0.5714252591133118,-0.013686335645616055,0.12916983664035797,0.5060237646102905,-0.026362499222159386,0.13600552082061768,0.46716827154159546,-0.03153718262910843,0.14314496517181396,0.4300993084907532,-0.03454621508717537,stop
0.588974118232727,0.39943990111351013,-0.8461967706680298,0.6222118139266968,0.35478734970092773,-0.7998119592666626,0.6348064541816711,0.35904282331466675,-0.7997252941131592,0.6484307050704956,0.36378708481788635,-0.7997115850448608,0.5797497034072876,0.34090444445610046,-0.7841838002204895,0.5644525289535522,0.3349325358867645,-0.7837374806404114,0.5497936606407166,0.3294728696346283,-0.7840343713760376,0.6717154383659363,0.38608360290527344,-0.4188079833984375,0.530685305595398,0.3476514518260956,-0.33532899618148804,0.6091670989990234,0.4643932282924652,-0.7025824189186096,0.5540454983711243,0.449319064617157,-0.6804162263870239,0.7938903570175171,0.6663514375686646,-0.21613717079162598,0.3878634572029114,0.6483051776885986,-0.21088293194770813,0.8908106088638306,0.9747554659843445,-0.238511323928833,0.19201317429542542,0.8866796493530273,-0.8357839584350586,0.9147725105285645,1.3693891763687134,-0.5680583119392395,0.1664450615644455,0.7500333189964294,-2.005906343460083,0.9419251680374146,1.4777370691299438,-0.677969753742218,0.1521003097295761,0.6378434300422668,-2.219942331314087,0.898023247718811,1.452886939048767,-0.7213908433914185,0.2019180953502655,0.5825897455215454,-2.2107796669006348,0.8724877238273621,1.4220750331878662,-0.6107491254806519,0.2275453507900238,0.6325395703315735,-2.036156177520752,0.7042095065116882,1.440616250038147,-0.061689116060733795,0.40338701009750366,1.4226571321487427,0.06617346405982971,0.6728898286819458,2.0544350147247314,0.12251998484134674,0.3984845280647278,2.0454156398773193,0.47283512353897095,0.656093955039978,2.597940683364868,0.8058835864067078,0.38800087571144104,2.578773021697998,1.2417690753936768,0.6572365164756775,2.678762674331665,0.8406623005867004,0.3816736042499542,2.6508562564849854,1.3109025955200195,0.6056519150733948,2.774334669113159,0.2521178722381592,0.41873717308044434,2.770066976547241,0.6850276589393616,0,0,0,0,0,0,0,0,0,0,0,0,0,0,0,0,0,0,0,0,0,0,0,0,0,0,0,0,0,0,0,0,0,0,0,0,0,0,0,0,0,0,0,0,0,0,0,0,0,0,0,0,0,0,0,0,0,0,0,0,0,0,0,0.1420809030532837,0.7853356599807739,3.06413880934997e-07,0.2020668238401413,0.7664636373519897,-0.031878512352705,0.2548104226589203,0.7061478495597839,-0.04206292703747749,0.29377856850624084,0.642876923084259,-0.049380213022232056,0.32572078704833984,0.5971680879592896,-0.05559882894158363,0.22812005877494812,0.579796314239502,-0.0130309434607625,0.24067915976047516,0.49837982654571533,-0.027335068210959435,0.24338647723197937,0.44748836755752563,-0.042366813868284225,0.2458621710538864,0.4012022614479065,-0.05428433418273926,0.19446317851543427,0.5603902339935303,-0.00927735771983862,0.20588038861751556,0.46830159425735474,-0.02145814709365368,0.21127386391162872,0.4105079174041748,-0.03660569339990616,0.2159343659877777,0.3593869209289551,-0.04844066500663757,0.16140088438987732,0.5617415904998779,-0.009913234040141106,0.17050178349018097,0.4772661328315735,-0.02375227026641369,0.17735706269741058,0.42694562673568726,-0.03499532863497734,0.18313424289226532,0.38149452209472656,-0.04302027449011803,0.1268511861562729,0.5787273645401001,-0.013934031128883362,0.13266509771347046,0.5128454566001892,-0.027013402432203293,0.13862553238868713,0.47431671619415283,-0.032575394958257675,0.14497613906860352,0.43764394521713257,-0.036015238612890244,stop
0.585157036781311,0.4009261727333069,-0.8173627853393555,0.6194334626197815,0.35517680644989014,-0.7807849645614624,0.6328436136245728,0.3594852089881897,-0.7806903719902039,0.6457560658454895,0.3642919361591339,-0.7807386517524719,0.5767306089401245,0.34109121561050415,-0.7583705186843872,0.561997652053833,0.3351507782936096,-0.7578818798065186,0.5480058789253235,0.32967308163642883,-0.7581144571304321,0.6691538691520691,0.3869829773902893,-0.41715359687805176,0.5316104888916016,0.3478541076183319,-0.3095899224281311,0.6059741377830505,0.46664223074913025,-0.6833013296127319,0.5508247017860413,0.4520482122898102,-0.6508153080940247,0.7906188368797302,0.6687586903572083,-0.22891724109649658,0.39008796215057373,0.648345410823822,-0.17775551974773407,0.8900090456008911,0.9755687117576599,-0.270752489566803,0.1927303969860077,0.8872392177581787,-0.8190473318099976,0.9034143686294556,1.3672324419021606,-0.5719870924949646,0.16588306427001953,0.7614559531211853,-1.9969695806503296,0.9242602586746216,1.476704478263855,-0.6762262582778931,0.15347716212272644,0.6465563178062439,-2.206535816192627,0.8794878721237183,1.4494165182113647,-0.7142043113708496,0.20196998119354248,0.5913423895835876,-2.1989316940307617,0.8572500348091125,1.4176992177963257,-0.6083194613456726,0.22699721157550812,0.6373351216316223,-2.0278923511505127,0.695766806602478,1.4400619268417358,-0.07544475793838501,0.3988424837589264,1.421065092086792,0.07964502274990082,0.659253716468811,2.055000066757202,0.08102094382047653,0.39112216234207153,2.044314384460449,0.4946107864379883,0.6374162435531616,2.600938320159912,0.7428156137466431,0.37614473700523376,2.5796072483062744,1.2662179470062256,0.6387845277786255,2.6791911125183105,0.7750000953674316,0.3691416382789612,2.650420665740967,1.3362033367156982,0.5871502161026001,2.7779579162597656,0.18514201045036316,0.4004901051521301,2.770817995071411,0.7161746621131897,0,0,0,0,0,0,0,0,0,0,0,0,0,0,0,0,0,0,0,0,0,0,0,0,0,0,0,0,0,0,0,0,0,0,0,0,0,0,0,0,0,0,0,0,0,0,0,0,0,0,0,0,0,0,0,0,0,0,0,0,0,0,0,0.14317673444747925,0.7923339605331421,3.211104626643646e-07,0.2041262984275818,0.7742705345153809,-0.03544911369681358,0.25932827591896057,0.7160876393318176,-0.04672965779900551,0.2996622323989868,0.6525567173957825,-0.0542941577732563,0.3311012089252472,0.603723406791687,-0.060527630150318146,0.23290550708770752,0.5876700282096863,-0.014490106143057346,0.24598151445388794,0.5059146881103516,-0.028548764064908028,0.24833425879478455,0.45399969816207886,-0.044066328555345535,0.2502376139163971,0.4057793915271759,-0.0564909428358078,0.20039772987365723,0.5672939419746399,-0.008328799158334732,0.2117987871170044,0.47643759846687317,-0.019995922222733498,0.216426819562912,0.4179697632789612,-0.035754237323999405,0.22015051543712616,0.3665198087692261,-0.04841180145740509,0.16820448637008667,0.567168116569519,-0.006866802461445332,0.17837296426296234,0.4833303689956665,-0.02000577561557293,0.18520382046699524,0.4334017038345337,-0.03181977570056915,0.19046585261821747,0.38891565799713135,-0.040474798530340195,0.13400888442993164,0.5817006826400757,-0.009166589006781578,0.1411363035440445,0.5158894062042236,-0.02192593179643154,0.14848126471042633,0.47619694471359253,-0.02823670022189617,0.15615150332450867,0.43804964423179626,-0.03236062824726105,stop
0.5855686068534851,0.4016188681125641,-0.8173030018806458,0.6207562685012817,0.3553315997123718,-0.7803612947463989,0.6344825625419617,0.35962191224098206,-0.7802723050117493,0.6470891833305359,0.36441853642463684,-0.7803174257278442,0.5772625207901001,0.3411622643470764,-0.7582575082778931,0.5627013444900513,0.33527666330337524,-0.7577645182609558,0.5486398935317993,0.3298630714416504,-0.7579917907714844,0.6705304384231567,0.38705793023109436,-0.42123308777809143,0.5309356451034546,0.34779343008995056,-0.3100114166736603,0.6069660782814026,0.4677504301071167,-0.6831801533699036,0.5512356758117676,0.4536081850528717,-0.6508032083511353,0.7897186875343323,0.6706732511520386,-0.24062328040599823,0.39058417081832886,0.6484031081199646,-0.17132797837257385,0.8875397443771362,0.9782982468605042,-0.29533764719963074,0.19590163230895996,0.8879044651985168,-0.7770598530769348,0.8887994885444641,1.3678936958312988,-0.5991706252098083,0.16596302390098572,0.76515793800354,-1.9498097896575928,0.9069501161575317,1.4759093523025513,-0.7051756978034973,0.1541520208120346,0.6495752334594727,-2.157606363296509,0.8616582751274109,1.4474328756332397,-0.7382990717887878,0.20224282145500183,0.594165027141571,-2.1565370559692383,0.8410986065864563,1.4152312278747559,-0.6315965056419373,0.22683629393577576,0.6377065181732178,-1.9828665256500244,0.6912671327590942,1.4399605989456177,-0.07826154679059982,0.3965556025505066,1.4164466857910156,0.08246652781963348,0.6510075330734253,2.054565191268921,0.06831224262714386,0.38458573818206787,2.0440335273742676,0.46387290954589844,0.6267281770706177,2.601235866546631,0.7378736734390259,0.3676767945289612,2.579113483428955,1.1864478588104248,0.6286981701850891,2.678582191467285,0.770874559879303,0.3604357838630676,2.649650812149048,1.2502473592758179,0.574722409248352,2.7781901359558105,0.17988722026348114,0.3904033303260803,2.770084857940674,0.6339389085769653,0,0,0,0,0,0,0,0,0,0,0,0,0,0,0,0,0,0,0,0,0,0,0,0,0,0,0,0,0,0,0,0,0,0,0,0,0,0,0,0,0,0,0,0,0,0,0,0,0,0,0,0,0,0,0,0,0,0,0,0,0,0,0,0.14514920115470886,0.7923458218574524,3.3184912240358244e-07,0.2065630853176117,0.7721202969551086,-0.03131134435534477,0.26249536871910095,0.7130531668663025,-0.04088788107037544,0.30184412002563477,0.6501258015632629,-0.04767988994717598,0.3326690196990967,0.6042004227638245,-0.05341712385416031,0.232743501663208,0.5887313485145569,-0.011152769438922405,0.24690087139606476,0.5079265832901001,-0.025088828057050705,0.2505183815956116,0.4567926526069641,-0.04012541472911835,0.25351327657699585,0.41026774048805237,-0.05194279924035072,0.1996838003396988,0.5683259963989258,-0.00725899264216423,0.21224051713943481,0.4769957363605499,-0.019041281193494797,0.21861521899700165,0.41884544491767883,-0.03467826172709465,0.22391146421432495,0.3681541085243225,-0.04691966250538826,0.16684572398662567,0.5686220526695251,-0.007754383143037558,0.1761145144701004,0.48512107133865356,-0.021017419174313545,0.18411442637443542,0.4347374141216278,-0.03265514224767685,0.19077569246292114,0.3902187943458557,-0.041042961180210114,0.13167208433151245,0.5840316414833069,-0.01160163339227438,0.1378042995929718,0.5182645320892334,-0.024315426126122475,0.14503160119056702,0.47931647300720215,-0.0300745889544487,0.152736634016037,0.44230103492736816,-0.03366822004318237,stop
0.5835899710655212,0.4019688069820404,-0.8148504495620728,0.6187371015548706,0.355390727519989,-0.7791756987571716,0.6331835985183716,0.35963937640190125,-0.7790822386741638,0.6457427144050598,0.36441996693611145,-0.7791450619697571,0.5751129388809204,0.3414746820926666,-0.7570378184318542,0.5605920553207397,0.3357241749763489,-0.7565411329269409,0.5465627908706665,0.33032891154289246,-0.7567557692527771,0.6696230173110962,0.3871917724609375,-0.41964811086654663,0.5301031470298767,0.3476799726486206,-0.3098619878292084,0.6050528883934021,0.46914833784103394,-0.6810076236724854,0.5496799945831299,0.4551946222782135,-0.6488364338874817,0.7889514565467834,0.6710442900657654,-0.23710772395133972,0.39006954431533813,0.6485185027122498,-0.17371782660484314,0.8874101638793945,0.9786735773086548,-0.2790502905845642,0.1956808716058731,0.8875771164894104,-0.790827751159668,0.8904455900192261,1.3711447715759277,-0.5602705478668213,0.16712257266044617,0.7623539566993713,-1.96482253074646,0.9095013737678528,1.4808063507080078,-0.6568389534950256,0.15525564551353455,0.6493567228317261,-2.17425799369812,0.8641704320907593,1.4543074369430542,-0.6887099742889404,0.20380067825317383,0.5946452021598816,-2.1696605682373047,0.8430752754211426,1.4220449924468994,-0.589928388595581,0.22878560423851013,0.6385830640792847,-1.9954229593276978,0.6911602020263672,1.4394944906234741,-0.07807283103466034,0.3964521288871765,1.4161683320999146,0.08225245773792267,0.6516420841217041,2.0555388927459717,0.06359797716140747,0.3847673833370209,2.0445966720581055,0.44961079955101013,0.6292275190353394,2.604714870452881,0.7145202159881592,0.3680209815502167,2.5831010341644287,1.1733787059783936,0.6315927505493164,2.681790828704834,0.7451039552688599,0.36116471886634827,2.652595281600952,1.2381858825683594,0.5784223675727844,2.7837016582489014,0.15752851963043213,0.3922901749610901,2.7767980098724365,0.6169938445091248,0,0,0,0,0,0,0,0,0,0,0,0,0,0,0,0,0,0,0,0,0,0,0,0,0,0,0,0,0,0,0,0,0,0,0,0,0,0,0,0,0,0,0,0,0,0,0,0,0,0,0,0,0,0,0,0,0,0,0,0,0,0,0,0.14473843574523926,0.7886543273925781,3.2974085684145393e-07,0.20611588656902313,0.7687330842018127,-0.03120538778603077,0.26194876432418823,0.7086493968963623,-0.04060583561658859,0.3009752929210663,0.6459395885467529,-0.047202784568071365,0.33143436908721924,0.6005597710609436,-0.05277257040143013,0.2331094592809677,0.584626317024231,-0.011620210483670235,0.2457062005996704,0.5041989088058472,-0.02538546919822693,0.24902595579624176,0.4533236026763916,-0.040273427963256836,0.25192371010780334,0.40702301263809204,-0.05196496099233627,0.20005470514297485,0.5646188259124756,-0.007762264925986528,0.21144945919513702,0.473899245262146,-0.019215745851397514,0.21775519847869873,0.4160751700401306,-0.034319568425416946,0.22323736548423767,0.36541610956192017,-0.046136219054460526,0.16720932722091675,0.5650618672370911,-0.008289242163300514,0.1758616715669632,0.4826006293296814,-0.021259035915136337,0.18346117436885834,0.4326936602592468,-0.032427042722702026,0.1899634599685669,0.3880040645599365,-0.04038785398006439,0.13172194361686707,0.5806289911270142,-0.012213467620313168,0.1379823386669159,0.5147526860237122,-0.02474384941160679,0.14493823051452637,0.4758661389350891,-0.030215444043278694,0.1522180736064911,0.43872663378715515,-0.033502619713544846,stop
0.5822812914848328,0.4022672772407532,-0.8383854627609253,0.6176219582557678,0.35543736815452576,-0.8016777038574219,0.6325216293334961,0.3596416115760803,-0.8015346527099609,0.6449482440948486,0.3644024729728699,-0.8015655279159546,0.5736942887306213,0.34171754121780396,-0.779044508934021,0.5591901540756226,0.33606547117233276,-0.7785406708717346,0.5451868176460266,0.3306921422481537,-0.7787429094314575,0.6689401865005493,0.38721978664398193,-0.43537792563438416,0.5295416116714478,0.3474033772945404,-0.3198680579662323,0.6038616895675659,0.4696715474128723,-0.7009294033050537,0.548594057559967,0.45580849051475525,-0.6675302386283875,0.7882760763168335,0.6717194318771362,-0.23796729743480682,0.3898976147174835,0.6478779911994934,-0.19005879759788513,0.8871909976005554,0.9788236618041992,-0.27862975001335144,0.19532029330730438,0.8855653405189514,-0.8421538472175598,0.8905121088027954,1.3679660558700562,-0.5614184141159058,0.1668933928012848,0.7607764601707458,-2.0541250705718994,0.9095872044563293,1.4781320095062256,-0.6565826535224915,0.15620547533035278,0.6489139795303345,-2.2740843296051025,0.8642749786376953,1.4510471820831299,-0.6886711716651917,0.2048284262418747,0.5953178405761719,-2.267615795135498,0.8431192636489868,1.418900728225708,-0.5904871225357056,0.2293197214603424,0.6388289332389832,-2.084834575653076,0.6896301507949829,1.4393956661224365,-0.07722093164920807,0.3942949175834656,1.4140372276306152,0.08134819567203522,0.650883138179779,2.0550577640533447,0.09962552040815353,0.3844204545021057,2.044138193130493,0.4883810579776764,0.6299501657485962,2.603862762451172,0.7662119269371033,0.36909741163253784,2.582772731781006,1.2790777683258057,0.6322478652000427,2.6811201572418213,0.7982200384140015,0.36239317059516907,2.6523284912109375,1.3503522872924805,0.5798500776290894,2.782292366027832,0.19956037402153015,0.3942423164844513,2.776528835296631,0.7133171558380127,0,0,0,0,0,0,0,0,0,0,0,0,0,0,0,0,0,0,0,0,0,0,0,0,0,0,0,0,0,0,0,0,0,0,0,0,0,0,0,0,0,0,0,0,0,0,0,0,0,0,0,0,0,0,0,0,0,0,0,0,0,0,0,0.14308381080627441,0.784234881401062,3.375143364792166e-07,0.20537056028842926,0.7647170424461365,-0.029921848326921463,0.25996720790863037,0.7044392824172974,-0.03838294371962547,0.29883819818496704,0.6420689821243286,-0.04420643299818039,0.32876864075660706,0.5982850193977356,-0.04896380007266998,0.23017418384552002,0.5813594460487366,-0.010554816573858261,0.24351894855499268,0.49992215633392334,-0.023665089160203934,0.24714796245098114,0.4492267966270447,-0.03764045983552933,0.25002866983413696,0.4042143225669861,-0.048520274460315704,0.19649524986743927,0.5618067979812622,-0.007037440314888954,0.2080640196800232,0.46934637427330017,-0.017893526703119278,0.21451891958713531,0.4116807281970978,-0.0320911668241024,0.21973048150539398,0.36252665519714355,-0.04302648454904556,0.16308477520942688,0.5628066062927246,-0.007807450834661722,0.1715116947889328,0.47873544692993164,-0.02020784094929695,0.179728165268898,0.4285162091255188,-0.030883455649018288,0.1869819462299347,0.3842121362686157,-0.038477543741464615,0.12722814083099365,0.5791716575622559,-0.011857961304485798,0.13284900784492493,0.5141962766647339,-0.02376667968928814,0.13936682045459747,0.4761098325252533,-0.028741082176566124,0.14633063971996307,0.44039392471313477,-0.031671661883592606,stop
0.5815772414207458,0.4029293954372406,-0.8441314697265625,0.6174160838127136,0.35551828145980835,-0.8063443303108215,0.6327226161956787,0.3597058951854706,-0.806186854839325,0.6449572443962097,0.36445873975753784,-0.8062021136283875,0.5729137063026428,0.34184011816978455,-0.7849640846252441,0.5584207773208618,0.33626967668533325,-0.7844544053077698,0.5444616675376892,0.3309742510318756,-0.784653902053833,0.6689993739128113,0.3873025178909302,-0.43719395995140076,0.5292559266090393,0.3471256196498871,-0.325869619846344,0.6032345294952393,0.4703359603881836,-0.7053244709968567,0.5477083921432495,0.4566248059272766,-0.6735085248947144,0.7877872586250305,0.6721451878547668,-0.23524808883666992,0.3895816206932068,0.64713054895401,-0.20222583413124084,0.8868581056594849,0.9787474274635315,-0.26937276124954224,0.19498082995414734,0.8835459351539612,-0.8622355461120605,0.8904216885566711,1.3647972345352173,-0.5448793172836304,0.16682752966880798,0.7599719166755676,-2.065359354019165,0.9093223810195923,1.4742424488067627,-0.6368456482887268,0.1567171812057495,0.6480821371078491,-2.2849173545837402,0.8642767071723938,1.4470080137252808,-0.6707178354263306,0.20578277111053467,0.595440685749054,-2.2784736156463623,0.8431375622749329,1.4151685237884521,-0.5740911364555359,0.23006996512413025,0.6393373012542725,-2.0961220264434814,0.6880927085876465,1.4388190507888794,-0.07468299567699432,0.39256712794303894,1.4115259647369385,0.07874900847673416,0.6504491567611694,2.0548555850982666,0.11091450601816177,0.38429102301597595,2.043708562850952,0.47529274225234985,0.6306104063987732,2.6035051345825195,0.7715522646903992,0.3698008358478546,2.582275629043579,1.2432364225387573,0.6329823136329651,2.6808595657348633,0.8029425740242004,0.3631133437156677,2.6519052982330322,1.3118205070495605,0.580926775932312,2.7812411785125732,0.20676736533641815,0.39532390236854553,2.7756195068359375,0.676803708076477,0,0,0,0,0,0,0,0,0,0,0,0,0,0,0,0,0,0,0,0,0,0,0,0,0,0,0,0,0,0,0,0,0,0,0,0,0,0,0,0,0,0,0,0,0,0,0,0,0,0,0,0,0,0,0,0,0,0,0,0,0,0,0,0.14092883467674255,0.783690869808197,3.346389974012709e-07,0.20322883129119873,0.7649699449539185,-0.03166990727186203,0.2584401071071625,0.7056986093521118,-0.04152640700340271,0.2978789508342743,0.6432756781578064,-0.04849804565310478,0.3285900950431824,0.5973930358886719,-0.05441262945532799,0.23005223274230957,0.5821322202682495,-0.012380811385810375,0.24272547662258148,0.500397801399231,-0.02633574977517128,0.24593272805213928,0.44931817054748535,-0.041196953505277634,0.24940212070941925,0.40306007862091064,-0.05296926572918892,0.19675491750240326,0.5627391934394836,-0.008445787243545055,0.20809891819953918,0.470498263835907,-0.020304834470152855,0.21458730101585388,0.4123319983482361,-0.03586620092391968,0.22084540128707886,0.3615020513534546,-0.04816315323114395,0.1635436713695526,0.5636723637580872,-0.008889174088835716,0.17219774425029755,0.47989410161972046,-0.022521790117025375,0.17980796098709106,0.42901140451431274,-0.03449632599949837,0.18672394752502441,0.3840092420578003,-0.04314907640218735,0.12824082374572754,0.5795652866363525,-0.012681740336120129,0.13401158154010773,0.5145479440689087,-0.02572835609316826,0.1406015157699585,0.4759652614593506,-0.03184717521071434,0.1477542221546173,0.43915390968322754,-0.03580624982714653,stop
0.5795814990997314,0.4029932916164398,-0.8100035786628723,0.6167435646057129,0.3555595278739929,-0.7752929925918579,0.6317782402038574,0.3597193658351898,-0.7750676274299622,0.6441112160682678,0.36446693539619446,-0.7750517129898071,0.5727865099906921,0.342017263174057,-0.7540215849876404,0.5579903721809387,0.33650434017181396,-0.753512978553772,0.5439125895500183,0.33120229840278625,-0.7537194490432739,0.668195903301239,0.387695848941803,-0.42561769485473633,0.5295299887657166,0.3471701443195343,-0.31469160318374634,0.6005760431289673,0.47131097316741943,-0.678633451461792,0.5451067686080933,0.4571315050125122,-0.6472187042236328,0.787612795829773,0.6724498867988586,-0.2255602329969406,0.3893817067146301,0.6466127634048462,-0.20160189270973206,0.8852728605270386,0.978574812412262,-0.26198822259902954,0.19474107027053833,0.8804532289505005,-0.8562443852424622,0.8903478384017944,1.368514895439148,-0.5229086875915527,0.16714918613433838,0.7587419748306274,-2.0569825172424316,0.9093693494796753,1.4789108037948608,-0.6059743165969849,0.1569654941558838,0.6468123197555542,-2.2629036903381348,0.8644275665283203,1.4531224966049194,-0.6372030973434448,0.2059374749660492,0.5957295298576355,-2.248823642730713,0.8432291746139526,1.4208332300186157,-0.5509289503097534,0.23057714104652405,0.6398841142654419,-2.081688642501831,0.686093807220459,1.4390021562576294,-0.06853647530078888,0.39082515239715576,1.4114960432052612,0.07268275320529938,0.649260401725769,2.0556344985961914,0.08174458146095276,0.3831569254398346,2.0433037281036377,0.38931673765182495,0.629218339920044,2.604459524154663,0.6710317134857178,0.3677220940589905,2.582092523574829,1.0518529415130615,0.6318585872650146,2.681755781173706,0.6954129934310913,0.3600529730319977,2.6517281532287598,1.1095768213272095,0.5797185301780701,2.7812812328338623,0.12412190437316895,0.39371761679649353,2.7751269340515137,0.4960300326347351,0,0,0,0,0,0,0,0,0,0,0,0,0,0,0,0,0,0,0,0,0,0,0,0,0,0,0,0,0,0,0,0,0,0,0,0,0,0,0,0,0,0,0,0,0,0,0,0,0,0,0,0,0,0,0,0,0,0,0,0,0,0,0,0.142903670668602,0.7859073877334595,3.479729286937072e-07,0.20483258366584778,0.764036238193512,-0.03066234290599823,0.25914502143859863,0.7042840719223022,-0.04007451981306076,0.29808124899864197,0.6425656080245972,-0.04685626178979874,0.3279227018356323,0.596788763999939,-0.05255845561623573,0.228773832321167,0.5806959271430969,-0.010424877516925335,0.24234023690223694,0.49980708956718445,-0.024132955819368362,0.24609772861003876,0.4492899477481842,-0.03898866847157478,0.24934157729148865,0.4034629464149475,-0.05060466378927231,0.19550254940986633,0.5617523789405823,-0.006942866835743189,0.2077590972185135,0.46990928053855896,-0.018480919301509857,0.21452400088310242,0.41212981939315796,-0.033656131476163864,0.2201330065727234,0.3621004819869995,-0.04538382962346077,0.16236571967601776,0.563351035118103,-0.007866811007261276,0.17133530974388123,0.47897595167160034,-0.020719138905405998,0.1796354055404663,0.42818889021873474,-0.031870581209659576,0.18699581921100616,0.38324183225631714,-0.03985852003097534,0.12682348489761353,0.5798177719116211,-0.012136124074459076,0.13229310512542725,0.5142605304718018,-0.024321289733052254,0.13934336602687836,0.47486668825149536,-0.029609952121973038,0.14729882776737213,0.4375085234642029,-0.03285150229930878,stop
0.5768510103225708,0.40354710817337036,-0.8112603425979614,0.6162592768669128,0.3555861711502075,-0.7784263491630554,0.6314271688461304,0.3597675859928131,-0.7782014012336731,0.6435684561729431,0.36449727416038513,-0.7782118320465088,0.571566104888916,0.342140257358551,-0.7560347318649292,0.5572282075881958,0.3366844952106476,-0.7555329203605652,0.5433157682418823,0.33138200640678406,-0.7557404637336731,0.6675869226455688,0.3877893388271332,-0.4279536306858063,0.5293526649475098,0.3471122086048126,-0.31456679105758667,0.5977105498313904,0.47289323806762695,-0.6796894073486328,0.542556643486023,0.45851075649261475,-0.6475681066513062,0.7873599529266357,0.671998143196106,-0.2289309948682785,0.38928961753845215,0.6462889313697815,-0.2003205269575119,0.8868940472602844,0.9778730869293213,-0.2741026282310486,0.19438430666923523,0.8789093494415283,-0.861112117767334,0.8951034545898438,1.3667519092559814,-0.5409876108169556,0.16802045702934265,0.7578223347663879,-2.056727886199951,0.9140728712081909,1.4776623249053955,-0.6276000738143921,0.15761053562164307,0.6449629664421082,-2.2671287059783936,0.8686801195144653,1.4509490728378296,-0.6539734601974487,0.20746779441833496,0.5959571003913879,-2.2542970180511475,0.8475335240364075,1.4190818071365356,-0.5664613842964172,0.23298338055610657,0.6403157711029053,-2.0836050510406494,0.6870488524436951,1.441290020942688,-0.06948696076869965,0.3909127116203308,1.4139010906219482,0.07364314794540405,0.6504488587379456,2.0598511695861816,0.08363214135169983,0.38322344422340393,2.047086477279663,0.47731131315231323,0.6303435564041138,2.6097075939178467,0.6948992013931274,0.3682738244533539,2.5883941650390625,1.2392470836639404,0.6331124901771545,2.6875863075256348,0.7231274843215942,0.36071810126304626,2.658233404159546,1.3087998628616333,0.5806010961532593,2.7884671688079834,0.1494787037372589,0.3943842947483063,2.7843306064605713,0.6934716701507568,0,0,0,0,0,0,0,0,0,0,0,0,0,0,0,0,0,0,0,0,0,0,0,0,0,0,0,0,0,0,0,0,0,0,0,0,0,0,0,0,0,0,0,0,0,0,0,0,0,0,0,0,0,0,0,0,0,0,0,0,0,0,0,0.14145463705062866,0.7854822874069214,3.2683792028365133e-07,0.20295462012290955,0.7656794786453247,-0.031418025493621826,0.2577379047870636,0.7057619094848633,-0.04147745668888092,0.2971649169921875,0.6437108516693115,-0.048807986080646515,0.3280003070831299,0.5970182418823242,-0.055113304406404495,0.23039862513542175,0.5822252035140991,-0.012278196401894093,0.24312566220760345,0.5013460516929626,-0.026406023651361465,0.2459592968225479,0.45062243938446045,-0.041408706456422806,0.24888698756694794,0.404343843460083,-0.053276002407073975,0.19711022078990936,0.563400149345398,-0.008778196759521961,0.20870137214660645,0.47190922498703003,-0.020727945491671562,0.2149021476507187,0.41376861929893494,-0.03622222691774368,0.22057560086250305,0.36288440227508545,-0.04845306649804115,0.16406342387199402,0.5649973750114441,-0.009679078124463558,0.1735628992319107,0.4809815585613251,-0.023241780698299408,0.1811184585094452,0.4299580752849579,-0.034782543778419495,0.18765288591384888,0.3843688368797302,-0.04312397912144661,0.12899595499038696,0.581479549407959,-0.013943053781986237,0.13528695702552795,0.5156183838844299,-0.026953458786010742,0.1419307142496109,0.47565147280693054,-0.03278200700879097,0.14890754222869873,0.437118798494339,-0.03647925332188606,stop
0.5749981999397278,0.40391236543655396,-0.8143352270126343,0.61590576171875,0.35561099648475647,-0.7829947471618652,0.631094753742218,0.3597981631755829,-0.7827740907669067,0.64312744140625,0.36451801657676697,-0.7828010320663452,0.5706266164779663,0.34225890040397644,-0.7597419023513794,0.5566189289093018,0.33684030175209045,-0.7592555284500122,0.5428337454795837,0.33152148127555847,-0.7594629526138306,0.6671484112739563,0.38786378502845764,-0.4323299825191498,0.5292450189590454,0.34701377153396606,-0.31513500213623047,0.595788836479187,0.47396066784858704,-0.6823333501815796,0.5407795310020447,0.4593702256679535,-0.6486251354217529,0.7871379852294922,0.6714340448379517,-0.23191308975219727,0.38923633098602295,0.6458742022514343,-0.19941911101341248,0.8880724906921387,0.9767312407493591,-0.2790343761444092,0.19413629174232483,0.878004252910614,-0.8603561520576477,0.9001210331916809,1.3652006387710571,-0.5519134998321533,0.1686520129442215,0.7564229965209961,-2.0542538166046143,0.919552206993103,1.4752775430679321,-0.6406258940696716,0.1580154299736023,0.6432685256004333,-2.266157627105713,0.8741013407707214,1.4483680725097656,-0.666519820690155,0.20844097435474396,0.5960666537284851,-2.2536582946777344,0.8527641296386719,1.4168838262557983,-0.5769728422164917,0.2344924509525299,0.6406965255737305,-2.081726312637329,0.6875133514404297,1.4420621395111084,-0.06987447291612625,0.39094632863998413,1.4147647619247437,0.0740298479795456,0.6509326696395874,2.061728000640869,0.08588854223489761,0.3832736611366272,2.048713207244873,0.4983380436897278,0.6305733323097229,2.61230731010437,0.7122573256492615,0.3687622547149658,2.591585874557495,1.2741763591766357,0.6333483457565308,2.6903631687164307,0.7426448464393616,0.36131662130355835,2.6614134311676025,1.344756007194519,0.5808688402175903,2.791665554046631,0.16601094603538513,0.39498502016067505,2.788344144821167,0.7266691327095032,0,0,0,0,0,0,0,0,0,0,0,0,0,0,0,0,0,0,0,0,0,0,0,0,0,0,0,0,0,0,0,0,0,0,0,0,0,0,0,0,0,0,0,0,0,0,0,0,0,0,0,0,0,0,0,0,0,0,0,0,0,0,0,0.14211764931678772,0.7851223349571228,3.3784596098485054e-07,0.20337726175785065,0.7654503583908081,-0.031695131212472916,0.25792476534843445,0.7062910795211792,-0.04153501242399216,0.29726728796958923,0.6444594860076904,-0.04857971519231796,0.32839497923851013,0.5983233451843262,-0.05452103912830353,0.2299622744321823,0.5819107890129089,-0.01104364451020956,0.2432554066181183,0.5015637278556824,-0.024784723296761513,0.24657732248306274,0.4508594274520874,-0.039752297103405,0.249567911028862,0.4046657085418701,-0.05153321474790573,0.1971024125814438,0.5627644658088684,-0.007021511904895306,0.2091200202703476,0.47175392508506775,-0.018585141748189926,0.21541541814804077,0.4138386845588684,-0.03396761044859886,0.22078542411327362,0.3633877635002136,-0.04598087817430496,0.16416415572166443,0.5640987157821655,-0.007499251514673233,0.1732812523841858,0.4810153841972351,-0.020648421719670296,0.1810046285390854,0.43008190393447876,-0.032114751636981964,0.18760348856449127,0.38468506932258606,-0.040315430611371994,0.12891210615634918,0.5800872445106506,-0.011386879719793797,0.1352398693561554,0.5148884057998657,-0.02392887882888317,0.14201854169368744,0.4757629632949829,-0.029490342363715172,0.14918050169944763,0.4383329451084137,-0.032927174121141434,stop
0.5720714330673218,0.40417060256004333,-0.8087183833122253,0.6148874163627625,0.35566529631614685,-0.7763770818710327,0.6308653950691223,0.35990583896636963,-0.7761616110801697,0.6428753137588501,0.36464932560920715,-0.7762075662612915,0.5688334107398987,0.3423638939857483,-0.7530267238616943,0.5551726818084717,0.3369594216346741,-0.7525187730789185,0.5416439175605774,0.3315909802913666,-0.7527227997779846,0.6668209433555603,0.38836991786956787,-0.4268926978111267,0.5292023420333862,0.3469937741756439,-0.30755168199539185,0.5930842757225037,0.47533082962036133,-0.6763284206390381,0.5379596948623657,0.4601186215877533,-0.6424673795700073,0.7869670987129211,0.671676754951477,-0.22379633784294128,0.38912612199783325,0.6456225514411926,-0.1967553198337555,0.8878879547119141,0.976003110408783,-0.25329139828681946,0.1940212994813919,0.878074049949646,-0.8568053245544434,0.9012457132339478,1.3669763803482056,-0.497971773147583,0.16870585083961487,0.7570000886917114,-2.051313877105713,0.9216018915176392,1.4765229225158691,-0.5763481855392456,0.15851089358329773,0.64450603723526,-2.2621798515319824,0.8773077726364136,1.450348973274231,-0.6045540571212769,0.20846505463123322,0.599219024181366,-2.24733567237854,0.8553455471992493,1.419006109237671,-0.5234471559524536,0.23435227572917938,0.643078088760376,-2.0804734230041504,0.6862998008728027,1.4418727159500122,-0.07003679126501083,0.39044004678726196,1.4145891666412354,0.07418376207351685,0.6509628891944885,2.0614333152770996,0.06794123351573944,0.38330885767936707,2.048621416091919,0.4577949047088623,0.6311329007148743,2.6117608547210693,0.6895812749862671,0.36916759610176086,2.5910732746124268,1.1778314113616943,0.6339626312255859,2.6897923946380615,0.7187409400939941,0.36181360483169556,2.660940647125244,1.2424428462982178,0.581477701663971,2.7908263206481934,0.1410505175590515,0.3953433036804199,2.7876639366149902,0.6231483817100525,0,0,0,0,0,0,0,0,0,0,0,0,0,0,0,0,0,0,0,0,0,0,0,0,0,0,0,0,0,0,0,0,0,0,0,0,0,0,0,0,0,0,0,0,0,0,0,0,0,0,0,0,0,0,0,0,0,0,0,0,0,0,0,0.1426127851009369,0.7836998701095581,3.3119337672360416e-07,0.20476704835891724,0.7628363370895386,-0.03019706904888153,0.2590816915035248,0.702755331993103,-0.03903035447001457,0.29746517539024353,0.6402600407600403,-0.04532000049948692,0.3274729251861572,0.5959776043891907,-0.05061079189181328,0.22982154786586761,0.5803614258766174,-0.009953577071428299,0.242517352104187,0.4995175898075104,-0.023227930068969727,0.24575293064117432,0.44880884885787964,-0.03777562826871872,0.2487046718597412,0.40322810411453247,-0.049230799078941345,0.19654563069343567,0.5615603923797607,-0.006350445095449686,0.20788054168224335,0.47005602717399597,-0.01745275780558586,0.21391211450099945,0.4120938181877136,-0.032447878271341324,0.2190004587173462,0.36223387718200684,-0.04418114200234413,0.16357813775539398,0.5629265308380127,-0.007095427252352238,0.17217011749744415,0.4795606732368469,-0.019843779504299164,0.17978809773921967,0.42918163537979126,-0.031187178567051888,0.18613336980342865,0.3846900463104248,-0.039350204169750214,0.12810638546943665,0.5790495872497559,-0.011117381043732166,0.13383525609970093,0.5144180059432983,-0.023518238216638565,0.1404145509004593,0.47577160596847534,-0.029153864830732346,0.147171750664711,0.4388745427131653,-0.032646894454956055,stop
0.5711967349052429,0.40420496463775635,-0.8241783380508423,0.6146178841590881,0.3555135130882263,-0.7875466346740723,0.6306114792823792,0.35975030064582825,-0.7873185873031616,0.6425833106040955,0.3644832670688629,-0.7872945070266724,0.568420946598053,0.342232882976532,-0.767196774482727,0.555019736289978,0.3367501199245453,-0.7667186260223389,0.5414955019950867,0.33123907446861267,-0.7669402360916138,0.6665754318237305,0.3883695900440216,-0.4287586808204651,0.5293341875076294,0.3467426300048828,-0.3218366503715515,0.5920649766921997,0.47533753514289856,-0.6882340312004089,0.5371040105819702,0.46018746495246887,-0.6585068106651306,0.7867929935455322,0.6719380617141724,-0.2235666811466217,0.388590008020401,0.6459186673164368,-0.21254244446754456,0.8877550363540649,0.9759696125984192,-0.25504374504089355,0.19384971261024475,0.8781048655509949,-0.8693798184394836,0.904206395149231,1.3680157661437988,-0.5038895606994629,0.16860854625701904,0.7589145302772522,-2.0497403144836426,0.9260135889053345,1.4772976636886597,-0.5810858011245728,0.1584634929895401,0.6447248458862305,-2.2614870071411133,0.8820788264274597,1.4509750604629517,-0.6174565553665161,0.20843353867530823,0.602185070514679,-2.248661994934082,0.8596774935722351,1.4198130369186401,-0.5339477062225342,0.2342587411403656,0.6465470194816589,-2.07865571975708,0.6869345307350159,1.442130446434021,-0.06735789775848389,0.39041993021965027,1.4152668714523315,0.07164300978183746,0.6522583365440369,2.062873125076294,0.07135498523712158,0.3835363984107971,2.050693988800049,0.4519578516483307,0.6347501277923584,2.614609956741333,0.6993383169174194,0.37134984135627747,2.5945773124694824,1.1775978803634644,0.6379784345626831,2.6936757564544678,0.728854238986969,0.3641551733016968,2.664637804031372,1.242295503616333,0.5863894820213318,2.7927424907684326,0.14855264127254486,0.39938297867774963,2.7904269695281982,0.6217398643493652,0,0,0,0,0,0,0,0,0,0,0,0,0,0,0,0,0,0,0,0,0,0,0,0,0,0,0,0,0,0,0,0,0,0,0,0,0,0,0,0,0,0,0,0,0,0,0,0,0,0,0,0,0,0,0,0,0,0,0,0,0,0,0,0.1436341404914856,0.7824827432632446,3.374072150563734e-07,0.20524001121520996,0.7611142992973328,-0.0303899385035038,0.2594129145145416,0.700931191444397,-0.03960279002785683,0.297527939081192,0.6388726234436035,-0.046191051602363586,0.3274378776550293,0.5947126746177673,-0.05186786130070686,0.22994674742221832,0.5782043933868408,-0.011120577342808247,0.24238112568855286,0.49708500504493713,-0.024925854057073593,0.24497786164283752,0.44584977626800537,-0.03984515368938446,0.24691742658615112,0.39948570728302,-0.05154683440923691,0.19627775251865387,0.5594712495803833,-0.007762636989355087,0.20776617527008057,0.4677952527999878,-0.019373591989278793,0.21377214789390564,0.4094935357570648,-0.034684330224990845,0.21874889731407166,0.3593137264251709,-0.04660654067993164,0.16279931366443634,0.5610129833221436,-0.008711088448762894,0.17119301855564117,0.47710496187210083,-0.021949106827378273,0.17916400730609894,0.42618250846862793,-0.033479876816272736,0.18602900207042694,0.38132670521736145,-0.04170794039964676,0.12685620784759521,0.5774388313293457,-0.012919001281261444,0.13301128149032593,0.5111067891120911,-0.025851042941212654,0.14040586352348328,0.4722379744052887,-0.03155473619699478,0.14840394258499146,0.4354340434074402,-0.035016898065805435,stop
0.5704530477523804,0.4042620360851288,-0.8347476720809937,0.6142347455024719,0.3554345965385437,-0.7966819405555725,0.6304992437362671,0.3596673011779785,-0.7964537739753723,0.6423829793930054,0.3643932342529297,-0.7963956594467163,0.5679668188095093,0.3421890139579773,-0.7769383192062378,0.554783821105957,0.3366713523864746,-0.7764676809310913,0.5414175987243652,0.33108648657798767,-0.7766938209533691,0.6663907766342163,0.38837704062461853,-0.4336016774177551,0.5294207334518433,0.3466283977031708,-0.3302466869354248,0.5912662744522095,0.4753645360469818,-0.6977471113204956,0.5364059209823608,0.4602450430393219,-0.6687490940093994,0.7866910696029663,0.6722277402877808,-0.22464904189109802,0.38825708627700806,0.6463956236839294,-0.2189866006374359,0.8876657485961914,0.9759246706962585,-0.25598087906837463,0.1935914307832718,0.878219485282898,-0.8720091581344604,0.9049333333969116,1.3702681064605713,-0.5141087770462036,0.1683819591999054,0.759638249874115,-2.0458788871765137,0.9271759986877441,1.4794983863830566,-0.5930723547935486,0.15842491388320923,0.6448298692703247,-2.257582187652588,0.8832427859306335,1.4532123804092407,-0.6321853399276733,0.20840445160865784,0.6034964323043823,-2.2453062534332275,0.8607317209243774,1.42205810546875,-0.5461128950119019,0.2341708391904831,0.6482697129249573,-2.0746102333068848,0.6873955726623535,1.442487359046936,-0.06633727997541428,0.3904031813144684,1.4159849882125854,0.07067873328924179,0.6531487107276917,2.0643951892852783,0.07588477432727814,0.3836332857608795,2.0526857376098633,0.45075273513793945,0.6369892358779907,2.6171987056732178,0.7181859016418457,0.3727113902568817,2.5977537631988525,1.1788935661315918,0.6404675841331482,2.6967997550964355,0.7490755319595337,0.365702360868454,2.6680290699005127,1.2441208362579346,0.5891282558441162,2.795029640197754,0.16581866145133972,0.4015738368034363,2.7930634021759033,0.6217129826545715,0,0,0,0,0,0,0,0,0,0,0,0,0,0,0,0,0,0,0,0,0,0,0,0,0,0,0,0,0,0,0,0,0,0,0,0,0,0,0,0,0,0,0,0,0,0,0,0,0,0,0,0,0,0,0,0,0,0,0,0,0,0,0,0.1436520665884018,0.7828449010848999,3.312907495001127e-07,0.2054448127746582,0.7608550786972046,-0.029723351821303368,0.2592247724533081,0.7003615498542786,-0.03886035829782486,0.2967061400413513,0.6389009356498718,-0.04556598141789436,0.325899600982666,0.5934315919876099,-0.05133522301912308,0.22983673214912415,0.5768522620201111,-0.01046857237815857,0.24171550571918488,0.49629002809524536,-0.024346083402633667,0.24442148208618164,0.44527846574783325,-0.03933165594935417,0.24701839685440063,0.39904820919036865,-0.051115211099386215,0.19640420377254486,0.5586522221565247,-0.007591077592223883,0.20732825994491577,0.46696192026138306,-0.01944190077483654,0.21335749328136444,0.408807635307312,-0.034828294068574905,0.21881034970283508,0.3584803342819214,-0.04680068418383598,0.16313812136650085,0.5607393383979797,-0.008992031216621399,0.17149722576141357,0.4767974019050598,-0.02248346246778965,0.17920850217342377,0.42593979835510254,-0.03388364613056183,0.18608206510543823,0.3808685541152954,-0.041976768523454666,0.127692312002182,0.5777052044868469,-0.013623855076730251,0.1340249627828598,0.5116865038871765,-0.026711342856287956,0.14108824729919434,0.471981942653656,-0.032434504479169846,0.14865654706954956,0.43405455350875854,-0.035911936312913895,stop
0.5699427127838135,0.40497833490371704,-0.8333494067192078,0.6136050820350647,0.3555282950401306,-0.7950083613395691,0.6302797198295593,0.35972511768341064,-0.7948029637336731,0.6422616243362427,0.364409863948822,-0.7947633266448975,0.5670984983444214,0.3425413966178894,-0.7743088006973267,0.5539951324462891,0.33716854453086853,-0.7738155722618103,0.5406368970870972,0.33178696036338806,-0.7740346193313599,0.6662635207176208,0.38838279247283936,-0.428849458694458,0.5293283462524414,0.3472908139228821,-0.3196151554584503,0.5909353494644165,0.47602903842926025,-0.6953654289245605,0.5361450910568237,0.4620896875858307,-0.6650364995002747,0.7867758274078369,0.6718961596488953,-0.21294955909252167,0.3886778950691223,0.6467693448066711,-0.19894079864025116,0.8875645399093628,0.972892165184021,-0.2298564463853836,0.19359716773033142,0.8782854080200195,-0.8342617750167847,0.9075580835342407,1.3688682317733765,-0.49556779861450195,0.16871650516986847,0.7589242458343506,-2.0153093338012695,0.9301959872245789,1.4767097234725952,-0.5769644975662231,0.15835456550121307,0.6448062658309937,-2.2291359901428223,0.8876889944076538,1.450740933418274,-0.615123987197876,0.2084123194217682,0.6022091507911682,-2.2211923599243164,0.8647083044052124,1.4202494621276855,-0.526289165019989,0.23436491191387177,0.6479621529579163,-2.0456387996673584,0.6888988614082336,1.441597580909729,-0.06757598370313644,0.3931709825992584,1.4153209924697876,0.07188903540372849,0.654671311378479,2.064272403717041,0.06520649790763855,0.3849213421344757,2.0525975227355957,0.4215583801269531,0.6391251087188721,2.6167984008789062,0.7011237740516663,0.3763717710971832,2.5973243713378906,1.1191680431365967,0.6428919434547424,2.696300506591797,0.7304693460464478,0.3707297444343567,2.667560577392578,1.1801133155822754,0.5913619995117188,2.7947421073913574,0.1402682662010193,0.4040531516075134,2.7923247814178467,0.547237753868103,0,0,0,0,0,0,0,0,0,0,0,0,0,0,0,0,0,0,0,0,0,0,0,0,0,0,0,0,0,0,0,0,0,0,0,0,0,0,0,0,0,0,0,0,0,0,0,0,0,0,0,0,0,0,0,0,0,0,0,0,0,0,0,0.1478043496608734,0.7854198813438416,2.972180368487898e-07,0.20835906267166138,0.7642761468887329,-0.03041108511388302,0.26276829838752747,0.7047665119171143,-0.040335409343242645,0.30069831013679504,0.64291912317276,-0.04773201420903206,0.33083340525627136,0.5974677801132202,-0.05401446297764778,0.23368193209171295,0.5810195207595825,-0.011587237007915974,0.2462887018918991,0.5009191632270813,-0.02608226053416729,0.24902452528476715,0.45040810108184814,-0.04142848774790764,0.2515515983104706,0.40423470735549927,-0.05341542884707451,0.20113350450992584,0.5620058178901672,-0.008379229344427586,0.21206407248973846,0.4717921316623688,-0.02043098397552967,0.21685345470905304,0.4143616557121277,-0.03550507128238678,0.22095221281051636,0.36352473497390747,-0.047391775995492935,0.16951534152030945,0.5623294115066528,-0.009478854015469551,0.17946375906467438,0.47963422536849976,-0.022695304825901985,0.18618200719356537,0.43048691749572754,-0.03321107476949692,0.19120267033576965,0.3866627812385559,-0.04080105945467949,0.13580426573753357,0.5776593089103699,-0.013951228931546211,0.1419588178396225,0.513541042804718,-0.026326868683099747,0.14887785911560059,0.4749453067779541,-0.03135189786553383,0.15541940927505493,0.4383143186569214,-0.034389711916446686,stop
0.5694328546524048,0.40533575415611267,-0.8541666269302368,0.6121928095817566,0.3556281626224518,-0.8178410530090332,0.6292946934700012,0.35979393124580383,-0.8176921606063843,0.6418646574020386,0.36443278193473816,-0.8177482485771179,0.565951943397522,0.342781662940979,-0.792455792427063,0.552952229976654,0.3374611735343933,-0.7918729186058044,0.5396427512168884,0.33216390013694763,-0.7920840978622437,0.6661579608917236,0.3883460462093353,-0.44450750946998596,0.529236912727356,0.34750381112098694,-0.3200940787792206,0.5908613204956055,0.47616687417030334,-0.7120693922042847,0.5360608696937561,0.4625968039035797,-0.6760765314102173,0.7870640158653259,0.6717007756233215,-0.212504580616951,0.3894151747226715,0.6459177136421204,-0.18156340718269348,0.8874937295913696,0.9725779891014099,-0.2046898603439331,0.19404616951942444,0.8783556222915649,-0.8050344586372375,0.9110020399093628,1.358902096748352,-0.47741493582725525,0.16931629180908203,0.7597224712371826,-2.015512228012085,0.9335780143737793,1.463903546333313,-0.5592498183250427,0.16213297843933105,0.6476121544837952,-2.233125925064087,0.8932334780693054,1.4386208057403564,-0.6040178537368774,0.20967474579811096,0.6039746999740601,-2.226991653442383,0.8703621029853821,1.4086064100265503,-0.5099334120750427,0.23435255885124207,0.6484681367874146,-2.046544313430786,0.6885163187980652,1.4364770650863647,-0.0680471807718277,0.39310839772224426,1.408151626586914,0.07236587256193161,0.654525876045227,2.0581657886505127,0.07085520029067993,0.38479575514793396,2.043428421020508,0.4261104464530945,0.6390780210494995,2.6085121631622314,0.7169420719146729,0.3757172226905823,2.592041254043579,1.1555678844451904,0.642829418182373,2.6864821910858154,0.7466776371002197,0.3700876832008362,2.66243577003479,1.2185404300689697,0.5907186269760132,2.784522771835327,0.1428917497396469,0.4032222330570221,2.785234212875366,0.5483750700950623,0,0,0,0,0,0,0,0,0,0,0,0,0,0,0,0,0,0,0,0,0,0,0,0,0,0,0,0,0,0,0,0,0,0,0,0,0,0,0,0,0,0,0,0,0,0,0,0,0,0,0,0,0,0,0,0,0,0,0,0,0,0,0,0.1519373059272766,0.7897245287895203,3.304847382423759e-07,0.2124856412410736,0.7703632116317749,-0.03409233316779137,0.2675638794898987,0.7125825881958008,-0.04608406499028206,0.3058827519416809,0.6491495966911316,-0.05470212548971176,0.33797839283943176,0.6009277701377869,-0.06212281435728073,0.24107100069522858,0.5870505571365356,-0.015671180561184883,0.25412577390670776,0.506047785282135,-0.03105890192091465,0.2567542791366577,0.4545692801475525,-0.04704761132597923,0.2589375376701355,0.4068373143672943,-0.059550777077674866,0.2079407423734665,0.5672177076339722,-0.010818694718182087,0.21964360773563385,0.4761328101158142,-0.023629020899534225,0.22494091093540192,0.4179569482803345,-0.03949033468961716,0.22940893471240997,0.36627569794654846,-0.05200657621026039,0.17537440359592438,0.5672979354858398,-0.010456026531755924,0.18585123121738434,0.4842885434627533,-0.024425704032182693,0.19324804842472076,0.4340752959251404,-0.0359845831990242,0.19897478818893433,0.3891645073890686,-0.044322941452264786,0.14079970121383667,0.5821227431297302,-0.01365755032747984,0.14793212711811066,0.5175843834877014,-0.026924235746264458,0.1556614488363266,0.4785143733024597,-0.03290214017033577,0.16325336694717407,0.44105833768844604,-0.03660512715578079,stop
0.568984866142273,0.40539154410362244,-0.8519328236579895,0.6112794280052185,0.35557544231414795,-0.8142367601394653,0.6286659836769104,0.35970214009284973,-0.8140875101089478,0.6416491270065308,0.3642822802066803,-0.8141211271286011,0.5651348233222961,0.34282559156417847,-0.7909756302833557,0.5521243214607239,0.33751213550567627,-0.7904458045959473,0.5388074517250061,0.3322032392024994,-0.790666937828064,0.6660558581352234,0.3881393373012543,-0.4430132806301117,0.5291720628738403,0.3475356698036194,-0.31562340259552,0.5907897353172302,0.47606006264686584,-0.7104785442352295,0.5358667969703674,0.4626193940639496,-0.6741057634353638,0.7873741388320923,0.6711700558662415,-0.2117500603199005,0.39015331864356995,0.6456319689750671,-0.17528823018074036,0.8873991966247559,0.9724046587944031,-0.2096768319606781,0.19460952281951904,0.8786933422088623,-0.8038955926895142,0.9127171635627747,1.3554421663284302,-0.4851929247379303,0.1695467233657837,0.7611193060874939,-2.015585422515869,0.9352844953536987,1.4601097106933594,-0.5683867335319519,0.16383673250675201,0.6502196192741394,-2.234116315841675,0.8954984545707703,1.4344748258590698,-0.6116403937339783,0.21037933230400085,0.6057577133178711,-2.228135585784912,0.872654139995575,1.404654622077942,-0.5171312689781189,0.2343355417251587,0.6491565704345703,-2.0467419624328613,0.6883593797683716,1.4337518215179443,-0.06810334324836731,0.39308592677116394,1.4045279026031494,0.07242034375667572,0.6544722318649292,2.0546696186065674,0.07305674999952316,0.38474974036216736,2.038562059402466,0.4278544485569,0.6390823125839233,2.6042909622192383,0.716968297958374,0.3755234181880951,2.5888724327087402,1.1613445281982422,0.6428224444389343,2.6813409328460693,0.7466922998428345,0.3698858618736267,2.6590218544006348,1.224562406539917,0.590614378452301,2.779252052307129,0.14410088956356049,0.40302616357803345,2.7815017700195312,0.5511833429336548,0,0,0,0,0,0,0,0,0,0,0,0,0,0,0,0,0,0,0,0,0,0,0,0,0,0,0,0,0,0,0,0,0,0,0,0,0,0,0,0,0,0,0,0,0,0,0,0,0,0,0,0,0,0,0,0,0,0,0,0,0,0,0,0.15154221653938293,0.7887492179870605,3.218432311768993e-07,0.21216581761837006,0.7702932357788086,-0.03142672777175903,0.267261803150177,0.7121694087982178,-0.041799891740083694,0.30534252524375916,0.6499118804931641,-0.049348000437021255,0.33659976720809937,0.6041284203529358,-0.05582695081830025,0.24164724349975586,0.5872329473495483,-0.013136341236531734,0.25480836629867554,0.5064880847930908,-0.027747742831707,0.2581716477870941,0.4555037021636963,-0.04290942847728729,0.2611803412437439,0.4092550575733185,-0.0547398217022419,0.20883747935295105,0.5672864317893982,-0.009515576995909214,0.2211877554655075,0.47560882568359375,-0.02194507047533989,0.2276906669139862,0.41775986552238464,-0.03748175874352455,0.23335950076580048,0.3670199513435364,-0.049552783370018005,0.17618608474731445,0.5677065849304199,-0.010197872295975685,0.18577395379543304,0.4843694567680359,-0.023993948474526405,0.1934022605419159,0.43395355343818665,-0.03551715984940529,0.19979175925254822,0.3892148435115814,-0.043653491884469986,0.141098290681839,0.5832274556159973,-0.014198272489011288,0.1476919949054718,0.5176395773887634,-0.02719135209918022,0.1545925885438919,0.4785402715206146,-0.0329558439552784,0.16149958968162537,0.44156888127326965,-0.03644360229372978,stop
0.5689234137535095,0.4048839509487152,-0.85704106092453,0.6111897230148315,0.3546408712863922,-0.8212029337882996,0.6284267902374268,0.3581930696964264,-0.8210903406143188,0.6414315700531006,0.3622567355632782,-0.8211501240730286,0.5648042559623718,0.3426334261894226,-0.7959461808204651,0.5515148639678955,0.3374490737915039,-0.7953901290893555,0.5377624034881592,0.33223357796669006,-0.7955664992332458,0.6659731864929199,0.3858753740787506,-0.45602303743362427,0.5278586149215698,0.34756284952163696,-0.3206528425216675,0.5909273028373718,0.47510355710983276,-0.7182385325431824,0.5358026623725891,0.46196138858795166,-0.6798706650733948,0.7884063720703125,0.6703160405158997,-0.24317125976085663,0.39117544889450073,0.6465435028076172,-0.1717454493045807,0.8871963620185852,0.9714959859848022,-0.2856505513191223,0.2020120918750763,0.8868547081947327,-0.7793706655502319,0.9124533534049988,1.3552526235580444,-0.6138837933540344,0.16971775889396667,0.7692291736602783,-1.9848203659057617,0.9349265098571777,1.459941029548645,-0.7174941301345825,0.16591058671474457,0.6548464298248291,-2.2013072967529297,0.8948639631271362,1.434117078781128,-0.7578263878822327,0.21199694275856018,0.6074827909469604,-2.2004828453063965,0.8720343708992004,1.4041807651519775,-0.6465071439743042,0.23491719365119934,0.649811863899231,-2.0184223651885986,0.6891659498214722,1.4321399927139282,-0.07813495397567749,0.3960683345794678,1.4040807485580444,0.08246853947639465,0.6551576256752014,2.0544066429138184,0.04044495150446892,0.38722333312034607,2.038600206375122,0.44116806983947754,0.6394022703170776,2.604390859603882,0.6846718788146973,0.3782178461551666,2.5893054008483887,1.182805061340332,0.6432217359542847,2.6813628673553467,0.71359783411026,0.3729105591773987,2.6593635082244873,1.2465460300445557,0.5906962752342224,2.7793142795562744,0.10620032250881195,0.40374046564102173,2.7816109657287598,0.5838667750358582,0,0,0,0,0,0,0,0,0,0,0,0,0,0,0,0,0,0,0,0,0,0,0,0,0,0,0,0,0,0,0,0,0,0,0,0,0,0,0,0,0,0,0,0,0,0,0,0,0,0,0,0,0,0,0,0,0,0,0,0,0,0,0,0.15915603935718536,0.7901041507720947,3.047072141271201e-07,0.22019898891448975,0.7690294981002808,-0.028928114101290703,0.2739611268043518,0.7096380591392517,-0.03821270167827606,0.31084680557250977,0.6481969952583313,-0.045126624405384064,0.34145283699035645,0.6042104363441467,-0.0511016845703125,0.24547764658927917,0.5867178440093994,-0.01171205472201109,0.25785598158836365,0.5044147372245789,-0.025909695774316788,0.2612049877643585,0.4528680443763733,-0.040539782494306564,0.2642432451248169,0.4069470465183258,-0.051835671067237854,0.21252112090587616,0.5677908062934875,-0.008792798966169357,0.22387489676475525,0.4753926396369934,-0.020823640748858452,0.22970519959926605,0.4173555374145508,-0.03571579232811928,0.23473197221755981,0.36730504035949707,-0.047237396240234375,0.18033069372177124,0.5682137608528137,-0.009909916669130325,0.18976591527462006,0.4845813512802124,-0.023030467331409454,0.19679546356201172,0.43400317430496216,-0.0341259241104126,0.20212668180465698,0.38936805725097656,-0.04206518828868866,0.14620938897132874,0.5833544731140137,-0.014122748747467995,0.15300394594669342,0.5186817049980164,-0.026473749428987503,0.15973618626594543,0.47997045516967773,-0.03193987160921097,0.16601884365081787,0.4432249069213867,-0.03525824844837189,stop
0.5683066248893738,0.404906690120697,-0.8529185056686401,0.608978807926178,0.35460007190704346,-0.8205022811889648,0.6264055967330933,0.3578723669052124,-0.8203524351119995,0.6403154134750366,0.3614276945590973,-0.8204347491264343,0.5627734065055847,0.34322842955589294,-0.7924410104751587,0.5491323471069336,0.33875104784965515,-0.7919009923934937,0.5353566408157349,0.33479151129722595,-0.792081356048584,0.6650711894035339,0.3845658302307129,-0.45410895347595215,0.5264135003089905,0.35020121932029724,-0.3191899061203003,0.5908781886100769,0.47488436102867126,-0.7177334427833557,0.5357682704925537,0.46207648515701294,-0.6759083867073059,0.7899569272994995,0.66998291015625,-0.24073901772499084,0.3943904638290405,0.6476520895957947,-0.17220830917358398,0.8872179985046387,0.9713805317878723,-0.28057724237442017,0.2078496217727661,0.8865516781806946,-0.7944055795669556,0.9160321354866028,1.3578206300735474,-0.5920048356056213,0.17385610938072205,0.7702893614768982,-1.9860540628433228,0.9398530721664429,1.4628360271453857,-0.6825488805770874,0.16873356699943542,0.6561883091926575,-2.2030391693115234,0.8987987637519836,1.439058780670166,-0.7231977581977844,0.2191534787416458,0.6074782013893127,-2.2025187015533447,0.8752711415290833,1.4089738130569458,-0.6226030588150024,0.24252767860889435,0.6498223543167114,-2.0193495750427246,0.6897003650665283,1.4325125217437744,-0.07815946638584137,0.397754430770874,1.404497504234314,0.08246451616287231,0.6560962200164795,2.0544381141662598,0.042348138988018036,0.3887099623680115,2.038630247116089,0.4455825388431549,0.6405651569366455,2.604541778564453,0.6978589296340942,0.38040250539779663,2.5892763137817383,1.1900007724761963,0.644814133644104,2.6813852787017822,0.7294250726699829,0.37546223402023315,2.659304618835449,1.2551512718200684,0.5910313129425049,2.779447317123413,0.13399551808834076,0.4048251211643219,2.781541109085083,0.6137877702713013,0,0,0,0,0,0,0,0,0,0,0,0,0,0,0,0,0,0,0,0,0,0,0,0,0,0,0,0,0,0,0,0,0,0,0,0,0,0,0,0,0,0,0,0,0,0,0,0,0,0,0,0,0,0,0,0,0,0,0,0,0,0,0,0.16493497788906097,0.7932168841362,2.951061333078542e-07,0.22652526199817657,0.7734091877937317,-0.031181231141090393,0.282554566860199,0.7134296894073486,-0.04139809310436249,0.31905096769332886,0.6502382755279541,-0.049041349440813065,0.3508789539337158,0.6058220267295837,-0.05559350177645683,0.2549726068973541,0.589485764503479,-0.011437187902629375,0.26828688383102417,0.5078572034835815,-0.026217343285679817,0.2714636027812958,0.45671260356903076,-0.041761547327041626,0.2739197015762329,0.41069233417510986,-0.05376981943845749,0.22268779575824738,0.5705472230911255,-0.007980193942785263,0.2342122495174408,0.4800117015838623,-0.020503563806414604,0.23883318901062012,0.4218744933605194,-0.03586767241358757,0.24259783327579498,0.37136024236679077,-0.04765470698475838,0.19110071659088135,0.5696399807929993,-0.009022723883390427,0.20264655351638794,0.48569047451019287,-0.022619949653744698,0.21024784445762634,0.4339090883731842,-0.03358052298426628,0.2163713574409485,0.3878004550933838,-0.04126177728176117,0.15665248036384583,0.5834818482398987,-0.013468691147863865,0.16321301460266113,0.518153190612793,-0.026213865727186203,0.17071601748466492,0.47794264554977417,-0.031586725264787674,0.17814350128173828,0.4396054148674011,-0.034661781042814255,stop
0.5678892135620117,0.4049378037452698,-0.8453660011291504,0.6076034903526306,0.35454022884368896,-0.8143876194953918,0.6251598596572876,0.3575811982154846,-0.8142029643058777,0.6396192908287048,0.36078107357025146,-0.8142925500869751,0.5615604519844055,0.34359827637672424,-0.7852350473403931,0.547737717628479,0.3395722508430481,-0.7847175598144531,0.5339515209197998,0.33634820580482483,-0.7849003076553345,0.664445698261261,0.38374316692352295,-0.4523956775665283,0.5256373882293701,0.35186970233917236,-0.3171088695526123,0.5908507108688354,0.4747036397457123,-0.7137843370437622,0.5357373952865601,0.46215975284576416,-0.6704831123352051,0.7909872531890869,0.6698976159095764,-0.23903851211071014,0.396517813205719,0.64857017993927,-0.17563651502132416,0.8874284029006958,0.9713103175163269,-0.2763170003890991,0.21168318390846252,0.8860914707183838,-0.8070996403694153,0.917426586151123,1.3604284524917603,-0.5854253172874451,0.1768271028995514,0.7701847553253174,-1.988750696182251,0.9416428804397583,1.4659423828125,-0.6792532205581665,0.1702015995979309,0.6568538546562195,-2.206023693084717,0.8996105194091797,1.4431719779968262,-0.7213064432144165,0.22285020351409912,0.6073721647262573,-2.2034735679626465,0.8759331703186035,1.412864327430725,-0.6169645190238953,0.24557462334632874,0.6497161984443665,-2.02217435836792,0.689965009689331,1.4329874515533447,-0.07801970839500427,0.3986418545246124,1.4049204587936401,0.08231867849826813,0.656550943851471,2.0547876358032227,0.04632747173309326,0.38979148864746094,2.0387187004089355,0.44279947876930237,0.6413823962211609,2.6054182052612305,0.6993839740753174,0.3822730779647827,2.5893309116363525,1.1784274578094482,0.6460062265396118,2.6820714473724365,0.7306755781173706,0.37750566005706787,2.659282922744751,1.242954969406128,0.5913046002388,2.779935121536255,0.13581469655036926,0.4059624671936035,2.781507968902588,0.6102787256240845,0,0,0,0,0,0,0,0,0,0,0,0,0,0,0,0,0,0,0,0,0,0,0,0,0,0,0,0,0,0,0,0,0,0,0,0,0,0,0,0,0,0,0,0,0,0,0,0,0,0,0,0,0,0,0,0,0,0,0,0,0,0,0,0.16472268104553223,0.7908273935317993,2.917903998422844e-07,0.22802573442459106,0.7692880034446716,-0.026638474315404892,0.2843560576438904,0.7092781066894531,-0.0349249430000782,0.3223470151424408,0.6483654975891113,-0.04150105640292168,0.3553476333618164,0.6074804663658142,-0.047252241522073746,0.2557610273361206,0.5889871120452881,-0.007887626998126507,0.26825740933418274,0.5061519742012024,-0.02137758396565914,0.2714484632015228,0.45510223507881165,-0.03570674732327461,0.2735843062400818,0.409511923789978,-0.04670538380742073,0.22352565824985504,0.570341944694519,-0.006330042611807585,0.23529453575611115,0.47870779037475586,-0.017663544043898582,0.2409176528453827,0.4205653965473175,-0.032223667949438095,0.2447812706232071,0.3703232407569885,-0.043338190764188766,0.1914745718240738,0.5699033737182617,-0.008827012963593006,0.20126405358314514,0.48635047674179077,-0.021176500245928764,0.20879951119422913,0.43703266978263855,-0.031037649139761925,0.21445848047733307,0.39318788051605225,-0.03790006414055824,0.15638414025306702,0.5836294889450073,-0.01436442881822586,0.16298851370811462,0.517474889755249,-0.02591179683804512,0.17064711451530457,0.478900283575058,-0.030181536450982094,0.1779366433620453,0.4423961639404297,-0.032421231269836426,stop
0.5622857809066772,0.4041784703731537,-0.8203679323196411,0.600953221321106,0.35359087586402893,-0.7933903932571411,0.6184978485107422,0.35646724700927734,-0.7932066321372986,0.6345725655555725,0.3593413233757019,-0.7932737469673157,0.5560433864593506,0.3434183895587921,-0.7603999376296997,0.5424426198005676,0.33956214785575867,-0.7598847150802612,0.53030925989151,0.336371511220932,-0.7601040601730347,0.6622200608253479,0.38264793157577515,-0.45132189989089966,0.5253105163574219,0.3519340455532074,-0.30093926191329956,0.5877357125282288,0.47360798716545105,-0.697269856929779,0.5323899984359741,0.4614911377429962,-0.6489221453666687,0.7917799949645996,0.6692933440208435,-0.2431928664445877,0.3988034427165985,0.648616373538971,-0.17552706599235535,0.8880209922790527,0.9713545441627502,-0.293135404586792,0.2113308161497116,0.8850700855255127,-0.808338463306427,0.9183934330940247,1.3626646995544434,-0.5836013555526733,0.18307995796203613,0.7674828171730042,-1.9862573146820068,0.9420452117919922,1.4689241647720337,-0.6734660863876343,0.17801730334758759,0.6566869020462036,-2.1968014240264893,0.899582028388977,1.4462989568710327,-0.7094293832778931,0.22953283786773682,0.6074219346046448,-2.18666410446167,0.8761255145072937,1.4156410694122314,-0.6123941540718079,0.2502010464668274,0.6496238708496094,-2.0163064002990723,0.6913480758666992,1.4330458641052246,-0.07880093902349472,0.415958970785141,1.4458446502685547,0.08306962996721268,0.658606767654419,2.0547993183135986,0.03701435774564743,0.39372363686561584,2.0387508869171143,0.44130071997642517,0.6434209942817688,2.6056225299835205,0.670091986656189,0.3870775103569031,2.5893139839172363,1.164844274520874,0.6485555171966553,2.6821646690368652,0.6996020078659058,0.3824422359466553,2.6592636108398438,1.228685736656189,0.5927258133888245,2.7799570560455322,0.1174582988023758,0.4101712107658386,2.7814040184020996,0.6085599660873413,0,0,0,0,0,0,0,0,0,0,0,0,0,0,0,0,0,0,0,0,0,0,0,0,0,0,0,0,0,0,0,0,0,0,0,0,0,0,0,0,0,0,0,0,0,0,0,0,0,0,0,0,0,0,0,0,0,0,0,0,0,0,0,0.17139112949371338,0.788844108581543,3.413068441204814e-07,0.23485907912254333,0.7703815698623657,-0.03275072202086449,0.29316189885139465,0.7125734090805054,-0.0440068356692791,0.33235493302345276,0.6502962112426758,-0.05219358950853348,0.3659096360206604,0.6036447286605835,-0.05911950767040253,0.2647981643676758,0.5889444351196289,-0.014300597831606865,0.2785550355911255,0.5063591599464417,-0.029409218579530716,0.2822549343109131,0.4541214108467102,-0.044775158166885376,0.28548693656921387,0.40715843439102173,-0.056490130722522736,0.2315678894519806,0.5687611103057861,-0.009955725632607937,0.24436748027801514,0.47624534368515015,-0.022648951038718224,0.25091710686683655,0.41678929328918457,-0.038055066019296646,0.2565511465072632,0.36522388458251953,-0.04983316361904144,0.1986916959285736,0.5677691102027893,-0.010057942010462284,0.2103736847639084,0.4840165972709656,-0.023543281480669975,0.2190283238887787,0.4330403804779053,-0.034628547728061676,0.2263575792312622,0.3878415822982788,-0.04239501431584358,0.1636957973241806,0.581183910369873,-0.013646273873746395,0.1715947389602661,0.5164161920547485,-0.02621636725962162,0.18020668625831604,0.4763384461402893,-0.03179057314991951,0.18899424374103546,0.438315749168396,-0.035032231360673904,stop
0.5586035251617432,0.40162694454193115,-0.8188450932502747,0.5951837301254272,0.35045531392097473,-0.790613055229187,0.6130095720291138,0.3529833257198334,-0.7903865575790405,0.6301917433738708,0.3552075922489166,-0.7904320955276489,0.5508976578712463,0.3420122265815735,-0.758496880531311,0.5377280116081238,0.33874744176864624,-0.7579900026321411,0.5270410180091858,0.33589065074920654,-0.7581879496574402,0.6597301959991455,0.3780910074710846,-0.4505460262298584,0.5239808559417725,0.35183289647102356,-0.29909780621528625,0.586195707321167,0.47022897005081177,-0.6953970789909363,0.5306136608123779,0.4597235918045044,-0.6478331089019775,0.7922915816307068,0.669037938117981,-0.24303527176380157,0.4012724757194519,0.6488555073738098,-0.185052290558815,0.8888853788375854,0.9710925817489624,-0.2889682650566101,0.21102991700172424,0.8797551989555359,-0.8666238784790039,0.9212909936904907,1.3657479286193848,-0.5195745825767517,0.18547368049621582,0.7664089798927307,-2.043586254119873,0.9457294344902039,1.4728760719299316,-0.5974982976913452,0.17933109402656555,0.656464159488678,-2.251878023147583,0.9015170335769653,1.451156735420227,-0.6268848180770874,0.23421379923820496,0.6071951985359192,-2.23421049118042,0.8777070045471191,1.4204612970352173,-0.544472336769104,0.25448915362358093,0.6495075821876526,-2.069952964782715,0.6932767033576965,1.4368222951889038,-0.07970185577869415,0.4145103991031647,1.4441859722137451,0.0840437114238739,0.6617698073387146,2.0587546825408936,0.030046019703149796,0.3944489359855652,2.041836977005005,0.451981782913208,0.6464442610740662,2.6146042346954346,0.6607327461242676,0.38770729303359985,2.5938093662261963,1.1799744367599487,0.6528764963150024,2.692521572113037,0.6894856095314026,0.3830419182777405,2.664508819580078,1.2446411848068237,0.5939295291900635,2.787184715270996,0.10431987047195435,0.41047802567481995,2.7870190143585205,0.6251678466796875,0,0,0,0,0,0,0,0,0,0,0,0,0,0,0,0,0,0,0,0,0,0,0,0,0,0,0,0,0,0,0,0,0,0,0,0,0,0,0,0,0,0,0,0,0,0,0,0,0,0,0,0,0,0,0,0,0,0,0,0,0,0,0,0.17745432257652283,0.7884024381637573,3.0905979997442046e-07,0.24127942323684692,0.7684755921363831,-0.029253682121634483,0.3000939190387726,0.7093008756637573,-0.0386216826736927,0.34041762351989746,0.6483677625656128,-0.04560956358909607,0.372830867767334,0.6036987900733948,-0.051679667085409164,0.2707611620426178,0.5876781344413757,-0.011743539944291115,0.28384929895401,0.5051068663597107,-0.02617136761546135,0.28760021924972534,0.4535970687866211,-0.04110240191221237,0.29082417488098145,0.40750449895858765,-0.052458230406045914,0.23749148845672607,0.5679308772087097,-0.0090786749497056,0.2503375709056854,0.4755593240261078,-0.021244242787361145,0.2570514976978302,0.4167245626449585,-0.036735523492097855,0.26265397667884827,0.36587852239608765,-0.04861602932214737,0.20442716777324677,0.5672355890274048,-0.010519127361476421,0.2158135175704956,0.4829142093658447,-0.02356225997209549,0.2239764928817749,0.4319210648536682,-0.03496610000729561,0.2304277867078781,0.3870728015899658,-0.04305017367005348,0.16896742582321167,0.5810264945030212,-0.015110490843653679,0.17679259181022644,0.5146690011024475,-0.02737819403409958,0.1848144382238388,0.4745842218399048,-0.0328771211206913,0.1929088830947876,0.4368784427642822,-0.03614313527941704,stop
0.5565530061721802,0.399948388338089,-0.8180378079414368,0.5921839475631714,0.3482552170753479,-0.7884888648986816,0.6101673245429993,0.35056421160697937,-0.7882332801818848,0.6278581023216248,0.35242077708244324,-0.7882680296897888,0.5480327010154724,0.3409157395362854,-0.757164716720581,0.5350371599197388,0.33805620670318604,-0.7566599249839783,0.5250163078308105,0.3354432284832001,-0.7568486928939819,0.65831059217453,0.3750994801521301,-0.4503406882286072,0.5229279398918152,0.3517426550388336,-0.2970588803291321,0.5853195786476135,0.46806326508522034,-0.6939879655838013,0.529516339302063,0.45865294337272644,-0.6471736431121826,0.7929016351699829,0.6688565611839294,-0.2421361654996872,0.4026647210121155,0.6489647030830383,-0.19207929074764252,0.8895280957221985,0.9710795879364014,-0.28821542859077454,0.2105497419834137,0.8768564462661743,-0.8886634111404419,0.9220834970474243,1.367586612701416,-0.49492496252059937,0.18656030297279358,0.7660530805587769,-2.0633254051208496,0.9466363787651062,1.4752753973007202,-0.5708736777305603,0.18023857474327087,0.6564487814903259,-2.271566390991211,0.9016498327255249,1.4538116455078125,-0.5987913012504578,0.23681457340717316,0.6070989966392517,-2.2518324851989746,0.8778524398803711,1.4230787754058838,-0.5191873908042908,0.25700753927230835,0.6494775414466858,-2.088593006134033,0.6946445107460022,1.4398635625839233,-0.07967126369476318,0.4136144518852234,1.4436441659927368,0.08402989059686661,0.6638203263282776,2.0621795654296875,0.030337268486618996,0.39470016956329346,2.044355869293213,0.4555111825466156,0.6478837728500366,2.6206860542297363,0.664211094379425,0.38770103454589844,2.597255229949951,1.1868246793746948,0.6546585559844971,2.6994645595550537,0.6931485533714294,0.3829529881477356,2.668576955795288,1.2518877983093262,0.5946220755577087,2.7928247451782227,0.10609747469425201,0.41053614020347595,2.791567325592041,0.6299954056739807,0,0,0,0,0,0,0,0,0,0,0,0,0,0,0,0,0,0,0,0,0,0,0,0,0,0,0,0,0,0,0,0,0,0,0,0,0,0,0,0,0,0,0,0,0,0,0,0,0,0,0,0,0,0,0,0,0,0,0,0,0,0,0,0.17780686914920807,0.7882787585258484,3.0409694318223046e-07,0.2421056479215622,0.7684950828552246,-0.027537275105714798,0.2996443212032318,0.7093203663825989,-0.03585200011730194,0.3376839756965637,0.647975742816925,-0.04226304963231087,0.37025827169418335,0.604633092880249,-0.04780448600649834,0.2708714008331299,0.586783230304718,-0.008342411369085312,0.2845346927642822,0.5049418210983276,-0.022485196590423584,0.28897371888160706,0.4537331163883209,-0.03722270578145981,0.2922041416168213,0.4080851078033447,-0.0484154038131237,0.23757968842983246,0.5672373175621033,-0.006696732249110937,0.2512669563293457,0.47608333826065063,-0.01885404996573925,0.25832560658454895,0.41736793518066406,-0.03418942913413048,0.26353925466537476,0.3670238256454468,-0.04574169963598251,0.2041071057319641,0.5670152902603149,-0.0092379255220294,0.21499592065811157,0.48293688893318176,-0.02265586145222187,0.22400100529193878,0.43255525827407837,-0.03379534184932709,0.23152758181095123,0.38823962211608887,-0.0414675697684288,0.16755744814872742,0.5813366174697876,-0.014818665571510792,0.17474937438964844,0.5150278806686401,-0.027515428140759468,0.18280518054962158,0.4759397804737091,-0.03278844431042671,0.19139809906482697,0.4394848346710205,-0.03571290895342827,stop
0.5549284219741821,0.3997332453727722,-0.8098469972610474,0.589511513710022,0.3480474352836609,-0.7786539793014526,0.607444167137146,0.3502877652645111,-0.7784270644187927,0.6249637603759766,0.3520413041114807,-0.7784658670425415,0.544431746006012,0.3408809304237366,-0.7501456141471863,0.5314030647277832,0.33806318044662476,-0.7496557831764221,0.5217158198356628,0.33552485704421997,-0.7498236894607544,0.6554301977157593,0.3746860921382904,-0.44352108240127563,0.5178322196006775,0.3520964980125427,-0.29691144824028015,0.5840457081794739,0.46748676896095276,-0.6849181056022644,0.528201162815094,0.4586793780326843,-0.6420131921768188,0.7932667136192322,0.6674779653549194,-0.2352859228849411,0.4025208353996277,0.6505542397499084,-0.19314442574977875,0.8893851041793823,0.9710912704467773,-0.284580796957016,0.20680610835552216,0.8766318559646606,-0.8778565526008606,0.9229397773742676,1.3686885833740234,-0.5025630593299866,0.18883337080478668,0.7696313261985779,-2.061925172805786,0.9490097165107727,1.4759615659713745,-0.5815925002098083,0.18230023980140686,0.6590625047683716,-2.270970582962036,0.9047247171401978,1.454964518547058,-0.6112266182899475,0.23867091536521912,0.6086845397949219,-2.2433676719665527,0.8803141713142395,1.4246479272842407,-0.5276325941085815,0.25770241022109985,0.6516825556755066,-2.084510326385498,0.6999912858009338,1.4392216205596924,-0.07405081391334534,0.4137715697288513,1.4383341073989868,0.07847195863723755,0.672825038433075,2.0624608993530273,0.04485053941607475,0.4028664231300354,2.045811653137207,0.40872660279273987,0.6651505827903748,2.620478391647339,0.67023766040802,0.4037970006465912,2.599114179611206,1.0837228298187256,0.6733638644218445,2.699115037918091,0.6985621452331543,0.40003475546836853,2.669928550720215,1.142473816871643,0.6131211519241333,2.7927052974700928,0.12233240902423859,0.43120408058166504,2.7944746017456055,0.524992823600769,0,0,0,0,0,0,0,0,0,0,0,0,0,0,0,0,0,0,0,0,0,0,0,0,0,0,0,0,0,0,0,0,0,0,0,0,0,0,0,0,0,0,0,0,0,0,0,0,0,0,0,0,0,0,0,0,0,0,0,0,0,0,0,0.1874861717224121,0.7917200326919556,2.8014272857035394e-07,0.25190696120262146,0.7720961570739746,-0.028581373393535614,0.3094465732574463,0.7149819135665894,-0.03788860887289047,0.3443772792816162,0.6540212631225586,-0.044995393604040146,0.37353062629699707,0.6084834337234497,-0.051136814057826996,0.28176021575927734,0.5891299247741699,-0.011165096424520016,0.2943880558013916,0.5078840255737305,-0.02610078826546669,0.29768863320350647,0.4570188522338867,-0.0413387157022953,0.3005576729774475,0.4113765358924866,-0.05287301912903786,0.24849607050418854,0.5696667432785034,-0.00906161218881607,0.2606275975704193,0.4788510799407959,-0.022004224359989166,0.26634395122528076,0.4201301038265228,-0.03730183094739914,0.2716226577758789,0.3692944049835205,-0.048770349472761154,0.21570707857608795,0.5684548020362854,-0.011089318431913853,0.22814838588237762,0.4834796190261841,-0.025028562173247337,0.23602508008480072,0.43164753913879395,-0.03614278510212898,0.24267636239528656,0.3859938681125641,-0.04373646154999733,0.1799425482749939,0.5826727747917175,-0.016201334074139595,0.1869335025548935,0.516474723815918,-0.029287606477737427,0.19466686248779297,0.4763307571411133,-0.03473373502492905,0.20271725952625275,0.4387097954750061,-0.037636734545230865,stop
0.5510820746421814,0.4021320641040802,-0.8091457486152649,0.5841335654258728,0.3486677408218384,-0.7789625525474548,0.6026117205619812,0.35063478350639343,-0.7787494659423828,0.6198030710220337,0.35223349928855896,-0.7787967920303345,0.5391853451728821,0.342252641916275,-0.749405026435852,0.5273655652999878,0.33974942564964294,-0.7488966584205627,0.518423318862915,0.33764028549194336,-0.749069094657898,0.6520067453384399,0.37473174929618835,-0.4456513524055481,0.5139362812042236,0.353943407535553,-0.29242151975631714,0.5814563632011414,0.4687286913394928,-0.6842777132987976,0.5264047384262085,0.46150556206703186,-0.6393126845359802,0.7936750054359436,0.6668137907981873,-0.23964865505695343,0.40344753861427307,0.6514940857887268,-0.18788014352321625,0.8868600726127625,0.9718412160873413,-0.28610315918922424,0.21007680892944336,0.8789306282997131,-0.8584626317024231,0.9202880859375,1.3738741874694824,-0.510189950466156,0.1957380622625351,0.7727471590042114,-2.0202858448028564,0.9467273950576782,1.4809644222259521,-0.5893058776855469,0.1859588325023651,0.6641546487808228,-2.2277164459228516,0.9030020833015442,1.460034728050232,-0.6212626099586487,0.24222548305988312,0.6112527847290039,-2.205050468444824,0.8785961270332336,1.4294074773788452,-0.5361372232437134,0.26069656014442444,0.658164381980896,-2.0449514389038086,0.7017506957054138,1.437101125717163,-0.07533920556306839,0.4141787886619568,1.430516004562378,0.07971549034118652,0.6765161752700806,2.061924934387207,0.04544461518526077,0.4093515872955322,2.045809030532837,0.41180047392845154,0.6717255711555481,2.619734048843384,0.6720834970474243,0.41334661841392517,2.599478006362915,1.1078245639801025,0.6802058219909668,2.697780132293701,0.7003659009933472,0.4104461669921875,2.6702427864074707,1.1689785718917847,0.6194681525230408,2.7926597595214844,0.1231488585472107,0.4383684992790222,2.7945427894592285,0.5480815768241882,0,0,0,0,0,0,0,0,0,0,0,0,0,0,0,0,0,0,0,0,0,0,0,0,0,0,0,0,0,0,0,0,0,0,0,0,0,0,0,0,0,0,0,0,0,0,0,0,0,0,0,0,0,0,0,0,0,0,0,0,0,0,0,0.19440136849880219,0.78972989320755,3.0115256777207833e-07,0.25741341710090637,0.7707674503326416,-0.02885500155389309,0.31445589661598206,0.7136444449424744,-0.03850078955292702,0.3521306812763214,0.6543742418289185,-0.04576868563890457,0.3823045492172241,0.6098454594612122,-0.05230483412742615,0.28763824701309204,0.5912020802497864,-0.014488441869616508,0.3009757101535797,0.509194552898407,-0.029895488172769547,0.3052431344985962,0.45745229721069336,-0.045024242252111435,0.3089827001094818,0.41127467155456543,-0.056426819413900375,0.2535625100135803,0.5712237358093262,-0.01221361756324768,0.2664341628551483,0.47886961698532104,-0.02543981373310089,0.2731245160102844,0.4202234745025635,-0.040855906903743744,0.2791743278503418,0.36980295181274414,-0.05259818956255913,0.22000491619110107,0.5701983571052551,-0.013817323371767998,0.23264561593532562,0.4855632781982422,-0.02769949845969677,0.24114948511123657,0.43372413516044617,-0.039223603904247284,0.2482212632894516,0.3881566524505615,-0.047396715730428696,0.18414610624313354,0.5839898586273193,-0.018462933599948883,0.1930948793888092,0.5179519653320312,-0.03147047758102417,0.20162513852119446,0.47758013010025024,-0.037324272096157074,0.21031081676483154,0.4392302334308624,-0.04084523767232895,stop
0.5488406419754028,0.40362921357154846,-0.8098486065864563,0.5812862515449524,0.3490825593471527,-0.7793045043945312,0.6000428795814514,0.35087624192237854,-0.7790865898132324,0.617053210735321,0.35237160325050354,-0.7791235446929932,0.5363513231277466,0.34312862157821655,-0.7499833106994629,0.5250975489616394,0.34083208441734314,-0.7494696378707886,0.5164147615432739,0.33897432684898376,-0.7496473789215088,0.6499350666999817,0.3747732937335968,-0.44797834753990173,0.511619508266449,0.35516542196273804,-0.28987258672714233,0.5798454880714417,0.46957001090049744,-0.684456467628479,0.5251767039299011,0.46327102184295654,-0.6390489339828491,0.7940747141838074,0.6664636135101318,-0.24411697685718536,0.40398985147476196,0.6526269912719727,-0.18280714750289917,0.8847100138664246,0.9721909761428833,-0.2887440621852875,0.21204373240470886,0.8810744881629944,-0.8488701581954956,0.9189078211784363,1.378017783164978,-0.521871030330658,0.19888117909431458,0.7743638157844543,-2.014273166656494,0.9452987909317017,1.485355019569397,-0.602557897567749,0.18765899538993835,0.6672417521476746,-2.22249174118042,0.9022027850151062,1.4645779132843018,-0.6370261311531067,0.24379026889801025,0.6129230260848999,-2.2024788856506348,0.8778859376907349,1.4335401058197021,-0.5488213300704956,0.26209408044815063,0.6620307564735413,-2.0400893688201904,0.703373372554779,1.4356420040130615,-0.07727131247520447,0.4150816798210144,1.4260867834091187,0.08154254406690598,0.679519772529602,2.061004877090454,0.04847395792603493,0.4136238992214203,2.0458109378814697,0.43722090125083923,0.6760330200195312,2.61828875541687,0.6858147978782654,0.41849642992019653,2.5998034477233887,1.157470464706421,0.6843069791793823,2.695560932159424,0.7158466577529907,0.41608816385269165,2.6705310344696045,1.2221351861953735,0.6240894794464111,2.7924509048461914,0.13204005360603333,0.4422881603240967,2.7946524620056152,0.5969612002372742,0,0,0,0,0,0,0,0,0,0,0,0,0,0,0,0,0,0,0,0,0,0,0,0,0,0,0,0,0,0,0,0,0,0,0,0,0,0,0,0,0,0,0,0,0,0,0,0,0,0,0,0,0,0,0,0,0,0,0,0,0,0,0,0.19411057233810425,0.7900415062904358,3.0671719741803827e-07,0.25842636823654175,0.7724230289459229,-0.02829715982079506,0.31508997082710266,0.7146543264389038,-0.03701653331518173,0.35228708386421204,0.6536893844604492,-0.04354456439614296,0.3819866478443146,0.6084376573562622,-0.04932617023587227,0.28837063908576965,0.5917750597000122,-0.012056066654622555,0.3018544018268585,0.5106422901153564,-0.026928240433335304,0.30639639496803284,0.45934244990348816,-0.04173809662461281,0.31012946367263794,0.4134669303894043,-0.05296098440885544,0.2543906271457672,0.5706192255020142,-0.010192585177719593,0.2678301930427551,0.4783329963684082,-0.023084767162799835,0.2752199172973633,0.4195011854171753,-0.038290396332740784,0.2815377712249756,0.36875349283218384,-0.049689121544361115,0.22034655511379242,0.5697195529937744,-0.012340971268713474,0.23194420337677002,0.48532775044441223,-0.026359442621469498,0.2407892793416977,0.4342370629310608,-0.03758985921740532,0.24839560687541962,0.388813316822052,-0.04525884985923767,0.1838362067937851,0.5845571756362915,-0.01751922070980072,0.1923404037952423,0.5179168581962585,-0.0307599063962698,0.20055830478668213,0.47802048921585083,-0.03637032210826874,0.2092277705669403,0.44021421670913696,-0.039509862661361694,stop
0.5450445413589478,0.4036217927932739,-0.8498808741569519,0.5754373669624329,0.34870803356170654,-0.8165544271469116,0.5944719910621643,0.3502112030982971,-0.8163812756538391,0.6117849349975586,0.35153159499168396,-0.8164016008377075,0.5316451787948608,0.3431275486946106,-0.783862292766571,0.521870493888855,0.3408578932285309,-0.7832273244857788,0.5126785039901733,0.33906519412994385,-0.7833682298660278,0.6463829278945923,0.3730393052101135,-0.4696294665336609,0.5075479745864868,0.355752557516098,-0.2969045341014862,0.5775343775749207,0.46932342648506165,-0.7193213105201721,0.5234408974647522,0.4633369743824005,-0.6696885824203491,0.7943323850631714,0.6656628251075745,-0.2598773241043091,0.4043564200401306,0.6602569222450256,-0.19713911414146423,0.8842994570732117,0.9728519916534424,-0.30600446462631226,0.21592500805854797,0.8843586444854736,-0.8895694017410278,0.9210572242736816,1.3871198892593384,-0.5407537817955017,0.2030167132616043,0.7748983502388,-2.091569662094116,0.948529064655304,1.4942748546600342,-0.6225809454917908,0.1903986632823944,0.6677043437957764,-2.30729079246521,0.9061622619628906,1.475952386856079,-0.6569865942001343,0.2460649013519287,0.6130421161651611,-2.293534278869629,0.8809709548950195,1.4454079866409302,-0.568907618522644,0.2642356753349304,0.66291743516922,-2.1218056678771973,0.7133842706680298,1.4358751773834229,-0.08091378211975098,0.4222049117088318,1.4255199432373047,0.08529558777809143,0.6998908519744873,2.061915874481201,0.07682301104068756,0.4316674768924713,2.051650285720825,0.4628313183784485,0.706630527973175,2.6183395385742188,0.7829198837280273,0.4469870924949646,2.605300188064575,1.2126120328903198,0.7167569994926453,2.6954843997955322,0.818084716796875,0.4465256333351135,2.6759073734283447,1.2805874347686768,0.6570745706558228,2.792809247970581,0.21339353919029236,0.4727540612220764,2.800405979156494,0.6383259892463684,0,0,0,0,0,0,0,0,0,0,0,0,0,0,0,0,0,0,0,0,0,0,0,0,0,0,0,0,0,0,0,0,0,0,0,0,0,0,0,0,0,0,0,0,0,0,0,0,0,0,0,0,0,0,0,0,0,0,0,0,0,0,0,0.19665449857711792,0.7892801761627197,3.1245218679032405e-07,0.26054930686950684,0.7717809081077576,-0.029034292325377464,0.3177691400051117,0.7140218019485474,-0.03829623758792877,0.35592982172966003,0.6526640057563782,-0.04504706710577011,0.3866019546985626,0.6077233552932739,-0.050946708768606186,0.2913177013397217,0.5900700092315674,-0.01381631474941969,0.304581880569458,0.5080171823501587,-0.028578896075487137,0.3083479404449463,0.45579132437705994,-0.04316382482647896,0.311365008354187,0.40912431478500366,-0.05426362156867981,0.25737878680229187,0.5687371492385864,-0.011371334083378315,0.27067047357559204,0.4753417372703552,-0.024437006562948227,0.27747201919555664,0.4155508279800415,-0.03968551382422447,0.28317299485206604,0.3638527989387512,-0.05110132694244385,0.22359603643417358,0.5676222443580627,-0.012793219648301601,0.235192209482193,0.48277604579925537,-0.026626821607351303,0.24342423677444458,0.4310045540332794,-0.03782493248581886,0.25017207860946655,0.3852633833885193,-0.04549579322338104,0.18733224272727966,0.5820299983024597,-0.01726105622947216,0.19597366452217102,0.5148258805274963,-0.03006286546587944,0.2044508159160614,0.4738667607307434,-0.035632867366075516,0.21322394907474518,0.43523991107940674,-0.03878436237573624,stop
0.5414594411849976,0.4031922519207001,-0.8479284048080444,0.57042396068573,0.34787076711654663,-0.816820502281189,0.5895182490348816,0.34900176525115967,-0.8166453242301941,0.6075783371925354,0.35001423954963684,-0.8166579008102417,0.5279702544212341,0.3429485857486725,-0.7831872701644897,0.5189566016197205,0.34079113602638245,-0.782584547996521,0.5088170766830444,0.3390534520149231,-0.7827330231666565,0.6435046792030334,0.37148815393447876,-0.47931423783302307,0.5044606924057007,0.3563065230846405,-0.2981903553009033,0.575208842754364,0.4684705436229706,-0.7196572422981262,0.5213581323623657,0.4633234441280365,-0.6691056489944458,0.7940412759780884,0.6647402048110962,-0.285023033618927,0.4042294919490814,0.6641052961349487,-0.19709113240242004,0.8832148313522339,0.9731621146202087,-0.3574945330619812,0.21550671756267548,0.8891283273696899,-0.8870991468429565,0.9210201501846313,1.3905582427978516,-0.6239717602729797,0.20431168377399445,0.7748335003852844,-2.0781469345092773,0.9482952952384949,1.4989945888519287,-0.7174166440963745,0.19359871745109558,0.6708678603172302,-2.292057514190674,0.905901312828064,1.4815559387207031,-0.749205470085144,0.24801835417747498,0.6139422059059143,-2.2760801315307617,0.8809018135070801,1.4507042169570923,-0.651936411857605,0.2648847997188568,0.6634894609451294,-2.1065926551818848,0.7152539491653442,1.4368947744369507,-0.0856797844171524,0.42311304807662964,1.4252861738204956,0.0900196060538292,0.6991649866104126,2.0641493797302246,0.07841254025697708,0.4335062503814697,2.057590961456299,0.5147534012794495,0.7038468718528748,2.6197617053985596,0.7686510682106018,0.4466361403465271,2.612165689468384,1.2957903146743774,0.7133517265319824,2.6968958377838135,0.8025273084640503,0.44560766220092773,2.683227777481079,1.3667895793914795,0.6534958481788635,2.7950549125671387,0.20411598682403564,0.4704459309577942,2.8074960708618164,0.7371739149093628,0,0,0,0,0,0,0,0,0,0,0,0,0,0,0,0,0,0,0,0,0,0,0,0,0,0,0,0,0,0,0,0,0,0,0,0,0,0,0,0,0,0,0,0,0,0,0,0,0,0,0,0,0,0,0,0,0,0,0,0,0,0,0,0.1990053355693817,0.7890750169754028,2.989569622968702e-07,0.26250067353248596,0.7734871506690979,-0.030894054099917412,0.3197730481624603,0.7172448635101318,-0.04111683368682861,0.3592224717140198,0.6563766002655029,-0.0485885813832283,0.3907398283481598,0.6101118326187134,-0.055148422718048096,0.2949090003967285,0.5903469324111938,-0.013955456204712391,0.30871421098709106,0.5086351037025452,-0.028643183410167694,0.3126344680786133,0.45701009035110474,-0.04369371384382248,0.31608590483665466,0.4107227027416229,-0.05531091243028641,0.26153767108917236,0.5691249370574951,-0.010476904921233654,0.2750936448574066,0.4777226448059082,-0.02302851714193821,0.2819368839263916,0.419375479221344,-0.03866274282336235,0.2878491282463074,0.3686401844024658,-0.05082431063055992,0.22813615202903748,0.567974328994751,-0.011166864074766636,0.24095650017261505,0.4839854836463928,-0.024913109838962555,0.24929654598236084,0.4327179193496704,-0.036997660994529724,0.2556997835636139,0.38725101947784424,-0.045632265508174896,0.19244873523712158,0.5819507837295532,-0.0150441974401474,0.20151877403259277,0.5154613852500916,-0.02827339619398117,0.21000680327415466,0.47510775923728943,-0.034807439893484116,0.2184453308582306,0.43668511509895325,-0.03888094425201416,stop
0.53980553150177,0.40268006920814514,-0.8519202470779419,0.5682459473609924,0.34700778126716614,-0.821485161781311,0.5873042941093445,0.34781521558761597,-0.8213019371032715,0.6055808663368225,0.3485659658908844,-0.821296215057373,0.5263288021087646,0.34269431233406067,-0.7869755625724792,0.5176182389259338,0.34066450595855713,-0.7863928079605103,0.50714510679245,0.3389984965324402,-0.7865510582923889,0.641891360282898,0.3700154721736908,-0.48448681831359863,0.503036379814148,0.35658857226371765,-0.3011261224746704,0.5739414095878601,0.4674927294254303,-0.7243768572807312,0.520264744758606,0.4632420837879181,-0.6729322671890259,0.793734073638916,0.6637573838233948,-0.28650444746017456,0.4041728377342224,0.6657314896583557,-0.19771936535835266,0.8826308250427246,0.9731600880622864,-0.34284162521362305,0.21582134068012238,0.891778290271759,-0.8820798993110657,0.9209372401237488,1.3912891149520874,-0.6035163998603821,0.2058560848236084,0.7747823596000671,-2.0691025257110596,0.9481528997421265,1.499866247177124,-0.6930279731750488,0.19538770616054535,0.6730660200119019,-2.282228946685791,0.9056402444839478,1.4827041625976562,-0.7263840436935425,0.24972184002399445,0.6149917840957642,-2.2666406631469727,0.8807403445243835,1.4517536163330078,-0.6316258311271667,0.2657787501811981,0.6634365320205688,-2.0974082946777344,0.7163063287734985,1.4370735883712769,-0.08745725452899933,0.42397648096084595,1.424816608428955,0.09180975705385208,0.6994255781173706,2.065171241760254,0.07685834169387817,0.4352485239505768,2.060101270675659,0.5054985880851746,0.703229546546936,2.6207921504974365,0.7641103863716125,0.44753655791282654,2.615344285964966,1.275583028793335,0.7123381495475769,2.6980061531066895,0.7979193925857544,0.44649386405944824,2.686556100845337,1.3449352979660034,0.6529966592788696,2.7961676120758057,0.19824880361557007,0.4706449508666992,2.810145139694214,0.7113562822341919,0,0,0,0,0,0,0,0,0,0,0,0,0,0,0,0,0,0,0,0,0,0,0,0,0,0,0,0,0,0,0,0,0,0,0,0,0,0,0,0,0,0,0,0,0,0,0,0,0,0,0,0,0,0,0,0,0,0,0,0,0,0,0,0.19972866773605347,0.7891445755958557,2.9364801434894616e-07,0.26399534940719604,0.7738268375396729,-0.028870029374957085,0.32093459367752075,0.7168436050415039,-0.03789999708533287,0.3589329719543457,0.6546808481216431,-0.04458073899149895,0.3908669054508209,0.6098657846450806,-0.05045514553785324,0.29556819796562195,0.5904529094696045,-0.011895518749952316,0.3095870018005371,0.5090938806533813,-0.02617781050503254,0.3138120770454407,0.4579940438270569,-0.040736403316259384,0.31715643405914307,0.41231483221054077,-0.05195686221122742,0.2620956599712372,0.568696916103363,-0.009514032863080502,0.2760748267173767,0.4770272374153137,-0.02181633934378624,0.2832140326499939,0.4185153841972351,-0.03704196214675903,0.2888796627521515,0.3678613603115082,-0.048672374337911606,0.2285403460264206,0.5676649808883667,-0.011165007017552853,0.240331768989563,0.4835944175720215,-0.024755600839853287,0.24918316304683685,0.43266257643699646,-0.03625575825572014,0.2566100060939789,0.3873636722564697,-0.04429291933774948,0.1923528015613556,0.5824263095855713,-0.01585756242275238,0.2001800835132599,0.5148414373397827,-0.028976785019040108,0.20871621370315552,0.47479021549224854,-0.03495391830801964,0.2180158793926239,0.43711239099502563,-0.038461241871118546,stop
0.538921058177948,0.4020457863807678,-0.9006861448287964,0.5673574805259705,0.346367210149765,-0.8680070638656616,0.5862982273101807,0.3470129072666168,-0.8678295016288757,0.604519248008728,0.34768205881118774,-0.8677765727043152,0.5255695581436157,0.34250304102897644,-0.8322197794914246,0.5168562531471252,0.34059110283851624,-0.8316252827644348,0.5060463547706604,0.3389856219291687,-0.8318432569503784,0.6407879590988159,0.3695697486400604,-0.5095826387405396,0.5017484426498413,0.3570174276828766,-0.32467761635780334,0.5729027986526489,0.46680623292922974,-0.7647444009780884,0.5195603370666504,0.46297624707221985,-0.712414562702179,0.793591320514679,0.6632474064826965,-0.28821563720703125,0.40416866540908813,0.667416512966156,-0.2026868760585785,0.8817529678344727,0.9726980924606323,-0.3334118723869324,0.21564427018165588,0.8941453695297241,-0.8793851733207703,0.9208137392997742,1.39349365234375,-0.6003768444061279,0.2059268057346344,0.776860773563385,-2.0752460956573486,0.9479894638061523,1.502413034439087,-0.6884608268737793,0.19601526856422424,0.6769194006919861,-2.291966199874878,0.9055244326591492,1.4854141473770142,-0.727312445640564,0.25015515089035034,0.6198660135269165,-2.277230739593506,0.880669116973877,1.4538573026657104,-0.6303386688232422,0.26623955368995667,0.6677060723304749,-2.104534149169922,0.7161439061164856,1.4386463165283203,-0.08880236744880676,0.42356619238853455,1.4250191450119019,0.09320773184299469,0.6979261636734009,2.066530466079712,0.0930144339799881,0.43307724595069885,2.0617456436157227,0.5019739866256714,0.7002213597297668,2.620837688446045,0.8213793039321899,0.4432945251464844,2.6161763668060303,1.289802074432373,0.7089442610740662,2.698096990585327,0.8593308329582214,0.4420405328273773,2.6876308917999268,1.3609087467193604,0.6494888663291931,2.7964510917663574,0.24364247918128967,0.466601699590683,2.8105294704437256,0.7119166851043701,0,0,0,0,0,0,0,0,0,0,0,0,0,0,0,0,0,0,0,0,0,0,0,0,0,0,0,0,0,0,0,0,0,0,0,0,0,0,0,0,0,0,0,0,0,0,0,0,0,0,0,0,0,0,0,0,0,0,0,0,0,0,0,0.2013530731201172,0.7883580327033997,3.133345103378815e-07,0.2649692893028259,0.7715644836425781,-0.030083250254392624,0.32171720266342163,0.7154396772384644,-0.040358349680900574,0.36122652888298035,0.6549870371818542,-0.04807311296463013,0.3933223783969879,0.6086385846138,-0.05497448518872261,0.2973434329032898,0.5900018811225891,-0.014575271867215633,0.31193798780441284,0.5084325075149536,-0.029867684468626976,0.3164341151714325,0.45632871985435486,-0.045068610459566116,0.3200075328350067,0.40934938192367554,-0.05669284239411354,0.26383069157600403,0.5684325098991394,-0.01192132942378521,0.27838757634162903,0.4764401316642761,-0.02519380860030651,0.2860778868198395,0.4175817370414734,-0.04090237244963646,0.2924365997314453,0.3663027882575989,-0.05291701853275299,0.22999149560928345,0.5671478509902954,-0.01329594012349844,0.24293643236160278,0.4834030270576477,-0.027435528114438057,0.2517208755016327,0.4317823052406311,-0.03919745236635208,0.25867122411727905,0.3858094811439514,-0.04744306206703186,0.19373251497745514,0.5810762643814087,-0.017798129469156265,0.2034975290298462,0.514180600643158,-0.031075600534677505,0.21190842986106873,0.4733825623989105,-0.037162896245718,0.22025169432163239,0.4345710873603821,-0.04080817475914955,stop
0.5375165939331055,0.4015353322029114,-0.8975113034248352,0.5659419298171997,0.3454728424549103,-0.8670016527175903,0.5848447680473328,0.3458734452724457,-0.8668181300163269,0.6033309698104858,0.34630537033081055,-0.8666117787361145,0.5246530175209045,0.3420161008834839,-0.8262228965759277,0.515995442867279,0.3401747941970825,-0.8256431818008423,0.5049145817756653,0.3386174440383911,-0.8259531259536743,0.640119194984436,0.368185818195343,-0.5023540258407593,0.5007087588310242,0.35701704025268555,-0.317908376455307,0.5713884234428406,0.466251015663147,-0.7616685628890991,0.5187608003616333,0.4626401662826538,-0.7067688703536987,0.793554425239563,0.6629353165626526,-0.285648912191391,0.40420183539390564,0.6680336594581604,-0.2013166844844818,0.8817561864852905,0.9730867147445679,-0.2968979477882385,0.21593010425567627,0.8969916105270386,-0.8850642442703247,0.9224479794502258,1.3980542421340942,-0.48437342047691345,0.20673105120658875,0.7774192690849304,-2.077983856201172,0.9512693285942078,1.5081592798233032,-0.5526421070098877,0.19755803048610687,0.6786495447158813,-2.290553569793701,0.907767653465271,1.4932434558868408,-0.5895791053771973,0.25105759501457214,0.620629072189331,-2.2731518745422363,0.88219153881073,1.4616444110870361,-0.5105171799659729,0.2670210003852844,0.6681514382362366,-2.1050949096679688,0.716974139213562,1.4398961067199707,-0.08875246345996857,0.4239640235900879,1.4248149394989014,0.09314614534378052,0.6971035599708557,2.068328380584717,0.0841539204120636,0.43163877725601196,2.0618386268615723,0.49658727645874023,0.6982622146606445,2.6215150356292725,0.7996326088905334,0.44250887632369995,2.615947961807251,1.2694367170333862,0.7067872881889343,2.6987414360046387,0.8357793092727661,0.440670907497406,2.6874375343322754,1.338607907295227,0.6479653120040894,2.7972004413604736,0.2261328399181366,0.46521884202957153,2.8104257583618164,0.6964907646179199,0,0,0,0,0,0,0,0,0,0,0,0,0,0,0,0,0,0,0,0,0,0,0,0,0,0,0,0,0,0,0,0,0,0,0,0,0,0,0,0,0,0,0,0,0,0,0,0,0,0,0,0,0,0,0,0,0,0,0,0,0,0,0,0.20215681195259094,0.7872461676597595,3.202406446689565e-07,0.2657608687877655,0.7722249627113342,-0.030903933569788933,0.3223910331726074,0.7164003849029541,-0.04137323424220085,0.3613501787185669,0.6546258926391602,-0.0491512306034565,0.3937508165836334,0.6083921790122986,-0.05602027848362923,0.29650142788887024,0.5889933705329895,-0.014610178768634796,0.31119173765182495,0.5073751211166382,-0.0298885740339756,0.31600382924079895,0.4560162425041199,-0.044909022748470306,0.32016849517822266,0.41012823581695557,-0.056343041360378265,0.2629569172859192,0.5676206350326538,-0.011468698270618916,0.27752605080604553,0.475582480430603,-0.02462061494588852,0.28531813621520996,0.4172299802303314,-0.040041033178567886,0.29200243949890137,0.3661614656448364,-0.051819901913404465,0.22912921011447906,0.5668807625770569,-0.012481856159865856,0.2417277991771698,0.4834032654762268,-0.02660600282251835,0.2509557008743286,0.43218839168548584,-0.038076695054769516,0.25886979699134827,0.3860754370689392,-0.046104155480861664,0.19266164302825928,0.5817559361457825,-0.01670166105031967,0.20172111690044403,0.5153440237045288,-0.029915977269411087,0.21015428006649017,0.47525233030319214,-0.035776715725660324,0.21890109777450562,0.4370124936103821,-0.03925241529941559,stop
0.5366021394729614,0.40081125497817993,-0.8819392919540405,0.565078854560852,0.3445054292678833,-0.8541635274887085,0.5839279294013977,0.34470680356025696,-0.8539478182792664,0.602577805519104,0.3449459671974182,-0.8538663983345032,0.5241724252700806,0.34137189388275146,-0.8127153515815735,0.5155519843101501,0.33957234025001526,-0.8121627569198608,0.5043788552284241,0.3380107283592224,-0.8124884366989136,0.6396597027778625,0.3668667674064636,-0.4999435544013977,0.5003534555435181,0.3569098114967346,-0.3132357597351074,0.570354700088501,0.4654577076435089,-0.7526630163192749,0.5182623863220215,0.4620223939418793,-0.6952894330024719,0.7935028076171875,0.6624168753623962,-0.2811957001686096,0.4045781195163727,0.6681630611419678,-0.20110321044921875,0.8817501068115234,0.9731033444404602,-0.2718372941017151,0.21648606657981873,0.8986552953720093,-0.8926011919975281,0.9245373010635376,1.3986896276474,-0.44439810514450073,0.20695212483406067,0.7784939408302307,-2.080219030380249,0.9545934796333313,1.5087696313858032,-0.5087707042694092,0.19783319532871246,0.6799643635749817,-2.290172815322876,0.9108411073684692,1.4943335056304932,-0.5446151494979858,0.25126421451568604,0.6216065287590027,-2.271894693374634,0.8845816850662231,1.462948203086853,-0.4700191617012024,0.26735782623291016,0.6688966751098633,-2.106525182723999,0.7178013920783997,1.44099760055542,-0.08843187987804413,0.4244552254676819,1.424793004989624,0.0928114652633667,0.6969834566116333,2.0700509548187256,0.07691368460655212,0.4306120276451111,2.062563896179199,0.4850679337978363,0.696660041809082,2.623392343521118,0.7691348791122437,0.4405272603034973,2.6166679859161377,1.233238697052002,0.7050431370735168,2.70072340965271,0.8021303415298462,0.4387296736240387,2.6881494522094727,1.2999786138534546,0.6461116075515747,2.798922538757324,0.20210257172584534,0.46314412355422974,2.8117778301239014,0.6640250086784363,0,0,0,0,0,0,0,0,0,0,0,0,0,0,0,0,0,0,0,0,0,0,0,0,0,0,0,0,0,0,0,0,0,0,0,0,0,0,0,0,0,0,0,0,0,0,0,0,0,0,0,0,0,0,0,0,0,0,0,0,0,0,0,0.20198491215705872,0.7863753437995911,3.2157248597286525e-07,0.2650392949581146,0.7722887992858887,-0.03160438686609268,0.3213557004928589,0.7168591022491455,-0.042522527277469635,0.3604409992694855,0.6552566289901733,-0.050584208220243454,0.39277184009552,0.6083051562309265,-0.057715367525815964,0.2966395318508148,0.5893300175666809,-0.016031740233302116,0.3110805153846741,0.5077263712882996,-0.03167981654405594,0.31578701734542847,0.4561370015144348,-0.046817976981401443,0.3199048936367035,0.40979981422424316,-0.058329541236162186,0.26307687163352966,0.5676006078720093,-0.012666490860283375,0.2774507701396942,0.4751166105270386,-0.02627040259540081,0.2853017747402191,0.41664862632751465,-0.041717059910297394,0.2921837270259857,0.36554479598999023,-0.0534474179148674,0.22932004928588867,0.5668206810951233,-0.01346603687852621,0.2418556809425354,0.482985258102417,-0.027958890423178673,0.25103560090065,0.43155428767204285,-0.03947611153125763,0.2589506506919861,0.38540637493133545,-0.04743031784892082,0.19316308200359344,0.5817219614982605,-0.01751994900405407,0.20232924818992615,0.5148932933807373,-0.031011387705802917,0.21053782105445862,0.47433602809906006,-0.03702528029680252,0.21899306774139404,0.43561679124832153,-0.040552254766225815,stop
0.536313533782959,0.39983227849006653,-0.8753693699836731,0.5649427175521851,0.3436392545700073,-0.8459087610244751,0.583712100982666,0.34372514486312866,-0.845703125,0.6022703051567078,0.34388676285743713,-0.8456469774246216,0.5241010189056396,0.34082329273223877,-0.8081216812133789,0.5154534578323364,0.33911630511283875,-0.8075448870658875,0.5043076276779175,0.337600976228714,-0.8078354001045227,0.6392249464988708,0.366068571805954,-0.49633368849754333,0.5003854036331177,0.35680875182151794,-0.31144919991493225,0.5699034333229065,0.4641495943069458,-0.7454085350036621,0.5180249810218811,0.4612390697002411,-0.6924015879631042,0.793494701385498,0.6614232659339905,-0.28137701749801636,0.40523624420166016,0.6683670878410339,-0.20006465911865234,0.8817504644393921,0.9728032946586609,-0.2782958149909973,0.21531477570533752,0.8988645076751709,-0.8991566896438599,0.925216555595398,1.398488163948059,-0.47397279739379883,0.20689651370048523,0.7790985703468323,-2.0939135551452637,0.9553996324539185,1.5082215070724487,-0.546313464641571,0.19853395223617554,0.6808220744132996,-2.301909923553467,0.9116371870040894,1.4938677549362183,-0.5809673070907593,0.251373827457428,0.6238991618156433,-2.280115842819214,0.8852443695068359,1.462805986404419,-0.5006534457206726,0.2673269510269165,0.6697331070899963,-2.1188459396362305,0.7178871035575867,1.4410297870635986,-0.09254864603281021,0.42496219277381897,1.424752950668335,0.09677033126354218,0.6977899074554443,2.070160388946533,0.08037076890468597,0.43226566910743713,2.063066244125366,0.516399085521698,0.6986472010612488,2.6235501766204834,0.7965415716171265,0.44249606132507324,2.6171154975891113,1.3103904724121094,0.707320511341095,2.7008161544799805,0.8341225385665894,0.44097113609313965,2.6885781288146973,1.3833178281784058,0.6481181383132935,2.7990458011627197,0.23935790359973907,0.46467748284339905,2.8116979598999023,0.7505137920379639,0,0,0,0,0,0,0,0,0,0,0,0,0,0,0,0,0,0,0,0,0,0,0,0,0,0,0,0,0,0,0,0,0,0,0,0,0,0,0,0,0,0,0,0,0,0,0,0,0,0,0,0,0,0,0,0,0,0,0,0,0,0,0,0.20238462090492249,0.7883766889572144,3.104440224888094e-07,0.26469701528549194,0.7738484740257263,-0.031773682683706284,0.32128843665122986,0.7187015414237976,-0.04311871528625488,0.36164987087249756,0.6587609052658081,-0.05161193013191223,0.39441603422164917,0.6120555400848389,-0.05925583839416504,0.2986653745174408,0.5921040177345276,-0.016277603805065155,0.31341955065727234,0.5103741884231567,-0.032196756452322006,0.31783342361450195,0.4586039185523987,-0.04786520078778267,0.32172349095344543,0.41211992502212524,-0.059902869164943695,0.26530754566192627,0.5702733397483826,-0.012941870838403702,0.2798880338668823,0.4788065254688263,-0.02662239968776703,0.2874419093132019,0.4203154146671295,-0.04279046133160591,0.29405543208122253,0.3692050576210022,-0.05536789074540138,0.23161262273788452,0.5688607692718506,-0.01378953643143177,0.24469596147537231,0.48508915305137634,-0.028531739488244057,0.25362497568130493,0.43379637598991394,-0.040927011519670486,0.26089781522750854,0.388163298368454,-0.049807991832494736,0.19569146633148193,0.5826811790466309,-0.0178680419921875,0.2052040696144104,0.5165753960609436,-0.03192189335823059,0.21363016963005066,0.4765758514404297,-0.038751598447561264,0.22206826508045197,0.4382750391960144,-0.04308950901031494,stop
0.5360345840454102,0.40021708607673645,-0.8778986930847168,0.5645925998687744,0.34390056133270264,-0.8484228849411011,0.5831704139709473,0.34402018785476685,-0.8482311367988586,0.6016808748245239,0.34422561526298523,-0.8482017517089844,0.5239442586898804,0.34114545583724976,-0.8099855184555054,0.5153710246086121,0.3395017981529236,-0.8094027638435364,0.5042914152145386,0.33803555369377136,-0.8096581697463989,0.6386972665786743,0.36613792181015015,-0.4955567419528961,0.5004861950874329,0.3571121394634247,-0.3083351254463196,0.569397509098053,0.4643690884113312,-0.7447824478149414,0.5177770256996155,0.46158406138420105,-0.6906019449234009,0.7934797406196594,0.6607332825660706,-0.2802179455757141,0.40545088052749634,0.6681352257728577,-0.1848156601190567,0.879311740398407,0.9726840257644653,-0.2598685920238495,0.21757757663726807,0.8988669514656067,-0.8830437660217285,0.9218407869338989,1.3878788948059082,-0.4411618709564209,0.20770016312599182,0.7790762782096863,-2.089324474334717,0.9490784406661987,1.4948756694793701,-0.5084065198898315,0.19865626096725464,0.6811816692352295,-2.298981189727783,0.9078629612922668,1.479372262954712,-0.5451599359512329,0.2512698769569397,0.6242133975028992,-2.280668020248413,0.8823950886726379,1.4492565393447876,-0.467009961605072,0.2672485411167145,0.6695882081985474,-2.115713596343994,0.7178082466125488,1.4391196966171265,-0.10244441032409668,0.42493265867233276,1.4223058223724365,0.10650016367435455,0.697425901889801,2.0660436153411865,0.0806828960776329,0.43198293447494507,2.059455633163452,0.5155107975006104,0.6977982521057129,2.619330883026123,0.801903247833252,0.44093579053878784,2.6140103340148926,1.3037105798721313,0.7063161134719849,2.6957197189331055,0.839340329170227,0.439318984746933,2.6851396560668945,1.3753621578216553,0.6472152471542358,2.7950351238250732,0.23076863586902618,0.46403950452804565,2.806260585784912,0.728630781173706,0,0,0,0,0,0,0,0,0,0,0,0,0,0,0,0,0,0,0,0,0,0,0,0,0,0,0,0,0,0,0,0,0,0,0,0,0,0,0,0,0,0,0,0,0,0,0,0,0,0,0,0,0,0,0,0,0,0,0,0,0,0,0,0.20291996002197266,0.7869026064872742,3.2757887424850196e-07,0.26717609167099,0.7729482650756836,-0.031216634437441826,0.32419976592063904,0.7182292938232422,-0.04128437489271164,0.3623737096786499,0.6564412117004395,-0.04853112995624542,0.39393413066864014,0.6101438403129578,-0.05478678643703461,0.2980502247810364,0.590191662311554,-0.013913467526435852,0.3134169578552246,0.508622407913208,-0.028837477788329124,0.318058043718338,0.4567447602748871,-0.04370952770113945,0.32149821519851685,0.41050615906715393,-0.05499880015850067,0.26445308327674866,0.5683726668357849,-0.010352040641009808,0.2797154486179352,0.4767097234725952,-0.023169754073023796,0.28756219148635864,0.41822272539138794,-0.03852495178580284,0.2937890589237213,0.3680483102798462,-0.050134576857089996,0.23046474158763885,0.5671812891960144,-0.011020754463970661,0.2429617941379547,0.48339203000068665,-0.024984052404761314,0.25272250175476074,0.4321364462375641,-0.03664235770702362,0.26103439927101135,0.38714390993118286,-0.044682856649160385,0.19393494725227356,0.5815960168838501,-0.01492467150092125,0.20250684022903442,0.5146664977073669,-0.02819112315773964,0.2114846408367157,0.47480106353759766,-0.03420766815543175,0.22124731540679932,0.4374924898147583,-0.03768297657370567,stop
0.5357853770256042,0.40054067969322205,-0.8786946535110474,0.5643256902694702,0.3441181480884552,-0.849185585975647,0.5827867388725281,0.34426674246788025,-0.8489959836006165,0.6012777090072632,0.3445068299770355,-0.8489806056022644,0.5238099694252014,0.3413889706134796,-0.8106086850166321,0.5152884721755981,0.33977776765823364,-0.810022234916687,0.5042485594749451,0.33833199739456177,-0.8102580904960632,0.6383307576179504,0.36618614196777344,-0.49491769075393677,0.5005598664283752,0.35730883479118347,-0.3060108423233032,0.5690000057220459,0.46458667516708374,-0.7442644834518433,0.5175659656524658,0.4618586599826813,-0.6895154714584351,0.7934560179710388,0.6601623296737671,-0.27959951758384705,0.4056858420372009,0.6679279804229736,-0.17777305841445923,0.8776272535324097,0.9724217653274536,-0.2516770660877228,0.2190154492855072,0.8988702893257141,-0.8758028149604797,0.9198627471923828,1.3807733058929443,-0.42720723152160645,0.20845158398151398,0.7791088819503784,-2.087623119354248,0.9458643198013306,1.486128330230713,-0.4930124282836914,0.19876623153686523,0.6815271973609924,-2.2983288764953613,0.9059440493583679,1.4701640605926514,-0.5298929810523987,0.25118836760520935,0.624432384967804,-2.282350778579712,0.8808825612068176,1.4405747652053833,-0.4528277814388275,0.26721757650375366,0.6697459816932678,-2.1152760982513428,0.7176142930984497,1.4374829530715942,-0.1078270673751831,0.4248872697353363,1.4199984073638916,0.11185768991708755,0.6969406008720398,2.0633280277252197,0.08048447221517563,0.4317697584629059,2.0570006370544434,0.516786515712738,0.6972697973251343,2.6171557903289795,0.7968003153800964,0.4398728311061859,2.612277030944824,1.3029953241348267,0.7056220769882202,2.6933114528656006,0.8335767984390259,0.438192218542099,2.683271884918213,1.3741843700408936,0.6467152833938599,2.792463541030884,0.2234385460615158,0.46279722452163696,2.8033368587493896,0.7208412289619446,0,0,0,0,0,0,0,0,0,0,0,0,0,0,0,0,0,0,0,0,0,0,0,0,0,0,0,0,0,0,0,0,0,0,0,0,0,0,0,0,0,0,0,0,0,0,0,0,0,0,0,0,0,0,0,0,0,0,0,0,0,0,0,0.20298756659030914,0.7862778902053833,3.201695619736711e-07,0.26694074273109436,0.771797239780426,-0.030897945165634155,0.32340267300605774,0.7164443135261536,-0.04140203446149826,0.3619452118873596,0.65496426820755,-0.04914088174700737,0.39446234703063965,0.6087716817855835,-0.05594855174422264,0.2980928122997284,0.5899054408073425,-0.015159848146140575,0.31292110681533813,0.5078777074813843,-0.030600788071751595,0.3176005184650421,0.45605796575546265,-0.045567836612463,0.3214212954044342,0.4099249243736267,-0.056912366300821304,0.2645239531993866,0.5681977272033691,-0.011995050124824047,0.27921122312545776,0.4757174551486969,-0.02550414763391018,0.2872050404548645,0.4170222878456116,-0.04096503183245659,0.29392895102500916,0.3666529357433319,-0.052647653967142105,0.23076649010181427,0.5671471357345581,-0.01294920314103365,0.24308477342128754,0.4827325642108917,-0.027412164956331253,0.25265762209892273,0.43104296922683716,-0.03912863880395889,0.2608533501625061,0.3856959044933319,-0.04720582067966461,0.1947937309741974,0.5816805958747864,-0.017075147479772568,0.20369696617126465,0.51420658826828,-0.030691072344779968,0.2123655527830124,0.47345808148384094,-0.03691715747117996,0.22160479426383972,0.43514037132263184,-0.04057762026786804,stop
0.5358666181564331,0.40126803517341614,-0.8512079119682312,0.564422070980072,0.34448230266571045,-0.8259378671646118,0.5828443169593811,0.3446178436279297,-0.8256500363349915,0.6012155413627625,0.34485524892807007,-0.8257111310958862,0.5238702297210693,0.3419013023376465,-0.7884281873703003,0.5153350234031677,0.3403998017311096,-0.7878221869468689,0.5043121576309204,0.33910125494003296,-0.7879859209060669,0.6380581259727478,0.36624228954315186,-0.48879075050354004,0.5006252527236938,0.35781827569007874,-0.2999640107154846,0.5690113306045532,0.4648418128490448,-0.7230874300003052,0.517566978931427,0.46262165904045105,-0.6686698198318481,0.7927659749984741,0.6600294709205627,-0.27414509654045105,0.40658193826675415,0.6675602793693542,-0.1811387836933136,0.8771249651908875,0.9697425961494446,-0.25572502613067627,0.22162571549415588,0.8982330560684204,-0.8802868127822876,0.9213272929191589,1.3804289102554321,-0.4304420053958893,0.20903055369853973,0.7790095806121826,-2.078498601913452,0.9488857388496399,1.485227346420288,-0.49662548303604126,0.19948001205921173,0.6812306642532349,-2.2836451530456543,0.9094875454902649,1.470202088356018,-0.5317853689193726,0.25124865770339966,0.6244187951087952,-2.2715883255004883,0.8836048245429993,1.4406543970108032,-0.456351101398468,0.26717862486839294,0.6697257161140442,-2.1073920726776123,0.7153496146202087,1.437340497970581,-0.10760320723056793,0.42480260133743286,1.4190207719802856,0.11162202060222626,0.6932600736618042,2.06308913230896,0.04937564954161644,0.42966824769973755,2.0563085079193115,0.47441068291664124,0.6923800706863403,2.617231607437134,0.6993979215621948,0.4361422657966614,2.6122477054595947,1.1852805614471436,0.7009588479995728,2.6934266090393066,0.7294038534164429,0.43428125977516174,2.6832330226898193,1.248643398284912,0.6436365246772766,2.7922215461730957,0.13633617758750916,0.45684343576431274,2.8031527996063232,0.614089846611023,0,0,0,0,0,0,0,0,0,0,0,0,0,0,0,0,0,0,0,0,0,0,0,0,0,0,0,0,0,0,0,0,0,0,0,0,0,0,0,0,0,0,0,0,0,0,0,0,0,0,0,0,0,0,0,0,0,0,0,0,0,0,0,0.20381325483322144,0.7847803831100464,3.243742980885145e-07,0.2682376205921173,0.7691447734832764,-0.03070182166993618,0.3258068859577179,0.713288426399231,-0.0410555861890316,0.3643638491630554,0.6521981954574585,-0.0486271046102047,0.39687687158584595,0.6071025729179382,-0.05533730238676071,0.2997656464576721,0.5880443453788757,-0.015833670273423195,0.31437256932258606,0.506259024143219,-0.03117743320763111,0.3188706338405609,0.45420384407043457,-0.046024028211832047,0.3224409520626068,0.4075004458427429,-0.05734120309352875,0.2658264636993408,0.566210150718689,-0.012817000038921833,0.2807999849319458,0.47378188371658325,-0.026135239750146866,0.2885318994522095,0.41483190655708313,-0.041473500430583954,0.29497358202934265,0.36416077613830566,-0.05311698839068413,0.2316964864730835,0.5649234056472778,-0.013818816281855106,0.24451804161071777,0.48067134618759155,-0.028137071058154106,0.2535719871520996,0.4289810359477997,-0.039845310151576996,0.2611548602581024,0.38345789909362793,-0.047964442521333694,0.19495877623558044,0.5792459845542908,-0.017959270626306534,0.2046625018119812,0.5120997428894043,-0.03155696764588356,0.21356426179409027,0.47140827775001526,-0.0378134585916996,0.22279410064220428,0.4329347014427185,-0.04150313884019852,stop
0.5360602736473083,0.4022553265094757,-0.8469203114509583,0.5644834041595459,0.3454783260822296,-0.8199518918991089,0.5829091668128967,0.3457658588886261,-0.8196420669555664,0.6012513041496277,0.3461490571498871,-0.8197001218795776,0.5239430665969849,0.3425261676311493,-0.7857126593589783,0.5153576135635376,0.34100615978240967,-0.7851104736328125,0.5044789910316467,0.33969244360923767,-0.7852728962898254,0.6380746960639954,0.36728227138519287,-0.47536808252334595,0.5006542801856995,0.3582243323326111,-0.29998934268951416,0.5692082047462463,0.4657992720603943,-0.7159102559089661,0.5175942778587341,0.46348536014556885,-0.6659486293792725,0.7925080060958862,0.6596153974533081,-0.2384859323501587,0.40659189224243164,0.667533278465271,-0.19809822738170624,0.8752570152282715,0.9668397307395935,-0.21823854744434357,0.22195592522621155,0.8982114791870117,-0.8920012712478638,0.9226080775260925,1.3799341917037964,-0.40187591314315796,0.2095184028148651,0.7775582075119019,-2.077780246734619,0.9503213763237,1.4847134351730347,-0.46658071875572205,0.1998727172613144,0.6799803376197815,-2.2831952571868896,0.9114645719528198,1.4699478149414062,-0.5070770978927612,0.2511886954307556,0.6236445307731628,-2.2710983753204346,0.8855558633804321,1.440338373184204,-0.4305185377597809,0.266876220703125,0.6684682369232178,-2.1072194576263428,0.7152639627456665,1.4336563348770142,-0.09260053187608719,0.42493191361427307,1.4164578914642334,0.09677094966173172,0.6939264535903931,2.0577950477600098,0.04598062112927437,0.4300290048122406,2.0527899265289307,0.44177475571632385,0.6933764815330505,2.6133859157562256,0.6719164848327637,0.4369603097438812,2.6106574535369873,1.1447398662567139,0.7018452882766724,2.6896846294403076,0.6996915340423584,0.4351751208305359,2.681950330734253,1.2069909572601318,0.6453607678413391,2.7887728214263916,0.10453446954488754,0.4587845206260681,2.8014070987701416,0.5717952847480774,0,0,0,0,0,0,0,0,0,0,0,0,0,0,0,0,0,0,0,0,0,0,0,0,0,0,0,0,0,0,0,0,0,0,0,0,0,0,0,0,0,0,0,0,0,0,0,0,0,0,0,0,0,0,0,0,0,0,0,0,0,0,0,0.203891322016716,0.7825102806091309,3.280104010627838e-07,0.26820701360702515,0.7690191268920898,-0.03104664385318756,0.32523754239082336,0.7130677700042725,-0.04091503098607063,0.36342355608940125,0.650660514831543,-0.04790477082133293,0.3957417607307434,0.6052697896957397,-0.053977854549884796,0.3010617792606354,0.5847314596176147,-0.01420778501778841,0.3161312937736511,0.503436267375946,-0.02872069925069809,0.32043999433517456,0.4518030881881714,-0.04330842196941376,0.32379138469696045,0.4057506322860718,-0.054570674896240234,0.26699602603912354,0.5627321004867554,-0.01071893610060215,0.28223344683647156,0.47062796354293823,-0.023212073370814323,0.28987929224967957,0.41182243824005127,-0.03847347944974899,0.29613667726516724,0.36150282621383667,-0.05019104853272438,0.23264262080192566,0.561668872833252,-0.011398951523005962,0.24573278427124023,0.4778485894203186,-0.025295747444033623,0.25508859753608704,0.4262867271900177,-0.03724390268325806,0.26306962966918945,0.38074058294296265,-0.04563842713832855,0.1956530064344406,0.5762128829956055,-0.015257337130606174,0.20542988181114197,0.509407639503479,-0.02872432954609394,0.2147449553012848,0.4693993330001831,-0.035180144011974335,0.22479432821273804,0.4314844608306885,-0.03910600766539574,stop
0.5363219380378723,0.403018593788147,-0.8473182916641235,0.5645622611045837,0.3461945354938507,-0.8200443387031555,0.5830388069152832,0.34656378626823425,-0.8197323679924011,0.601305365562439,0.3470228910446167,-0.8197914958000183,0.5239892601966858,0.34301966428756714,-0.7864758968353271,0.5153988599777222,0.3414912521839142,-0.7858709096908569,0.5046695470809937,0.34016937017440796,-0.7860309481620789,0.6380928158760071,0.367972731590271,-0.47352591156959534,0.5006764531135559,0.3585156500339508,-0.30154114961624146,0.5694221258163452,0.46646416187286377,-0.7160271406173706,0.5176469683647156,0.4641203284263611,-0.6663296818733215,0.7923944592475891,0.6593050360679626,-0.23253747820854187,0.4065890312194824,0.6674873232841492,-0.2046174556016922,0.8735479116439819,0.9651077389717102,-0.2160801887512207,0.22199754416942596,0.8982661366462708,-0.8950263857841492,0.9235286712646484,1.3795185089111328,-0.409066766500473,0.20984861254692078,0.7768941521644592,-2.0771594047546387,0.9513333439826965,1.484202265739441,-0.47617968916893005,0.20019356906414032,0.679299533367157,-2.2833476066589355,0.9127995371818542,1.4696123600006104,-0.5175899863243103,0.2511434853076935,0.6233723759651184,-2.2719626426696777,0.8869019746780396,1.4399796724319458,-0.43835383653640747,0.2666638493537903,0.6678639650344849,-2.106436014175415,0.7152346968650818,1.4313708543777466,-0.08713511377573013,0.4253084063529968,1.4150787591934204,0.0913795530796051,0.6949652433395386,2.0546839237213135,0.04509371891617775,0.43070897459983826,2.050870656967163,0.44506487250328064,0.694787859916687,2.6106107234954834,0.6733812689781189,0.43800097703933716,2.6097376346588135,1.1649142503738403,0.7031818628311157,2.6867990493774414,0.7016229629516602,0.4362719655036926,2.6812198162078857,1.2289907932281494,0.6469627618789673,2.7865357398986816,0.10175619274377823,0.4606780409812927,2.8004708290100098,0.5910347104072571,0,0,0,0,0,0,0,0,0,0,0,0,0,0,0,0,0,0,0,0,0,0,0,0,0,0,0,0,0,0,0,0,0,0,0,0,0,0,0,0,0,0,0,0,0,0,0,0,0,0,0,0,0,0,0,0,0,0,0,0,0,0,0,0.20358040928840637,0.781083345413208,3.139833495424682e-07,0.26769542694091797,0.7675442099571228,-0.031275425106287,0.3248477876186371,0.712287187576294,-0.041574157774448395,0.36364641785621643,0.6510105729103088,-0.0490303672850132,0.3957214951515198,0.6048396229743958,-0.055638302117586136,0.30127543210983276,0.58408123254776,-0.014826787635684013,0.31647005677223206,0.5031935572624207,-0.029714025557041168,0.3209230303764343,0.4519827961921692,-0.04470768943428993,0.3247302770614624,0.4058934152126312,-0.05636555328965187,0.26747941970825195,0.562227189540863,-0.011443909257650375,0.28236818313598633,0.4706055521965027,-0.02430078387260437,0.28981712460517883,0.4120785593986511,-0.040053050965070724,0.29615840315818787,0.3611910045146942,-0.0523483082652092,0.23327553272247314,0.5611915588378906,-0.012241379357874393,0.24626658856868744,0.4774940013885498,-0.026573292911052704,0.2553330063819885,0.42570948600769043,-0.03901246562600136,0.2628215253353119,0.37955349683761597,-0.047909874469041824,0.19667398929595947,0.5755026340484619,-0.016208229586482048,0.2062608301639557,0.5090078711509705,-0.030050544068217278,0.21511590480804443,0.46884047985076904,-0.03691945597529411,0.2242824286222458,0.4304161071777344,-0.04130462557077408,stop
0.5363795757293701,0.4030900001525879,-0.8065251111984253,0.5647534728050232,0.34633105993270874,-0.7792539000511169,0.5832187533378601,0.3467284142971039,-0.7789530158042908,0.6013431549072266,0.3472455143928528,-0.7790328860282898,0.5240675806999207,0.3430677354335785,-0.7473891973495483,0.515460729598999,0.3415195345878601,-0.7468159794807434,0.5048274993896484,0.3401767611503601,-0.7470123767852783,0.6381159424781799,0.3680427670478821,-0.4438542425632477,0.5008703470230103,0.3584885895252228,-0.27892082929611206,0.5693626403808594,0.46655839681625366,-0.6788157820701599,0.5176283121109009,0.46415382623672485,-0.6316444277763367,0.792136549949646,0.6592640280723572,-0.2144031971693039,0.4071284830570221,0.6671671271324158,-0.20409519970417023,0.872157871723175,0.9635453820228577,-0.19220000505447388,0.22429485619068146,0.8968645334243774,-0.9038317799568176,0.9255595207214355,1.3792312145233154,-0.33750805258750916,0.2107592523097992,0.7747562527656555,-2.0808751583099365,0.9547561407089233,1.4833353757858276,-0.38815999031066895,0.20124761760234833,0.6775859594345093,-2.2850475311279297,0.9191890954971313,1.46920907497406,-0.4241044521331787,0.2510960102081299,0.6221227645874023,-2.2734005451202393,0.8923856616020203,1.4396642446517944,-0.36360201239585876,0.2665642499923706,0.6661779880523682,-2.110100507736206,0.714171826839447,1.4308161735534668,-0.08372089266777039,0.42488017678260803,1.414329171180725,0.08789291232824326,0.6948884129524231,2.053229331970215,0.0400695875287056,0.43057066202163696,2.049281358718872,0.4428325295448303,0.6946250200271606,2.6095380783081055,0.6507760286331177,0.4378841519355774,2.6088974475860596,1.1508729457855225,0.7030739188194275,2.685393810272217,0.6774539351463318,0.43571633100509644,2.68025541305542,1.2141330242156982,0.6472445726394653,2.7854416370391846,0.08892758190631866,0.46028876304626465,2.799597978591919,0.5848337411880493,0,0,0,0,0,0,0,0,0,0,0,0,0,0,0,0,0,0,0,0,0,0,0,0,0,0,0,0,0,0,0,0,0,0,0,0,0,0,0,0,0,0,0,0,0,0,0,0,0,0,0,0,0,0,0,0,0,0,0,0,0,0,0,0.20325814187526703,0.780281126499176,3.223024407361663e-07,0.26746857166290283,0.7655037641525269,-0.030855605378746986,0.3253694474697113,0.7104862928390503,-0.04098156467080116,0.36442598700523376,0.6499155163764954,-0.048363130539655685,0.39630401134490967,0.6043469905853271,-0.05481453239917755,0.2995080053806305,0.5829009413719177,-0.014354403130710125,0.3154441714286804,0.5013962984085083,-0.029536256566643715,0.3204590678215027,0.4497743844985962,-0.044597696512937546,0.3243505656719208,0.4037509560585022,-0.05609120801091194,0.26595452427864075,0.5609599351882935,-0.01127495989203453,0.28188538551330566,0.4698587656021118,-0.024186357855796814,0.2898310124874115,0.4113672375679016,-0.03965630382299423,0.2961868941783905,0.3609659969806671,-0.05151529610157013,0.23183228075504303,0.5598422884941101,-0.012400897219777107,0.24475963413715363,0.4764290452003479,-0.026484914124011993,0.25441962480545044,0.42517828941345215,-0.03837883844971657,0.2626686990261078,0.3796733021736145,-0.04679688811302185,0.19486716389656067,0.5745658874511719,-0.016730133444070816,0.20393022894859314,0.508492112159729,-0.030222922563552856,0.21250060200691223,0.4687519967556,-0.036460619419813156,0.2216830998659134,0.4310683608055115,-0.0402488186955452,stop
0.5376667976379395,0.4028729200363159,-0.8110593557357788,0.5668319463729858,0.34631645679473877,-0.7811326384544373,0.5848252773284912,0.34673166275024414,-0.7808175086975098,0.6021366715431213,0.3472675681114197,-0.7809981107711792,0.5256147980690002,0.34302493929862976,-0.749038815498352,0.5163938999176025,0.3414801359176636,-0.7484826445579529,0.5061919093132019,0.3401166498661041,-0.7486881017684937,0.6381376385688782,0.368062287569046,-0.4472420811653137,0.5013320446014404,0.35842376947402954,-0.2803080081939697,0.5695258975028992,0.4663330018520355,-0.6793040037155151,0.5179164409637451,0.46401044726371765,-0.6360213160514832,0.7913532853126526,0.6586822867393494,-0.21640434861183167,0.40723103284835815,0.6671730279922485,-0.20351675152778625,0.8721219301223755,0.9612610936164856,-0.1849144697189331,0.22483830153942108,0.8968489766120911,-0.8972667455673218,0.9277938008308411,1.3766177892684937,-0.35497182607650757,0.21110913157463074,0.7738044261932373,-2.0757999420166016,0.956506609916687,1.4796425104141235,-0.41188082098960876,0.2012184113264084,0.6772535443305969,-2.279010772705078,0.9214396476745605,1.4660732746124268,-0.4495088458061218,0.2510576546192169,0.620549201965332,-2.2711727619171143,0.895034909248352,1.436848759651184,-0.38187792897224426,0.2665274441242218,0.6648312211036682,-2.106562614440918,0.7155055999755859,1.4290845394134521,-0.08390344679355621,0.42764759063720703,1.4143352508544922,0.08802516758441925,0.7030410170555115,2.051783561706543,0.04105139523744583,0.4431135654449463,2.049992561340332,0.44463223218917847,0.7090657949447632,2.6092803478240967,0.690097451210022,0.4590190052986145,2.6096928119659424,1.1653470993041992,0.7170056104660034,2.68517804145813,0.7207950353622437,0.4583132266998291,2.6809587478637695,1.2295790910720825,0.6684049367904663,2.785126209259033,0.12021522223949432,0.48262864351272583,2.7995996475219727,0.5957924127578735,0,0,0,0,0,0,0,0,0,0,0,0,0,0,0,0,0,0,0,0,0,0,0,0,0,0,0,0,0,0,0,0,0,0,0,0,0,0,0,0,0,0,0,0,0,0,0,0,0,0,0,0,0,0,0,0,0,0,0,0,0,0,0,0.20558756589889526,0.7806262373924255,3.2060106036624347e-07,0.2693411409854889,0.7643892168998718,-0.029638074338436127,0.32548701763153076,0.7088020443916321,-0.03967254236340523,0.363914430141449,0.6490153670310974,-0.04729275405406952,0.39602306485176086,0.6037315130233765,-0.05407002940773964,0.29978686571121216,0.5823811888694763,-0.013548585586249828,0.3152078092098236,0.501347541809082,-0.028815314173698425,0.32007521390914917,0.449843168258667,-0.04393521696329117,0.3240412473678589,0.4039860963821411,-0.05546464025974274,0.2662695348262787,0.5609442591667175,-0.01118199061602354,0.28156188130378723,0.46886610984802246,-0.024492889642715454,0.2896474599838257,0.41016048192977905,-0.0400853157043457,0.2964259386062622,0.3595728874206543,-0.05196148157119751,0.23255984485149384,0.5600643754005432,-0.012922427617013454,0.24555398523807526,0.47590959072113037,-0.027356671169400215,0.25513869524002075,0.4242287576198578,-0.03922536224126816,0.2632969915866852,0.37852588295936584,-0.04750531539320946,0.19638946652412415,0.5747703313827515,-0.017744943499565125,0.20582929253578186,0.5083118081092834,-0.03141559287905693,0.21487556397914886,0.4677814245223999,-0.03770279139280319,0.2243402600288391,0.4294370114803314,-0.04149801656603813,stop
0.5386614799499512,0.402793824672699,-0.8165305256843567,0.5683923959732056,0.3463177978992462,-0.7868560552597046,0.5860792398452759,0.3467414081096649,-0.786568284034729,0.6028096079826355,0.34728702902793884,-0.7866963744163513,0.5267214179039001,0.3430192172527313,-0.754361629486084,0.5170627236366272,0.3414773941040039,-0.7538037300109863,0.5071362853050232,0.3401089906692505,-0.7540071606636047,0.6381603479385376,0.3680785894393921,-0.4461657404899597,0.5016660690307617,0.3584093153476715,-0.2820085883140564,0.5697073340415955,0.4662332236766815,-0.6850947141647339,0.5181807279586792,0.4639788269996643,-0.6396840810775757,0.7909348011016846,0.6584177613258362,-0.21521136164665222,0.40732163190841675,0.6673024892807007,-0.20368678867816925,0.8720064163208008,0.9605926275253296,-0.1805848628282547,0.22524535655975342,0.8968128561973572,-0.8965480923652649,0.9290351867675781,1.3752882480621338,-0.3431275486946106,0.21122276782989502,0.7727779746055603,-2.0698676109313965,0.9577930569648743,1.47781503200531,-0.3983064591884613,0.20119917392730713,0.6766490340232849,-2.2714431285858154,0.9229093790054321,1.4647465944290161,-0.4349258840084076,0.25102460384368896,0.619046151638031,-2.2656848430633545,0.896597683429718,1.4356797933578491,-0.369663804769516,0.26649197936058044,0.6635309457778931,-2.101214647293091,0.7165334224700928,1.4287675619125366,-0.08405180275440216,0.42957767844200134,1.414624571800232,0.08817990869283676,0.7072504758834839,2.0517334938049316,0.040232084691524506,0.4479060769081116,2.0513546466827393,0.4303744435310364,0.7147569060325623,2.609497547149658,0.6942499876022339,0.46550703048706055,2.6110010147094727,1.140467882156372,0.7228466272354126,2.685462713241577,0.7249995470046997,0.4648641049861908,2.6821234226226807,1.2041155099868774,0.6752669215202332,2.785219669342041,0.12470012903213501,0.48971349000930786,2.800053596496582,0.5611921548843384,0,0,0,0,0,0,0,0,0,0,0,0,0,0,0,0,0,0,0,0,0,0,0,0,0,0,0,0,0,0,0,0,0,0,0,0,0,0,0,0,0,0,0,0,0,0,0,0,0,0,0,0,0,0,0,0,0,0,0,0,0,0,0,0.20586615800857544,0.7805894613265991,3.2569084851274965e-07,0.26920294761657715,0.7645878791809082,-0.030065113678574562,0.3246672749519348,0.7085108757019043,-0.04038238897919655,0.3630219101905823,0.6484650373458862,-0.04824935272336006,0.39482659101486206,0.6025788187980652,-0.05530589073896408,0.2996314465999603,0.5820648074150085,-0.014097794890403748,0.3148557245731354,0.5012844800949097,-0.029450897127389908,0.31973835825920105,0.44984084367752075,-0.04465506970882416,0.32392385601997375,0.4038727879524231,-0.05631802976131439,0.2662779986858368,0.5607844591140747,-0.011621411889791489,0.2814318835735321,0.4690816104412079,-0.025004856288433075,0.28942957520484924,0.4105067253112793,-0.04069850966334343,0.29629793763160706,0.35998713970184326,-0.05273209512233734,0.23255252838134766,0.5601711273193359,-0.013277105055749416,0.24570618569850922,0.476230263710022,-0.02782054804265499,0.25520265102386475,0.4243791699409485,-0.03990211337804794,0.26335588097572327,0.37843185663223267,-0.048419978469610214,0.19632376730442047,0.575035035610199,-0.01804971508681774,0.20581215620040894,0.5087652206420898,-0.03195851668715477,0.21492862701416016,0.4680970311164856,-0.03854382783174515,0.22453925013542175,0.42955446243286133,-0.042615119367837906,stop
0.5397722721099854,0.403005450963974,-0.8702567219734192,0.5694838762283325,0.3465244174003601,-0.8404108285903931,0.5871522426605225,0.3469706177711487,-0.8401955366134644,0.6035058498382568,0.3475486636161804,-0.8403233289718628,0.5271421670913696,0.34312668442726135,-0.8074311017990112,0.5172704458236694,0.3415735065937042,-0.806877613067627,0.5073767900466919,0.3401833772659302,-0.8070470094680786,0.6382213830947876,0.368310809135437,-0.4863749146461487,0.5016895532608032,0.35843536257743835,-0.31859904527664185,0.5700877904891968,0.46647942066192627,-0.7354022264480591,0.5184122323989868,0.4641352593898773,-0.6875225305557251,0.7906720638275146,0.6585811972618103,-0.26201125979423523,0.40701955556869507,0.6674355864524841,-0.20421364903450012,0.871367335319519,0.9614996314048767,-0.2513365149497986,0.22521987557411194,0.8970196843147278,-0.8848632574081421,0.9234284162521362,1.377454161643982,-0.4674167037010193,0.2109600305557251,0.772887110710144,-2.069394588470459,0.9517301321029663,1.481367588043213,-0.5458729863166809,0.20049428939819336,0.6766090393066406,-2.2715015411376953,0.9148207902908325,1.4688035249710083,-0.5872364044189453,0.25098511576652527,0.6190391182899475,-2.267888307571411,0.8887432813644409,1.4388542175292969,-0.49699655175209045,0.26643437147140503,0.6635105013847351,-2.101163387298584,0.7144707441329956,1.4295074939727783,-0.09101107716560364,0.4287932813167572,1.4146233797073364,0.09504853934049606,0.6957467198371887,2.053419351577759,0.03562430664896965,0.435119092464447,2.0517170429229736,0.4643363952636719,0.6928690075874329,2.6122121810913086,0.691996693611145,0.4402354657649994,2.611201286315918,1.211930513381958,0.7011985778808594,2.6884357929229736,0.7221871614456177,0.438154935836792,2.6821839809417725,1.2787564992904663,0.6442854404449463,2.7873826026916504,0.11319681257009506,0.45954298973083496,2.801142692565918,0.6237778067588806,0,0,0,0,0,0,0,0,0,0,0,0,0,0,0,0,0,0,0,0,0,0,0,0,0,0,0,0,0,0,0,0,0,0,0,0,0,0,0,0,0,0,0,0,0,0,0,0,0,0,0,0,0,0,0,0,0,0,0,0,0,0,0,0.20133836567401886,0.7786052227020264,3.182908301369025e-07,0.26444730162620544,0.7638235688209534,-0.030371639877557755,0.32083311676979065,0.7092005014419556,-0.04036526009440422,0.3601234257221222,0.6494787335395813,-0.04779684543609619,0.3912782073020935,0.602557361125946,-0.054440807551145554,0.29691755771636963,0.5810226798057556,-0.013146558776497841,0.31193047761917114,0.5006256103515625,-0.02783658541738987,0.3168942928314209,0.44962912797927856,-0.04297402501106262,0.3209557831287384,0.40361326932907104,-0.05464647710323334,0.2639305293560028,0.5590757727622986,-0.01024431362748146,0.27873632311820984,0.46862363815307617,-0.022517681121826172,0.28605395555496216,0.41060319542884827,-0.03801116719841957,0.2916880249977112,0.3604423403739929,-0.05008542165160179,0.2303372174501419,0.5580955147743225,-0.011533700861036777,0.24350059032440186,0.475516676902771,-0.025163140147924423,0.2524559199810028,0.42530709505081177,-0.03676554188132286,0.25965428352355957,0.3804613947868347,-0.045080386102199554,0.19391709566116333,0.5725128650665283,-0.016025610268115997,0.20284110307693481,0.5064153075218201,-0.029333876445889473,0.21208205819129944,0.4675600528717041,-0.03527030348777771,0.2218227982521057,0.431091845035553,-0.03886454552412033,stop
0.5397681593894958,0.40301093459129333,-0.8813360333442688,0.5695152878761292,0.34653961658477783,-0.8473944664001465,0.5871984362602234,0.3469986617565155,-0.8472034335136414,0.6035693287849426,0.3475993871688843,-0.8472585678100586,0.5271647572517395,0.3431265950202942,-0.8147649765014648,0.5172919034957886,0.341564804315567,-0.8141883015632629,0.507432758808136,0.3401528000831604,-0.81439608335495,0.6382065415382385,0.36848828196525574,-0.4848080575466156,0.5019129514694214,0.35830751061439514,-0.31759893894195557,0.5698949098587036,0.46648719906806946,-0.7433550953865051,0.5184014439582825,0.4641183614730835,-0.6958290338516235,0.7904623746871948,0.6585550904273987,-0.2608882486820221,0.4068680703639984,0.6674209833145142,-0.20387017726898193,0.8714078664779663,0.9632909297943115,-0.24779686331748962,0.2179674208164215,0.8928876519203186,-0.8749743700027466,0.9196141958236694,1.3745783567428589,-0.4570273458957672,0.20910367369651794,0.768528163433075,-2.0557303428649902,0.9444268941879272,1.478500247001648,-0.5306354761123657,0.20038814842700958,0.6743199229240417,-2.2621471881866455,0.9065991640090942,1.4641469717025757,-0.5705750584602356,0.25079646706581116,0.6182340979576111,-2.2555222511291504,0.8825337290763855,1.4343127012252808,-0.48578518629074097,0.2658655047416687,0.6615185141563416,-2.0860769748687744,0.7136767506599426,1.429479718208313,-0.09101782739162445,0.42824745178222656,1.4145938158035278,0.0950520858168602,0.6954246163368225,2.0534236431121826,0.04604284465312958,0.4349655210971832,2.0516974925994873,0.45202070474624634,0.6928462386131287,2.6120994091033936,0.73476642370224,0.4402403235435486,2.6108529567718506,1.2010056972503662,0.7010353803634644,2.6882126331329346,0.7678481340408325,0.438241183757782,2.6815032958984375,1.2676680088043213,0.6444445848464966,2.787318229675293,0.1478843092918396,0.45962023735046387,2.8002963066101074,0.6017230749130249,0,0,0,0,0,0,0,0,0,0,0,0,0,0,0,0,0,0,0,0,0,0,0,0,0,0,0,0,0,0,0,0,0,0,0,0,0,0,0,0,0,0,0,0,0,0,0,0,0,0,0,0,0,0,0,0,0,0,0,0,0,0,0,0.19943822920322418,0.778960645198822,3.200983655915479e-07,0.26373493671417236,0.7638897895812988,-0.030736971646547318,0.32014361023902893,0.7088324427604675,-0.04030900448560715,0.3577560782432556,0.6464704275131226,-0.04722210392355919,0.3894520401954651,0.5994430780410767,-0.05319656804203987,0.29373350739479065,0.5802459716796875,-0.011035159230232239,0.30844196677207947,0.4998258352279663,-0.025541268289089203,0.3132297396659851,0.4485909640789032,-0.0406370684504509,0.3171704411506653,0.4028768539428711,-0.05227763578295708,0.26018399000167847,0.5593485832214355,-0.00775921531021595,0.2746732234954834,0.46833381056785583,-0.020232340320944786,0.282147616147995,0.41006630659103394,-0.03590479493141174,0.28786301612854004,0.36028462648391724,-0.047911565750837326,0.22608572244644165,0.5591094493865967,-0.00892834272235632,0.2382768839597702,0.47504377365112305,-0.0231977179646492,0.24760913848876953,0.4242306351661682,-0.03527818247675896,0.2555089592933655,0.37924593687057495,-0.04366659000515938,0.18914009630680084,0.5740365982055664,-0.013297482393682003,0.19761696457862854,0.5076484680175781,-0.02719522826373577,0.20617902278900146,0.4683542251586914,-0.03367665410041809,0.21538713574409485,0.43116968870162964,-0.037537433207035065,stop
0.5397800803184509,0.40302181243896484,-0.8827524185180664,0.5695363879203796,0.3465561866760254,-0.8481272459030151,0.5872312188148499,0.34702548384666443,-0.8479388356208801,0.6036211252212524,0.34764400124549866,-0.8479682207107544,0.5271849036216736,0.3431291878223419,-0.8155063390731812,0.5173221826553345,0.3415633738040924,-0.8149197697639465,0.5074948668479919,0.34014081954956055,-0.8151326179504395,0.6382080912590027,0.3686142563819885,-0.48368215560913086,0.5020805597305298,0.3582266867160797,-0.31654998660087585,0.5698019862174988,0.4665015935897827,-0.7445406913757324,0.5184026956558228,0.46411269903182983,-0.6969543695449829,0.7903479337692261,0.6585347056388855,-0.26042476296424866,0.4067660868167877,0.6674045920372009,-0.20193198323249817,0.8714529275894165,0.9644216299057007,-0.24553290009498596,0.2143005132675171,0.8899857401847839,-0.8630317449569702,0.9177365303039551,1.3712965250015259,-0.4533746838569641,0.20790886878967285,0.7657017111778259,-2.0414505004882812,0.9409871101379395,1.4751229286193848,-0.5258697867393494,0.20032158493995667,0.6727108359336853,-2.250500440597534,0.9026424288749695,1.4593353271484375,-0.5658461451530457,0.2506532073020935,0.6175234913825989,-2.2419543266296387,0.879482626914978,1.429672360420227,-0.4820045828819275,0.26546961069107056,0.6600169539451599,-2.0711541175842285,0.7132070064544678,1.429431676864624,-0.0909935012459755,0.42788419127464294,1.4145216941833496,0.09502538293600082,0.6951704025268555,2.053428888320923,0.05184897035360336,0.43475890159606934,2.051640748977661,0.4411674439907074,0.6927550435066223,2.611996650695801,0.7467203736305237,0.4402136206626892,2.6104888916015625,1.183432698249817,0.7008207440376282,2.6880240440368652,0.7801343202590942,0.43824535608291626,2.6808836460113525,1.2491024732589722,0.6444710493087769,2.7872042655944824,0.16007548570632935,0.4596881866455078,2.799574136734009,0.5816847681999207,0,0,0,0,0,0,0,0,0,0,0,0,0,0,0,0,0,0,0,0,0,0,0,0,0,0,0,0,0,0,0,0,0,0,0,0,0,0,0,0,0,0,0,0,0,0,0,0,0,0,0,0,0,0,0,0,0,0,0,0,0,0,0,0.19835366308689117,0.7800347805023193,3.0991103017186106e-07,0.2631795406341553,0.7646620869636536,-0.03101366013288498,0.31952065229415894,0.7093751430511475,-0.04137363284826279,0.35761165618896484,0.6482231616973877,-0.049030907452106476,0.38906386494636536,0.6005858182907104,-0.055750299245119095,0.2954164445400238,0.5815861821174622,-0.013508625328540802,0.3093722462654114,0.5004494190216064,-0.02850404381752014,0.31335213780403137,0.44906026124954224,-0.043730396777391434,0.31676435470581055,0.4028339385986328,-0.055472396314144135,0.26148632168769836,0.5605016350746155,-0.01032924372702837,0.2749042510986328,0.468721866607666,-0.023385271430015564,0.28205105662345886,0.4100908935070038,-0.03928390517830849,0.28823795914649963,0.35950273275375366,-0.05151960253715515,0.22723299264907837,0.5600744485855103,-0.011434379033744335,0.23924022912979126,0.4760447144508362,-0.02592421881854534,0.2479705512523651,0.42455676198005676,-0.03821238875389099,0.2553206980228424,0.37890756130218506,-0.04679020866751671,0.1907578408718109,0.575024425983429,-0.015725156292319298,0.1992061734199524,0.5081022381782532,-0.029750924557447433,0.20741324126720428,0.467400461435318,-0.036565329879522324,0.21601621806621552,0.42855599522590637,-0.04069739580154419,stop
0.5398779511451721,0.4031466841697693,-0.9364798665046692,0.5695506930351257,0.346648246049881,-0.8990174531936646,0.5872783064842224,0.3471277952194214,-0.8988272547721863,0.6036838293075562,0.3477475941181183,-0.8987981081008911,0.5272154808044434,0.3431416153907776,-0.8664202690124512,0.5173537731170654,0.34156614542007446,-0.8658248782157898,0.5075212717056274,0.3401341438293457,-0.8660449981689453,0.6382424831390381,0.3686336278915405,-0.5083423852920532,0.5021222233772278,0.3581206500530243,-0.34108707308769226,0.5699188709259033,0.46664905548095703,-0.7888732552528381,0.5184884667396545,0.4641422927379608,-0.7411370277404785,0.7903428077697754,0.6583327651023865,-0.2630195617675781,0.4065733551979065,0.6674050688743591,-0.2082546502351761,0.8711020350456238,0.9642230868339539,-0.2457786351442337,0.20988020300865173,0.8875303268432617,-0.8823087811470032,0.917090117931366,1.3651422262191772,-0.4591365456581116,0.20681114494800568,0.7647985816001892,-2.1018941402435303,0.940392017364502,1.4686208963394165,-0.5322104692459106,0.20029649138450623,0.6708590388298035,-2.3195619583129883,0.9024357795715332,1.451609492301941,-0.5744418501853943,0.25062820315361023,0.6175426840782166,-2.311002254486084,0.8790648579597473,1.4226371049880981,-0.48875585198402405,0.26532986760139465,0.6600015759468079,-2.131969928741455,0.7131662964820862,1.4293731451034546,-0.0953204482793808,0.4273248314857483,1.4144636392593384,0.09937304258346558,0.695164144039154,2.053452968597412,0.052605293691158295,0.433988481760025,2.0516481399536133,0.4478890299797058,0.6931679248809814,2.6119394302368164,0.7477630376815796,0.4401164948940277,2.610354423522949,1.202452301979065,0.7015732526779175,2.68801212310791,0.7802311182022095,0.4382489323616028,2.6807568073272705,1.2688876390457153,0.6445558071136475,2.7871134281158447,0.15899986028671265,0.459206759929657,2.7993087768554688,0.5838591456413269,0,0,0,0,0,0,0,0,0,0,0,0,0,0,0,0,0,0,0,0,0,0,0,0,0,0,0,0,0,0,0,0,0,0,0,0,0,0,0,0,0,0,0,0,0,0,0,0,0,0,0,0,0,0,0,0,0,0,0,0,0,0,0,0.1980385184288025,0.783093273639679,2.937043177553278e-07,0.260658323764801,0.7669709920883179,-0.028424320742487907,0.31649214029312134,0.7102537155151367,-0.03710630536079407,0.3568909466266632,0.6499645113945007,-0.04351310804486275,0.3878604471683502,0.603867769241333,-0.049022335559129715,0.2942409813404083,0.5834971070289612,-0.010560407303273678,0.30852147936820984,0.5017944574356079,-0.024220161139965057,0.3130137026309967,0.450716495513916,-0.03869616612792015,0.3168632388114929,0.40503746271133423,-0.05000447854399681,0.2611353397369385,0.5622327923774719,-0.008422214537858963,0.2751180827617645,0.4701756238937378,-0.02001764066517353,0.2828362286090851,0.41197001934051514,-0.03500330448150635,0.289035439491272,0.36203527450561523,-0.04668329656124115,0.2274552285671234,0.5615622997283936,-0.010444979183375835,0.23947222530841827,0.47691452503204346,-0.023568380624055862,0.24853841960430145,0.42605093121528625,-0.03518715873360634,0.25602686405181885,0.3806014955043793,-0.04350902512669563,0.19145752489566803,0.5763440728187561,-0.015540707856416702,0.19994264841079712,0.5092905163764954,-0.028466077521443367,0.20806029438972473,0.46905508637428284,-0.03464249148964882,0.2168850153684616,0.4306238889694214,-0.03849906101822853,stop
0.5403443574905396,0.40322908759117126,-0.920628547668457,0.5696843862533569,0.34665966033935547,-0.8842371702194214,0.5874590873718262,0.3471437692642212,-0.8840065002441406,0.6038209199905396,0.3477725386619568,-0.8839879035949707,0.5272461771965027,0.34315168857574463,-0.8521950840950012,0.5173718929290771,0.34157854318618774,-0.851587176322937,0.5075454115867615,0.3401489853858948,-0.8517900705337524,0.638256311416626,0.3686203956604004,-0.5035737752914429,0.5018765330314636,0.3581492006778717,-0.33728885650634766,0.5702529549598694,0.46668487787246704,-0.7774660587310791,0.5186173915863037,0.46418842673301697,-0.7302927374839783,0.7903309464454651,0.6583064794540405,-0.26182985305786133,0.40538889169692993,0.6673872470855713,-0.19204019010066986,0.8707433938980103,0.9640589356422424,-0.2530542314052582,0.21044734120368958,0.8871937990188599,-0.8501399755477905,0.9147225618362427,1.362219214439392,-0.49137067794799805,0.20681269466876984,0.7633298635482788,-2.071655511856079,0.9375325441360474,1.4657819271087646,-0.5722187161445618,0.2002221643924713,0.6687164306640625,-2.290025234222412,0.8992992639541626,1.4477609395980835,-0.6146066188812256,0.250406950712204,0.6166670322418213,-2.2828786373138428,0.8758915066719055,1.418517827987671,-0.5215567946434021,0.2651916444301605,0.6598470211029053,-2.1021714210510254,0.7119426131248474,1.4290406703948975,-0.0976666510105133,0.42660313844680786,1.4136404991149902,0.10163434594869614,0.6890329718589783,2.053208827972412,0.042928434908390045,0.4264112412929535,2.0505478382110596,0.447821706533432,0.6831873059272766,2.6111044883728027,0.7198795080184937,0.42814335227012634,2.608151435852051,1.1985856294631958,0.6909424066543579,2.686694860458374,0.7507919669151306,0.426469087600708,2.6779894828796387,1.264442801475525,0.6319167613983154,2.7866921424865723,0.12573283910751343,0.4455278813838959,2.797104835510254,0.5865655541419983,0,0,0,0,0,0,0,0,0,0,0,0,0,0,0,0,0,0,0,0,0,0,0,0,0,0,0,0,0,0,0,0,0,0,0,0,0,0,0,0,0,0,0,0,0,0,0,0,0,0,0,0,0,0,0,0,0,0,0,0,0,0,0,0.19946859776973724,0.7833784222602844,3.074369203659444e-07,0.2629690170288086,0.7648724913597107,-0.02809838205575943,0.3188106417655945,0.7072347402572632,-0.03629187494516373,0.3570537567138672,0.6450307369232178,-0.042316410690546036,0.388200044631958,0.5993279218673706,-0.04749901592731476,0.2936601936817169,0.5814295411109924,-0.008755741640925407,0.3084643483161926,0.5003645420074463,-0.021847384050488472,0.31300175189971924,0.4497392773628235,-0.03614101558923721,0.31659284234046936,0.40417176485061646,-0.047321293503046036,0.26019057631492615,0.5609149932861328,-0.006537075154483318,0.2749953269958496,0.46989932656288147,-0.01754690147936344,0.28236544132232666,0.41170963644981384,-0.032449737191200256,0.28791704773902893,0.36190515756607056,-0.04409543424844742,0.22617864608764648,0.5607708096504211,-0.008533451706171036,0.23896169662475586,0.47697851061820984,-0.021266307681798935,0.2480902522802353,0.4261610507965088,-0.03286021575331688,0.25541952252388,0.3810078501701355,-0.04122369736433029,0.18939825892448425,0.5756306052207947,-0.013575177639722824,0.19841766357421875,0.5090677738189697,-0.026249904185533524,0.20667845010757446,0.4694196581840515,-0.032185669988393784,0.2153538316488266,0.4315345287322998,-0.035869453102350235,stop
0.5407629013061523,0.4032660722732544,-0.9103934168815613,0.5698146820068359,0.34666934609413147,-0.8753145337104797,0.5876262187957764,0.34715375304222107,-0.8750990033149719,0.6039438247680664,0.3477867841720581,-0.8750932812690735,0.5272835493087769,0.3431541621685028,-0.8430089950561523,0.5173908472061157,0.34158098697662354,-0.8424137234687805,0.5075650811195374,0.34015122056007385,-0.8426176905632019,0.6382654309272766,0.3685716688632965,-0.5005207061767578,0.5016752481460571,0.3581690490245819,-0.3338632881641388,0.5705730319023132,0.46670252084732056,-0.7695944905281067,0.5187526345252991,0.46421554684638977,-0.7221835255622864,0.7903159260749817,0.6582911610603333,-0.2618487477302551,0.4045364260673523,0.6673755645751953,-0.18686428666114807,0.8704888224601746,0.9640446901321411,-0.2619246542453766,0.2108658254146576,0.8870528340339661,-0.8443377614021301,0.9133685827255249,1.3611130714416504,-0.5129766464233398,0.20681235194206238,0.7626202702522278,-2.0659549236297607,0.9360639452934265,1.4648587703704834,-0.596725583076477,0.2001482993364334,0.6677343845367432,-2.2854950428009033,0.8974370956420898,1.446521282196045,-0.6389274001121521,0.25021716952323914,0.6163250207901001,-2.27895188331604,0.8739809989929199,1.4171146154403687,-0.5434037446975708,0.2651044428348541,0.6598144173622131,-2.096719264984131,0.7111243009567261,1.4288678169250488,-0.09924767911434174,0.42598074674606323,1.4131170511245728,0.10318313539028168,0.6852057576179504,2.0530714988708496,0.04066748172044754,0.4216708242893219,2.0498239994049072,0.45101451873779297,0.6778448820114136,2.610459327697754,0.7143087983131409,0.4218479096889496,2.6065657138824463,1.2049787044525146,0.6852949261665344,2.685784339904785,0.7451181411743164,0.4203581213951111,2.676072835922241,1.271211862564087,0.6256198883056641,2.786301612854004,0.11923710256814957,0.43873676657676697,2.7956674098968506,0.5960931777954102,0,0,0,0,0,0,0,0,0,0,0,0,0,0,0,0,0,0,0,0,0,0,0,0,0,0,0,0,0,0,0,0,0,0,0,0,0,0,0,0,0,0,0,0,0,0,0,0,0,0,0,0,0,0,0,0,0,0,0,0,0,0,0,0.2002129852771759,0.7834649085998535,3.095614431458671e-07,0.2635478973388672,0.7646092772483826,-0.02832288295030594,0.31875136494636536,0.7075387239456177,-0.0373464897274971,0.3569343090057373,0.6466816067695618,-0.04417869821190834,0.38755136728286743,0.6005143523216248,-0.05024510249495506,0.29436179995536804,0.5812985897064209,-0.010951818898320198,0.30812641978263855,0.4997119903564453,-0.024800769984722137,0.3122733235359192,0.44881418347358704,-0.03931397944688797,0.3159666061401367,0.4031015634536743,-0.050569504499435425,0.2604978382587433,0.5612413883209229,-0.008920015767216682,0.27433162927627563,0.4690468907356262,-0.020736917853355408,0.2815699279308319,0.4108027219772339,-0.035866476595401764,0.28774768114089966,0.36083775758743286,-0.04761001095175743,0.22639864683151245,0.5616123676300049,-0.010959472507238388,0.23903413116931915,0.4767914116382599,-0.024324147030711174,0.2477201670408249,0.4253299832344055,-0.0361010804772377,0.25486668944358826,0.37973666191101074,-0.04448879882693291,0.18985217809677124,0.5770860314369202,-0.01599806360900402,0.19897767901420593,0.5100067257881165,-0.02917274460196495,0.2072305828332901,0.4695555567741394,-0.03536872938275337,0.21578671038150787,0.4307897090911865,-0.03915244713425636,stop
0.5414226651191711,0.40334513783454895,-0.9186533093452454,0.5701892375946045,0.34667545557022095,-0.8811591863632202,0.588036060333252,0.34716570377349854,-0.8809914588928223,0.6042367219924927,0.3478044271469116,-0.8810015916824341,0.5274225473403931,0.343137264251709,-0.8520364761352539,0.517463743686676,0.3415675759315491,-0.8515025973320007,0.507638156414032,0.34014225006103516,-0.8517478704452515,0.6383168697357178,0.36858412623405457,-0.49871334433555603,0.5016614198684692,0.3581668436527252,-0.34344804286956787,0.5712293386459351,0.4667804539203644,-0.7730696201324463,0.5191555619239807,0.46430569887161255,-0.7298577427864075,0.7903395295143127,0.6582749485969543,-0.2425554245710373,0.40359729528427124,0.6674977540969849,-0.20618724822998047,0.8709014058113098,0.964178740978241,-0.20699350535869598,0.20708009600639343,0.8869062066078186,-0.8777703046798706,0.9151058197021484,1.3548933267593384,-0.43359318375587463,0.2067156583070755,0.7625414133071899,-2.0947518348693848,0.9375678896903992,1.4577773809432983,-0.5012074708938599,0.2001940757036209,0.667723536491394,-2.3142356872558594,0.9012278318405151,1.4386188983917236,-0.5537608861923218,0.24998316168785095,0.6162606477737427,-2.305082082748413,0.8778696060180664,1.4101864099502563,-0.4668227732181549,0.2647009491920471,0.6597996354103088,-2.1245718002319336,0.7122963666915894,1.4283349514007568,-0.08726824820041656,0.4259226322174072,1.4127954244613647,0.09119967371225357,0.6871727705001831,2.052919387817383,0.05641969293355942,0.4217424988746643,2.0493924617767334,0.41854923963546753,0.6802953481674194,2.610186815261841,0.7177737951278687,0.4226563572883606,2.6062161922454834,1.1432247161865234,0.6873214840888977,2.68571138381958,0.747328519821167,0.42120060324668884,2.6756465435028076,1.2057026624679565,0.6310539841651917,2.7857444286346436,0.12049923092126846,0.44407233595848083,2.795660972595215,0.5327194929122925,0,0,0,0,0,0,0,0,0,0,0,0,0,0,0,0,0,0,0,0,0,0,0,0,0,0,0,0,0,0,0,0,0,0,0,0,0,0,0,0,0,0,0,0,0,0,0,0,0,0,0,0,0,0,0,0,0,0,0,0,0,0,0,0.2018313705921173,0.7813719511032104,3.074059122809558e-07,0.2649369537830353,0.763347864151001,-0.028623066842556,0.3202019929885864,0.7063633799552917,-0.038172055035829544,0.35883739590644836,0.6460580229759216,-0.04539138078689575,0.38970106840133667,0.6004860401153564,-0.05186956748366356,0.29534676671028137,0.581666111946106,-0.01322326809167862,0.30891934037208557,0.49951305985450745,-0.027717703953385353,0.313110888004303,0.4483296871185303,-0.04227350279688835,0.3168264329433441,0.40273743867874146,-0.053415630012750626,0.26107487082481384,0.5609577894210815,-0.01098671555519104,0.2747749090194702,0.46844422817230225,-0.023417741060256958,0.28212684392929077,0.41003909707069397,-0.038540683686733246,0.28852948546409607,0.35986316204071045,-0.050215888768434525,0.22703176736831665,0.5605896711349487,-0.012677968479692936,0.23959359526634216,0.4760771095752716,-0.026196377351880074,0.24835938215255737,0.42414289712905884,-0.03792677819728851,0.25556010007858276,0.37833619117736816,-0.04630591720342636,0.19109220802783966,0.575514554977417,-0.017346777021884918,0.20024093985557556,0.5087010264396667,-0.030360279604792595,0.20849621295928955,0.46804773807525635,-0.036491114646196365,0.21708983182907104,0.4294140934944153,-0.0402652770280838,stop
0.5421672463417053,0.4037051796913147,-0.8688603639602661,0.5708016157150269,0.3467274606227875,-0.839715301990509,0.5885456800460815,0.3471921384334564,-0.8395490646362305,0.6045086979866028,0.34782007336616516,-0.8395719528198242,0.5277374982833862,0.34325748682022095,-0.8099562525749207,0.5176071524620056,0.34172582626342773,-0.8094378709793091,0.5078011751174927,0.3403669595718384,-0.8096402287483215,0.638346791267395,0.3686267137527466,-0.4884517192840576,0.5016136169433594,0.35854431986808777,-0.3347763419151306,0.5715780854225159,0.4669458568096161,-0.7350271940231323,0.5194776654243469,0.46481844782829285,-0.6910418272018433,0.7903224229812622,0.6582207083702087,-0.24202148616313934,0.4034995138645172,0.6676714420318604,-0.2029150277376175,0.8717952966690063,0.9645224809646606,-0.20990261435508728,0.20625968277454376,0.8861721158027649,-0.8741419911384583,0.9207194447517395,1.3552839756011963,-0.4426143765449524,0.20678016543388367,0.7625849843025208,-2.0747177600860596,0.9449348449707031,1.458370566368103,-0.5149295926094055,0.20018093287944794,0.6675689220428467,-2.28975772857666,0.9077185392379761,1.439495325088501,-0.5629079341888428,0.25002726912498474,0.6162490844726562,-2.274627208709717,0.8836215138435364,1.4109361171722412,-0.47467702627182007,0.2649429142475128,0.6598697304725647,-2.1020569801330566,0.7122868299484253,1.4288134574890137,-0.08271075785160065,0.42550143599510193,1.4131617546081543,0.08670179545879364,0.6872828006744385,2.0538225173950195,0.05924605205655098,0.4218190610408783,2.0503029823303223,0.4222894310951233,0.6807399988174438,2.611138105392456,0.7136412858963013,0.42410653829574585,2.607311725616455,1.1524322032928467,0.6874216198921204,2.6868226528167725,0.743005633354187,0.42245006561279297,2.6768438816070557,1.216002345085144,0.6334298253059387,2.78670072555542,0.1241973266005516,0.44913601875305176,2.7978105545043945,0.5364874005317688,0,0,0,0,0,0,0,0,0,0,0,0,0,0,0,0,0,0,0,0,0,0,0,0,0,0,0,0,0,0,0,0,0,0,0,0,0,0,0,0,0,0,0,0,0,0,0,0,0,0,0,0,0,0,0,0,0,0,0,0,0,0,0,0.20222124457359314,0.7810826301574707,3.0478352641694073e-07,0.26625895500183105,0.7639167308807373,-0.029085621237754822,0.3217899799346924,0.7076061367988586,-0.03892521560192108,0.36083918809890747,0.6478022336959839,-0.046489037573337555,0.3919244706630707,0.6017007231712341,-0.053253915160894394,0.29643771052360535,0.5824085474014282,-0.013042130507528782,0.3104246258735657,0.5010900497436523,-0.028006216511130333,0.3146764039993286,0.4499228596687317,-0.04304804652929306,0.3183405101299286,0.4040965139865875,-0.05459621176123619,0.26295411586761475,0.561604380607605,-0.01083140168339014,0.27665796875953674,0.46956560015678406,-0.023724371567368507,0.2838663160800934,0.4111793041229248,-0.03915173187851906,0.28992438316345215,0.36065956950187683,-0.05105086416006088,0.22933651506900787,0.561143159866333,-0.012658918276429176,0.24171335995197296,0.47693634033203125,-0.026643790304660797,0.25033503770828247,0.4257104694843292,-0.038132861256599426,0.257416695356369,0.38012146949768066,-0.046295326203107834,0.1934090554714203,0.575855553150177,-0.017550094053149223,0.20164920389652252,0.5096307992935181,-0.030977608636021614,0.2099563330411911,0.4690859913825989,-0.03710196167230606,0.2186102569103241,0.43025490641593933,-0.04083540290594101,stop
0.5427184104919434,0.4039849042892456,-0.8544041514396667,0.571294367313385,0.34677597880363464,-0.826888918876648,0.5889567136764526,0.3472197651863098,-0.8267229795455933,0.6047375202178955,0.3478400409221649,-0.8267451524734497,0.5279965400695801,0.34335416555404663,-0.7966254949569702,0.5177239179611206,0.3418479263782501,-0.7961079478263855,0.5079278945922852,0.3405343294143677,-0.7963009476661682,0.6383668184280396,0.3686830401420593,-0.4841093122959137,0.5015566945075989,0.3588330149650574,-0.3308374285697937,0.571823000907898,0.46708449721336365,-0.7228537797927856,0.5197063684463501,0.46520084142684937,-0.6782845258712769,0.7902830839157104,0.658158540725708,-0.24179503321647644,0.40339046716690063,0.6677924990653992,-0.20099934935569763,0.8723932504653931,0.9647327065467834,-0.21046702563762665,0.2056858241558075,0.8858925700187683,-0.8712223768234253,0.9244038462638855,1.3555926084518433,-0.44596314430236816,0.20682379603385925,0.7627551555633545,-2.0643017292022705,0.949634850025177,1.4588171243667603,-0.5199886560440063,0.2001492977142334,0.6675354242324829,-2.2774035930633545,0.9120744466781616,1.440138578414917,-0.5661606192588806,0.25003713369369507,0.6162633299827576,-2.260824203491211,0.8875190019607544,1.411489486694336,-0.47755980491638184,0.26508936285972595,0.6600276827812195,-2.0909595489501953,0.7122774124145508,1.428977131843567,-0.0803469717502594,0.42522329092025757,1.4133224487304688,0.08435903489589691,0.6874781847000122,2.0542657375335693,0.061248790472745895,0.4220406115055084,2.050957679748535,0.42343759536743164,0.681625485420227,2.611694812774658,0.7125815153121948,0.42626723647117615,2.608210563659668,1.1578282117843628,0.6880117058753967,2.6874887943267822,0.7420320510864258,0.4245789647102356,2.677812337875366,1.2219127416610718,0.6359641551971436,2.7873024940490723,0.12858393788337708,0.4536048471927643,2.7993178367614746,0.547331690788269,0,0,0,0,0,0,0,0,0,0,0,0,0,0,0,0,0,0,0,0,0,0,0,0,0,0,0,0,0,0,0,0,0,0,0,0,0,0,0,0,0,0,0,0,0,0,0,0,0,0,0,0,0,0,0,0,0,0,0,0,0,0,0,0.20266227424144745,0.781115710735321,3.134512667202216e-07,0.2670418322086334,0.7641044855117798,-0.028824998065829277,0.322898805141449,0.7073249220848083,-0.03808378428220749,0.3615162968635559,0.6465134620666504,-0.045091573148965836,0.39310944080352783,0.60105961561203,-0.05130045488476753,0.29636895656585693,0.5821868181228638,-0.011802798137068748,0.3107947111129761,0.501167356967926,-0.02623509056866169,0.31550341844558716,0.4500282108783722,-0.040865834802389145,0.3195306062698364,0.4043347239494324,-0.0521232932806015,0.26298394799232483,0.5611973404884338,-0.009664157405495644,0.2770829200744629,0.46915513277053833,-0.02219679206609726,0.2848058044910431,0.4104892611503601,-0.03729541599750519,0.29130828380584717,0.3600042462348938,-0.048829950392246246,0.22931480407714844,0.5607498288154602,-0.011631750501692295,0.2412523478269577,0.4769226610660553,-0.025378085672855377,0.2504006624221802,0.42572128772735596,-0.036651547998189926,0.25852441787719727,0.3800938129425049,-0.04456637054681778,0.19316798448562622,0.5756120085716248,-0.016676928848028183,0.2006257176399231,0.5086614489555359,-0.02990807220339775,0.20942223072052002,0.46843230724334717,-0.03579595312476158,0.21942183375358582,0.4303624927997589,-0.03930290415883064,stop
0.5430299639701843,0.40328624844551086,-0.8572907447814941,0.5716707110404968,0.3462071120738983,-0.8284295201301575,0.5893399119377136,0.34679827094078064,-0.8282599449157715,0.6050176024436951,0.34754467010498047,-0.828282356262207,0.5282129049301147,0.34260866045951843,-0.7976323366165161,0.5178467035293579,0.34112149477005005,-0.7971023321151733,0.5080622434616089,0.33974143862724304,-0.7972956299781799,0.6383921504020691,0.36868417263031006,-0.48164281249046326,0.501552939414978,0.3586573302745819,-0.3242306411266327,0.5719958543777466,0.4667244255542755,-0.7245089411735535,0.519786536693573,0.4647243618965149,-0.6796067357063293,0.7899733781814575,0.6581428647041321,-0.2512103021144867,0.4031856656074524,0.6687252521514893,-0.19694922864437103,0.8724005818367004,0.965394914150238,-0.24438507854938507,0.20541629195213318,0.8864695429801941,-0.8720970153808594,0.924414336681366,1.3640013933181763,-0.46987295150756836,0.20681624114513397,0.7654176354408264,-2.0670835971832275,0.9497189521789551,1.4702433347702026,-0.546589732170105,0.19972531497478485,0.6680271625518799,-2.2796311378479004,0.9119593501091003,1.4542392492294312,-0.5871109366416931,0.25002017617225647,0.6167423129081726,-2.262775182723999,0.8874086141586304,1.4245564937591553,-0.49855923652648926,0.2652727961540222,0.6606897711753845,-2.093759298324585,0.7135306596755981,1.431255578994751,-0.08325324952602386,0.4257381558418274,1.4177663326263428,0.0873020812869072,0.693265974521637,2.0566680431365967,0.06089155748486519,0.4258577823638916,2.05612850189209,0.48202747106552124,0.6914753913879395,2.613661289215088,0.7236137986183167,0.4321334958076477,2.612736701965332,1.2693020105361938,0.6987859010696411,2.689181089401245,0.7555087208747864,0.43042007088661194,2.6828293800354004,1.3398712873458862,0.644892692565918,2.790560007095337,0.14235718548297882,0.4584026336669922,2.803344964981079,0.6865808963775635,0,0,0,0,0,0,0,0,0,0,0,0,0,0,0,0,0,0,0,0,0,0,0,0,0,0,0,0,0,0,0,0,0,0,0,0,0,0,0,0,0,0,0,0,0,0,0,0,0,0,0,0,0,0,0,0,0,0,0,0,0,0,0,0.20286743342876434,0.7825741171836853,3.0779341386732995e-07,0.26601970195770264,0.765376091003418,-0.03046421892940998,0.3222830593585968,0.7096068859100342,-0.040828485041856766,0.3606826066970825,0.6493000388145447,-0.048603933304548264,0.3920627236366272,0.6026208400726318,-0.05545739829540253,0.2976343035697937,0.5826754570007324,-0.013456281274557114,0.31168049573898315,0.5016592741012573,-0.028395580127835274,0.3158818185329437,0.45060497522354126,-0.04359821230173111,0.31956422328948975,0.4047275185585022,-0.05526325851678848,0.2637723386287689,0.562047004699707,-0.010610473342239857,0.2774225175380707,0.4705432653427124,-0.023332707583904266,0.2845201790332794,0.41220563650131226,-0.03889326751232147,0.2904278039932251,0.3616883158683777,-0.05090819299221039,0.22999393939971924,0.5618258714675903,-0.011975848115980625,0.24230095744132996,0.4779970049858093,-0.025942815467715263,0.25105562806129456,0.4266563057899475,-0.03780011087656021,0.25822505354881287,0.3808412551879883,-0.04616289958357811,0.19395360350608826,0.5769080519676208,-0.01652093045413494,0.20252615213394165,0.5101938247680664,-0.030015476047992706,0.21070066094398499,0.46984273195266724,-0.03630542382597923,0.21908999979496002,0.43137118220329285,-0.04008543863892555,stop
0.5435343980789185,0.4031672179698944,-0.8533710241317749,0.5719140768051147,0.3459751009941101,-0.8245725631713867,0.5895384550094604,0.34654897451400757,-0.8243902325630188,0.6051115393638611,0.3472890257835388,-0.8244448900222778,0.528357982635498,0.3424668610095978,-0.7934240102767944,0.5179145932197571,0.34102827310562134,-0.7928934097290039,0.5081232786178589,0.3396870195865631,-0.7930558323860168,0.6383960843086243,0.36853107810020447,-0.48132243752479553,0.5015372037887573,0.3587018549442291,-0.3240297734737396,0.5725762248039246,0.4664877653121948,-0.7225619554519653,0.5201828479766846,0.46469956636428833,-0.6773218512535095,0.7899585366249084,0.6581457257270813,-0.2580520510673523,0.40305089950561523,0.6696116924285889,-0.1954459398984909,0.8723958134651184,0.9653457999229431,-0.2614944577217102,0.20480385422706604,0.8864724040031433,-0.8580068349838257,0.92607182264328,1.367150902748108,-0.4903668463230133,0.20538704097270966,0.7656201720237732,-2.029273509979248,0.9524723887443542,1.473196029663086,-0.5714458227157593,0.19804036617279053,0.6678282618522644,-2.2395377159118652,0.9135443568229675,1.457881212234497,-0.614372193813324,0.24950525164604187,0.6170371770858765,-2.2233564853668213,0.8887335658073425,1.4283562898635864,-0.5208570957183838,0.2650012671947479,0.6610925793647766,-2.056326150894165,0.7139793634414673,1.4314055442810059,-0.08324065059423447,0.42632144689559937,1.4178478717803955,0.08729983866214752,0.6935365200042725,2.0587027072906494,0.05466531589627266,0.4260925352573395,2.0575664043426514,0.44356560707092285,0.6918736100196838,2.6181421279907227,0.7063249349594116,0.4335571825504303,2.6155688762664795,1.1572035551071167,0.6995339393615723,2.694002628326416,0.7370119094848633,0.4318573474884033,2.685264825820923,1.2194117307662964,0.6449676752090454,2.794130563735962,0.13327209651470184,0.4601808190345764,2.8078560829162598,0.575620710849762,0,0,0,0,0,0,0,0,0,0,0,0,0,0,0,0,0,0,0,0,0,0,0,0,0,0,0,0,0,0,0,0,0,0,0,0,0,0,0,0,0,0,0,0,0,0,0,0,0,0,0,0,0,0,0,0,0,0,0,0,0,0,0,0.2003054916858673,0.781299352645874,3.199241973561584e-07,0.2635285556316376,0.7651510834693909,-0.03017325885593891,0.3195693790912628,0.7096547484397888,-0.039962124079465866,0.3569059371948242,0.647457480430603,-0.047202322632074356,0.3883298635482788,0.5999959707260132,-0.053460098803043365,0.29394423961639404,0.5815415978431702,-0.011576231569051743,0.30860501527786255,0.5012656450271606,-0.0261224415153265,0.31334197521209717,0.4504866600036621,-0.04109843075275421,0.3170841634273529,0.4047839045524597,-0.052504923194646835,0.26049554347991943,0.5604112148284912,-0.008559000678360462,0.27514469623565674,0.47023895382881165,-0.020662061870098114,0.2825733721256256,0.412418007850647,-0.03557424619793892,0.2882407009601593,0.3625543713569641,-0.04695989191532135,0.22673675417900085,0.5598904490470886,-0.009871115908026695,0.23941746354103088,0.47704198956489563,-0.02327745035290718,0.24868400394916534,0.4270012378692627,-0.03410061076283455,0.25642266869544983,0.38240405917167664,-0.04161965101957321,0.18994715809822083,0.574688196182251,-0.014422199688851833,0.19880911707878113,0.508661150932312,-0.027378825470805168,0.20773595571517944,0.46983766555786133,-0.03276040032505989,0.21695774793624878,0.43314239382743835,-0.0357280857861042,stop
0.5438547134399414,0.40310198068618774,-0.8491173982620239,0.5720628499984741,0.34580937027931213,-0.8201299905776978,0.5896673798561096,0.3463701605796814,-0.8199335336685181,0.6051730513572693,0.3471057116985321,-0.8200082778930664,0.5284474492073059,0.3423711359500885,-0.7891421914100647,0.5179567337036133,0.34096866846084595,-0.7886220216751099,0.5081650018692017,0.3396574556827545,-0.7887715101242065,0.6384021043777466,0.3684143126010895,-0.47965335845947266,0.5015250444412231,0.35875481367111206,-0.32355934381484985,0.5730007886886597,0.4663475751876831,-0.7195161581039429,0.5204613208770752,0.46469590067863464,-0.6744614839553833,0.7899465560913086,0.658141553401947,-0.2590743899345398,0.4029757082462311,0.6702244877815247,-0.1954035460948944,0.8724247217178345,0.9652486443519592,-0.2637258768081665,0.20448169112205505,0.8864341378211975,-0.8560808897018433,0.9274009466171265,1.3687474727630615,-0.4899802803993225,0.20462283492088318,0.7656838297843933,-2.019214153289795,0.9544100761413574,1.474779486656189,-0.5704237222671509,0.1970263421535492,0.66761714220047,-2.229020595550537,0.9146790504455566,1.4599113464355469,-0.613618791103363,0.2492501437664032,0.6172430515289307,-2.2131142616271973,0.8897609710693359,1.4304383993148804,-0.5206497311592102,0.2649155855178833,0.6614280343055725,-2.046227216720581,0.7143809795379639,1.4316872358322144,-0.08240851759910583,0.4267342686653137,1.4180208444595337,0.0864812433719635,0.6938185691833496,2.060474395751953,0.052112240344285965,0.4263368546962738,2.058934211730957,0.4261433184146881,0.6922236084938049,2.6214699745178223,0.6972396969795227,0.43452149629592896,2.6180882453918457,1.1245077848434448,0.7001205682754517,2.697640895843506,0.7272718548774719,0.43276867270469666,2.6876120567321777,1.1854757070541382,0.6450698375701904,2.796949863433838,0.1283331662416458,0.46144571900367737,2.811744451522827,0.543480634689331,0,0,0,0,0,0,0,0,0,0,0,0,0,0,0,0,0,0,0,0,0,0,0,0,0,0,0,0,0,0,0,0,0,0,0,0,0,0,0,0,0,0,0,0,0,0,0,0,0,0,0,0,0,0,0,0,0,0,0,0,0,0,0,0.20012584328651428,0.7822393774986267,3.0577209031434904e-07,0.2635002136230469,0.7641822695732117,-0.0285081434994936,0.3189164698123932,0.7077135443687439,-0.038010451942682266,0.35681116580963135,0.6470431685447693,-0.0452704019844532,0.38776397705078125,0.6006359457969666,-0.051678430289030075,0.2942619323730469,0.5816900730133057,-0.01160700898617506,0.30848783254623413,0.5009849071502686,-0.02603878267109394,0.31292033195495605,0.45028185844421387,-0.04080510139465332,0.3167233467102051,0.40482252836227417,-0.05210112780332565,0.2607462406158447,0.5611602663993835,-0.009490201249718666,0.27496054768562317,0.470356285572052,-0.02164296619594097,0.28240248560905457,0.4125708341598511,-0.03654424473643303,0.2885713279247284,0.362866073846817,-0.047986630350351334,0.2271159589290619,0.5609428286552429,-0.011459888890385628,0.23978617787361145,0.47722628712654114,-0.02485421672463417,0.248516246676445,0.4262789487838745,-0.036122728139162064,0.25565579533576965,0.38104456663131714,-0.04406384006142616,0.19101567566394806,0.5760475993156433,-0.01646409183740616,0.1998131424188614,0.5097770094871521,-0.029500974342226982,0.20819641649723053,0.46952322125434875,-0.03539387881755829,0.2167644202709198,0.4312334656715393,-0.03884325176477432,stop
0.5438166260719299,0.40329793095588684,-0.8893916010856628,0.5720979571342468,0.34584277868270874,-0.8548838496208191,0.5897036790847778,0.34640371799468994,-0.8546482920646667,0.6052167415618896,0.34715157747268677,-0.8546355366706848,0.5284412503242493,0.3424115478992462,-0.8271077275276184,0.5179738402366638,0.34100720286369324,-0.8265981674194336,0.5081654787063599,0.33969244360923767,-0.8268362879753113,0.6384108662605286,0.3685547411441803,-0.48459672927856445,0.5013243556022644,0.3588411509990692,-0.33827632665634155,0.5729809403419495,0.46662628650665283,-0.7470986843109131,0.5203475952148438,0.4648783802986145,-0.7058538794517517,0.7896205186843872,0.6581088900566101,-0.24935634434223175,0.40296506881713867,0.6697975993156433,-0.23030753433704376,0.8725738525390625,0.9645323157310486,-0.2279169261455536,0.2045678198337555,0.8844276666641235,-0.9305013418197632,0.9260191917419434,1.3680387735366821,-0.4273058772087097,0.20456258952617645,0.7609630227088928,-2.106401205062866,0.9522838592529297,1.4744257926940918,-0.49439001083374023,0.19699925184249878,0.6571217179298401,-2.320791482925415,0.9133220911026001,1.4591435194015503,-0.5375667810440063,0.24927444756031036,0.611518144607544,-2.310150146484375,0.8884971737861633,1.4295510053634644,-0.45688432455062866,0.26508843898773193,0.6576365828514099,-2.1346240043640137,0.7142361402511597,1.4316051006317139,-0.08109797537326813,0.4257492125034332,1.4174703359603882,0.0850892886519432,0.6937707662582397,2.059129238128662,0.07524415850639343,0.4263759255409241,2.056715250015259,0.427797794342041,0.6917846202850342,2.6180224418640137,0.7347627282142639,0.43345850706100464,2.615527629852295,1.133410096168518,0.69942307472229,2.6942834854125977,0.765620231628418,0.43155860900878906,2.6857340335845947,1.1968727111816406,0.6446443796157837,2.7943854331970215,0.15955713391304016,0.4586109519004822,2.808143377304077,0.5453445315361023,0,0,0,0,0,0,0,0,0,0,0,0,0,0,0,0,0,0,0,0,0,0,0,0,0,0,0,0,0,0,0,0,0,0,0,0,0,0,0,0,0,0,0,0,0,0,0,0,0,0,0,0,0,0,0,0,0,0,0,0,0,0,0,0.20037704706192017,0.7748546600341797,3.3192299042639206e-07,0.2639337480068207,0.7583225965499878,-0.029959263280034065,0.32023367285728455,0.7028421759605408,-0.039655037224292755,0.3574546277523041,0.6398440003395081,-0.04668682813644409,0.38836589455604553,0.5928872227668762,-0.052716001868247986,0.29281988739967346,0.5761324167251587,-0.012603129260241985,0.30709972977638245,0.49362218379974365,-0.026644067838788033,0.3108956217765808,0.442280113697052,-0.04083209112286568,0.31346452236175537,0.39650583267211914,-0.05158885195851326,0.25860652327537537,0.5557114481925964,-0.009369582869112492,0.27293238043785095,0.4631664752960205,-0.021230066195130348,0.2799263000488281,0.404852956533432,-0.03571249172091484,0.2848730683326721,0.35537752509117126,-0.046679623425006866,0.22460389137268066,0.5552548766136169,-0.010293818078935146,0.23646917939186096,0.471137672662735,-0.0232593584805727,0.24554800987243652,0.4204697906970978,-0.03391768038272858,0.2531749904155731,0.37587928771972656,-0.041329991072416306,0.18777695298194885,0.5697804689407349,-0.0143869174644351,0.1959385871887207,0.5027515292167664,-0.0270258579403162,0.20483794808387756,0.46295493841171265,-0.032432056963443756,0.21463268995285034,0.4257409870624542,-0.035402148962020874,stop
0.5438518524169922,0.40331414341926575,-0.8541017770767212,0.5721412301063538,0.34585610032081604,-0.8231541514396667,0.5897611379623413,0.34643033146858215,-0.8229142427444458,0.6052535772323608,0.3471871316432953,-0.8229714632034302,0.528457760810852,0.3424202799797058,-0.7940267324447632,0.5179957747459412,0.34102538228034973,-0.7934923768043518,0.508183479309082,0.33972468972206116,-0.7936811447143555,0.6384087800979614,0.3685529828071594,-0.4681437015533447,0.5012657642364502,0.35886669158935547,-0.31609028577804565,0.5729948282241821,0.46668741106987,-0.7186915874481201,0.5203686952590942,0.4648982584476471,-0.6751890778541565,0.7893203496932983,0.6578178405761719,-0.24255383014678955,0.40282171964645386,0.6695356369018555,-0.22023408114910126,0.8713720440864563,0.9628121256828308,-0.22767361998558044,0.20912854373455048,0.8851760625839233,-0.9166494607925415,0.9265152215957642,1.3680278062820435,-0.42261871695518494,0.20650000870227814,0.7609565854072571,-2.097896099090576,0.9540244340896606,1.474337100982666,-0.48998919129371643,0.19794544577598572,0.656985342502594,-2.3101015090942383,0.9157224893569946,1.4591658115386963,-0.5291547775268555,0.24991309642791748,0.6109750270843506,-2.299034357070923,0.890095055103302,1.4296320676803589,-0.4508809447288513,0.2657683789730072,0.6573536396026611,-2.126425266265869,0.7142124176025391,1.4311068058013916,-0.08260835707187653,0.42588335275650024,1.4171808958053589,0.08655574917793274,0.6938860416412354,2.057359218597412,0.059839315712451935,0.4265173375606537,2.055605173110962,0.4624919891357422,0.6921975612640381,2.6165435314178467,0.7011121511459351,0.4339017868041992,2.614455461502075,1.2021797895431519,0.6998392939567566,2.692436695098877,0.7304918766021729,0.43197140097618103,2.684527635574341,1.2695859670639038,0.6459694504737854,2.7927346229553223,0.12909096479415894,0.45935291051864624,2.806835651397705,0.6279162168502808,0,0,0,0,0,0,0,0,0,0,0,0,0,0,0,0,0,0,0,0,0,0,0,0,0,0,0,0,0,0,0,0,0,0,0,0,0,0,0,0,0,0,0,0,0,0,0,0,0,0,0,0,0,0,0,0,0,0,0,0,0,0,0,0.2041914165019989,0.7723687887191772,3.052147121707094e-07,0.26700833439826965,0.7543566226959229,-0.02908211760222912,0.32234135270118713,0.6985604763031006,-0.03905041888356209,0.36149147152900696,0.6385114192962646,-0.04661095142364502,0.39215826988220215,0.5922639966011047,-0.05340183153748512,0.2959994375705719,0.5733842849731445,-0.0134283984079957,0.3092467188835144,0.4920012056827545,-0.02808207832276821,0.3128414452075958,0.44122815132141113,-0.042844854295253754,0.31573542952537537,0.3960510492324829,-0.05403205379843712,0.2622022330760956,0.553536593914032,-0.010833417996764183,0.2752842307090759,0.4623444378376007,-0.023106301203370094,0.2816780209541321,0.40455469489097595,-0.03798772394657135,0.2867548167705536,0.35506778955459595,-0.04946599900722504,0.22858627140522003,0.5532715916633606,-0.012240514159202576,0.2408970445394516,0.4694497287273407,-0.025527935475111008,0.24887481331825256,0.41836225986480713,-0.036672718822956085,0.2550959587097168,0.37327104806900024,-0.04461025819182396,0.1928185671567917,0.5677188634872437,-0.016699204221367836,0.20149298012256622,0.5017890930175781,-0.0294807106256485,0.20979847013950348,0.46161961555480957,-0.035219963639974594,0.21820291876792908,0.4235100746154785,-0.0386226624250412,stop
0.5438798666000366,0.403335839509964,-0.8459426760673523,0.5721960067749023,0.34587371349334717,-0.8157842755317688,0.5898319482803345,0.34646177291870117,-0.8155523538589478,0.6053028106689453,0.34722867608070374,-0.8156266212463379,0.5284751057624817,0.34243208169937134,-0.7851638197898865,0.5180166959762573,0.34104636311531067,-0.7846134901046753,0.5081992745399475,0.3397597670555115,-0.7847918272018433,0.6384105086326599,0.3685569167137146,-0.46415162086486816,0.5012258291244507,0.35890620946884155,-0.30517324805259705,0.5730092525482178,0.4667595624923706,-0.7121160626411438,0.520379900932312,0.4649283289909363,-0.6665427088737488,0.789103090763092,0.6577103137969971,-0.24189531803131104,0.4027293622493744,0.6694316864013672,-0.2079029530286789,0.8707481622695923,0.9617405533790588,-0.22854971885681152,0.21235832571983337,0.8859278559684753,-0.9097448587417603,0.9271658062934875,1.368103265762329,-0.41979604959487915,0.2075379639863968,0.7609816789627075,-2.0971508026123047,0.9555370211601257,1.4743088483810425,-0.48676347732543945,0.19842568039894104,0.6569425463676453,-2.3073253631591797,0.9176495671272278,1.4594725370407104,-0.5241044163703918,0.250287801027298,0.6106984615325928,-2.2966370582580566,0.8914875984191895,1.4300215244293213,-0.4471263885498047,0.2661588788032532,0.6571971774101257,-2.1261470317840576,0.7141753435134888,1.4308489561080933,-0.087164007127285,0.4260157644748688,1.4170328378677368,0.09105368703603745,0.6939350962638855,2.056119918823242,0.04953290522098541,0.4266287684440613,2.054809093475342,0.4945712685585022,0.6923872232437134,2.615281105041504,0.6923715472221375,0.43404531478881836,2.613467216491699,1.26063072681427,0.7000571489334106,2.690842628479004,0.7219396829605103,0.4321201741695404,2.683468818664551,1.330552339553833,0.6464195251464844,2.7913622856140137,0.11850550025701523,0.45940104126930237,2.8053338527679443,0.6879873275756836,0,0,0,0,0,0,0,0,0,0,0,0,0,0,0,0,0,0,0,0,0,0,0,0,0,0,0,0,0,0,0,0,0,0,0,0,0,0,0,0,0,0,0,0,0,0,0,0,0,0,0,0,0,0,0,0,0,0,0,0,0,0,0,0.20531192421913147,0.7712550163269043,3.124045804270281e-07,0.26936617493629456,0.7538634538650513,-0.0279992762953043,0.32411813735961914,0.6980017423629761,-0.0369078703224659,0.36165761947631836,0.6370334625244141,-0.043635714799165726,0.391100138425827,0.5903341174125671,-0.049606774002313614,0.29665759205818176,0.5727842450141907,-0.011381158605217934,0.3101166784763336,0.49141955375671387,-0.0253752451390028,0.31404760479927063,0.44087517261505127,-0.03958228603005409,0.3170810043811798,0.3962329030036926,-0.05030631273984909,0.2630070447921753,0.5526648163795471,-0.00914478488266468,0.27659377455711365,0.4613409638404846,-0.02089305780827999,0.2834011912345886,0.4032776355743408,-0.03542571887373924,0.2885057330131531,0.35417360067367554,-0.046464938670396805,0.2293628305196762,0.5527902841567993,-0.010890333913266659,0.2408914417028427,0.46921613812446594,-0.02386447787284851,0.2492692917585373,0.418407142162323,-0.034836623817682266,0.25608476996421814,0.37386953830718994,-0.04246577247977257,0.19353953003883362,0.5680662989616394,-0.01560406293720007,0.2013131082057953,0.5016090273857117,-0.02822601981461048,0.20959538221359253,0.46173641085624695,-0.03375086933374405,0.21848514676094055,0.42448562383651733,-0.03687107935547829,stop
0.5440958738327026,0.40334197878837585,-0.8408370018005371,0.5722174644470215,0.34581056237220764,-0.8074170351028442,0.5898640155792236,0.34640541672706604,-0.807182788848877,0.6053475141525269,0.34718817472457886,-0.8072168231010437,0.5285463333129883,0.3423904776573181,-0.7797784209251404,0.5180636644363403,0.34102386236190796,-0.779306948184967,0.5082522630691528,0.3397529721260071,-0.7795256972312927,0.6383786201477051,0.3685756325721741,-0.4489389955997467,0.5010820627212524,0.3589678108692169,-0.3050367534160614,0.573114275932312,0.466765820980072,-0.7056887745857239,0.5205294489860535,0.464986115694046,-0.6642483472824097,0.7890154123306274,0.6573115587234497,-0.21171951293945312,0.4027162194252014,0.6698068976402283,-0.2182725965976715,0.8711006045341492,0.9617406725883484,-0.17717264592647552,0.2158917933702469,0.885694682598114,-0.921570897102356,0.9272143244743347,1.368276834487915,-0.35585635900497437,0.2076040804386139,0.7610195279121399,-2.0931990146636963,0.9554888606071472,1.474597454071045,-0.41416603326797485,0.1983088254928589,0.6570320725440979,-2.3036322593688965,0.9175904393196106,1.459867238998413,-0.4569035470485687,0.25043123960494995,0.6114363074302673,-2.293025016784668,0.8914283514022827,1.4303983449935913,-0.38453787565231323,0.2666108012199402,0.6580288410186768,-2.1224002838134766,0.715972363948822,1.4308589696884155,-0.07340111583471298,0.4273446202278137,1.4171336889266968,0.07709430158138275,0.6959081888198853,2.056264638900757,0.08822838217020035,0.4288938641548157,2.0553863048553467,0.38856935501098633,0.6942267417907715,2.6156182289123535,0.7448569536209106,0.43731340765953064,2.6143651008605957,1.0603086948394775,0.7016335725784302,2.6915152072906494,0.7766752243041992,0.4359721541404724,2.684309244155884,1.1190736293792725,0.6497546434402466,2.7917511463165283,0.1918555200099945,0.46332883834838867,2.806577205657959,0.4774191379547119,0,0,0,0,0,0,0,0,0,0,0,0,0,0,0,0,0,0,0,0,0,0,0,0,0,0,0,0,0,0,0,0,0,0,0,0,0,0,0,0,0,0,0,0,0,0,0,0,0,0,0,0,0,0,0,0,0,0,0,0,0,0,0,0.2033669650554657,0.770490288734436,3.1062887728694477e-07,0.2676669955253601,0.7549315690994263,-0.029850197955965996,0.32351306080818176,0.7004042863845825,-0.04004409536719322,0.36145901679992676,0.6399853825569153,-0.04771801829338074,0.3918796479701996,0.5917868614196777,-0.05462028086185455,0.29822292923927307,0.5748578906059265,-0.013559984974563122,0.31236177682876587,0.49432921409606934,-0.028644900768995285,0.31654366850852966,0.44334694743156433,-0.043696075677871704,0.32038551568984985,0.3974495530128479,-0.05527063086628914,0.2646094858646393,0.5547229051589966,-0.010856959037482738,0.2785293161869049,0.463660329580307,-0.023870239034295082,0.2856718599796295,0.4059585928916931,-0.039384566247463226,0.292039155960083,0.35597866773605347,-0.05135779455304146,0.2309088408946991,0.554669976234436,-0.012254301458597183,0.2436298429965973,0.4705950617790222,-0.026729753240942955,0.2522917687892914,0.4190404415130615,-0.03855413943529129,0.25969013571739197,0.37315598130226135,-0.04688306152820587,0.19507315754890442,0.5694995522499084,-0.01670868508517742,0.2040749192237854,0.5036998987197876,-0.030788060277700424,0.21290038526058197,0.463520884513855,-0.03733847662806511,0.2219817340373993,0.42496877908706665,-0.04131656512618065,stop
0.5441092252731323,0.40356314182281494,-0.8442139625549316,0.5722339153289795,0.3459565341472626,-0.8105343580245972,0.5898993015289307,0.3465881943702698,-0.8104212880134583,0.6053897142410278,0.34742623567581177,-0.8104519844055176,0.5286303758621216,0.3424781560897827,-0.7801967263221741,0.5180981159210205,0.34109175205230713,-0.7797338962554932,0.5082868337631226,0.33980825543403625,-0.7799660563468933,0.63837069272995,0.36916542053222656,-0.45102325081825256,0.5011181235313416,0.3589891493320465,-0.3032597601413727,0.5730973482131958,0.46694421768188477,-0.7087046504020691,0.5205438733100891,0.46499958634376526,-0.6644911766052246,0.7884392142295837,0.6572047472000122,-0.22846528887748718,0.40292900800704956,0.6698275804519653,-0.15589596331119537,0.8706329464912415,0.9616848230361938,-0.1922735720872879,0.22458556294441223,0.8977304100990295,-0.7693869471549988,0.9200116991996765,1.3665717840194702,-0.44406047463417053,0.22210511565208435,0.7636497616767883,-1.9715402126312256,0.9450136423110962,1.4720871448516846,-0.5225891470909119,0.2026238888502121,0.6585283875465393,-2.180934429168701,0.9067344665527344,1.4561179876327515,-0.5696170330047607,0.257717490196228,0.6112996935844421,-2.174020528793335,0.8826839327812195,1.4264262914657593,-0.4745447635650635,0.27807655930519104,0.6585686206817627,-2.002225399017334,0.7160024046897888,1.4248744249343872,-0.0883275642991066,0.42831164598464966,1.4131419658660889,0.09203802049160004,0.6963109374046326,2.053273916244507,0.0696379691362381,0.43223780393600464,2.0535054206848145,0.39005589485168457,0.6960176229476929,2.6143200397491455,0.7444633841514587,0.44539642333984375,2.6141138076782227,1.0982744693756104,0.703053891658783,2.6899349689483643,0.7778409123420715,0.44483011960983276,2.6839089393615723,1.159199595451355,0.6530080437660217,2.7907824516296387,0.18054763972759247,0.4707667827606201,2.805391788482666,0.5028840899467468,0,0,0,0,0,0,0,0,0,0,0,0,0,0,0,0,0,0,0,0,0,0,0,0,0,0,0,0,0,0,0,0,0,0,0,0,0,0,0,0,0,0,0,0,0,0,0,0,0,0,0,0,0,0,0,0,0,0,0,0,0,0,0,0.2189846783876419,0.7834203243255615,2.1251322834814346e-07,0.27629485726356506,0.75898277759552,-0.022326435893774033,0.3272987902164459,0.6992300748825073,-0.029020722955465317,0.3604165017604828,0.6422091722488403,-0.03484898433089256,0.3864285349845886,0.5989750623703003,-0.03975595161318779,0.3022701144218445,0.5781962275505066,-0.004081383813172579,0.31381213665008545,0.5004630088806152,-0.016949180513620377,0.3174052834510803,0.4539349675178528,-0.030675290152430534,0.3198047876358032,0.41402649879455566,-0.04076174646615982,0.2712346315383911,0.5598648190498352,-0.0043034483678638935,0.28164762258529663,0.4710715413093567,-0.014832439832389355,0.2862916588783264,0.41512489318847656,-0.02781740576028824,0.2886965870857239,0.36782774329185486,-0.03746483474969864,0.24087655544281006,0.559299886226654,-0.008502557873725891,0.2500823736190796,0.47633466124534607,-0.019999654963612556,0.256312757730484,0.42723992466926575,-0.029361514374613762,0.25996163487434387,0.3848455250263214,-0.03578968346118927,0.20840445160865784,0.574686586856842,-0.015416383743286133,0.21295902132987976,0.5109519958496094,-0.02546156942844391,0.2176249772310257,0.47187304496765137,-0.02912840247154236,0.22154372930526733,0.4363071620464325,-0.031111707910895348,stop
0.5441352725028992,0.4037953317165375,-0.8618186712265015,0.5722980499267578,0.34605833888053894,-0.8274728059768677,0.5899227857589722,0.3467074930667877,-0.8274308443069458,0.6054198145866394,0.3475777804851532,-0.827424168586731,0.5287603735923767,0.34253981709480286,-0.7937933802604675,0.5181536078453064,0.34114086627960205,-0.7933048009872437,0.5083383321762085,0.339852899312973,-0.7935307025909424,0.6383675932884216,0.36962729692459106,-0.46421417593955994,0.5011246800422668,0.3590509593486786,-0.30333876609802246,0.5731084942817688,0.46714654564857483,-0.7252231240272522,0.5205672383308411,0.4650515615940094,-0.6768732666969299,0.7883308529853821,0.6571624875068665,-0.2475205361843109,0.40318530797958374,0.6699873208999634,-0.14716708660125732,0.8704873919487,0.9616851210594177,-0.23024217784404755,0.22826893627643585,0.9021986722946167,-0.7542024850845337,0.9169950485229492,1.3659194707870483,-0.5095719695091248,0.2285337746143341,0.7645348310470581,-1.954904556274414,0.9406929016113281,1.470896601676941,-0.5955763459205627,0.20693275332450867,0.6589528322219849,-2.1651298999786377,0.9018818140029907,1.4542018175125122,-0.6409005522727966,0.2619222104549408,0.6110637784004211,-2.1575217247009277,0.8785950541496277,1.4244365692138672,-0.5403730869293213,0.28394535183906555,0.6587753891944885,-1.9852018356323242,0.7161403298377991,1.4235202074050903,-0.09594448655843735,0.42886343598365784,1.4125036001205444,0.09975338727235794,0.6969992518424988,2.0527491569519043,0.061287928372621536,0.43412914872169495,2.0534214973449707,0.4061305522918701,0.6982189416885376,2.6139602661132812,0.7516569495201111,0.44977298378944397,2.6140878200531006,1.1541818380355835,0.705156683921814,2.6894607543945312,0.7867078185081482,0.44959622621536255,2.68388032913208,1.2189353704452515,0.6558496356010437,2.790587902069092,0.17670466005802155,0.4751511216163635,2.8052284717559814,0.534451961517334,0,0,0,0,0,0,0,0,0,0,0,0,0,0,0,0,0,0,0,0,0,0,0,0,0,0,0,0,0,0,0,0,0,0,0,0,0,0,0,0,0,0,0,0,0,0,0,0,0,0,0,0,0,0,0,0,0,0,0,0,0,0,0,0.21763882040977478,0.7846822738647461,2.500290179341391e-07,0.2757326662540436,0.7607426643371582,-0.024013008922338486,0.327024906873703,0.7009806036949158,-0.03134039789438248,0.36097127199172974,0.6424042582511902,-0.03745635226368904,0.38825884461402893,0.5971954464912415,-0.042602214962244034,0.30196839570999146,0.5805193781852722,-0.004453960806131363,0.3135361671447754,0.5031844973564148,-0.017120802775025368,0.31723228096961975,0.45728492736816406,-0.03092571534216404,0.32031142711639404,0.41684359312057495,-0.04118156433105469,0.2712123394012451,0.5614026188850403,-0.0038537790533155203,0.2812999486923218,0.47289830446243286,-0.014261556789278984,0.2864069938659668,0.41753336787223816,-0.02737398073077202,0.2904298007488251,0.3711680769920349,-0.037038449198007584,0.24051257967948914,0.5603399276733398,-0.007397099398076534,0.2499728500843048,0.47721603512763977,-0.019171934574842453,0.25619858503341675,0.42867612838745117,-0.028252815827727318,0.26099005341529846,0.386813223361969,-0.03427249193191528,0.20722100138664246,0.5750503540039062,-0.013814214617013931,0.2127702236175537,0.5103565454483032,-0.024284932762384415,0.21851107478141785,0.4715445637702942,-0.027713041752576828,0.22418983280658722,0.43576401472091675,-0.029287811368703842,stop
0.5440039038658142,0.4062419831752777,-0.9711882472038269,0.572074830532074,0.3475257158279419,-0.9311689138412476,0.5897783637046814,0.3479039967060089,-0.931191086769104,0.6053651571273804,0.34860914945602417,-0.9311730265617371,0.528110146522522,0.34449779987335205,-0.9101067781448364,0.5175873041152954,0.34308335185050964,-0.9095081090927124,0.5071736574172974,0.3420282304286957,-0.9096617698669434,0.6378169655799866,0.36963579058647156,-0.5286356210708618,0.49904704093933105,0.3592578172683716,-0.4190439283847809,0.573039174079895,0.46768033504486084,-0.8173806071281433,0.5203226208686829,0.4653579890727997,-0.785328209400177,0.7875496745109558,0.6571435332298279,-0.2521573305130005,0.3831213712692261,0.663456380367279,-0.20828406512737274,0.8726633787155151,0.9699381589889526,-0.24514088034629822,0.23178544640541077,0.9254387617111206,-0.7719694375991821,0.9026196599006653,1.3465228080749512,-0.6228894591331482,0.2517772316932678,0.841917097568512,-1.954175353050232,0.916683554649353,1.4462836980819702,-0.730530858039856,0.23771090805530548,0.7364696860313416,-2.1748204231262207,0.8801472783088684,1.4238325357437134,-0.7897717356681824,0.2675817906856537,0.7073382139205933,-2.174426555633545,0.861187756061554,1.3962763547897339,-0.662503719329834,0.29548513889312744,0.7504488229751587,-1.988349199295044,0.7147459387779236,1.4199236631393433,-0.08130349218845367,0.4267832636833191,1.410452127456665,0.08554501086473465,0.6892834901809692,2.0473713874816895,0.06448940187692642,0.4197619557380676,2.042965888977051,0.35466256737709045,0.6810216307640076,2.605506658554077,0.7510013580322266,0.4235486388206482,2.6035966873168945,1.0604026317596436,0.6856768131256104,2.681698799133301,0.7840999960899353,0.42194104194641113,2.676197052001953,1.1168217658996582,0.6385891437530518,2.7769432067871094,0.16881206631660461,0.450094610452652,2.7859373092651367,0.4296281337738037,0,0,0,0,0,0,0,0,0,0,0,0,0,0,0,0,0,0,0,0,0,0,0,0,0,0,0,0,0,0,0,0,0,0,0,0,0,0,0,0,0,0,0,0,0,0,0,0,0,0,0,0,0,0,0,0,0,0,0,0,0,0,0,0,0,0,0,0,0,0,0,0,0,0,0,0,0,0,0,0,0,0,0,0,0,0,0,0,0,0,0,0,0,0,0,0,0,0,0,0,0,0,0,0,0,0,0,0,0,0,0,0,0,0,0,0,0,0,0,0,0,0,0,0,0,0,stop
0.5435670018196106,0.40618735551834106,-0.9942420721054077,0.5717385411262512,0.347520649433136,-0.9460089802742004,0.5896058082580566,0.34790924191474915,-0.9462054967880249,0.6052764654159546,0.3486188054084778,-0.9463814496994019,0.5271651148796082,0.3444977402687073,-0.9332134127616882,0.5167458653450012,0.3431042730808258,-0.9325610399246216,0.505636990070343,0.34211358428001404,-0.9328247904777527,0.6367762684822083,0.36936473846435547,-0.5305588245391846,0.49522167444229126,0.35938504338264465,-0.4568216800689697,0.5726521611213684,0.46736791729927063,-0.8353287577629089,0.518928050994873,0.4648953676223755,-0.8150172233581543,0.785060703754425,0.6567450761795044,-0.24405331909656525,0.37059468030929565,0.6616654992103577,-0.22412867844104767,0.8909018635749817,0.9693284630775452,-0.26946085691452026,0.2436593770980835,0.948326826095581,-0.600477933883667,0.8901646733283997,1.2919209003448486,-0.7276246547698975,0.30254822969436646,1.0026215314865112,-1.6195157766342163,0.8955176472663879,1.3793739080429077,-0.8550160527229309,0.3309057354927063,1.0172969102859497,-1.8254406452178955,0.8550108075141907,1.3460254669189453,-0.9067856073379517,0.34677428007125854,0.9269108176231384,-1.851337194442749,0.8408879041671753,1.320723056793213,-0.7660616636276245,0.3578474521636963,0.9190031290054321,-1.6571458578109741,0.7106387615203857,1.4126158952713013,-0.07727967202663422,0.4267248213291168,1.403494954109192,0.08178247511386871,0.6851658821105957,2.040755033493042,-0.12922939658164978,0.4124628007411957,2.026508331298828,0.010844094678759575,0.6696681976318359,2.6050002574920654,0.38588544726371765,0.41201671957969666,2.593306303024292,0.32979995012283325,0.6739562749862671,2.682090997695923,0.39762449264526367,0.4097462296485901,2.671400785446167,0.3407813608646393,0.6252244114875793,2.7713141441345215,-0.24264967441558838,0.43934860825538635,2.7652199268341064,-0.3356568217277527,0,0,0,0,0,0,0,0,0,0,0,0,0,0,0,0,0,0,0,0,0,0,0,0,0,0,0,0,0,0,0,0,0,0,0,0,0,0,0,0,0,0,0,0,0,0,0,0,0,0,0,0,0,0,0,0,0,0,0,0,0,0,0,0,0,0,0,0,0,0,0,0,0,0,0,0,0,0,0,0,0,0,0,0,0,0,0,0,0,0,0,0,0,0,0,0,0,0,0,0,0,0,0,0,0,0,0,0,0,0,0,0,0,0,0,0,0,0,0,0,0,0,0,0,0,0,stop
0.5433139801025391,0.4066758453845978,-1.0215436220169067,0.5712786912918091,0.34764736890792847,-0.9683308601379395,0.5891862511634827,0.3479533791542053,-0.9685922861099243,0.6047355532646179,0.34862688183784485,-0.9687453508377075,0.5260778069496155,0.34506723284721375,-0.9597517848014832,0.5156217813491821,0.3438909947872162,-0.9591954946517944,0.5045529007911682,0.3431999385356903,-0.9595271348953247,0.634870171546936,0.3682464063167572,-0.5399711728096008,0.4929633140563965,0.3598312735557556,-0.48559483885765076,0.5725393891334534,0.4673416018486023,-0.8587144613265991,0.5181044340133667,0.4649263918399811,-0.8439317941665649,0.7841669321060181,0.6566018462181091,-0.23449428379535675,0.3649609684944153,0.6613942384719849,-0.25078946352005005,0.9014279246330261,0.970781683921814,-0.27198129892349243,0.24473080039024353,0.9599605202674866,-0.5990899801254272,0.8819677233695984,1.2692641019821167,-0.7531487941741943,0.320322722196579,1.0257660150527954,-1.575663447380066,0.8805980682373047,1.3507848978042603,-0.8804262280464172,0.3476785719394684,1.0098929405212402,-1.775347113609314,0.840521514415741,1.3130791187286377,-0.9249018430709839,0.36545613408088684,0.9440308809280396,-1.795318603515625,0.8286705017089844,1.2890959978103638,-0.788438081741333,0.37345054745674133,0.9360007643699646,-1.6082284450531006,0.7096246480941772,1.4068071842193604,-0.06899627298116684,0.4269042909145355,1.3995120525360107,0.07345020025968552,0.6844989061355591,2.034447431564331,-0.14450135827064514,0.41216301918029785,2.017523765563965,-0.031832464039325714,0.6681289076805115,2.602879762649536,0.36673012375831604,0.4132484793663025,2.5863983631134033,0.27513280510902405,0.6724042296409607,2.6820271015167236,0.37833458185195923,0.4112245440483093,2.6668126583099365,0.2848924398422241,0.6245487928390503,2.7645957469940186,-0.26034992933273315,0.44104519486427307,2.7548577785491943,-0.3901439309120178,0,0,0,0,0,0,0,0,0,0,0,0,0,0,0,0,0,0,0,0,0,0,0,0,0,0,0,0,0,0,0,0,0,0,0,0,0,0,0,0,0,0,0,0,0,0,0,0,0,0,0,0,0,0,0,0,0,0,0,0,0,0,0,0,0,0,0,0,0,0,0,0,0,0,0,0,0,0,0,0,0,0,0,0,0,0,0,0,0,0,0,0,0,0,0,0,0,0,0,0,0,0,0,0,0,0,0,0,0,0,0,0,0,0,0,0,0,0,0,0,0,0,0,0,0,0,stop
0.5330988764762878,0.4066449701786041,-0.7931703329086304,0.5625645518302917,0.3477565050125122,-0.7497062087059021,0.5792338252067566,0.34803107380867004,-0.7496347427368164,0.5950900316238403,0.3486879765987396,-0.7492152452468872,0.5178741216659546,0.34553515911102295,-0.7353749871253967,0.5047154426574707,0.3444153368473053,-0.7345443964004517,0.4895705282688141,0.3440593183040619,-0.7347558736801147,0.6204476356506348,0.3682669997215271,-0.42760515213012695,0.4777016043663025,0.3606855571269989,-0.35472673177719116,0.5611282587051392,0.46637076139450073,-0.6721151471138,0.5085519552230835,0.4646613895893097,-0.6505699157714844,0.7731559872627258,0.6566818356513977,-0.22667503356933594,0.35302257537841797,0.6671077013015747,-0.13512596487998962,0.9217530488967896,0.9932063817977905,-0.5328871011734009,0.24400921165943146,0.9951334595680237,-0.3993852436542511,0.7075580954551697,0.9855471253395081,-1.0365556478500366,0.24583406746387482,1.074027419090271,-1.2185038328170776,0.6529456973075867,0.9245268106460571,-1.166090726852417,0.24264872074127197,1.0049636363983154,-1.371758222579956,0.6418908834457397,0.8521073460578918,-1.078703761100769,0.24963951110839844,1.025633454322815,-1.3836250305175781,0.6428683996200562,0.8858577609062195,-1.0185574293136597,0.2714921832084656,1.0292174816131592,-1.252838373184204,0.7086454629898071,1.4072929620742798,-0.06993032991886139,0.42177829146385193,1.4061626195907593,0.07422471046447754,0.6823264360427856,2.0381510257720947,-0.14001554250717163,0.40929365158081055,2.0287253856658936,0.006016314961016178,0.6696526408195496,2.611320972442627,0.34640687704086304,0.4147462248802185,2.595778226852417,0.26322969794273376,0.6736856698989868,2.6931216716766357,0.3620545566082001,0.4129374623298645,2.6784470081329346,0.27230554819107056,0.6260870695114136,2.773383378982544,-0.21502788364887238,0.44248026609420776,2.762000322341919,-0.33090105652809143,0.6878643035888672,0.9561957716941833,6.364466003105917e-07,0.636364758014679,0.9311801791191101,-0.01495066937059164,0.5952959060668945,0.8831332921981812,-0.02771001122891903,0.5729325413703918,0.8406414985656738,-0.042652763426303864,0.5603746175765991,0.804284930229187,-0.05740639567375183,0.5996321439743042,0.7566483616828918,-0.01902155578136444,0.5887889266014099,0.6527083516120911,-0.04065682739019394,0.5841562747955322,0.5903915166854858,-0.05571779981255531,0.5811797380447388,0.5418239831924438,-0.06373514235019684,0.6360650062561035,0.74561607837677,-0.02695358172059059,0.6238569021224976,0.6374984979629517,-0.04546407610177994,0.6159801483154297,0.5658508539199829,-0.05671088024973869,0.6116999983787537,0.5143093466758728,-0.06221004202961922,0.6743119359016418,0.7530648708343506,-0.03742070496082306,0.6698909997940063,0.695766270160675,-0.056511323899030685,0.6647099852561951,0.7059370279312134,-0.05863960459828377,0.659964919090271,0.7227376699447632,-0.05482837185263634,0.7127997279167175,0.7745491862297058,-0.04994286224246025,0.7112258076667786,0.7306503057479858,-0.06280923634767532,0.7069724798202515,0.7374928593635559,-0.05816822126507759,0.7053568363189697,0.7538922429084778,-0.05049409344792366,0,0,0,0,0,0,0,0,0,0,0,0,0,0,0,0,0,0,0,0,0,0,0,0,0,0,0,0,0,0,0,0,0,0,0,0,0,0,0,0,0,0,0,0,0,0,0,0,0,0,0,0,0,0,0,0,0,0,0,0,0,0,0,stop
0.5197498202323914,0.4094865918159485,-0.7810649871826172,0.5441249012947083,0.3521408438682556,-0.7429512143135071,0.5593814253807068,0.35112661123275757,-0.7428960204124451,0.5742341876029968,0.35103464126586914,-0.742684006690979,0.5021955370903015,0.35409775376319885,-0.7258368730545044,0.48579639196395874,0.35458993911743164,-0.7251414656639099,0.47093111276626587,0.35591134428977966,-0.7253590822219849,0.5986365079879761,0.3692820370197296,-0.4120675027370453,0.4571165144443512,0.3741617798805237,-0.32460081577301025,0.5478790998458862,0.46656620502471924,-0.6526318788528442,0.49741190671920776,0.4689636826515198,-0.6273472309112549,0.7357631325721741,0.649907112121582,-0.1879945695400238,0.34389615058898926,0.6696640253067017,-0.09741392731666565,0.9002317190170288,0.9667479991912842,-0.6250784397125244,0.23991098999977112,0.9976488947868347,-0.46713119745254517,0.7142194509506226,0.8513546586036682,-1.2876940965652466,0.2446518838405609,1.0002226829528809,-1.350104570388794,0.6935614347457886,0.743897557258606,-1.4252264499664307,0.23853524029254913,0.9388442635536194,-1.5081989765167236,0.6607821583747864,0.6903259754180908,-1.340916395187378,0.24774853885173798,0.913284182548523,-1.4979325532913208,0.6604294776916504,0.7378061413764954,-1.2759497165679932,0.26854538917541504,0.930156409740448,-1.3766286373138428,0.6924706697463989,1.389550805091858,-0.06864386051893234,0.41331353783607483,1.3879534006118774,0.07352080941200256,0.6643706560134888,2.027147054672241,-0.20753033459186554,0.4003065526485443,2.017751455307007,-0.053142160177230835,0.6579599380493164,2.607353687286377,0.18573543429374695,0.4037474989891052,2.59468412399292,0.09196160733699799,0.6658682823181152,2.690242052078247,0.19272586703300476,0.40098437666893005,2.677208662033081,0.08664579689502716,0.6102991700172424,2.7645373344421387,-0.3884807825088501,0.43273305892944336,2.7639739513397217,-0.5261554718017578,0.6917059421539307,0.8423833847045898,4.655902898775821e-07,0.6316419839859009,0.8289524912834167,-0.026809407398104668,0.5723758339881897,0.7659696340560913,-0.043436646461486816,0.5293849110603333,0.7050657868385315,-0.060710128396749496,0.4982132911682129,0.6513673663139343,-0.07693522423505783,0.5945227742195129,0.6408107876777649,-0.027692608535289764,0.5809401869773865,0.5370262265205383,-0.05634060874581337,0.575955331325531,0.47637712955474854,-0.07460612803697586,0.5735406279563904,0.42220866680145264,-0.08439089357852936,0.6331932544708252,0.626707136631012,-0.032269421964883804,0.6193051338195801,0.5156002640724182,-0.06085960939526558,0.6097881197929382,0.4454360008239746,-0.0751519426703453,0.6038080453872681,0.38651522994041443,-0.08152831345796585,0.6740614175796509,0.6315802931785583,-0.04057680442929268,0.6657016277313232,0.556201696395874,-0.0777309387922287,0.6583604216575623,0.6045913100242615,-0.07927390187978745,0.6543132662773132,0.649529755115509,-0.06967450678348541,0.7170164585113525,0.6499580144882202,-0.05084357038140297,0.7064456343650818,0.5896159410476685,-0.07827290892601013,0.6986542344093323,0.6244569420814514,-0.07423461973667145,0.6961984038352966,0.663354218006134,-0.06381657719612122,0,0,0,0,0,0,0,0,0,0,0,0,0,0,0,0,0,0,0,0,0,0,0,0,0,0,0,0,0,0,0,0,0,0,0,0,0,0,0,0,0,0,0,0,0,0,0,0,0,0,0,0,0,0,0,0,0,0,0,0,0,0,0,stop
0.5114096403121948,0.41000211238861084,-0.8397024273872375,0.5349146127700806,0.35274648666381836,-0.7768994569778442,0.5500007271766663,0.35142216086387634,-0.7772951126098633,0.56520676612854,0.35108867287635803,-0.7769696712493896,0.49289852380752563,0.35593727231025696,-0.7891923785209656,0.47686928510665894,0.35681578516960144,-0.7890651226043701,0.46106261014938354,0.35868704319000244,-0.7896597981452942,0.5915877819061279,0.36921799182891846,-0.42736300826072693,0.44900375604629517,0.3783279061317444,-0.3994797468185425,0.5420345067977905,0.46666181087493896,-0.6845903396606445,0.4905087947845459,0.4702377915382385,-0.6949292421340942,0.7321110963821411,0.6440111398696899,-0.17646239697933197,0.33918631076812744,0.6740006804466248,-0.1703653633594513,0.8863218426704407,0.9359416961669922,-0.6278941035270691,0.23618414998054504,0.9905369877815247,-0.5372585654258728,0.7295318841934204,0.8420436382293701,-1.3667887449264526,0.2665542662143707,1.039671540260315,-1.329473853111267,0.7129383087158203,0.7821788787841797,-1.5283405780792236,0.26368477940559387,1.0488035678863525,-1.494767665863037,0.6760936379432678,0.7066930532455444,-1.4686118364334106,0.2813352942466736,1.0021053552627563,-1.5023531913757324,0.6705053448677063,0.7609530687332153,-1.3702551126480103,0.29432493448257446,1.0034295320510864,-1.3587315082550049,0.6883087754249573,1.3828392028808594,-0.04513690620660782,0.41336941719055176,1.3846124410629272,0.05007348582148552,0.6666699647903442,1.994286298751831,-0.2604352533817291,0.39633503556251526,2.0027458667755127,-0.16834375262260437,0.6513596773147583,2.584127902984619,0.06516273319721222,0.3925662934780121,2.587775707244873,-0.08545627444982529,0.6549478769302368,2.669602155685425,0.06830329447984695,0.3907800018787384,2.6737406253814697,-0.09875389188528061,0.6034468412399292,2.747411012649536,-0.5105810761451721,0.4237755835056305,2.756911516189575,-0.7116736173629761,0.6906147003173828,0.8484643697738647,4.336745575983514e-07,0.6283951997756958,0.8312422633171082,-0.019981998950242996,0.5731894373893738,0.7625397443771362,-0.031738653779029846,0.5340904593467712,0.7032905220985413,-0.045035574585199356,0.5048276782035828,0.6528592109680176,-0.05741952732205391,0.5969417691230774,0.6404088735580444,-0.01549858320504427,0.5837625861167908,0.5368780493736267,-0.0389600545167923,0.5786697268486023,0.473818302154541,-0.055266376584768295,0.5769660472869873,0.42121487855911255,-0.06448528170585632,0.6354745030403137,0.6321890354156494,-0.021322699263691902,0.6254348754882812,0.5293563008308411,-0.04123318940401077,0.6167677044868469,0.4707912504673004,-0.05165926739573479,0.6100154519081116,0.4219728112220764,-0.057135988026857376,0.6754276156425476,0.6413322687149048,-0.030737724155187607,0.6688987016677856,0.5619087219238281,-0.0554368831217289,0.6590239405632019,0.5868651270866394,-0.053202297538518906,0.6519774794578552,0.6089141368865967,-0.04538438096642494,0.7163048982620239,0.6648581027984619,-0.04233165085315704,0.7084089517593384,0.5955080986022949,-0.059794455766677856,0.700388491153717,0.6161121129989624,-0.05250728502869606,0.6965043544769287,0.6417390704154968,-0.04244951158761978,0,0,0,0,0,0,0,0,0,0,0,0,0,0,0,0,0,0,0,0,0,0,0,0,0,0,0,0,0,0,0,0,0,0,0,0,0,0,0,0,0,0,0,0,0,0,0,0,0,0,0,0,0,0,0,0,0,0,0,0,0,0,0,stop
0.4948839247226715,0.41118916869163513,-0.8835078477859497,0.5147497057914734,0.35431262850761414,-0.8213035464286804,0.5300155282020569,0.35250580310821533,-0.8217493295669556,0.5448135137557983,0.35162127017974854,-0.8212879300117493,0.4727618098258972,0.3588537573814392,-0.8263802528381348,0.4573899209499359,0.3604707419872284,-0.8262683153152466,0.44290727376937866,0.3628140389919281,-0.8269587755203247,0.5687856674194336,0.3692202568054199,-0.45569124817848206,0.43175166845321655,0.38387879729270935,-0.4196736216545105,0.5262503623962402,0.4677038788795471,-0.7334011793136597,0.47472041845321655,0.473389208316803,-0.7328857183456421,0.7147144079208374,0.6445921659469604,-0.22185316681861877,0.33325478434562683,0.6941915154457092,-0.17593072354793549,0.8286728858947754,0.9181861877441406,-0.7566655278205872,0.23594990372657776,0.9968334436416626,-0.40332889556884766,0.7092273831367493,0.779345691204071,-1.480818510055542,0.2479596883058548,1.248952865600586,-1.0995811223983765,0.7039398550987244,0.6630207896232605,-1.636587142944336,0.22338108718395233,1.3200392723083496,-1.243746280670166,0.6496037244796753,0.5899329781532288,-1.5765575170516968,0.25290170311927795,1.2748087644577026,-1.283791422843933,0.66974276304245,0.6575192213058472,-1.482621669769287,0.2701320946216583,1.2502682209014893,-1.1412736177444458,0.6895544528961182,1.388994812965393,-0.0469154417514801,0.41357678174972534,1.4058629274368286,0.05198673531413078,0.6808644533157349,2.0031163692474365,-0.25814884901046753,0.42490237951278687,2.0226659774780273,-0.1430080235004425,0.6965346336364746,2.593557119369507,0.10617940127849579,0.4497703015804291,2.6060101985931396,-0.013749365694820881,0.705058217048645,2.681990385055542,0.11096576601266861,0.4515514373779297,2.6939752101898193,-0.01973116584122181,0.6561568975448608,2.7589738368988037,-0.4732894003391266,0.4930640757083893,2.772810697555542,-0.6262395977973938,0.6886916756629944,0.8013677000999451,5.355339567358897e-07,0.6136289238929749,0.7782813906669617,-0.026541808620095253,0.558393657207489,0.7048056721687317,-0.040901068598032,0.5213703513145447,0.6401371359825134,-0.05349728465080261,0.4797905683517456,0.6017547249794006,-0.06599455326795578,0.5933319926261902,0.5763965845108032,-0.019786126911640167,0.5767061114311218,0.48071324825286865,-0.040422383695840836,0.5710608959197998,0.4222320318222046,-0.05957653000950813,0.5685563683509827,0.3706608712673187,-0.07368521392345428,0.635050892829895,0.5627565383911133,-0.023717010393738747,0.6201328039169312,0.4587249159812927,-0.03905726224184036,0.61214679479599,0.3940316438674927,-0.054900314658880234,0.6066498756408691,0.34036073088645935,-0.06691253185272217,0.6781710982322693,0.5710076689720154,-0.03159979730844498,0.664216160774231,0.4730793833732605,-0.04651234671473503,0.6547271013259888,0.4149540066719055,-0.05543163791298866,0.6457739472389221,0.3638148903846741,-0.06256462633609772,0.7236326932907104,0.596756637096405,-0.04240746796131134,0.7166154980659485,0.5219916105270386,-0.05680033937096596,0.7076454162597656,0.4750920236110687,-0.06030614674091339,0.6974513530731201,0.4332354664802551,-0.062110479921102524,0,0,0,0,0,0,0,0,0,0,0,0,0,0,0,0,0,0,0,0,0,0,0,0,0,0,0,0,0,0,0,0,0,0,0,0,0,0,0,0,0,0,0,0,0,0,0,0,0,0,0,0,0,0,0,0,0,0,0,0,0,0,0,stop
0.47237247228622437,0.4144814908504486,-0.9276385307312012,0.49270230531692505,0.3569808602333069,-0.866594135761261,0.5076099634170532,0.35468655824661255,-0.8669530749320984,0.5228495597839355,0.3530735969543457,-0.8665063977241516,0.45170480012893677,0.3628918528556824,-0.8633400201797485,0.43747448921203613,0.3650469183921814,-0.86310875415802,0.422957181930542,0.367810994386673,-0.8637813329696655,0.5422869920730591,0.36935803294181824,-0.49114733934402466,0.4089772701263428,0.38763368129730225,-0.44968706369400024,0.5023915767669678,0.47146403789520264,-0.7819539904594421,0.4535236358642578,0.4780920445919037,-0.7733923196792603,0.6959519386291504,0.6447222828865051,-0.2711990475654602,0.31296420097351074,0.6935850381851196,-0.19950376451015472,0.7904755473136902,0.9124740958213806,-0.8598941564559937,0.23112396895885468,0.9963032007217407,-0.40132418274879456,0.6898252964019775,0.7566469311714172,-1.638540267944336,0.23705115914344788,1.3121672868728638,-1.0654716491699219,0.6782146096229553,0.6365998387336731,-1.8124154806137085,0.21273763477802277,1.4051393270492554,-1.2017595767974854,0.6334776878356934,0.5751713514328003,-1.7433334589004517,0.24827294051647186,1.3644295930862427,-1.2510238885879517,0.6402403116226196,0.6293335556983948,-1.637042760848999,0.26533570885658264,1.3321446180343628,-1.1080447435379028,0.6645139455795288,1.3945982456207275,-0.049013689160346985,0.3945571482181549,1.4113595485687256,0.05428595095872879,0.6598286628723145,2.0037896633148193,-0.2001027762889862,0.4177010655403137,2.0222463607788086,-0.17190486192703247,0.6731522083282471,2.5928876399993896,0.22148075699806213,0.4317721724510193,2.6046693325042725,0.04504302144050598,0.6794472932815552,2.6790788173675537,0.23024745285511017,0.4305446743965149,2.6926960945129395,0.05008258670568466,0.6359492540359497,2.7598061561584473,-0.34447360038757324,0.48013192415237427,2.765561819076538,-0.5516170263290405,0.6876175999641418,0.7847762703895569,4.627253247235785e-07,0.6089180111885071,0.7664757966995239,-0.026713581755757332,0.5497015118598938,0.6973730325698853,-0.04224164038896561,0.5131775140762329,0.6304951310157776,-0.05596749857068062,0.47036731243133545,0.5945344567298889,-0.07000234723091125,0.5838297009468079,0.5622613430023193,-0.024207977578043938,0.5655404925346375,0.4670809507369995,-0.04715239256620407,0.5573685765266418,0.40812647342681885,-0.06751079857349396,0.5520005822181702,0.3542564809322357,-0.08269894123077393,0.6266676187515259,0.5442165732383728,-0.029051052406430244,0.6092050671577454,0.43447306752204895,-0.047047100961208344,0.5988036394119263,0.36575937271118164,-0.06486113369464874,0.5895465016365051,0.3040740489959717,-0.07876210659742355,0.6697342395782471,0.5497791171073914,-0.03766505792737007,0.655985951423645,0.4479634761810303,-0.05569479241967201,0.645997941493988,0.38724642992019653,-0.06794953346252441,0.6350743770599365,0.3324805200099945,-0.07754041999578476,0.7147478461265564,0.5733833909034729,-0.048975978046655655,0.7063431739807129,0.49699804186820984,-0.06587444990873337,0.6968644261360168,0.4487704038619995,-0.07193605601787567,0.6854377388954163,0.40364283323287964,-0.07607032358646393,0,0,0,0,0,0,0,0,0,0,0,0,0,0,0,0,0,0,0,0,0,0,0,0,0,0,0,0,0,0,0,0,0,0,0,0,0,0,0,0,0,0,0,0,0,0,0,0,0,0,0,0,0,0,0,0,0,0,0,0,0,0,0,stop
0.46331876516342163,0.4159860908985138,-0.8878564834594727,0.4854465425014496,0.35804975032806396,-0.8364452123641968,0.50104820728302,0.35560843348503113,-0.8364496231079102,0.5165824890136719,0.3536616265773773,-0.8358243703842163,0.44588810205459595,0.3639584481716156,-0.8252479434013367,0.43206238746643066,0.3658488094806671,-0.8246173858642578,0.41849836707115173,0.36835405230522156,-0.8252252340316772,0.5414570569992065,0.3693903684616089,-0.4900673031806946,0.4101537764072418,0.38745632767677307,-0.4414380192756653,0.4972231984138489,0.4760676920413971,-0.7639392614364624,0.4476463794708252,0.48084530234336853,-0.7471803426742554,0.7017863392829895,0.6473366618156433,-0.28792130947113037,0.3098289370536804,0.6935615539550781,-0.1962663233280182,0.8102754354476929,0.9152458310127258,-0.7978726625442505,0.23183181881904602,1.0008050203323364,-0.25094759464263916,0.691178560256958,0.7680591344833374,-1.483850121498108,0.2282092273235321,1.3905658721923828,-0.7679402828216553,0.6825276017189026,0.6257721185684204,-1.644813895225525,0.20083856582641602,1.4964426755905151,-0.8744149208068848,0.6274923086166382,0.5721732378005981,-1.5597535371780396,0.23775501549243927,1.4579676389694214,-0.9411471486091614,0.6452049016952515,0.6213467121124268,-1.4757754802703857,0.2564709186553955,1.4203507900238037,-0.8145049810409546,0.6692883968353271,1.3955239057540894,-0.07602274417877197,0.39459437131881714,1.4111440181732178,0.0817931592464447,0.6601343154907227,2.0063929557800293,-0.22406430542469025,0.41748911142349243,2.0246007442474365,0.06343936920166016,0.6777178049087524,2.591994047164917,0.22207383811473846,0.4313541352748871,2.6014230251312256,0.34991195797920227,0.6866738200187683,2.677377462387085,0.23470351099967957,0.42960023880004883,2.689042329788208,0.3628487288951874,0.6364272236824036,2.7603304386138916,-0.36491790413856506,0.47668567299842834,2.7654459476470947,-0.23240962624549866,0.6875296831130981,0.7896397709846497,4.041153260914143e-07,0.6109145283699036,0.7675655484199524,-0.025953970849514008,0.5508246421813965,0.6965404152870178,-0.04087300971150398,0.5142935514450073,0.6303899884223938,-0.05439358949661255,0.4720924198627472,0.5918490290641785,-0.06850244104862213,0.5837915539741516,0.5612305998802185,-0.02399086393415928,0.5647730827331543,0.4675663709640503,-0.048372380435466766,0.5574746131896973,0.40949293971061707,-0.06991185247898102,0.5536544322967529,0.3541455864906311,-0.08603096008300781,0.6273581981658936,0.5429108142852783,-0.029927419498562813,0.6084185242652893,0.43577519059181213,-0.04876171797513962,0.598444938659668,0.3674389123916626,-0.06707648187875748,0.5901131629943848,0.3045126795768738,-0.08175118267536163,0.6709160208702087,0.5492700934410095,-0.039727549999952316,0.6555024981498718,0.44986385107040405,-0.058354489505290985,0.6456083059310913,0.3897620141506195,-0.0696139931678772,0.6351593136787415,0.3359418511390686,-0.07871610671281815,0.7163488864898682,0.5733518004417419,-0.05237685143947601,0.7064456939697266,0.49739596247673035,-0.06943357735872269,0.6961130499839783,0.44890204071998596,-0.07494931668043137,0.6837875247001648,0.4042978882789612,-0.07901129871606827,0,0,0,0,0,0,0,0,0,0,0,0,0,0,0,0,0,0,0,0,0,0,0,0,0,0,0,0,0,0,0,0,0,0,0,0,0,0,0,0,0,0,0,0,0,0,0,0,0,0,0,0,0,0,0,0,0,0,0,0,0,0,0,stop
0.4502035081386566,0.419979989528656,-0.6271612048149109,0.4716755449771881,0.3603212535381317,-0.6056975722312927,0.4876623749732971,0.35725006461143494,-0.6054283380508423,0.5038503408432007,0.3545515835285187,-0.604881227016449,0.4334808886051178,0.3671744167804718,-0.5698555707931519,0.4208154082298279,0.3690434396266937,-0.5690048336982727,0.40863245725631714,0.3715433180332184,-0.5694924592971802,0.5332956314086914,0.3693135678768158,-0.39148053526878357,0.4055942893028259,0.3880959153175354,-0.21544308960437775,0.4838252663612366,0.47849562764167786,-0.5455081462860107,0.43722301721572876,0.48455557227134705,-0.4950500428676605,0.7048887014389038,0.6536611914634705,-0.26610249280929565,0.30985110998153687,0.693580687046051,-0.06954281777143478,0.8147503137588501,0.931257426738739,-0.7221606373786926,0.23177602887153625,1.0009466409683228,-0.1578994244337082,0.6924389004707336,0.7625924944877625,-1.3133519887924194,0.22912612557411194,1.40282142162323,-0.6643335223197937,0.6779728531837463,0.6363754868507385,-1.502526044845581,0.2047872543334961,1.5128525495529175,-0.7484824061393738,0.628193199634552,0.5704619884490967,-1.3063017129898071,0.24094779789447784,1.471762776374817,-0.7999035120010376,0.6242164969444275,0.619637131690979,-1.4453685283660889,0.2594919502735138,1.4347121715545654,-0.706506073474884,0.6699442863464355,1.4036555290222168,-0.09656836092472076,0.3896605670452118,1.4121270179748535,0.10253443568944931,0.6570615768432617,2.026656150817871,-0.24040082097053528,0.40616536140441895,2.034018039703369,0.09430047869682312,0.6727139353752136,2.601527690887451,0.17782394587993622,0.4235452711582184,2.602968692779541,0.34338101744651794,0.6833981871604919,2.6855828762054443,0.18972036242485046,0.4221384525299072,2.688765287399292,0.3544435203075409,0.6291797757148743,2.767031669616699,-0.3755676746368408,0.46848875284194946,2.771279811859131,-0.22474665939807892,0.6841447353363037,0.781821072101593,4.168393559211836e-07,0.6078973412513733,0.75852370262146,-0.02469528093934059,0.5476148724555969,0.6899606585502625,-0.039306703954935074,0.5096542835235596,0.6257244348526001,-0.05255066975951195,0.46699953079223633,0.5891896486282349,-0.06632179766893387,0.5798439979553223,0.5535643100738525,-0.02344532497227192,0.561257004737854,0.459442675113678,-0.0465775728225708,0.5524817705154419,0.400890588760376,-0.06720887869596481,0.5469162464141846,0.34584856033325195,-0.08277249336242676,0.6221277713775635,0.5356931090354919,-0.02932274341583252,0.6042283773422241,0.4274924695491791,-0.0471755675971508,0.593829333782196,0.3593214750289917,-0.0647701770067215,0.5846158862113953,0.29727625846862793,-0.07899769395589828,0.6649717092514038,0.5419507622718811,-0.03881698474287987,0.6518568992614746,0.4421498775482178,-0.05624327436089516,0.6418815851211548,0.3809632658958435,-0.06774084270000458,0.6302276253700256,0.3265364170074463,-0.07723217457532883,0.7097946405410767,0.5653055310249329,-0.05101526528596878,0.7026087045669556,0.48781371116638184,-0.06697960942983627,0.6931952238082886,0.4384530782699585,-0.07257167994976044,0.6810417175292969,0.393102765083313,-0.0768350139260292,0,0,0,0,0,0,0,0,0,0,0,0,0,0,0,0,0,0,0,0,0,0,0,0,0,0,0,0,0,0,0,0,0,0,0,0,0,0,0,0,0,0,0,0,0,0,0,0,0,0,0,0,0,0,0,0,0,0,0,0,0,0,0,stop
0.4419117569923401,0.42286205291748047,-0.683962345123291,0.46361833810806274,0.3621996343135834,-0.6559222936630249,0.48005014657974243,0.35881704092025757,-0.6557530164718628,0.49704861640930176,0.35565194487571716,-0.6552191972732544,0.42652469873428345,0.3693557381629944,-0.6200536489486694,0.4149394929409027,0.3711075186729431,-0.6192833781242371,0.4041275084018707,0.3734619915485382,-0.619787335395813,0.5289357900619507,0.3693173825740814,-0.4060859680175781,0.40494829416275024,0.3880590498447418,-0.22266297042369843,0.4776268005371094,0.4813355803489685,-0.588584303855896,0.4312494397163391,0.4866119623184204,-0.5371608734130859,0.7094488739967346,0.6595616936683655,-0.2673228085041046,0.3095015585422516,0.6965102553367615,-0.056304603815078735,0.847793698310852,0.9355530142784119,-0.7833834886550903,0.23189949989318848,1.024161696434021,-0.14712081849575043,0.696045994758606,0.7434834241867065,-1.330512523651123,0.25883054733276367,1.404087781906128,-0.7161697149276733,0.6742340326309204,0.6247971057891846,-1.4709159135818481,0.24493496119976044,1.5116615295410156,-0.8148279190063477,0.6220235228538513,0.5483655333518982,-1.3346641063690186,0.2800595760345459,1.4626572132110596,-0.8577712178230286,0.6170752048492432,0.6101528406143188,-1.3239471912384033,0.29233303666114807,1.4255738258361816,-0.7553163766860962,0.6828373074531555,1.4061604738235474,-0.11860892921686172,0.39166906476020813,1.419126033782959,0.12453342974185944,0.6777715086936951,2.0370302200317383,-0.1615862250328064,0.4216766953468323,2.0468497276306152,0.3006717562675476,0.69776451587677,2.601870059967041,0.3765815198421478,0.4449625611305237,2.6049625873565674,0.8104344606399536,0.7091774940490723,2.6854448318481445,0.39968541264533997,0.44476085901260376,2.6885826587677,0.8508896827697754,0.6560242176055908,2.7708866596221924,-0.1899423599243164,0.49081921577453613,2.7788584232330322,0.25497502088546753,0.683554470539093,0.7764414548873901,4.1673246187201585e-07,0.6068704128265381,0.7534556984901428,-0.025740820914506912,0.5460472106933594,0.6852643489837646,-0.040752723813056946,0.5084208250045776,0.6206117868423462,-0.05426529049873352,0.4663213789463043,0.5822186470031738,-0.06821318715810776,0.5772345662117004,0.5479999780654907,-0.02381417714059353,0.5580753087997437,0.45425212383270264,-0.04727912321686745,0.5499311685562134,0.39629891514778137,-0.06819659471511841,0.5452985763549805,0.34130537509918213,-0.083964504301548,0.6199779510498047,0.5291755199432373,-0.029531052336096764,0.6013539433479309,0.421584814786911,-0.04748044162988663,0.5913543105125427,0.35367727279663086,-0.06532034277915955,0.5826858282089233,0.2911202907562256,-0.07981828600168228,0.6632096767425537,0.5350436568260193,-0.0390436127781868,0.6490982174873352,0.43582502007484436,-0.056789644062519073,0.6394429206848145,0.3745662271976471,-0.06842254847288132,0.628581702709198,0.31953972578048706,-0.07805612683296204,0.7083849310874939,0.5584836602210999,-0.05137241631746292,0.6996876001358032,0.4819200038909912,-0.067707858979702,0.6899701356887817,0.4329456388950348,-0.07337169349193573,0.6779891848564148,0.3874763548374176,-0.07772766053676605,0,0,0,0,0,0,0,0,0,0,0,0,0,0,0,0,0,0,0,0,0,0,0,0,0,0,0,0,0,0,0,0,0,0,0,0,0,0,0,0,0,0,0,0,0,0,0,0,0,0,0,0,0,0,0,0,0,0,0,0,0,0,0,stop
0.44246402382850647,0.42834728956222534,-0.6795850396156311,0.46352919936180115,0.3667437732219696,-0.6535454988479614,0.4792912006378174,0.36305004358291626,-0.6532851457595825,0.4952302575111389,0.3593204617500305,-0.6526966094970703,0.42639270424842834,0.3744763135910034,-0.6156947612762451,0.41446614265441895,0.37631991505622864,-0.6148848533630371,0.40347328782081604,0.3786957561969757,-0.6153562068939209,0.5261585712432861,0.37083080410957336,-0.4121909737586975,0.40362420678138733,0.39143648743629456,-0.22476275265216827,0.4786600172519684,0.48852646350860596,-0.5886892676353455,0.4310694634914398,0.49390217661857605,-0.5350239872932434,0.7112852334976196,0.6703028082847595,-0.26669251918792725,0.3074323832988739,0.7024682760238647,-0.05144669860601425,0.8639189600944519,0.9561806321144104,-0.7814871072769165,0.22659750282764435,1.0369006395339966,-0.12127591669559479,0.697270929813385,0.7507708072662354,-1.3389509916305542,0.22044432163238525,1.4347792863845825,-0.6631840467453003,0.6781136989593506,0.6225791573524475,-1.4708106517791748,0.19353166222572327,1.5414543151855469,-0.7505818605422974,0.6278005838394165,0.5493831634521484,-1.3466724157333374,0.2262127846479416,1.4985466003417969,-0.8074822425842285,0.6210992336273193,0.613171398639679,-1.3146073818206787,0.24506568908691406,1.4628084897994995,-0.7086655497550964,0.6830451488494873,1.4167060852050781,-0.12338414043188095,0.39235541224479675,1.4247474670410156,0.12951380014419556,0.6761655211448669,2.054086923599243,-0.1619473546743393,0.41967639327049255,2.058136463165283,0.27730613946914673,0.6958343982696533,2.6093201637268066,0.3672070801258087,0.4423627257347107,2.6090474128723145,0.7420000433921814,0.7063065767288208,2.6918745040893555,0.38843005895614624,0.44171085953712463,2.6902737617492676,0.7756627798080444,0.6531326174736023,2.7772462368011475,-0.2046746462583542,0.4849924147129059,2.787949323654175,0.17447958886623383,0.6846323013305664,0.7762479782104492,4.038633107938949e-07,0.6065135598182678,0.7536561489105225,-0.02562866359949112,0.5449099540710449,0.684087872505188,-0.04032747074961662,0.507043719291687,0.6189200282096863,-0.05381044000387192,0.46412336826324463,0.5814245939254761,-0.06779492646455765,0.5768570303916931,0.5475676655769348,-0.022353922948241234,0.5572898387908936,0.4539443552494049,-0.04644526541233063,0.5496791005134583,0.39557451009750366,-0.06800554692745209,0.5456250905990601,0.33982184529304504,-0.08426051586866379,0.6199555993080139,0.5285476446151733,-0.028429316356778145,0.6008111238479614,0.4220770299434662,-0.04700811579823494,0.5911180377006531,0.3542499542236328,-0.06528466194868088,0.5829517841339111,0.2910705804824829,-0.08003697544336319,0.6633201241493225,0.5340108871459961,-0.03850897029042244,0.6482644081115723,0.4354657530784607,-0.05691554397344589,0.6386825442314148,0.3751435875892639,-0.06828366219997406,0.6281305551528931,0.3205265998840332,-0.0775979682803154,0.7089416980743408,0.5570099949836731,-0.051499903202056885,0.6997449398040771,0.48105448484420776,-0.06824412196874619,0.6896883845329285,0.43239375948905945,-0.07381417602300644,0.6771913766860962,0.3870927691459656,-0.07809385657310486,0,0,0,0,0,0,0,0,0,0,0,0,0,0,0,0,0,0,0,0,0,0,0,0,0,0,0,0,0,0,0,0,0,0,0,0,0,0,0,0,0,0,0,0,0,0,0,0,0,0,0,0,0,0,0,0,0,0,0,0,0,0,0,stop
0.4428323805332184,0.4289446771144867,-0.5589572191238403,0.46418118476867676,0.36733147501945496,-0.5440418720245361,0.4799690246582031,0.36340761184692383,-0.5436484217643738,0.49588465690612793,0.3594357371330261,-0.5430828928947449,0.4277030825614929,0.3751474916934967,-0.5016552209854126,0.4158739447593689,0.3768385946750641,-0.5007522106170654,0.4045693278312683,0.37900033593177795,-0.5011602640151978,0.5278403759002686,0.3708009719848633,-0.3602841794490814,0.4051355719566345,0.3911822736263275,-0.1504068821668625,0.4802042841911316,0.48936334252357483,-0.48763972520828247,0.4325192868709564,0.494127482175827,-0.4280093312263489,0.7091426253318787,0.6704731583595276,-0.2509893774986267,0.30969440937042236,0.7017525434494019,0.012835899367928505,0.8627649545669556,0.9580623507499695,-0.7318557500839233,0.22716569900512695,1.0312985181808472,-0.04050416499376297,0.6955917477607727,0.757264256477356,-1.2276957035064697,0.19162312150001526,1.4198600053787231,-0.5301728844642639,0.6803869009017944,0.6195384860038757,-1.3319040536880493,0.1593121737241745,1.5239982604980469,-0.5940820574760437,0.6296987533569336,0.5490001440048218,-1.193677544593811,0.18738913536071777,1.4868228435516357,-0.65672767162323,0.6161521673202515,0.6206313967704773,-1.1854664087295532,0.20965225994586945,1.4527415037155151,-0.5768028497695923,0.675171971321106,1.416609525680542,-0.12645059823989868,0.38702037930488586,1.4231425523757935,0.13266804814338684,0.6652699708938599,2.0538394451141357,-0.17451325058937073,0.4086746275424957,2.0566413402557373,0.2774229347705841,0.6857713460922241,2.6092305183410645,0.31380075216293335,0.43113699555397034,2.6085667610168457,0.7089217305183411,0.6975991725921631,2.691668748855591,0.3336196839809418,0.430245578289032,2.68855881690979,0.7407914400100708,0.641045868396759,2.77721905708313,-0.21518175303936005,0.47351208329200745,2.787663698196411,0.17120905220508575,0.6877484917640686,0.7772127985954285,3.8169216054484423e-07,0.6101337671279907,0.754268229007721,-0.02400808222591877,0.548015296459198,0.6818806529045105,-0.03765612468123436,0.509739100933075,0.6158136129379272,-0.05024214833974838,0.4663988947868347,0.5809766054153442,-0.06336862593889236,0.5802478194236755,0.5463117361068726,-0.02102680504322052,0.5609400272369385,0.45230695605278015,-0.043895065784454346,0.5523728132247925,0.3935801386833191,-0.06457646936178207,0.546913743019104,0.33875322341918945,-0.08026126772165298,0.6230323314666748,0.5267171263694763,-0.027463359758257866,0.6050830483436584,0.41959187388420105,-0.0444943793118,0.5959532260894775,0.35214412212371826,-0.061414990574121475,0.5880881547927856,0.29063472151756287,-0.0752434954047203,0.6662068963050842,0.5314664840698242,-0.037739720195531845,0.6514208316802979,0.4318140149116516,-0.054590169340372086,0.6419246196746826,0.3721398115158081,-0.06495150923728943,0.6312692165374756,0.3189719319343567,-0.07373470813035965,0.7115166187286377,0.5541879534721375,-0.0508231595158577,0.7023793458938599,0.4776977300643921,-0.06633496284484863,0.6921439170837402,0.429481565952301,-0.07114814221858978,0.6794191598892212,0.3854949474334717,-0.07494174689054489,0,0,0,0,0,0,0,0,0,0,0,0,0,0,0,0,0,0,0,0,0,0,0,0,0,0,0,0,0,0,0,0,0,0,0,0,0,0,0,0,0,0,0,0,0,0,0,0,0,0,0,0,0,0,0,0,0,0,0,0,0,0,0,stop
0.44543495774269104,0.436775803565979,-0.5483418703079224,0.4664875566959381,0.3718549609184265,-0.5326071977615356,0.48234573006629944,0.36758318543434143,-0.5323479771614075,0.49817901849746704,0.36309534311294556,-0.5319143533706665,0.4292519986629486,0.3807139992713928,-0.48843273520469666,0.4175559878349304,0.38257482647895813,-0.4875211715698242,0.4061911106109619,0.38464874029159546,-0.48798543214797974,0.5303273797035217,0.3730333745479584,-0.3386506140232086,0.4076390266418457,0.3948168456554413,-0.11762384325265884,0.48426157236099243,0.4996381103992462,-0.4713798463344574,0.4353160262107849,0.5043247938156128,-0.40941739082336426,0.7177848219871521,0.6885615587234497,-0.24020814895629883,0.310629278421402,0.7038106322288513,0.04816499352455139,0.8624906539916992,0.9680964946746826,-0.7481338977813721,0.24372854828834534,1.1765536069869995,-0.08225984871387482,0.6970500349998474,0.7540708780288696,-1.236363410949707,0.19876891374588013,1.4125168323516846,-0.6921265125274658,0.6817300915718079,0.6221063733100891,-1.3415687084197998,0.1722949743270874,1.506805181503296,-0.776171863079071,0.6345738768577576,0.5441078543663025,-1.214581847190857,0.2001105099916458,1.4597748517990112,-0.8282513618469238,0.6252520084381104,0.6157109141349792,-1.1968848705291748,0.22145748138427734,1.4283660650253296,-0.7385168671607971,0.6780853271484375,1.4244506359100342,-0.13383537530899048,0.38868626952171326,1.427795171737671,0.14004333317279816,0.6678489446640015,2.062469005584717,-0.19947311282157898,0.4103573262691498,2.061469554901123,0.2708730697631836,0.689285397529602,2.614956855773926,0.24220573902130127,0.4329586923122406,2.61118745803833,0.656517505645752,0.7020371556282043,2.6964187622070312,0.25738880038261414,0.4319160580635071,2.689549446105957,0.6843083500862122,0.6427856087684631,2.7816476821899414,-0.30195146799087524,0.4762403964996338,2.793058156967163,0.12034231424331665,0.6938118934631348,0.7809086441993713,3.839267606053909e-07,0.6165915131568909,0.7582393288612366,-0.02613668702542782,0.5549419522285461,0.6861903071403503,-0.041502244770526886,0.5159497857093811,0.6194435358047485,-0.05549453943967819,0.4717428982257843,0.5816840529441833,-0.06988203525543213,0.5867067575454712,0.5499136447906494,-0.023644233122467995,0.566755473613739,0.4546123743057251,-0.04790444299578667,0.5576149821281433,0.39521324634552,-0.06917707622051239,0.5517718195915222,0.3398147225379944,-0.08521538227796555,0.6297485828399658,0.5305646061897278,-0.029756467789411545,0.6116369962692261,0.42222750186920166,-0.048267073929309845,0.602362871170044,0.3543323874473572,-0.06564164906740189,0.59429532289505,0.2928127646446228,-0.07961348444223404,0.6730416417121887,0.5361261963844299,-0.03990139812231064,0.6577703356742859,0.4357107877731323,-0.0580764003098011,0.6476200819015503,0.37512820959091187,-0.06826356798410416,0.6361638903617859,0.3209512233734131,-0.07678786665201187,0.71916663646698,0.5599232912063599,-0.05300236865878105,0.7112727761268616,0.48224639892578125,-0.06938125938177109,0.7016583681106567,0.43352019786834717,-0.07401067763566971,0.6888347864151001,0.38940274715423584,-0.07757742702960968,0,0,0,0,0,0,0,0,0,0,0,0,0,0,0,0,0,0,0,0,0,0,0,0,0,0,0,0,0,0,0,0,0,0,0,0,0,0,0,0,0,0,0,0,0,0,0,0,0,0,0,0,0,0,0,0,0,0,0,0,0,0,0,stop
0.4465938210487366,0.43974196910858154,-0.5198616981506348,0.4673576354980469,0.3737838864326477,-0.5053426623344421,0.48316487669944763,0.36944955587387085,-0.50510573387146,0.49890074133872986,0.36480921506881714,-0.5047004818916321,0.4299720823764801,0.38285478949546814,-0.4595351219177246,0.4183860421180725,0.3847811818122864,-0.4586314260959625,0.40699878334999084,0.38685932755470276,-0.45911088585853577,0.5314120650291443,0.37400171160697937,-0.31878697872161865,0.4090845584869385,0.3967466652393341,-0.09109891951084137,0.48649710416793823,0.5030282735824585,-0.4461037218570709,0.4368347227573395,0.5080398321151733,-0.3821287751197815,0.72225022315979,0.6947021484375,-0.22549164295196533,0.3121509850025177,0.7060248851776123,0.07362435758113861,0.8608075380325317,0.9727456569671631,-0.731709897518158,0.25002044439315796,1.1911300420761108,-0.06765817105770111,0.6972412467002869,0.7528690695762634,-1.1999623775482178,0.2034130096435547,1.40005624294281,-0.6826226711273193,0.6822583675384521,0.6202263236045837,-1.2991232872009277,0.1785416305065155,1.490730881690979,-0.7628330588340759,0.6365471482276917,0.5424180626869202,-1.1767792701721191,0.20452487468719482,1.442207932472229,-0.8113419413566589,0.6312049627304077,0.6137841939926147,-1.1634825468063354,0.22570566833019257,1.4119484424591064,-0.7281367182731628,0.6798505187034607,1.4277758598327637,-0.13601212203502655,0.390419065952301,1.4291183948516846,0.14219525456428528,0.6689702868461609,2.065927028656006,-0.2133675068616867,0.4108025133609772,2.0628151893615723,0.2678768038749695,0.6898683309555054,2.617640733718872,0.21023431420326233,0.4326789975166321,2.6122612953186035,0.642076849937439,0.7027899026870728,2.6985745429992676,0.2235662043094635,0.43158507347106934,2.6897623538970947,0.6689651608467102,0.6427918672561646,2.7832047939300537,-0.33790522813796997,0.4756721556186676,2.795469045639038,0.11033026874065399,0.6946455240249634,0.7795970439910889,3.9844971411184815e-07,0.6171551942825317,0.757440447807312,-0.02637038193643093,0.554767906665802,0.6868604421615601,-0.04157731682062149,0.5166318416595459,0.6200776100158691,-0.05529577657580376,0.4734717607498169,0.5815024375915527,-0.06950095295906067,0.5869575142860413,0.550163745880127,-0.024645376950502396,0.5676604509353638,0.4561314880847931,-0.049257129430770874,0.560077428817749,0.3971768915653229,-0.07100746035575867,0.5558885335922241,0.3406990170478821,-0.08744421601295471,0.6298883557319641,0.5309396982192993,-0.03046964481472969,0.6111299395561218,0.4234439730644226,-0.04928545653820038,0.6012857556343079,0.3555713891983032,-0.06726691871881485,0.5925889015197754,0.2924242317676544,-0.08191713690757751,0.6731219291687012,0.5366629958152771,-0.04025375097990036,0.6581549644470215,0.43675947189331055,-0.05871189758181572,0.648179829120636,0.3757612109184265,-0.06979706883430481,0.636888861656189,0.32082700729370117,-0.07906594127416611,0.7189530730247498,0.5603861212730408,-0.05300624668598175,0.7104824781417847,0.48335105180740356,-0.06994882971048355,0.700670063495636,0.43388211727142334,-0.07565528899431229,0.6879271864891052,0.38838863372802734,-0.08009335398674011,0,0,0,0,0,0,0,0,0,0,0,0,0,0,0,0,0,0,0,0,0,0,0,0,0,0,0,0,0,0,0,0,0,0,0,0,0,0,0,0,0,0,0,0,0,0,0,0,0,0,0,0,0,0,0,0,0,0,0,0,0,0,0,stop
0.4483223557472229,0.43942052125930786,-0.5880494713783264,0.46904054284095764,0.37376001477241516,-0.5689796805381775,0.4846867620944977,0.3694458603858948,-0.5687913298606873,0.5003213882446289,0.36481860280036926,-0.5683581233024597,0.43166884779930115,0.382909893989563,-0.5256263613700867,0.4202041029930115,0.38494032621383667,-0.524776816368103,0.4086782932281494,0.38725748658180237,-0.5252137184143066,0.5327615141868591,0.3741341531276703,-0.3327401280403137,0.4100840985774994,0.3981660306453705,-0.13716261088848114,0.4880524277687073,0.5021040439605713,-0.5039202570915222,0.4382043480873108,0.5082162022590637,-0.4438477158546448,0.7322060465812683,0.6939333081245422,-0.26535147428512573,0.31298989057540894,0.7168689966201782,0.04025369510054588,0.8721128702163696,0.9782142639160156,-0.8075944781303406,0.24937179684638977,1.1750550270080566,-0.14005957543849945,0.7004586458206177,0.7576188445091248,-1.2739131450653076,0.20947475731372833,1.375752329826355,-0.8213251233100891,0.6814467906951904,0.6144679188728333,-1.3817644119262695,0.18089531362056732,1.4548646211624146,-0.8902052044868469,0.6400490999221802,0.5481487512588501,-1.2369444370269775,0.20857396721839905,1.4071389436721802,-0.9190084338188171,0.6354355812072754,0.6213839054107666,-1.232330560684204,0.22805757820606232,1.380544900894165,-0.8671668171882629,0.6983761191368103,1.4333921670913696,-0.14554491639137268,0.40754470229148865,1.4405517578125,0.15162113308906555,0.6929013133049011,2.0710225105285645,-0.16533733904361725,0.4325563311576843,2.07269549369812,0.373416006565094,0.7228273153305054,2.6194217205047607,0.33600229024887085,0.46346431970596313,2.6187117099761963,0.8847334980964661,0.7382646799087524,2.6990914344787598,0.35581618547439575,0.4637059271335602,2.694697141647339,0.9270997047424316,0.6761173009872437,2.787534236907959,-0.2141815721988678,0.5079758167266846,2.8035778999328613,0.362170547246933,0.6989265084266663,0.7813100814819336,3.8050191619731777e-07,0.6205130815505981,0.757964015007019,-0.02413199096918106,0.559225857257843,0.6852540373802185,-0.03790565952658653,0.5210044384002686,0.6183512210845947,-0.050751909613609314,0.477641761302948,0.582543671131134,-0.06411753594875336,0.5938172340393066,0.5521137118339539,-0.020156674087047577,0.5744104981422424,0.4574921131134033,-0.043067287653684616,0.565924346446991,0.3984912633895874,-0.0634896531701088,0.5607120990753174,0.34325844049453735,-0.07903274148702621,0.636957049369812,0.5328018665313721,-0.02691737934947014,0.6198767423629761,0.4244961738586426,-0.04429515078663826,0.6114988923072815,0.35659369826316833,-0.06116942688822746,0.6041393280029297,0.2951267957687378,-0.07491827756166458,0.6800171136856079,0.537821352481842,-0.03770829737186432,0.6660760641098022,0.43821412324905396,-0.055274736136198044,0.6565335988998413,0.37813007831573486,-0.06539662927389145,0.6454823613166809,0.32419806718826294,-0.07394159585237503,0.7257954478263855,0.5608781576156616,-0.05133778974413872,0.7193598747253418,0.4837544560432434,-0.067171111702919,0.7107059359550476,0.43570324778556824,-0.07159706205129623,0.6985762119293213,0.391952782869339,-0.0751994326710701,0,0,0,0,0,0,0,0,0,0,0,0,0,0,0,0,0,0,0,0,0,0,0,0,0,0,0,0,0,0,0,0,0,0,0,0,0,0,0,0,0,0,0,0,0,0,0,0,0,0,0,0,0,0,0,0,0,0,0,0,0,0,0,stop
0.447876513004303,0.4392224848270416,-0.6092696189880371,0.4678186774253845,0.3737128973007202,-0.5791890621185303,0.4832685887813568,0.36939141154289246,-0.5788788795471191,0.4990170896053314,0.3647863268852234,-0.5783616304397583,0.4316125810146332,0.38327929377555847,-0.5497745275497437,0.42039862275123596,0.3856673538684845,-0.5491126775741577,0.4088611602783203,0.3884325921535492,-0.5496445894241333,0.5332162380218506,0.37411150336265564,-0.4005674421787262,0.4106077253818512,0.39993441104888916,-0.16010618209838867,0.4877309799194336,0.5015895962715149,-0.5135964751243591,0.43836385011672974,0.5079804062843323,-0.46983781456947327,0.7330930829048157,0.6926625370979309,-0.3018832802772522,0.3178649842739105,0.716701328754425,0.022892188280820847,0.8769350051879883,0.9790982007980347,-0.8687158823013306,0.25173571705818176,1.1146175861358643,-0.1659741848707199,0.7022808194160461,0.762923002243042,-1.3838653564453125,0.21129576861858368,1.3664934635162354,-0.9120963215827942,0.6839569807052612,0.6295618414878845,-1.5085008144378662,0.18324050307273865,1.4475021362304688,-1.0067306756973267,0.6404595971107483,0.5662792921066284,-1.375461220741272,0.2083526849746704,1.4061813354492188,-1.0495225191116333,0.6389050483703613,0.6328612565994263,-1.3473122119903564,0.2297472059726715,1.3767280578613281,-0.9610201716423035,0.6979948282241821,1.4337495565414429,-0.1520208865404129,0.4092022776603699,1.4400910139083862,0.15791848301887512,0.6918033361434937,2.0712943077087402,-0.12262944877147675,0.4329380989074707,2.07244873046875,0.36371204257011414,0.7210294008255005,2.619267702102661,0.40602564811706543,0.4666321277618408,2.6195473670959473,0.8537896275520325,0.7366842031478882,2.698763847351074,0.4281328320503235,0.46771493554115295,2.6949622631073,0.8938023447990417,0.673646867275238,2.7886545658111572,-0.14869505167007446,0.5088001489639282,2.804605722427368,0.315137654542923,0.7035159468650818,0.7814856171607971,3.8414015079979436e-07,0.6269237399101257,0.7566609382629395,-0.02382693998515606,0.5666102766990662,0.6834516525268555,-0.03783314302563667,0.5287208557128906,0.6169850826263428,-0.05090615898370743,0.48511677980422974,0.5819932222366333,-0.064524807035923,0.6008748412132263,0.5502592325210571,-0.021002059802412987,0.5813646912574768,0.4545776844024658,-0.0439462848007679,0.5735670924186707,0.3952341079711914,-0.06433273106813431,0.56904137134552,0.3402431011199951,-0.07971096783876419,0.6441439986228943,0.5316108465194702,-0.027624452486634254,0.6277452111244202,0.4228121042251587,-0.044760867953300476,0.6200079321861267,0.35462987422943115,-0.061490003019571304,0.6133303642272949,0.2933192849159241,-0.07509906589984894,0.6874662637710571,0.5369128584861755,-0.038082607090473175,0.6736839413642883,0.4362163543701172,-0.05493903160095215,0.6646080017089844,0.3754675090312958,-0.06479620933532715,0.6541281938552856,0.3212342858314514,-0.07320484519004822,0.7333835363388062,0.5600294470787048,-0.051343075931072235,0.7269898653030396,0.4823261499404907,-0.06650447845458984,0.7181910872459412,0.43359071016311646,-0.07060718536376953,0.7060980796813965,0.38959801197052,-0.07390514761209488,0,0,0,0,0,0,0,0,0,0,0,0,0,0,0,0,0,0,0,0,0,0,0,0,0,0,0,0,0,0,0,0,0,0,0,0,0,0,0,0,0,0,0,0,0,0,0,0,0,0,0,0,0,0,0,0,0,0,0,0,0,0,0,stop
0.4475771486759186,0.43893930315971375,-0.6183139085769653,0.46721211075782776,0.3736134171485901,-0.5977177023887634,0.48255467414855957,0.3693524897098541,-0.5974700450897217,0.49834901094436646,0.36467811465263367,-0.5969969630241394,0.43163061141967773,0.38325053453445435,-0.5575922727584839,0.42057305574417114,0.38576942682266235,-0.5567598938941956,0.4090047776699066,0.3887293040752411,-0.5571702718734741,0.5334373116493225,0.3739299178123474,-0.40351957082748413,0.4109378457069397,0.4005820155143738,-0.16107405722141266,0.48712944984436035,0.5006803870201111,-0.5303608179092407,0.438347727060318,0.5074611306190491,-0.4724234938621521,0.7328420877456665,0.685530960559845,-0.29800862073898315,0.3202928602695465,0.7160454392433167,0.017305271700024605,0.8788563013076782,0.9789701700210571,-0.8382980227470398,0.2523725628852844,1.0801315307617188,-0.14744411408901215,0.7032285928726196,0.7639393210411072,-1.3409593105316162,0.21180620789527893,1.3721725940704346,-0.8365129232406616,0.6856162548065186,0.6321529150009155,-1.4658992290496826,0.18501558899879456,1.4577258825302124,-0.9281099438667297,0.6418724060058594,0.5726602673530579,-1.3426611423492432,0.2098497897386551,1.4134849309921265,-0.9868330955505371,0.6411950588226318,0.6357871890068054,-1.308841347694397,0.2316465824842453,1.3843998908996582,-0.8886469006538391,0.6976121664047241,1.4333374500274658,-0.15030957758426666,0.4104931354522705,1.4394195079803467,0.15605539083480835,0.6917266845703125,2.0707297325134277,-0.10769782960414886,0.4350006580352783,2.0720505714416504,0.331473708152771,0.7221831679344177,2.6191139221191406,0.41794291138648987,0.4727481007575989,2.6202948093414307,0.7874985337257385,0.7378378510475159,2.6984000205993652,0.4405581057071686,0.4744718074798584,2.695345163345337,0.8239153027534485,0.6760851740837097,2.7891550064086914,-0.12267490476369858,0.5148335695266724,2.8047852516174316,0.2512310743331909,0.7048100829124451,0.7806380987167358,3.887730883889162e-07,0.6269172430038452,0.7565041780471802,-0.025938846170902252,0.5665560960769653,0.6846581697463989,-0.04071929305791855,0.5292606353759766,0.617502748966217,-0.05417594313621521,0.4859837293624878,0.5796381831169128,-0.06812621653079987,0.6014657616615295,0.5495791435241699,-0.022358696907758713,0.5831842422485352,0.45523712038993835,-0.0463264025747776,0.5758633017539978,0.39639216661453247,-0.06766760349273682,0.57193523645401,0.340617299079895,-0.08378519117832184,0.6446692943572998,0.5313486456871033,-0.028172580525279045,0.6282666921615601,0.42421185970306396,-0.04631682485342026,0.6198840141296387,0.3567584156990051,-0.06407108902931213,0.6124361753463745,0.2944750189781189,-0.07854719460010529,0.6875044107437134,0.5374724268913269,-0.038083069026470184,0.6741830110549927,0.4388863444328308,-0.056030917912721634,0.6650312542915344,0.3780043125152588,-0.06719577312469482,0.6543452143669128,0.32322487235069275,-0.07648897171020508,0.732507586479187,0.5611485242843628,-0.050970520824193954,0.7248208522796631,0.4844076931476593,-0.06728185713291168,0.7155843377113342,0.43536338210105896,-0.07281463593244553,0.7031027674674988,0.3904745578765869,-0.0772026851773262,0,0,0,0,0,0,0,0,0,0,0,0,0,0,0,0,0,0,0,0,0,0,0,0,0,0,0,0,0,0,0,0,0,0,0,0,0,0,0,0,0,0,0,0,0,0,0,0,0,0,0,0,0,0,0,0,0,0,0,0,0,0,0,stop
0.4483504891395569,0.43822839856147766,-0.571863055229187,0.4681939482688904,0.3728485703468323,-0.562690794467926,0.48344850540161133,0.36870047450065613,-0.5624055862426758,0.4992334246635437,0.3641972243785858,-0.5619756579399109,0.4322775900363922,0.38242360949516296,-0.5177666544914246,0.42076998949050903,0.38486412167549133,-0.5169421434402466,0.409176766872406,0.3877928853034973,-0.5174047350883484,0.534031331539154,0.37370073795318604,-0.3837431073188782,0.4110317826271057,0.4001114070415497,-0.1496390402317047,0.4876757562160492,0.49879035353660583,-0.4960784912109375,0.4388425350189209,0.5060489773750305,-0.43274012207984924,0.727371335029602,0.6711798906326294,-0.2809935212135315,0.32171517610549927,0.711875855922699,0.02675577625632286,0.8699286580085754,0.9761188626289368,-0.8299443125724792,0.2528765797615051,1.0279574394226074,-0.057419441640377045,0.7035733461380005,0.7611885070800781,-1.331161618232727,0.212611585855484,1.3771283626556396,-0.5713682174682617,0.6864804625511169,0.6277679204940796,-1.4387171268463135,0.18627718091011047,1.473068356513977,-0.6387743949890137,0.6435023546218872,0.5649647116661072,-1.3125860691070557,0.21087393164634705,1.4353125095367432,-0.6985947489738464,0.6431195735931396,0.6313086152076721,-1.2941168546676636,0.2326616793870926,1.4028956890106201,-0.6183318495750427,0.6958326697349548,1.4256666898727417,-0.150067538022995,0.41039490699768066,1.4310978651046753,0.1557699292898178,0.6909916996955872,2.060345411300659,-0.16211752593517303,0.43481260538101196,2.0609591007232666,0.262687087059021,0.7192569971084595,2.611426830291748,0.28328806161880493,0.4697287678718567,2.6103641986846924,0.6278916597366333,0.7338989973068237,2.6901426315307617,0.30022162199020386,0.4710423946380615,2.6857948303222656,0.6542326211929321,0.6743460297584534,2.77885365486145,-0.2406393587589264,0.5101162195205688,2.788811683654785,0.10570679605007172,0.7071184515953064,0.7801375985145569,3.953729503791692e-07,0.6305577754974365,0.7564665675163269,-0.02490430697798729,0.5704997181892395,0.6844208240509033,-0.039299871772527695,0.5333650708198547,0.6182963848114014,-0.05241038277745247,0.49093151092529297,0.5805948376655579,-0.06592218577861786,0.6055938601493835,0.548114538192749,-0.02191305160522461,0.586703360080719,0.45305508375167847,-0.04437601566314697,0.5797574520111084,0.3945887088775635,-0.06450207531452179,0.5761515498161316,0.3401833772659302,-0.07971790432929993,0.6494293808937073,0.5298618674278259,-0.027831275016069412,0.6335681080818176,0.4214635491371155,-0.04441320151090622,0.6265377402305603,0.3538423180580139,-0.06086031720042229,0.6207311749458313,0.292744517326355,-0.07439529150724411,0.6927456855773926,0.536145031452179,-0.03762409836053848,0.6797086596488953,0.43496349453926086,-0.054191987961530685,0.671267569065094,0.37422889471054077,-0.06399869918823242,0.6616494059562683,0.31974083185195923,-0.07244015485048294,0.7380542755126953,0.5602717399597168,-0.05027065426111221,0.7314714789390564,0.4819459617137909,-0.06551282852888107,0.7230085134506226,0.4322749376296997,-0.06979981809854507,0.7117722034454346,0.3866857588291168,-0.07322759926319122,0,0,0,0,0,0,0,0,0,0,0,0,0,0,0,0,0,0,0,0,0,0,0,0,0,0,0,0,0,0,0,0,0,0,0,0,0,0,0,0,0,0,0,0,0,0,0,0,0,0,0,0,0,0,0,0,0,0,0,0,0,0,0,stop
0.44877856969833374,0.4371340870857239,-0.5440815091133118,0.46880078315734863,0.3715135157108307,-0.5306957960128784,0.4839865267276764,0.36760008335113525,-0.5304252505302429,0.49974876642227173,0.3634176254272461,-0.5300624370574951,0.43285709619522095,0.38064834475517273,-0.4865221083164215,0.4213404655456543,0.38285553455352783,-0.4856477677822113,0.40966230630874634,0.3855798840522766,-0.4860832095146179,0.5343688130378723,0.3734785318374634,-0.3498569130897522,0.4111281931400299,0.3985208570957184,-0.12691083550453186,0.48764315247535706,0.4977410137653351,-0.47107869386672974,0.4390571713447571,0.5048254132270813,-0.40881139039993286,0.7267681360244751,0.6714082360267639,-0.25573375821113586,0.32196733355522156,0.7121915221214294,0.040810368955135345,0.8707631826400757,0.9729191660881042,-0.7901719212532043,0.25360000133514404,1.0292600393295288,-0.060457438230514526,0.7047657370567322,0.761164665222168,-1.262376070022583,0.21274212002754211,1.3891886472702026,-0.63556307554245,0.6875759363174438,0.6311628222465515,-1.371479868888855,0.18716102838516235,1.4816174507141113,-0.7133752107620239,0.6450790762901306,0.5551130771636963,-1.2490930557250977,0.211267352104187,1.4399359226226807,-0.7708644866943359,0.654928982257843,0.6277443170547485,-1.2291419506072998,0.23313045501708984,1.4081509113311768,-0.6834285855293274,0.693869411945343,1.4259060621261597,-0.14696750044822693,0.41016849875450134,1.4310194253921509,0.1526598334312439,0.6864036321640015,2.0605077743530273,-0.17287185788154602,0.43390870094299316,2.0607011318206787,0.261689156293869,0.7085012197494507,2.6123814582824707,0.2871001660823822,0.4603777825832367,2.6103644371032715,0.6315572261810303,0.7213542461395264,2.6909658908843994,0.3050704598426819,0.46072807908058167,2.6857781410217285,0.6583894491195679,0.6640104055404663,2.778907060623169,-0.2400997430086136,0.49691662192344666,2.788766384124756,0.11862067133188248,0.7085965871810913,0.7776549458503723,3.9099879245441116e-07,0.6306110620498657,0.752928614616394,-0.026404080912470818,0.5709832906723022,0.6818751692771912,-0.04180908203125,0.5346580743789673,0.6150010824203491,-0.05563903599977493,0.49251627922058105,0.5751379728317261,-0.06990388035774231,0.607815146446228,0.5466414093971252,-0.024499597027897835,0.5893222689628601,0.4525524973869324,-0.048342544585466385,0.5830350518226624,0.3949054479598999,-0.06931096315383911,0.5804691910743713,0.33980250358581543,-0.08518761396408081,0.6518111228942871,0.5289050340652466,-0.03005772829055786,0.636407732963562,0.4216731786727905,-0.048089366406202316,0.6302764415740967,0.35469961166381836,-0.06540178507566452,0.625617265701294,0.2925276458263397,-0.07963865995407104,0.6950768232345581,0.536307156085968,-0.039571039378643036,0.6821665167808533,0.43626201152801514,-0.05767081305384636,0.6746982932090759,0.3759220838546753,-0.06821811199188232,0.6663221716880798,0.3208741843700409,-0.07710153609514236,0.7401739954948425,0.5616576075553894,-0.0519985556602478,0.7323500514030457,0.4846985936164856,-0.06881033629179001,0.7234693765640259,0.4352307617664337,-0.07409317791461945,0.7121338248252869,0.38904231786727905,-0.0781911239027977,0,0,0,0,0,0,0,0,0,0,0,0,0,0,0,0,0,0,0,0,0,0,0,0,0,0,0,0,0,0,0,0,0,0,0,0,0,0,0,0,0,0,0,0,0,0,0,0,0,0,0,0,0,0,0,0,0,0,0,0,0,0,0,stop
0.44908180832862854,0.4362621605396271,-0.5528638362884521,0.469216912984848,0.37042656540870667,-0.5380698442459106,0.48434314131736755,0.3666951060295105,-0.5378095507621765,0.5000900626182556,0.3627627491950989,-0.5374488830566406,0.4332800805568695,0.379228413105011,-0.4942105710506439,0.4217866361141205,0.3812750577926636,-0.49332118034362793,0.4100525379180908,0.38385826349258423,-0.4937426447868347,0.5346094369888306,0.3732587993144989,-0.3489929735660553,0.4112253189086914,0.3972485661506653,-0.12922611832618713,0.4876442849636078,0.49682968854904175,-0.4777253568172455,0.4391999840736389,0.5038518309593201,-0.4157881736755371,0.7265188097953796,0.6715559363365173,-0.25136590003967285,0.3223148584365845,0.7125557661056519,0.04072348028421402,0.8713809847831726,0.9708266854286194,-0.7822496891021729,0.25351861119270325,1.0302540063858032,-0.06680157035589218,0.7056183815002441,0.7612877488136292,-1.2468202114105225,0.2133585661649704,1.392569899559021,-0.6551054120063782,0.6880755424499512,0.6318517923355103,-1.3585331439971924,0.18780764937400818,1.4830869436264038,-0.7344048023223877,0.646151602268219,0.5520333051681519,-1.2371641397476196,0.21111813187599182,1.4396153688430786,-0.7918959856033325,0.660563051700592,0.6256309151649475,-1.21466064453125,0.23306021094322205,1.4084270000457764,-0.7031406760215759,0.6928163170814514,1.4262291193008423,-0.14575636386871338,0.41003045439720154,1.430883765220642,0.151444211602211,0.6843512654304504,2.060861587524414,-0.17245861887931824,0.4335355758666992,2.060633897781372,0.27413293719291687,0.7039865255355835,2.6131887435913086,0.28825050592422485,0.4559403359889984,2.610398769378662,0.6846438050270081,0.7161527872085571,2.6914966106414795,0.30873286724090576,0.45580053329467773,2.68581223487854,0.7165266275405884,0.6596084237098694,2.779210090637207,-0.22879652678966522,0.4913209080696106,2.7888338565826416,0.16868005692958832,0.7088488936424255,0.7754464149475098,3.9828330500313314e-07,0.6307849884033203,0.7525759935379028,-0.027491722255945206,0.5710105895996094,0.6827623844146729,-0.04331342503428459,0.5349154472351074,0.6161225438117981,-0.057296738028526306,0.49356526136398315,0.574968695640564,-0.07160412520170212,0.6084641218185425,0.5466832518577576,-0.025363918393850327,0.5899533033370972,0.4528055787086487,-0.04931873083114624,0.5834055542945862,0.3951217532157898,-0.07028862833976746,0.580644965171814,0.3403230309486389,-0.08608116954565048,0.6523984670639038,0.5288209319114685,-0.03033638186752796,0.6367195844650269,0.4215834140777588,-0.04859745875000954,0.6299853324890137,0.3542161285877228,-0.06607364863157272,0.6247895359992981,0.29187145829200745,-0.08031770586967468,0.6954996585845947,0.5362271070480347,-0.039337947964668274,0.6824831962585449,0.4361724853515625,-0.057852260768413544,0.6750327944755554,0.37569403648376465,-0.0688536986708641,0.6666464805603027,0.32070308923721313,-0.0778903141617775,0.7404155731201172,0.5614754557609558,-0.05128126218914986,0.7327778935432434,0.4846324920654297,-0.06863971054553986,0.7240419387817383,0.43544232845306396,-0.07438398897647858,0.7127091288566589,0.3896757960319519,-0.07867544889450073,0,0,0,0,0,0,0,0,0,0,0,0,0,0,0,0,0,0,0,0,0,0,0,0,0,0,0,0,0,0,0,0,0,0,0,0,0,0,0,0,0,0,0,0,0,0,0,0,0,0,0,0,0,0,0,0,0,0,0,0,0,0,0,stop
0.44887256622314453,0.4358178973197937,-0.59102863073349,0.4690600037574768,0.3702016770839691,-0.5805750489234924,0.48406773805618286,0.3665813207626343,-0.5803562998771667,0.4998568892478943,0.3627443313598633,-0.5798553824424744,0.4334651529788971,0.37879613041877747,-0.5240470170974731,0.42217817902565,0.3808351755142212,-0.523041844367981,0.4104860723018646,0.38344845175743103,-0.5234113931655884,0.5346593260765076,0.3732982873916626,-0.388566792011261,0.41147056221961975,0.39721348881721497,-0.1370987743139267,0.48726874589920044,0.4964715540409088,-0.5165543556213379,0.4391351342201233,0.5033466219902039,-0.43917155265808105,0.7275238633155823,0.6721305251121521,-0.27534425258636475,0.3237920105457306,0.7140247225761414,0.037245847284793854,0.8755275011062622,0.9734525680541992,-0.8331353068351746,0.25358375906944275,1.0310766696929932,-0.08160553872585297,0.706292986869812,0.7586238980293274,-1.3829048871994019,0.213863804936409,1.3888914585113525,-0.6997143030166626,0.6887024641036987,0.6262781620025635,-1.5139210224151611,0.18802882730960846,1.4776339530944824,-0.784727931022644,0.6465195417404175,0.542855441570282,-1.3948619365692139,0.21162386238574982,1.4322000741958618,-0.8332594037055969,0.6499639749526978,0.6224870681762695,-1.3546745777130127,0.2335292100906372,1.4019966125488281,-0.7438148260116577,0.6935592293739319,1.427883267402649,-0.15060675144195557,0.41078653931617737,1.433190107345581,0.15640020370483398,0.6864625215530396,2.063460111618042,-0.20661838352680206,0.43498530983924866,2.0639841556549072,0.27277877926826477,0.7118834257125854,2.618244171142578,0.2653452455997467,0.4639509320259094,2.6159846782684326,0.660870373249054,0.7256126403808594,2.697228193283081,0.2826792597770691,0.46429723501205444,2.6918563842773438,0.6883347630500793,0.6672164797782898,2.7832961082458496,-0.30269497632980347,0.5037029981613159,2.7935736179351807,0.106369748711586,0.7074973583221436,0.7720567584037781,4.143877276874264e-07,0.6307268738746643,0.7485252618789673,-0.027057435363531113,0.5718314051628113,0.6781653761863708,-0.04259037598967552,0.5360512733459473,0.6116645336151123,-0.05629176273941994,0.4945143461227417,0.5716802477836609,-0.0704396590590477,0.6074227690696716,0.5440270900726318,-0.025906778872013092,0.5891173481941223,0.4493751525878906,-0.0498439185321331,0.5828612446784973,0.39075034856796265,-0.07069575041532516,0.5806885957717896,0.3353218734264374,-0.08630270510911942,0.6514702439308167,0.5259396433830261,-0.03098924830555916,0.6358697414398193,0.4174171984195709,-0.04902247339487076,0.6294088959693909,0.34874576330184937,-0.06641607731580734,0.6247066259384155,0.2854171693325043,-0.08058427274227142,0.6949871778488159,0.5328620076179504,-0.039972953498363495,0.6827937960624695,0.4313810467720032,-0.058098629117012024,0.675510585308075,0.36914679408073425,-0.06946595758199692,0.667123019695282,0.3126048445701599,-0.07881151884794235,0.7400824427604675,0.5574927926063538,-0.05181693658232689,0.7332438230514526,0.4793061912059784,-0.06887676566839218,0.7246236801147461,0.42897742986679077,-0.07474985718727112,0.7130893468856812,0.38208097219467163,-0.07914648205041885,0,0,0,0,0,0,0,0,0,0,0,0,0,0,0,0,0,0,0,0,0,0,0,0,0,0,0,0,0,0,0,0,0,0,0,0,0,0,0,0,0,0,0,0,0,0,0,0,0,0,0,0,0,0,0,0,0,0,0,0,0,0,0,stop
0.4490748941898346,0.43566450476646423,-0.533291220664978,0.4692670404911041,0.3701482117176056,-0.523768424987793,0.48423776030540466,0.3665737807750702,-0.5235031843185425,0.5000400543212891,0.36286917328834534,-0.5230553150177002,0.43369045853614807,0.37875717878341675,-0.46978726983070374,0.42238250374794006,0.3807668387889862,-0.46892839670181274,0.4106062352657318,0.38335174322128296,-0.4693422317504883,0.5348280668258667,0.3737432658672333,-0.35720402002334595,0.4116843640804291,0.3971204459667206,-0.09605638682842255,0.48739033937454224,0.49617627263069153,-0.4681488573551178,0.4392717778682709,0.503178596496582,-0.3927680253982544,0.7275809049606323,0.6737902760505676,-0.2616591155529022,0.32644122838974,0.7153686285018921,0.06692773103713989,0.8753523826599121,0.9722771048545837,-0.8135611414909363,0.256352961063385,1.164341688156128,-0.08947145193815231,0.7067986726760864,0.754104733467102,-1.3527107238769531,0.2146027833223343,1.3588536977767944,-0.7077956795692444,0.6888790130615234,0.6291648149490356,-1.506556749343872,0.18846723437309265,1.429230809211731,-0.7885684967041016,0.6460210680961609,0.5394641757011414,-1.3807612657546997,0.21087591350078583,1.378472089767456,-0.8563262224197388,0.6570872664451599,0.6241300702095032,-1.330485463142395,0.23266437649726868,1.3545494079589844,-0.748267650604248,0.6934815049171448,1.4307262897491455,-0.1493975818157196,0.41073402762413025,1.4343059062957764,0.15517069399356842,0.683904230594635,2.0655570030212402,-0.21808700263500214,0.43342310190200806,2.064746379852295,0.27417299151420593,0.7072899341583252,2.620593309402466,0.2279926985502243,0.4590604901313782,2.6163599491119385,0.6761218309402466,0.7208112478256226,2.6999258995056152,0.24223217368125916,0.45946988463401794,2.691868543624878,0.7048735022544861,0.6632815003395081,2.7833662033081055,-0.32961025834083557,0.4963625967502594,2.79431414604187,0.13533873856067657,0.7073917388916016,0.7682844996452332,4.1008985363077954e-07,0.6310936212539673,0.7439336180686951,-0.026058770716190338,0.5718196034431458,0.6735169291496277,-0.04112274572253227,0.5354010462760925,0.6081686019897461,-0.05464004725217819,0.49397385120391846,0.5687900185585022,-0.068614661693573,0.6086723804473877,0.5401352643966675,-0.024387307465076447,0.589897871017456,0.44519495964050293,-0.04796146973967552,0.583580493927002,0.3867166042327881,-0.06852355599403381,0.5815008878707886,0.3315315246582031,-0.08388106524944305,0.6525435447692871,0.5223009586334229,-0.02980836294591427,0.6370500326156616,0.4132996201515198,-0.04750722646713257,0.6305698156356812,0.34467461705207825,-0.06465412676334381,0.6260285973548889,0.2818067967891693,-0.07858740538358688,0.6960171461105347,0.5289672613143921,-0.03911455720663071,0.6837353706359863,0.42737412452697754,-0.05697011947631836,0.676590085029602,0.36561137437820435,-0.06802815198898315,0.6685248017311096,0.309814989566803,-0.0770871490240097,0.7412965297698975,0.5530602335929871,-0.051226627081632614,0.7347875237464905,0.4747457504272461,-0.06792919337749481,0.7264435291290283,0.42454299330711365,-0.07344364374876022,0.7152135968208313,0.37811630964279175,-0.07755765318870544,0,0,0,0,0,0,0,0,0,0,0,0,0,0,0,0,0,0,0,0,0,0,0,0,0,0,0,0,0,0,0,0,0,0,0,0,0,0,0,0,0,0,0,0,0,0,0,0,0,0,0,0,0,0,0,0,0,0,0,0,0,0,0,stop
0.44922423362731934,0.43550756573677063,-0.5246531963348389,0.46944889426231384,0.3701176345348358,-0.5123951435089111,0.4844195246696472,0.366539865732193,-0.5121240615844727,0.5002220869064331,0.3628816306591034,-0.5116928815841675,0.4338228702545166,0.3784981071949005,-0.4634200632572174,0.42246660590171814,0.3804284632205963,-0.46259909868240356,0.4108043611049652,0.3829275965690613,-0.4630507826805115,0.534960150718689,0.3739062249660492,-0.3408334255218506,0.4117894768714905,0.3970755934715271,-0.09846147894859314,0.4875016212463379,0.4960711896419525,-0.45728904008865356,0.43938082456588745,0.5028934478759766,-0.38858872652053833,0.7272056341171265,0.6741216778755188,-0.247321218252182,0.3264809250831604,0.7162648439407349,0.06149224564433098,0.87525475025177,0.9718959927558899,-0.7956455945968628,0.2561193108558655,1.110534429550171,-0.07909508794546127,0.7071652412414551,0.7524607181549072,-1.3205312490463257,0.21493029594421387,1.3650532960891724,-0.6952718496322632,0.6892679929733276,0.6292111873626709,-1.450406789779663,0.18860679864883423,1.4413859844207764,-0.7777127027511597,0.6458369493484497,0.5385740399360657,-1.3241808414459229,0.21118195354938507,1.391626000404358,-0.8298479318618774,0.6597682237625122,0.6227515935897827,-1.293110728263855,0.23285968601703644,1.3650858402252197,-0.7390441298484802,0.6933618187904358,1.4328879117965698,-0.14928129315376282,0.41048192977905273,1.4360002279281616,0.1550484150648117,0.6833006143569946,2.0687286853790283,-0.21658150851726532,0.4331200122833252,2.067377805709839,0.2728467285633087,0.706405520439148,2.6236793994903564,0.235250324010849,0.45707568526268005,2.61845064163208,0.6882306337356567,0.7196729183197021,2.7032253742218018,0.2501554489135742,0.4572288990020752,2.6933321952819824,0.7191852331161499,0.6629027724266052,2.7850561141967773,-0.3144339621067047,0.49456411600112915,2.796774387359619,0.15523730218410492,0.7076918482780457,0.7686072587966919,4.053671034398576e-07,0.6314458250999451,0.7443691492080688,-0.027746660634875298,0.572437047958374,0.6744001507759094,-0.043765634298324585,0.5355222821235657,0.6081708669662476,-0.05810637027025223,0.4940306544303894,0.5658272504806519,-0.07259766012430191,0.6091442108154297,0.5401111245155334,-0.023927699774503708,0.589842677116394,0.44531792402267456,-0.04783398658037186,0.5835462808609009,0.3873800039291382,-0.06861601769924164,0.5818663835525513,0.3322194218635559,-0.08422688394784927,0.6528439521789551,0.5223584771156311,-0.02886101044714451,0.636825442314148,0.41435664892196655,-0.04703740403056145,0.6303379535675049,0.3465745449066162,-0.06448370963335037,0.6258912682533264,0.2844972610473633,-0.07858938723802567,0.6960435509681702,0.5291672348976135,-0.03802703320980072,0.6826170086860657,0.42892754077911377,-0.05642866715788841,0.6755247712135315,0.36824625730514526,-0.0674143061041832,0.6679332852363586,0.313151091337204,-0.07635870575904846,0.741435170173645,0.5533773303031921,-0.050223156809806824,0.7339062094688416,0.47637298703193665,-0.06732457131147385,0.7257582545280457,0.4268050193786621,-0.07307392358779907,0.715043842792511,0.38093072175979614,-0.0773625373840332,0,0,0,0,0,0,0,0,0,0,0,0,0,0,0,0,0,0,0,0,0,0,0,0,0,0,0,0,0,0,0,0,0,0,0,0,0,0,0,0,0,0,0,0,0,0,0,0,0,0,0,0,0,0,0,0,0,0,0,0,0,0,0,stop
0.4494315981864929,0.4353048503398895,-0.5429469347000122,0.46964073181152344,0.3700886070728302,-0.5293172597885132,0.4844714105129242,0.366511732339859,-0.5290621519088745,0.5003561973571777,0.36290886998176575,-0.5286375284194946,0.434028297662735,0.37831953167915344,-0.48111024498939514,0.4229157567024231,0.3801846206188202,-0.48028749227523804,0.411400705575943,0.38260728120803833,-0.4807153642177582,0.5347850918769836,0.37393298745155334,-0.34543147683143616,0.41199493408203125,0.3967735171318054,-0.11015945672988892,0.4874906539916992,0.4954575300216675,-0.47065967321395874,0.4394680857658386,0.502759575843811,-0.40344470739364624,0.7266808152198792,0.6721562147140503,-0.24090221524238586,0.32235199213027954,0.7140488028526306,0.04313027858734131,0.8757408857345581,0.9679421782493591,-0.7433244585990906,0.25038132071495056,1.0783511400222778,-0.03091733157634735,0.7099604606628418,0.7519251108169556,-1.238158106803894,0.215194970369339,1.3948954343795776,-0.500779390335083,0.6911375522613525,0.6230013966560364,-1.3574345111846924,0.1884167492389679,1.486731767654419,-0.566383957862854,0.6462768316268921,0.5384807586669922,-1.2347466945648193,0.21062564849853516,1.445541501045227,-0.6319102048873901,0.663010835647583,0.6183663606643677,-1.2091968059539795,0.23218655586242676,1.4138703346252441,-0.5478250980377197,0.6899833083152771,1.4288045167922974,-0.1488678753376007,0.4080120623111725,1.4328138828277588,0.15463705360889435,0.6827825903892517,2.066228151321411,-0.20410728454589844,0.4328095316886902,2.0661520957946777,0.2730536162853241,0.7053738236427307,2.6220996379852295,0.28137362003326416,0.45632585883140564,2.6179940700531006,0.7014876008033752,0.7178963422775269,2.7010247707366943,0.30148130655288696,0.45612281560897827,2.6930553913116455,0.735000491142273,0.6627551317214966,2.7849934101104736,-0.24905633926391602,0.49283209443092346,2.796405076980591,0.1737515926361084,0.7080752849578857,0.7657827734947205,4.0718319382904156e-07,0.6319851279258728,0.7419726848602295,-0.028097882866859436,0.5727136731147766,0.6728655099868774,-0.044083621352910995,0.535682737827301,0.6070529222488403,-0.058217257261276245,0.4942542314529419,0.5649445056915283,-0.07265138626098633,0.6097943782806396,0.5384332537651062,-0.02485165372490883,0.5913751125335693,0.44458478689193726,-0.04878472164273262,0.5848689675331116,0.3865121603012085,-0.06978487223386765,0.5824220180511475,0.3311060667037964,-0.08560505509376526,0.6539527773857117,0.5205724239349365,-0.02949647419154644,0.6387068629264832,0.41328662633895874,-0.04777110368013382,0.6319665908813477,0.34517335891723633,-0.06549377739429474,0.627044677734375,0.2819378077983856,-0.07991248369216919,0.6973525285720825,0.527510404586792,-0.03828774020075798,0.6850990056991577,0.42770522832870483,-0.056803956627845764,0.6777783632278442,0.36687779426574707,-0.06796204298734665,0.6698130965232849,0.311177134513855,-0.07705051451921463,0.742311954498291,0.5519712567329407,-0.05008314922451973,0.7351659536361694,0.4754010736942291,-0.06744246929883957,0.7267816066741943,0.42570775747299194,-0.07324139028787613,0.7159895300865173,0.37903696298599243,-0.07753481715917587,0,0,0,0,0,0,0,0,0,0,0,0,0,0,0,0,0,0,0,0,0,0,0,0,0,0,0,0,0,0,0,0,0,0,0,0,0,0,0,0,0,0,0,0,0,0,0,0,0,0,0,0,0,0,0,0,0,0,0,0,0,0,0,stop
0.4490606188774109,0.43423235416412354,-0.5557494163513184,0.46891069412231445,0.3697781264781952,-0.5476502776145935,0.4833618104457855,0.3663868010044098,-0.5474172830581665,0.49882254004478455,0.36289092898368835,-0.5470094680786133,0.4341145157814026,0.3774397671222687,-0.4967498183250427,0.42315149307250977,0.37915098667144775,-0.49580296874046326,0.411559522151947,0.38135966658592224,-0.49623245000839233,0.5334187746047974,0.3739323616027832,-0.36499717831611633,0.4123477339744568,0.39556869864463806,-0.11939108371734619,0.48524847626686096,0.4933658242225647,-0.48327189683914185,0.43897318840026855,0.5011124014854431,-0.41224852204322815,0.7250324487686157,0.670348584651947,-0.24462303519248962,0.32205596566200256,0.7128998041152954,0.04091024771332741,0.8778980374336243,0.9675177931785583,-0.7455343008041382,0.2435474693775177,1.0406211614608765,0.007811947725713253,0.7111473679542542,0.751784086227417,-1.2436679601669312,0.21495294570922852,1.41782546043396,-0.4839131236076355,0.6934847235679626,0.6239264011383057,-1.3629179000854492,0.1882452815771103,1.5210994482040405,-0.5506805777549744,0.6464940905570984,0.5402631163597107,-1.2420241832733154,0.21056433022022247,1.4844669103622437,-0.61878502368927,0.6556691527366638,0.6191301941871643,-1.2144174575805664,0.23195680975914001,1.4498451948165894,-0.532743513584137,0.6896864771842957,1.427974820137024,-0.1488400101661682,0.4073229730129242,1.4321084022521973,0.15461312234401703,0.6827173829078674,2.065877676010132,-0.17844030261039734,0.43160638213157654,2.064667224884033,0.2704739272594452,0.7051563262939453,2.620405912399292,0.35137176513671875,0.45595669746398926,2.617239475250244,0.7026237845420837,0.7176626920700073,2.6977434158325195,0.3744320869445801,0.45567822456359863,2.6924140453338623,0.7364779114723206,0.6623582243919373,2.784919261932373,-0.19027464091777802,0.4925748407840729,2.7954611778259277,0.16737501323223114,0.7081075310707092,0.7652771472930908,4.1320413401990663e-07,0.6324930191040039,0.7421436309814453,-0.027798574417829514,0.5730748176574707,0.6728085875511169,-0.04352831095457077,0.536236047744751,0.6072813272476196,-0.05739479511976242,0.49540919065475464,0.5646174550056458,-0.07139208912849426,0.6090478897094727,0.5385169982910156,-0.024453066289424896,0.5899354815483093,0.44390976428985596,-0.0479523204267025,0.5832216143608093,0.38563594222068787,-0.06836657971143723,0.5808086395263672,0.3307451605796814,-0.08372832834720612,0.6528106331825256,0.5204021334648132,-0.029177265241742134,0.637320876121521,0.411742627620697,-0.04688573628664017,0.6307698488235474,0.3431607782840729,-0.06402312219142914,0.626099705696106,0.28082504868507385,-0.07792714238166809,0.6960049867630005,0.5272742509841919,-0.038055431097745895,0.6831898093223572,0.4263337254524231,-0.05616055056452751,0.6763174533843994,0.3650025427341461,-0.06739533692598343,0.6687193512916565,0.30948078632354736,-0.07656452059745789,0.7411634922027588,0.551672637462616,-0.04989440739154816,0.7341599464416504,0.4750138223171234,-0.0671176090836525,0.7262436151504517,0.4253843426704407,-0.07314067333936691,0.7156062126159668,0.379219114780426,-0.07759344577789307,0,0,0,0,0,0,0,0,0,0,0,0,0,0,0,0,0,0,0,0,0,0,0,0,0,0,0,0,0,0,0,0,0,0,0,0,0,0,0,0,0,0,0,0,0,0,0,0,0,0,0,0,0,0,0,0,0,0,0,0,0,0,0,stop
0.44875568151474,0.4329048991203308,-0.5724477767944336,0.4683836102485657,0.3693186938762665,-0.5653234124183655,0.48259735107421875,0.3661503791809082,-0.5651021599769592,0.49782976508140564,0.3628135621547699,-0.5646976232528687,0.43418121337890625,0.37637048959732056,-0.5143658518791199,0.4233328402042389,0.37792477011680603,-0.5133754014968872,0.4116547107696533,0.3799222707748413,-0.5138095021247864,0.5326176881790161,0.37391188740730286,-0.3788277506828308,0.41276615858078003,0.39432957768440247,-0.13197748363018036,0.48367205262184143,0.49115243554115295,-0.4981555938720703,0.4385767877101898,0.49928781390190125,-0.4266642928123474,0.7239284515380859,0.668839156627655,-0.24906054139137268,0.3216961920261383,0.7119905948638916,0.040620189160108566,0.8792645335197449,0.9672301411628723,-0.7462261915206909,0.23961365222930908,1.0265847444534302,0.011099547147750854,0.7118949890136719,0.7515978217124939,-1.246680498123169,0.2151884138584137,1.4257352352142334,-0.4875125288963318,0.6944385170936584,0.6244348287582397,-1.3648316860198975,0.18837811052799225,1.531522512435913,-0.5556577444076538,0.6467162370681763,0.5412177443504333,-1.2466351985931396,0.21069367229938507,1.4954112768173218,-0.6243274807929993,0.6512282490730286,0.619469404220581,-1.217989206314087,0.23201441764831543,1.460241675376892,-0.5366445779800415,0.6894246935844421,1.4271522760391235,-0.1487111747264862,0.4065511226654053,1.4313018321990967,0.15449398756027222,0.6826874017715454,2.0655407905578613,-0.16273339092731476,0.43024158477783203,2.063302755355835,0.2694419026374817,0.7050988674163818,2.6190757751464844,0.37628427147865295,0.4550453722476959,2.616497039794922,0.7072897553443909,0.717598021030426,2.6954236030578613,0.39964181184768677,0.45462870597839355,2.6918036937713623,0.7417406439781189,0.6622005701065063,2.7848637104034424,-0.16961808502674103,0.492464542388916,2.794602155685425,0.16468337178230286,0.7077730894088745,0.7659132480621338,4.1330193312205665e-07,0.6321333646774292,0.7417683005332947,-0.028000563383102417,0.5729715824127197,0.6724196076393127,-0.044007960706949234,0.5358710885047913,0.6067649126052856,-0.05817703902721405,0.4949907660484314,0.563984751701355,-0.07246505469083786,0.6085195541381836,0.5384044647216797,-0.0245162732899189,0.5900121331214905,0.44385436177253723,-0.04828868433833122,0.5838459134101868,0.3858568072319031,-0.06894578784704208,0.5819052457809448,0.33066850900650024,-0.08450733870267868,0.652559220790863,0.5200684070587158,-0.02928195148706436,0.6374668478965759,0.41197407245635986,-0.04718662425875664,0.6313986778259277,0.343902587890625,-0.06443225592374802,0.6270530819892883,0.2814030051231384,-0.07849444448947906,0.6958094239234924,0.5268036723136902,-0.03825324401259422,0.6831663846969604,0.42639508843421936,-0.05650460720062256,0.6765024662017822,0.3657359778881073,-0.06751623749732971,0.6691269278526306,0.3105592131614685,-0.07653895020484924,0.7407889366149902,0.5512394309043884,-0.0502440482378006,0.7333365678787231,0.47464877367019653,-0.06744204461574554,0.7252765893936157,0.4249112606048584,-0.07334131002426147,0.7146946787834167,0.37863895297050476,-0.07774223387241364,0,0,0,0,0,0,0,0,0,0,0,0,0,0,0,0,0,0,0,0,0,0,0,0,0,0,0,0,0,0,0,0,0,0,0,0,0,0,0,0,0,0,0,0,0,0,0,0,0,0,0,0,0,0,0,0,0,0,0,0,0,0,0,stop
0.4487922787666321,0.43211546540260315,-0.6240383982658386,0.46846550703048706,0.36884361505508423,-0.6193966269493103,0.4826635718345642,0.3658899962902069,-0.6190932989120483,0.4978732168674469,0.36270520091056824,-0.6185778379440308,0.4342305660247803,0.3754372298717499,-0.5662274360656738,0.4235123097896576,0.3769019544124603,-0.5652019381523132,0.4120730757713318,0.37880414724349976,-0.5655720829963684,0.5326527953147888,0.37375006079673767,-0.43886905908584595,0.4132370948791504,0.3933349847793579,-0.18058830499649048,0.4837644100189209,0.4898766875267029,-0.5510888695716858,0.4386137127876282,0.4979981780052185,-0.4770581126213074,0.7253470420837402,0.6688593029975891,-0.28913047909736633,0.3216639459133148,0.7109121680259705,0.015648260712623596,0.8791611790657043,0.9797574281692505,-0.75433349609375,0.23775610327720642,1.0208992958068848,0.015463875606656075,0.7137817144393921,0.7518266439437866,-1.2458680868148804,0.21629934012889862,1.432196855545044,-0.448317289352417,0.6971367001533508,0.6252332329750061,-1.3646161556243896,0.1904952973127365,1.537549376487732,-0.511271059513092,0.6511842012405396,0.5425506830215454,-1.244948387145996,0.21362531185150146,1.5030083656311035,-0.5808689594268799,0.6511431932449341,0.6200946569442749,-1.2164798974990845,0.23418113589286804,1.4675933122634888,-0.4980939030647278,0.6892062425613403,1.4274030923843384,-0.14877857267856598,0.4056491255760193,1.4313361644744873,0.15466967225074768,0.6826596856117249,2.0671041011810303,-0.16153980791568756,0.42998766899108887,2.0642218589782715,0.3023805022239685,0.7049992084503174,2.62037992477417,0.3828774094581604,0.45496416091918945,2.618095636367798,0.8135381937026978,0.7174214124679565,2.696972608566284,0.40693655610084534,0.45470014214515686,2.694812774658203,0.8547049760818481,0.6620054841041565,2.7871363162994385,-0.17164188623428345,0.4922303259372711,2.7949490547180176,0.26547688245773315,0.7091100215911865,0.7663947343826294,4.077131734447903e-07,0.633236289024353,0.7441868782043457,-0.029094208031892776,0.5741749405860901,0.6755034327507019,-0.04574163258075714,0.5373618602752686,0.6088426113128662,-0.06032869592308998,0.4959467053413391,0.5650506019592285,-0.07501974701881409,0.6105811595916748,0.5403875112533569,-0.02632298320531845,0.5915423631668091,0.44585472345352173,-0.05049482733011246,0.5850067734718323,0.3877885937690735,-0.07129891961812973,0.5825464725494385,0.3321388363838196,-0.0870007872581482,0.6548358201980591,0.5218967199325562,-0.03068847954273224,0.6393338441848755,0.4140905737876892,-0.04906735569238663,0.6330395340919495,0.3463119566440582,-0.06634870916604996,0.6287213563919067,0.283635675907135,-0.08046761155128479,0.6980297565460205,0.5285963416099548,-0.03928389400243759,0.6853542327880859,0.4287872910499573,-0.057812292128801346,0.6781973242759705,0.3678510785102844,-0.06854673475027084,0.6705690026283264,0.31172651052474976,-0.07745490968227386,0.74308842420578,0.552596926689148,-0.05100136622786522,0.7362335920333862,0.4763125479221344,-0.06828220933675766,0.728213369846344,0.42648977041244507,-0.07400359958410263,0.7176356315612793,0.3796496093273163,-0.07833720743656158,0,0,0,0,0,0,0,0,0,0,0,0,0,0,0,0,0,0,0,0,0,0,0,0,0,0,0,0,0,0,0,0,0,0,0,0,0,0,0,0,0,0,0,0,0,0,0,0,0,0,0,0,0,0,0,0,0,0,0,0,0,0,0,stop
0.44885826110839844,0.4320444166660309,-0.6302920579910278,0.46852612495422363,0.36881881952285767,-0.6230205297470093,0.48272544145584106,0.3658691644668579,-0.6227707862854004,0.4979427456855774,0.362693727016449,-0.6223406791687012,0.43428269028663635,0.37534448504447937,-0.5730994939804077,0.42365580797195435,0.3767615258693695,-0.5721775889396667,0.4125177264213562,0.37859246134757996,-0.5726138353347778,0.5326915979385376,0.37364083528518677,-0.43648213148117065,0.41455087065696716,0.3926466107368469,-0.19176729023456573,0.4837988317012787,0.4897998571395874,-0.5548762083053589,0.4386664032936096,0.49794068932533264,-0.48468446731567383,0.7257192730903625,0.668725311756134,-0.2906349301338196,0.32130223512649536,0.7076110243797302,0.007215426303446293,0.8801606893539429,0.9816833138465881,-0.7660526037216187,0.2375473976135254,1.0224634408950806,0.02084897831082344,0.7138369083404541,0.7522369623184204,-1.2653530836105347,0.21625271439552307,1.4376108646392822,-0.42597565054893494,0.6959995031356812,0.6215903162956238,-1.3871619701385498,0.19040296971797943,1.5426520109176636,-0.48587140440940857,0.6499460935592651,0.5431116819381714,-1.2608921527862549,0.2135014832019806,1.508108139038086,-0.5571736097335815,0.6470872163772583,0.6199996471405029,-1.2327247858047485,0.23394683003425598,1.4728182554244995,-0.47438693046569824,0.6888969540596008,1.4275686740875244,-0.149532750248909,0.4048844873905182,1.4313141107559204,0.15530836582183838,0.681263267993927,2.068087339401245,-0.11828875541687012,0.426830530166626,2.0648818016052246,0.3407880365848541,0.7031478881835938,2.6208512783050537,0.4651108384132385,0.44999098777770996,2.618751049041748,0.8878821134567261,0.7150864601135254,2.6973023414611816,0.4942747950553894,0.4496091306209564,2.6952779293060303,0.9331615567207336,0.6602071523666382,2.789144277572632,-0.07753311097621918,0.4866618514060974,2.7964770793914795,0.3489551246166229,0.7089590430259705,0.7650893330574036,4.1514135773468297e-07,0.633599579334259,0.7421824932098389,-0.029029784724116325,0.575037956237793,0.6739517450332642,-0.045721836388111115,0.5383206009864807,0.6086376905441284,-0.060378897935152054,0.4973578453063965,0.5653012990951538,-0.0751982256770134,0.6115094423294067,0.5391432642936707,-0.026105888187885284,0.5928981900215149,0.44497716426849365,-0.05029737204313278,0.5862047076225281,0.38649430871009827,-0.07128837704658508,0.5834233164787292,0.3309566378593445,-0.087065190076828,0.6556532382965088,0.5212239623069763,-0.03052658773958683,0.6404391527175903,0.4135582149028778,-0.048998791724443436,0.6336978077888489,0.3451550006866455,-0.06663206964731216,0.6285598874092102,0.2820502817630768,-0.08091749250888824,0.6989086270332336,0.5283373594284058,-0.03914811089634895,0.6861690878868103,0.42781001329421997,-0.05790578946471214,0.6785274744033813,0.3665006160736084,-0.06911139190196991,0.6700021624565125,0.31038665771484375,-0.07820963859558105,0.7439491748809814,0.5527852773666382,-0.05082874000072479,0.7370018362998962,0.47592535614967346,-0.06854455918073654,0.7287882566452026,0.42578649520874023,-0.07460693269968033,0.7178179025650024,0.3789195120334625,-0.07904105633497238,0,0,0,0,0,0,0,0,0,0,0,0,0,0,0,0,0,0,0,0,0,0,0,0,0,0,0,0,0,0,0,0,0,0,0,0,0,0,0,0,0,0,0,0,0,0,0,0,0,0,0,0,0,0,0,0,0,0,0,0,0,0,0,stop
0.4489131569862366,0.43200403451919556,-0.6336250305175781,0.4685768187046051,0.36878299713134766,-0.626516580581665,0.48277783393859863,0.36584025621414185,-0.6262815594673157,0.49800077080726624,0.36267945170402527,-0.6258756518363953,0.4343206286430359,0.37529516220092773,-0.5766650438308716,0.42381492257118225,0.3766782879829407,-0.5757769346237183,0.41296276450157166,0.3784588873386383,-0.5762326121330261,0.5327147245407104,0.3735696077346802,-0.44181227684020996,0.4158678650856018,0.39214545488357544,-0.19661401212215424,0.48385533690452576,0.4897500276565552,-0.5584990382194519,0.4387471675872803,0.49786990880966187,-0.48836928606033325,0.7262527346611023,0.6685956120491028,-0.29646173119544983,0.3213072717189789,0.7054067254066467,0.003147061914205551,0.8808392286300659,0.9829127788543701,-0.7747265100479126,0.23745279014110565,1.0237376689910889,0.025740642100572586,0.7138906717300415,0.7524933218955994,-1.270508050918579,0.21610698103904724,1.4402095079421997,-0.41523465514183044,0.6951683759689331,0.6196635961532593,-1.3923499584197998,0.190177321434021,1.5450489521026611,-0.4737313687801361,0.6492291688919067,0.5434492826461792,-1.264356255531311,0.21325834095478058,1.510559320449829,-0.5454645156860352,0.6451947093009949,0.6198312044143677,-1.2368199825286865,0.2336205691099167,1.4753190279006958,-0.4635917544364929,0.688787579536438,1.4278751611709595,-0.15049350261688232,0.4044951796531677,1.4312920570373535,0.15618787705898285,0.6804037690162659,2.0690672397613525,-0.1083165630698204,0.4250175952911377,2.0655322074890137,0.35319188237190247,0.7019917368888855,2.621401309967041,0.477388471364975,0.4473094046115875,2.619335412979126,0.9047188758850098,0.7136310338973999,2.6977648735046387,0.5068647265434265,0.4469130039215088,2.6957554817199707,0.9504750967025757,0.6590917706489563,2.790703296661377,-0.0643325224518776,0.4833635687828064,2.7975456714630127,0.3671778440475464,0.70920729637146,0.7646570205688477,4.0769759834802244e-07,0.6336677670478821,0.7423310279846191,-0.02856231853365898,0.5748347640037537,0.6742824912071228,-0.04489603266119957,0.5383391380310059,0.6090107560157776,-0.05924167484045029,0.49750569462776184,0.5653818845748901,-0.07374079525470734,0.6117852926254272,0.5386713147163391,-0.025330955162644386,0.5931432247161865,0.444746196269989,-0.04897357523441315,0.5861130356788635,0.3867049217224121,-0.06955550611019135,0.5830175876617432,0.33185023069381714,-0.08510929346084595,0.6557943820953369,0.5211122632026672,-0.029899273067712784,0.6404847502708435,0.4136291444301605,-0.04798192158341408,0.6335771083831787,0.345634400844574,-0.06536857783794403,0.6282897591590881,0.2833050489425659,-0.07947149127721786,0.698982298374176,0.5285525321960449,-0.03866881504654884,0.686136782169342,0.42804181575775146,-0.05725158378481865,0.6787721514701843,0.3668762445449829,-0.06851666420698166,0.6705560684204102,0.31118372082710266,-0.07765737920999527,0.7440426349639893,0.5532543063163757,-0.0504448227584362,0.7371992468833923,0.4764784574508667,-0.06816941499710083,0.7291474342346191,0.4263894855976105,-0.07440143078565598,0.7183971405029297,0.3796488642692566,-0.07895281910896301,0,0,0,0,0,0,0,0,0,0,0,0,0,0,0,0,0,0,0,0,0,0,0,0,0,0,0,0,0,0,0,0,0,0,0,0,0,0,0,0,0,0,0,0,0,0,0,0,0,0,0,0,0,0,0,0,0,0,0,0,0,0,0,stop
0.4489460587501526,0.43015050888061523,-0.6225895285606384,0.4685996174812317,0.36751970648765564,-0.6251102685928345,0.4827512800693512,0.36466947197914124,-0.6248223185539246,0.49795588850975037,0.3616255223751068,-0.6243890523910522,0.43435826897621155,0.3736006021499634,-0.5666457414627075,0.4240594804286957,0.3747778832912445,-0.5657452344894409,0.41345056891441345,0.3763261139392853,-0.5662199258804321,0.5327539443969727,0.3723265826702118,-0.4372404217720032,0.41695308685302734,0.3896143138408661,-0.18850526213645935,0.4838452935218811,0.4873371422290802,-0.5568436980247498,0.4387669563293457,0.49487873911857605,-0.4767982065677643,0.725597620010376,0.6671434640884399,-0.2954818904399872,0.3218093812465668,0.7007611989974976,0.012562848627567291,0.8815661668777466,0.9827830791473389,-0.784464418888092,0.23665809631347656,1.0148203372955322,0.04647066444158554,0.7148504257202148,0.752748429775238,-1.2938258647918701,0.21122467517852783,1.4362292289733887,-0.39408132433891296,0.699105441570282,0.6226175427436829,-1.4163191318511963,0.18522121012210846,1.5377075672149658,-0.4509584903717041,0.6504098773002625,0.5438889861106873,-1.2922991514205933,0.20891383290290833,1.5020012855529785,-0.5181858539581299,0.6645826697349548,0.6213847398757935,-1.2622241973876953,0.22889527678489685,1.4676622152328491,-0.44100746512413025,0.6887335181236267,1.4249588251113892,-0.15238936245441437,0.4044031500816345,1.4276926517486572,0.1581140160560608,0.6803813576698303,2.0659351348876953,-0.11052614450454712,0.42481130361557007,2.062134265899658,0.33786270022392273,0.7025555372238159,2.6174192428588867,0.44681650400161743,0.4475613236427307,2.6161508560180664,0.8490402102470398,0.7143932580947876,2.693834066390991,0.4726121425628662,0.44717317819595337,2.6928298473358154,0.8899481892585754,0.6599676012992859,2.786684989929199,-0.0891716480255127,0.4839452803134918,2.7928054332733154,0.3083672821521759,0.7108443975448608,0.7645547986030579,4.181696056093642e-07,0.6346256136894226,0.7415162920951843,-0.027950283139944077,0.5756641626358032,0.672140896320343,-0.04364977404475212,0.5392268896102905,0.6061002016067505,-0.05750681832432747,0.4985612630844116,0.5632465481758118,-0.07145481556653976,0.6126442551612854,0.5369252562522888,-0.02339869923889637,0.5940887331962585,0.4424571692943573,-0.0464644618332386,0.5868659019470215,0.38397300243377686,-0.06686203926801682,0.5837871432304382,0.32956749200820923,-0.08222928643226624,0.6567529439926147,0.5187604427337646,-0.027992770075798035,0.6416279077529907,0.41041499376296997,-0.04537371173501015,0.6344525218009949,0.34157827496528625,-0.06268258392810822,0.6292486190795898,0.27948153018951416,-0.07667294889688492,0.6998711824417114,0.5253943204879761,-0.036805473268032074,0.6880373954772949,0.42440539598464966,-0.054672855883836746,0.6809541583061218,0.3623899519443512,-0.06606338173151016,0.6730847954750061,0.30638229846954346,-0.07534419745206833,0.7445113658905029,0.5495850443840027,-0.04858945682644844,0.7389107346534729,0.4731737971305847,-0.06557163596153259,0.7315357327461243,0.42305266857147217,-0.07152262330055237,0.7214298844337463,0.37656962871551514,-0.07589513063430786,0,0,0,0,0,0,0,0,0,0,0,0,0,0,0,0,0,0,0,0,0,0,0,0,0,0,0,0,0,0,0,0,0,0,0,0,0,0,0,0,0,0,0,0,0,0,0,0,0,0,0,0,0,0,0,0,0,0,0,0,0,0,0,stop
0.44890791177749634,0.4292851388454437,-0.7068929672241211,0.46850794553756714,0.3669382929801941,-0.7013294696807861,0.48263096809387207,0.3641729950904846,-0.7011297941207886,0.49783140420913696,0.361189067363739,-0.7006984949111938,0.43442320823669434,0.3727063536643982,-0.6439458727836609,0.42418211698532104,0.3737611174583435,-0.6430214643478394,0.4135196805000305,0.37517207860946655,-0.6434268951416016,0.5327831506729126,0.3716753423213959,-0.49638766050338745,0.417309433221817,0.3883763551712036,-0.22407706081867218,0.48373231291770935,0.48540613055229187,-0.6264218091964722,0.4387645125389099,0.49275845289230347,-0.5467573404312134,0.7247695326805115,0.6629047989845276,-0.33760446310043335,0.3238058090209961,0.700863242149353,0.003825283842161298,0.8823381662368774,0.9826842546463013,-0.8811371922492981,0.23651254177093506,1.0119901895523071,0.02176515944302082,0.7168599367141724,0.7529849410057068,-1.4973328113555908,0.21173934638500214,1.4328347444534302,-0.5544223189353943,0.7032775282859802,0.6301209926605225,-1.6442248821258545,0.1860930174589157,1.5333987474441528,-0.6360285878181458,0.6524087190628052,0.545577347278595,-1.5247379541397095,0.21053096652030945,1.496964693069458,-0.7076758146286011,0.6581889986991882,0.6203241944313049,-1.469942569732666,0.23005203902721405,1.4631059169769287,-0.6069880723953247,0.6896816492080688,1.4250257015228271,-0.16213810443878174,0.4048646092414856,1.427916407585144,0.16791117191314697,0.6810540556907654,2.06709885597229,-0.11226670444011688,0.42561158537864685,2.0633249282836914,0.35836562514305115,0.7034174799919128,2.618900775909424,0.4961174428462982,0.4508066773414612,2.6188833713531494,0.9153153300285339,0.7152793407440186,2.6952908039093018,0.5256510972976685,0.4506898522377014,2.6958248615264893,0.9600938558578491,0.6611265540122986,2.788191080093384,-0.07733027637004852,0.48818913102149963,2.7950692176818848,0.3391362726688385,0.7118132710456848,0.7642513513565063,4.1072451040236047e-07,0.6367599368095398,0.7399298548698425,-0.027513932436704636,0.577451765537262,0.6705523133277893,-0.04355432093143463,0.5406075716018677,0.6049783229827881,-0.05781920254230499,0.4993903934955597,0.562781035900116,-0.07225844264030457,0.6134032607078552,0.5351549983024597,-0.02446037344634533,0.5943472981452942,0.44047972559928894,-0.048051513731479645,0.5877527594566345,0.3824591636657715,-0.0687059536576271,0.5856869220733643,0.3277721405029297,-0.08416445553302765,0.6575930714607239,0.5175588726997375,-0.029397835955023766,0.6421617269515991,0.40912750363349915,-0.04704149067401886,0.6360077261924744,0.340884268283844,-0.0641336515545845,0.631879448890686,0.27894213795661926,-0.07798060774803162,0.7011846899986267,0.5244705677032471,-0.038452908396720886,0.6885995268821716,0.4233108460903168,-0.05630287528038025,0.6819514036178589,0.36220669746398926,-0.06700066477060318,0.6746866703033447,0.30684494972229004,-0.07578939199447632,0.7466956973075867,0.5488359332084656,-0.05047547072172165,0.739672064781189,0.4710521101951599,-0.06714741885662079,0.7320979833602905,0.4210248589515686,-0.07247693091630936,0.7220003008842468,0.3745766878128052,-0.07641313225030899,0,0,0,0,0,0,0,0,0,0,0,0,0,0,0,0,0,0,0,0,0,0,0,0,0,0,0,0,0,0,0,0,0,0,0,0,0,0,0,0,0,0,0,0,0,0,0,0,0,0,0,0,0,0,0,0,0,0,0,0,0,0,0,stop
0.4488755762577057,0.42860275506973267,-0.7113695740699768,0.4684295654296875,0.36644822359085083,-0.7045326828956604,0.48253050446510315,0.3637423515319824,-0.704333484172821,0.49772748351097107,0.360801100730896,-0.7039089202880859,0.4344741702079773,0.37199681997299194,-0.6482566595077515,0.4242907464504242,0.372966468334198,-0.6473365426063538,0.41360217332839966,0.3742866814136505,-0.647741436958313,0.5328126549720764,0.37110039591789246,-0.5012773275375366,0.41753363609313965,0.38743889331817627,-0.2283385545015335,0.4836174547672272,0.48388156294822693,-0.6303010582923889,0.43876147270202637,0.4912845194339752,-0.5519777536392212,0.7242456078529358,0.6604833602905273,-0.3432474732398987,0.3248392939567566,0.7009886503219604,-3.465924601186998e-05,0.8827798962593079,0.9825432300567627,-0.8877671360969543,0.2363995611667633,1.0107795000076294,0.00822496972978115,0.7182970643043518,0.7531717419624329,-1.4977508783340454,0.2121874839067459,1.430586338043213,-0.5820083618164062,0.706055223941803,0.6349123120307922,-1.6428565979003906,0.18683762848377228,1.5308727025985718,-0.6640053391456604,0.6535794734954834,0.5465489625930786,-1.523763656616211,0.21173910796642303,1.4938933849334717,-0.7342108488082886,0.6539647579193115,0.6195405125617981,-1.4703513383865356,0.23094472289085388,1.4602267742156982,-0.6340577602386475,0.6901781558990479,1.4250630140304565,-0.16516569256782532,0.4050542712211609,1.4280247688293457,0.1709578037261963,0.6813425421714783,2.067955493927002,-0.10570307075977325,0.42590785026550293,2.0640783309936523,0.3636696934700012,0.7037563323974609,2.6198298931121826,0.5148247480392456,0.45207953453063965,2.6205050945281982,0.9279686212539673,0.7156153917312622,2.696192979812622,0.5450233817100525,0.4520655572414398,2.6974844932556152,0.9733800888061523,0.6616543531417847,2.789177417755127,-0.06027207523584366,0.48992475867271423,2.796595335006714,0.3509220778942108,0.7120115756988525,0.7641932964324951,4.02791897613497e-07,0.6367738246917725,0.739831805229187,-0.027675863355398178,0.5774203538894653,0.6704654693603516,-0.04384869337081909,0.5408459901809692,0.6050556898117065,-0.058221347630023956,0.4996357858181,0.5622437596321106,-0.07278407365083694,0.6140099167823792,0.5343232750892639,-0.0248557161539793,0.59420245885849,0.4400283992290497,-0.048657070845365524,0.5871513485908508,0.3825104236602783,-0.06932692229747772,0.5847557187080383,0.32787635922431946,-0.08484793454408646,0.6583342552185059,0.5171758532524109,-0.029919149354100227,0.6425363421440125,0.4089408218860626,-0.04784208536148071,0.636461615562439,0.3411920368671417,-0.06499642133712769,0.6324012279510498,0.2794994115829468,-0.07891089469194412,0.7020505666732788,0.52470463514328,-0.03914119303226471,0.6888288259506226,0.42443421483039856,-0.057384081184864044,0.6822065114974976,0.3642325699329376,-0.06811735033988953,0.6752061247825623,0.30952900648117065,-0.07689546048641205,0.7476060390472412,0.5496242642402649,-0.05134660005569458,0.7396124601364136,0.4723825454711914,-0.06834542006254196,0.7318203449249268,0.42281001806259155,-0.07381265610456467,0.7218270301818848,0.376518189907074,-0.07786072790622711,0,0,0,0,0,0,0,0,0,0,0,0,0,0,0,0,0,0,0,0,0,0,0,0,0,0,0,0,0,0,0,0,0,0,0,0,0,0,0,0,0,0,0,0,0,0,0,0,0,0,0,0,0,0,0,0,0,0,0,0,0,0,0,stop
0.4488912522792816,0.4279140532016754,-0.5969337224960327,0.4683527946472168,0.3662368059158325,-0.5997272729873657,0.48235416412353516,0.36358413100242615,-0.5995224118232727,0.4974153935909271,0.3606693148612976,-0.599186360836029,0.43450814485549927,0.37152960896492004,-0.5374032855033875,0.42437833547592163,0.3723630905151367,-0.5365195274353027,0.41386228799819946,0.37350475788116455,-0.5369188785552979,0.5326423645019531,0.37063658237457275,-0.45998939871788025,0.4179920554161072,0.38628193736076355,-0.15286806225776672,0.48350995779037476,0.48229148983955383,-0.5380812883377075,0.4387803077697754,0.4898015260696411,-0.4514999985694885,0.7202526330947876,0.6549931764602661,-0.33242499828338623,0.3269628882408142,0.7004268169403076,0.03548356145620346,0.8813173174858093,0.975866436958313,-0.8617578744888306,0.24070200324058533,1.0078656673431396,0.005037883762270212,0.7196754217147827,0.7536381483078003,-1.376089096069336,0.2152670919895172,1.4302341938018799,-0.5732681751251221,0.7084232568740845,0.6407496333122253,-1.4851124286651611,0.19026274979114532,1.5301296710968018,-0.6524197459220886,0.65463787317276,0.5485513806343079,-1.3583662509918213,0.21395674347877502,1.4928183555603027,-0.7301431894302368,0.6517050862312317,0.6232421398162842,-1.3384878635406494,0.232997328042984,1.4591693878173828,-0.6237834692001343,0.6901110410690308,1.423289179801941,-0.16832002997398376,0.40554729104042053,1.4253064393997192,0.17392593622207642,0.6806318163871765,2.066091537475586,-0.11718537658452988,0.4258659780025482,2.0615475177764893,0.41954469680786133,0.702583372592926,2.6185524463653564,0.46798115968704224,0.4517571032047272,2.617569923400879,0.9884265661239624,0.7143784165382385,2.6946094036102295,0.49810951948165894,0.4518112540245056,2.6929543018341064,1.0363527536392212,0.6606367230415344,2.7867722511291504,-0.07733076065778732,0.4881611466407776,2.7946548461914062,0.45882076025009155,0.7125169634819031,0.7648744583129883,4.017298920189205e-07,0.637349009513855,0.7403168678283691,-0.028319958597421646,0.5782529711723328,0.6713160872459412,-0.0447181798517704,0.5409553050994873,0.6058334112167358,-0.059228044003248215,0.4994879961013794,0.5620943903923035,-0.07375381141901016,0.6143039464950562,0.5345446467399597,-0.024271827191114426,0.5945841073989868,0.4404001235961914,-0.04771464690566063,0.5872161388397217,0.383178174495697,-0.06836259365081787,0.5842281579971313,0.32838451862335205,-0.08403114974498749,0.65813809633255,0.5165838003158569,-0.028805941343307495,0.6424722075462341,0.4094180464744568,-0.04649053141474724,0.6361568570137024,0.34217554330825806,-0.06370452791452408,0.6317316889762878,0.28033652901649475,-0.0778149738907814,0.7015160322189331,0.5236354470252991,-0.037591930478811264,0.6886751055717468,0.42451974749565125,-0.055566273629665375,0.6820793151855469,0.36463117599487305,-0.06631754338741302,0.6747914552688599,0.3101838231086731,-0.0752057135105133,0.7468503713607788,0.5481886863708496,-0.04945923015475273,0.7395139932632446,0.4714627265930176,-0.06620841473340988,0.7317069172859192,0.422477662563324,-0.07170998305082321,0.7213588356971741,0.3769944906234741,-0.07586772739887238,0,0,0,0,0,0,0,0,0,0,0,0,0,0,0,0,0,0,0,0,0,0,0,0,0,0,0,0,0,0,0,0,0,0,0,0,0,0,0,0,0,0,0,0,0,0,0,0,0,0,0,0,0,0,0,0,0,0,0,0,0,0,0,stop
0.44890135526657104,0.427560955286026,-0.5524553060531616,0.46836143732070923,0.3660893142223358,-0.5494781732559204,0.48235076665878296,0.363470196723938,-0.5492123365402222,0.49738582968711853,0.3605724573135376,-0.5488515496253967,0.43458062410354614,0.3713110387325287,-0.49556225538253784,0.4245598316192627,0.3721149265766144,-0.49468177556991577,0.41418179869651794,0.3732236623764038,-0.495121568441391,0.5326617956161499,0.37053677439689636,-0.40016835927963257,0.4182240962982178,0.38617005944252014,-0.13173870742321014,0.4835050106048584,0.48142296075820923,-0.490145742893219,0.43880295753479004,0.4894454777240753,-0.41469383239746094,0.7186394333839417,0.650529682636261,-0.28368285298347473,0.3282940685749054,0.7004544734954834,0.04192867502570152,0.8799464106559753,0.9697554707527161,-0.7873833775520325,0.2408924400806427,1.007805347442627,0.021964265033602715,0.7217990159988403,0.7542232275009155,-1.2761003971099854,0.21620169281959534,1.4291136264801025,-0.4497029781341553,0.7125600576400757,0.6470595598220825,-1.3832638263702393,0.19184668362140656,1.529421091079712,-0.5083956718444824,0.6546751260757446,0.5502611398696899,-1.2637163400650024,0.2144835889339447,1.4924343824386597,-0.5678523182868958,0.648269772529602,0.6258918642997742,-1.2442095279693604,0.23334889113903046,1.4586786031723022,-0.4941495954990387,0.6896035671234131,1.4232782125473022,-0.16138538718223572,0.40522271394729614,1.4252711534500122,0.16697882115840912,0.6805599927902222,2.0657854080200195,-0.13985218107700348,0.4257221221923828,2.061488151550293,0.3771607577800751,0.7025209665298462,2.618436574935913,0.38084346055984497,0.45062685012817383,2.6173059940338135,0.8951873779296875,0.7141412496566772,2.694627285003662,0.403813898563385,0.4506935179233551,2.692765235900879,0.9361923336982727,0.66063392162323,2.7862582206726074,-0.1609938144683838,0.48631054162979126,2.7942726612091064,0.39319127798080444,0.7139503359794617,0.7646661996841431,4.0981186089084076e-07,0.6381538510322571,0.7408357858657837,-0.027974005788564682,0.5792510509490967,0.6708031892776489,-0.044167906045913696,0.5422829985618591,0.6045299172401428,-0.05854667350649834,0.5004186630249023,0.5615934729576111,-0.07299286872148514,0.6142014861106873,0.5353228449821472,-0.024356331676244736,0.5944925546646118,0.44078975915908813,-0.04784054309129715,0.5876948237419128,0.38316670060157776,-0.0684092789888382,0.5853837728500366,0.32834264636039734,-0.08397756516933441,0.6586625576019287,0.5167522430419922,-0.029213299974799156,0.6433674097061157,0.4082579016685486,-0.04690368473529816,0.6372851133346558,0.34001731872558594,-0.0641167163848877,0.6330040097236633,0.2777203321456909,-0.07822269201278687,0.7022947072982788,0.5236474871635437,-0.038274407386779785,0.6903239488601685,0.4230848550796509,-0.0563504658639431,0.6836292743682861,0.3626517057418823,-0.06734386831521988,0.675906240940094,0.3079848885536194,-0.0764298141002655,0.7476338744163513,0.5484459400177002,-0.05035507678985596,0.7412868142127991,0.47124820947647095,-0.06732897460460663,0.7332831621170044,0.42178553342819214,-0.07305669784545898,0.7222505807876587,0.3759993314743042,-0.07739505171775818,0,0,0,0,0,0,0,0,0,0,0,0,0,0,0,0,0,0,0,0,0,0,0,0,0,0,0,0,0,0,0,0,0,0,0,0,0,0,0,0,0,0,0,0,0,0,0,0,0,0,0,0,0,0,0,0,0,0,0,0,0,0,0,stop
0.4489205777645111,0.42726096510887146,-0.5504621267318726,0.46836942434310913,0.36594077944755554,-0.546703040599823,0.4823545813560486,0.3633505702018738,-0.5464318990707397,0.49737969040870667,0.3604690134525299,-0.5460621118545532,0.43465131521224976,0.37111011147499084,-0.4938737452030182,0.42472052574157715,0.37189584970474243,-0.4929937422275543,0.414456307888031,0.37298473715782166,-0.49343985319137573,0.5326929688453674,0.37045052647590637,-0.3917093873023987,0.4184388220310211,0.38608965277671814,-0.13071511685848236,0.48351725935935974,0.4807794392108917,-0.4862934648990631,0.43884992599487305,0.4892088770866394,-0.4125038981437683,0.7183676958084106,0.6484885811805725,-0.27351900935173035,0.3292408585548401,0.7004743218421936,0.042671285569667816,0.8791028261184692,0.9664724469184875,-0.773444414138794,0.24098289012908936,1.0076582431793213,0.02806193009018898,0.723115861415863,0.7545836567878723,-1.266495943069458,0.21681106090545654,1.4283504486083984,-0.4272922873497009,0.7150887846946716,0.650292158126831,-1.3770620822906494,0.1930609792470932,1.529097318649292,-0.4846964478492737,0.654687762260437,0.5514923334121704,-1.2587354183197021,0.21510712802410126,1.4923406839370728,-0.5426502227783203,0.6459910273551941,0.627518892288208,-1.2358806133270264,0.23374596238136292,1.4584492444992065,-0.47124379873275757,0.6893462538719177,1.4233027696609497,-0.15816166996955872,0.4049864411354065,1.425284504890442,0.16373991966247559,0.6805265545845032,2.0657196044921875,-0.1453222930431366,0.4255772531032562,2.061495542526245,0.360293447971344,0.7024996280670166,2.618412971496582,0.3714439570903778,0.44983792304992676,2.617262840270996,0.8700534701347351,0.7140117883682251,2.694650888442993,0.394120454788208,0.4498708248138428,2.6927573680877686,0.9099594354629517,0.6606637239456177,2.786102056503296,-0.17256982624530792,0.4852430820465088,2.7941818237304688,0.37434738874435425,0.713907778263092,0.7647980451583862,4.0836897596818744e-07,0.6380294561386108,0.7410773038864136,-0.028564950451254845,0.5791531801223755,0.6712267398834229,-0.04501592740416527,0.5425972938537598,0.6048203706741333,-0.05953778699040413,0.5009757280349731,0.5614002346992493,-0.07414844632148743,0.6149752140045166,0.5347292423248291,-0.025020768865942955,0.5950379967689514,0.44048964977264404,-0.048957835882902145,0.5879436731338501,0.38298749923706055,-0.06979437917470932,0.5855109691619873,0.3279055058956146,-0.08556068688631058,0.6595175862312317,0.5164242386817932,-0.029754431918263435,0.6436893343925476,0.40847986936569214,-0.047901421785354614,0.6372309327125549,0.3406127095222473,-0.06536374986171722,0.6327776908874512,0.2783782184123993,-0.07964072376489639,0.7031151056289673,0.523534893989563,-0.03875883296132088,0.6901518106460571,0.42382895946502686,-0.057217635214328766,0.6831125020980835,0.3637375235557556,-0.06819789111614227,0.675540030002594,0.30907461047172546,-0.07724256813526154,0.7482515573501587,0.5483774542808533,-0.05085737630724907,0.7408149242401123,0.47183534502983093,-0.068091481924057,0.7325976490974426,0.4224705696105957,-0.07387298345565796,0.7218644618988037,0.37653860449790955,-0.0782366618514061,0,0,0,0,0,0,0,0,0,0,0,0,0,0,0,0,0,0,0,0,0,0,0,0,0,0,0,0,0,0,0,0,0,0,0,0,0,0,0,0,0,0,0,0,0,0,0,0,0,0,0,0,0,0,0,0,0,0,0,0,0,0,0,stop
0.44881120324134827,0.42715057730674744,-0.564520001411438,0.4683123230934143,0.3659098446369171,-0.5599738955497742,0.4823145270347595,0.36331886053085327,-0.5597144365310669,0.4973432421684265,0.3604450523853302,-0.5593293905258179,0.4346458911895752,0.371061235666275,-0.506839394569397,0.42480888962745667,0.3718281090259552,-0.5059703588485718,0.4145844578742981,0.372904509305954,-0.5064082145690918,0.5327012538909912,0.3704387843608856,-0.3932567238807678,0.41846662759780884,0.38610270619392395,-0.13682302832603455,0.48350730538368225,0.4807441532611847,-0.49761778116226196,0.4387730658054352,0.4891994893550873,-0.4238559603691101,0.7171446084976196,0.6480242013931274,-0.28548625111579895,0.32970988750457764,0.7005147933959961,0.04237782955169678,0.8781753778457642,0.9644748568534851,-0.8463073968887329,0.24011985957622528,1.0075448751449585,-0.013362029567360878,0.7242648601531982,0.7549227476119995,-1.4141533374786377,0.21739134192466736,1.4279816150665283,-0.5246391892433167,0.7187715768814087,0.6529957056045532,-1.5420212745666504,0.19465407729148865,1.5285390615463257,-0.5921996831893921,0.6916249394416809,0.5858958959579468,-1.421330451965332,0.21927472949028015,1.4918471574783325,-0.6404748558998108,0.646001935005188,0.6285409331321716,-1.3849318027496338,0.23693446815013885,1.4580687284469604,-0.5659205317497253,0.6894506216049194,1.423826813697815,-0.16045372188091278,0.406085342168808,1.426337480545044,0.16596350073814392,0.6801329851150513,2.0661697387695312,-0.18236082792282104,0.4268445372581482,2.063528060913086,0.3467215299606323,0.7015111446380615,2.6215133666992188,0.3244497776031494,0.45148515701293945,2.620682716369629,0.8053669929504395,0.7130765914916992,2.698786973953247,0.34533587098121643,0.45136332511901855,2.69598126411438,0.8401864767074585,0.6598021388053894,2.788083553314209,-0.23270757496356964,0.48619580268859863,2.7982301712036133,0.2690497040748596,0.7167056798934937,0.7640346884727478,4.0232092146652576e-07,0.640933096408844,0.7408895492553711,-0.02802174910902977,0.5815482139587402,0.6704893112182617,-0.043934956192970276,0.5441294312477112,0.603786051273346,-0.05807015672326088,0.5016828775405884,0.5618959069252014,-0.07234689593315125,0.617257833480835,0.535777747631073,-0.024424968287348747,0.5962975025177002,0.440897673368454,-0.04806098714470863,0.5886015295982361,0.38260751962661743,-0.06868110597133636,0.5854260921478271,0.32696524262428284,-0.08425523340702057,0.6609887480735779,0.5172950625419617,-0.029222147539258003,0.6450866460800171,0.4088173508644104,-0.04695607349276543,0.638759434223175,0.3406071066856384,-0.06407419592142105,0.6344294548034668,0.27810338139533997,-0.07808692008256912,0.7042933702468872,0.5237863063812256,-0.03823664039373398,0.6919853687286377,0.4233165979385376,-0.05617247894406319,0.6852385401725769,0.3625814616680145,-0.06685778498649597,0.6775010824203491,0.3073320686817169,-0.07573949545621872,0.7498102784156799,0.5476946830749512,-0.05032294616103172,0.7432671189308167,0.47023096680641174,-0.06690312922000885,0.7359519600868225,0.42082250118255615,-0.07219961285591125,0.7257125973701477,0.37497031688690186,-0.07628699392080307,0,0,0,0,0,0,0,0,0,0,0,0,0,0,0,0,0,0,0,0,0,0,0,0,0,0,0,0,0,0,0,0,0,0,0,0,0,0,0,0,0,0,0,0,0,0,0,0,0,0,0,0,0,0,0,0,0,0,0,0,0,0,0,stop
0.4494004249572754,0.42734163999557495,-0.6025033593177795,0.46868911385536194,0.36622852087020874,-0.5956248044967651,0.4825679361820221,0.3636852204799652,-0.5954087972640991,0.49746647477149963,0.3608538508415222,-0.595056414604187,0.43472594022750854,0.37145504355430603,-0.547163188457489,0.42483845353126526,0.3723302483558655,-0.5462950468063354,0.41469234228134155,0.37361031770706177,-0.5466874837875366,0.5322479009628296,0.37087753415107727,-0.41172823309898376,0.4174739420413971,0.38760092854499817,-0.17464622855186462,0.48377329111099243,0.481350302696228,-0.5275694131851196,0.43878641724586487,0.4898027777671814,-0.46017616987228394,0.7106527090072632,0.6476743817329407,-0.28707000613212585,0.3296889364719391,0.7004793882369995,0.02382209338247776,0.8717546463012695,0.9611285328865051,-0.8426505327224731,0.23983553051948547,1.0044465065002441,-0.012351587414741516,0.7244086861610413,0.7565871477127075,-1.3885972499847412,0.2172657549381256,1.4156575202941895,-0.480816125869751,0.7263224720954895,0.6586307883262634,-1.5139018297195435,0.19413605332374573,1.5143078565597534,-0.5429756045341492,0.6875606775283813,0.581741213798523,-1.3964464664459229,0.21836502850055695,1.4797873497009277,-0.593261182308197,0.6848374009132385,0.6447709202766418,-1.3601224422454834,0.23638853430747986,1.4459660053253174,-0.5229026675224304,0.686864972114563,1.420695185661316,-0.15672694146633148,0.40533462166786194,1.4244189262390137,0.16220974922180176,0.6793973445892334,2.0565710067749023,-0.24220487475395203,0.4260614812374115,2.0550143718719482,0.26016831398010254,0.7011194825172424,2.615259885787964,0.22361059486865997,0.4514571726322174,2.611313819885254,0.654737114906311,0.7124067544937134,2.694007396697998,0.24064989387989044,0.4513414800167084,2.6883647441864014,0.6822933554649353,0.6598669290542603,2.777848720550537,-0.34254544973373413,0.4861958622932434,2.7815134525299072,0.09986838698387146,0.7205318212509155,0.7641295790672302,4.0215888930106303e-07,0.6436404585838318,0.7406250238418579,-0.026665350422263145,0.5833253860473633,0.6697900295257568,-0.041717529296875,0.5467768907546997,0.6027198433876038,-0.055079907178878784,0.5047873258590698,0.5613609552383423,-0.0687510296702385,0.6203484535217285,0.5359339118003845,-0.024062376469373703,0.5994107127189636,0.44068261981010437,-0.047278210520744324,0.592045247554779,0.3818387985229492,-0.06757774204015732,0.58884596824646,0.326370507478714,-0.08284522593021393,0.6650855541229248,0.5178310871124268,-0.029269197955727577,0.6492004990577698,0.4085833430290222,-0.046505142003297806,0.6427678465843201,0.33997243642807007,-0.06334806233644485,0.6381455063819885,0.27741891145706177,-0.07718490809202194,0.7088457345962524,0.524393618106842,-0.03847511112689972,0.6967605948448181,0.4231078624725342,-0.056075409054756165,0.6897328495979309,0.3620379567146301,-0.06653603911399841,0.6816830635070801,0.30682817101478577,-0.07528064399957657,0.7543624043464661,0.5484379529953003,-0.050548672676086426,0.7481324672698975,0.47089529037475586,-0.06680988520383835,0.7410249710083008,0.42159503698349,-0.07157952338457108,0.731085479259491,0.37577950954437256,-0.07526445388793945,0,0,0,0,0,0,0,0,0,0,0,0,0,0,0,0,0,0,0,0,0,0,0,0,0,0,0,0,0,0,0,0,0,0,0,0,0,0,0,0,0,0,0,0,0,0,0,0,0,0,0,0,0,0,0,0,0,0,0,0,0,0,0,stop
0.4500313401222229,0.4274219572544098,-0.60181725025177,0.4690725803375244,0.3663792908191681,-0.595056414604187,0.48286476731300354,0.3638688623905182,-0.5948509573936462,0.49766969680786133,0.36105698347091675,-0.594501793384552,0.43482622504234314,0.37154945731163025,-0.5462774634361267,0.4249015748500824,0.37242284417152405,-0.5454139709472656,0.41475337743759155,0.3737126588821411,-0.5457967519760132,0.5320544838905334,0.3710107207298279,-0.4126707911491394,0.41697317361831665,0.3880648910999298,-0.17431576550006866,0.48433274030685425,0.4817920923233032,-0.5275012254714966,0.43888455629348755,0.49007394909858704,-0.45962992310523987,0.7077888250350952,0.6477651596069336,-0.2909378111362457,0.32992023229599,0.7004945278167725,0.024115685373544693,0.8702861070632935,0.9598780870437622,-0.8386728167533875,0.24214915931224823,1.0100446939468384,-0.04287126660346985,0.7242838144302368,0.7572773694992065,-1.3783032894134521,0.21911385655403137,1.4127386808395386,-0.584152340888977,0.7295835018157959,0.6589770913124084,-1.5073246955871582,0.19542433321475983,1.5089298486709595,-0.6537398099899292,0.6857138872146606,0.5752531290054321,-1.3862454891204834,0.2187911570072174,1.4727365970611572,-0.6985779404640198,0.6978904008865356,0.6474518179893494,-1.3492004871368408,0.23717427253723145,1.439346194267273,-0.6269811391830444,0.6868692636489868,1.4205924272537231,-0.1567113697528839,0.405848890542984,1.4246196746826172,0.16219082474708557,0.6801442503929138,2.055830955505371,-0.22386984527111053,0.4277912974357605,2.055147171020508,0.2725237011909485,0.7037420868873596,2.6149742603302,0.2620845437049866,0.4561910629272461,2.6112189292907715,0.7224456071853638,0.7150837779045105,2.6937255859375,0.28141462802886963,0.45684725046157837,2.6880176067352295,0.7564083933830261,0.6647242307662964,2.7776896953582764,-0.29473260045051575,0.4927733540534973,2.7817790508270264,0.17174196243286133,0.7206458449363708,0.7639466524124146,4.0925777966549504e-07,0.643342912197113,0.7407983541488647,-0.027811802923679352,0.5835332274436951,0.6703438758850098,-0.04348037764430046,0.5475535988807678,0.603341281414032,-0.05730149522423744,0.506798267364502,0.5604078769683838,-0.07133466750383377,0.6210541725158691,0.5358228087425232,-0.02492329105734825,0.6009148359298706,0.4404944181442261,-0.04882684722542763,0.5934686660766602,0.3821706771850586,-0.06948760896921158,0.5903301239013672,0.3267650902271271,-0.08502297103404999,0.6656749844551086,0.5180857181549072,-0.029853034764528275,0.6496451497077942,0.4088408648967743,-0.0481245294213295,0.6427645087242126,0.339964896440506,-0.06551244854927063,0.6376630067825317,0.2767566442489624,-0.07961159944534302,0.7093289494514465,0.5251945853233337,-0.03895872086286545,0.696507453918457,0.4243302047252655,-0.057662371546030045,0.6895437240600586,0.3636872172355652,-0.06870224326848984,0.6817008852958679,0.3085933327674866,-0.07764022797346115,0.754861056804657,0.549433171749115,-0.051028795540332794,0.7475866079330444,0.4723888039588928,-0.0685926228761673,0.7397722601890564,0.423150897026062,-0.0743439719080925,0.7293435335159302,0.37708961963653564,-0.07858246564865112,0,0,0,0,0,0,0,0,0,0,0,0,0,0,0,0,0,0,0,0,0,0,0,0,0,0,0,0,0,0,0,0,0,0,0,0,0,0,0,0,0,0,0,0,0,0,0,0,0,0,0,0,0,0,0,0,0,0,0,0,0,0,0,stop
0.4502485692501068,0.4274052381515503,-0.6037830114364624,0.4691948890686035,0.3663814961910248,-0.6028403043746948,0.48301729559898376,0.36385732889175415,-0.6025380492210388,0.4979129731655121,0.36104515194892883,-0.6021021008491516,0.43486398458480835,0.3716415762901306,-0.5495567321777344,0.4249505400657654,0.3725552558898926,-0.5487082600593567,0.41480618715286255,0.3738839328289032,-0.5490742921829224,0.5331698060035706,0.37097638845443726,-0.4586910307407379,0.41705721616744995,0.38833796977996826,-0.19239085912704468,0.485737144947052,0.4813108444213867,-0.5402069091796875,0.43950003385543823,0.4900631010532379,-0.4656941294670105,0.7122176885604858,0.6494568586349487,-0.326018750667572,0.33023756742477417,0.7001619338989258,-0.010751868598163128,0.8806177973747253,0.9698544144630432,-0.8348876237869263,0.23902153968811035,1.007628321647644,-0.02315526083111763,0.7242811918258667,0.7573642730712891,-1.2943037748336792,0.2073763906955719,1.417635202407837,-0.42993658781051636,0.7267190217971802,0.6530084013938904,-1.4106351137161255,0.18250641226768494,1.515251636505127,-0.47838133573532104,0.6846598386764526,0.5708507895469666,-1.2882425785064697,0.2057500183582306,1.4827747344970703,-0.545071005821228,0.6771043539047241,0.639000654220581,-1.2625309228897095,0.22420497238636017,1.4491846561431885,-0.4771651327610016,0.685004472732544,1.432681918144226,-0.1545790582895279,0.40412968397140503,1.431134581565857,0.16009192168712616,0.6737332940101624,2.0713987350463867,-0.13265302777290344,0.42294731736183167,2.0668272972106934,0.264497309923172,0.6963635087013245,2.6299753189086914,0.44625410437583923,0.44836193323135376,2.6249258518218994,0.7245526313781738,0.7077659368515015,2.709076166152954,0.4754066467285156,0.448452889919281,2.703063488006592,0.759698212146759,0.6567611694335938,2.7930779457092285,-0.0738477110862732,0.4796058237552643,2.7954134941101074,0.18043845891952515,0.7240771651268005,0.7630255222320557,3.979598091063963e-07,0.6487744450569153,0.7370749115943909,-0.025070354342460632,0.5893152952194214,0.664716899394989,-0.03932647407054901,0.552266001701355,0.5982444882392883,-0.05228041484951973,0.5100202560424805,0.5601253509521484,-0.0654226541519165,0.624882698059082,0.5327515006065369,-0.02122984454035759,0.6043341159820557,0.4377405345439911,-0.04378576949238777,0.5977018475532532,0.378991961479187,-0.06382180750370026,0.59559565782547,0.32421568036079407,-0.07886257767677307,0.6686675548553467,0.5139199495315552,-0.026820452883839607,0.6524708867073059,0.4049434959888458,-0.04321780428290367,0.6460923552513123,0.3366541266441345,-0.059592682868242264,0.6418519616127014,0.2748011648654938,-0.07305476069450378,0.71232008934021,0.5194376111030579,-0.03636610880494118,0.7003730535507202,0.4183470606803894,-0.05290723219513893,0.6937859058380127,0.35699838399887085,-0.06307268142700195,0.6862595677375793,0.30236515402793884,-0.07167589664459229,0.7578375935554504,0.5430697202682495,-0.04876739904284477,0.7528256177902222,0.46567225456237793,-0.06401844322681427,0.7458850741386414,0.4167386591434479,-0.06845728307962418,0.7357556223869324,0.3724806308746338,-0.07195043563842773,0,0,0,0,0,0,0,0,0,0,0,0,0,0,0,0,0,0,0,0,0,0,0,0,0,0,0,0,0,0,0,0,0,0,0,0,0,0,0,0,0,0,0,0,0,0,0,0,0,0,0,0,0,0,0,0,0,0,0,0,0,0,0,stop
0.4501916468143463,0.4286942780017853,-0.6023258566856384,0.4690685272216797,0.3675493001937866,-0.603986382484436,0.48286041617393494,0.36502450704574585,-0.6036800146102905,0.4978485703468323,0.36230897903442383,-0.6032429337501526,0.4348868727684021,0.3728496730327606,-0.5494441986083984,0.4250269830226898,0.37376612424850464,-0.5485981702804565,0.41488608717918396,0.3751984238624573,-0.5489674210548401,0.5332838296890259,0.3728155195713043,-0.47011780738830566,0.41709843277931213,0.3896893262863159,-0.19356070458889008,0.48573723435401917,0.4840344488620758,-0.5401500463485718,0.4395226836204529,0.4911693036556244,-0.46490374207496643,0.712325394153595,0.6564168334007263,-0.3419448733329773,0.3306649327278137,0.7007725238800049,-0.010722383856773376,0.8780592083930969,0.9569419026374817,-0.8900955319404602,0.23908141255378723,1.003806710243225,-0.03534942492842674,0.7324920296669006,0.7520654797554016,-1.4449347257614136,0.20343157649040222,1.4139879941940308,-0.4325386583805084,0.7426854968070984,0.6267095804214478,-1.5665940046310425,0.18013806641101837,1.5110846757888794,-0.5003129243850708,0.7182998657226562,0.5846739411354065,-1.4561946392059326,0.2029242068529129,1.4798771142959595,-0.5702977180480957,0.7031576037406921,0.6394405961036682,-1.4202921390533447,0.2202085554599762,1.4465843439102173,-0.4849112033843994,0.6825612187385559,1.4387061595916748,-0.15592561662197113,0.40388235449790955,1.4346210956573486,0.16118572652339935,0.6651226282119751,2.074218273162842,-0.11005071550607681,0.4165409505367279,2.0698115825653076,0.24950508773326874,0.6862805485725403,2.633939266204834,0.481250137090683,0.44106927514076233,2.631249189376831,0.6415407657623291,0.6977968811988831,2.712862491607666,0.5125713348388672,0.44123929738998413,2.707927703857422,0.6690178513526917,0.6473398208618164,2.7960667610168457,-0.03338188678026199,0.47143521904945374,2.8043839931488037,0.08922480046749115,0.7312639951705933,0.754595935344696,3.8312850847432856e-07,0.6583914160728455,0.715908408164978,-0.019991595298051834,0.601619303226471,0.6390944719314575,-0.03134344890713692,0.5643774271011353,0.5736951231956482,-0.042772211134433746,0.5260207653045654,0.5373912453651428,-0.054244618862867355,0.6358124613761902,0.5221356153488159,-0.011721926741302013,0.6185202598571777,0.42675480246543884,-0.03265371173620224,0.6109928488731384,0.3687496483325958,-0.05171949788928032,0.60670006275177,0.31558457016944885,-0.06562287360429764,0.6778684258460999,0.5050036907196045,-0.01889062114059925,0.6661148071289062,0.3946942687034607,-0.033535268157720566,0.6615005731582642,0.32642239332199097,-0.04774970933794975,0.658998429775238,0.26639145612716675,-0.05901298671960831,0.7205995321273804,0.5096861124038696,-0.030095301568508148,0.7115094065666199,0.4075366258621216,-0.04403546825051308,0.7049857378005981,0.34821319580078125,-0.051084961742162704,0.6977477669715881,0.29710641503334045,-0.05696279928088188,0.7659220695495605,0.5320408344268799,-0.04413425549864769,0.7642148733139038,0.4533724784851074,-0.05542273819446564,0.7581390142440796,0.4056865870952606,-0.056292574852705,0.748581051826477,0.36532819271087646,-0.05699897184967995,0,0,0,0,0,0,0,0,0,0,0,0,0,0,0,0,0,0,0,0,0,0,0,0,0,0,0,0,0,0,0,0,0,0,0,0,0,0,0,0,0,0,0,0,0,0,0,0,0,0,0,0,0,0,0,0,0,0,0,0,0,0,0,stop
0.4500691890716553,0.429738312959671,-0.600104570388794,0.46871647238731384,0.36851823329925537,-0.6043189764022827,0.4824215769767761,0.36594158411026,-0.6040081977844238,0.4974669814109802,0.3632403612136841,-0.6035709977149963,0.43485531210899353,0.37398290634155273,-0.5492167472839355,0.42507392168045044,0.37497398257255554,-0.5483980178833008,0.4149208664894104,0.37656646966934204,-0.5487710237503052,0.5332893133163452,0.37385234236717224,-0.4750857949256897,0.41713446378707886,0.39080891013145447,-0.1934683471918106,0.4856873154640198,0.4852484166622162,-0.5399874448776245,0.4395383298397064,0.4920218884944916,-0.46307507157325745,0.712394118309021,0.6584435701370239,-0.3434436619281769,0.3313320577144623,0.7006112933158875,-0.011097876355051994,0.8757327198982239,0.9508045315742493,-0.8884369134902954,0.2383401095867157,0.9998021721839905,-0.03827597573399544,0.7384821176528931,0.7481115460395813,-1.4510650634765625,0.20265929400920868,1.400841474533081,-0.4517997205257416,0.750825822353363,0.6163955926895142,-1.5727474689483643,0.1804676055908203,1.4977238178253174,-0.520764946937561,0.7278786897659302,0.5907373428344727,-1.4671790599822998,0.20343264937400818,1.466934084892273,-0.5847230553627014,0.7118040323257446,0.639646589756012,-1.4282234907150269,0.2203153818845749,1.4341663122177124,-0.5039733648300171,0.6799134016036987,1.4397499561309814,-0.15588223934173584,0.4033164083957672,1.4347771406173706,0.16109599173069,0.6595069766044617,2.0742571353912354,-0.11238376796245575,0.41184622049331665,2.0698657035827637,0.22143502533435822,0.6792503595352173,2.634514093399048,0.4623241424560547,0.4349372386932373,2.6331074237823486,0.5737751722335815,0.6907479763031006,2.713383674621582,0.4918498992919922,0.4351579248905182,2.7094764709472656,0.5972596406936646,0.6399517059326172,2.796293020248413,-0.0551619753241539,0.46408647298812866,2.8069663047790527,0.01800106279551983,0.7321116924285889,0.7539574503898621,3.659654908005905e-07,0.6607654690742493,0.7149850130081177,-0.020085684955120087,0.6041290760040283,0.6387763023376465,-0.0327167846262455,0.5659605264663696,0.5743893384933472,-0.04531499743461609,0.5254490375518799,0.5422614812850952,-0.058240000158548355,0.635563313961029,0.5207895040512085,-0.014604112133383751,0.6190004348754883,0.426454097032547,-0.03681877255439758,0.6107999086380005,0.36968570947647095,-0.056826602667570114,0.60626220703125,0.3166794180870056,-0.07168977707624435,0.6770689487457275,0.5050127506256104,-0.022393401712179184,0.6631425619125366,0.3955899477005005,-0.039106663316488266,0.6568413972854614,0.32785236835479736,-0.0546250194311142,0.6527897119522095,0.26739922165870667,-0.06680452823638916,0.7197269201278687,0.5110734701156616,-0.034039828926324844,0.7105830311775208,0.40855613350868225,-0.05007464811205864,0.7052314877510071,0.3489397168159485,-0.05866686999797821,0.6987385749816895,0.29788708686828613,-0.06552890688180923,0.7657922506332397,0.5345833897590637,-0.04834067076444626,0.7644996047019958,0.4563605487346649,-0.0617491640150547,0.7580059170722961,0.4085272550582886,-0.06446276605129242,0.7475683689117432,0.36787503957748413,-0.06646041572093964,0,0,0,0,0,0,0,0,0,0,0,0,0,0,0,0,0,0,0,0,0,0,0,0,0,0,0,0,0,0,0,0,0,0,0,0,0,0,0,0,0,0,0,0,0,0,0,0,0,0,0,0,0,0,0,0,0,0,0,0,0,0,0,stop
0.4482710361480713,0.42755112051963806,-0.6312859654426575,0.46805906295776367,0.3680247664451599,-0.6316943764686584,0.48206719756126404,0.3654527962207794,-0.6313858032226562,0.4973863661289215,0.3627398908138275,-0.630981981754303,0.4343741834163666,0.3734464943408966,-0.5828366279602051,0.4246102273464203,0.3744279742240906,-0.5820748209953308,0.4142282009124756,0.3760165274143219,-0.5824099183082581,0.5333476662635803,0.37386685609817505,-0.4702013432979584,0.4159335494041443,0.3907773196697235,-0.21312792599201202,0.4819299280643463,0.48087361454963684,-0.5566307306289673,0.43729323148727417,0.4877052307128906,-0.4887918531894684,0.6870481371879578,0.6489135026931763,-0.3388267755508423,0.3314686715602875,0.6969270706176758,-0.016470862552523613,0.8674932718276978,0.935102105140686,-0.8827784657478333,0.2384483516216278,0.9864905476570129,-0.12705114483833313,0.7699521780014038,0.7144336104393005,-1.4524039030075073,0.206674262881279,1.335400104522705,-0.6610013842582703,0.8050315976142883,0.5765267610549927,-1.5825728178024292,0.18582606315612793,1.4293473958969116,-0.7327821850776672,0.735524594783783,0.5249226689338684,-1.482975721359253,0.21122333407402039,1.399052381515503,-0.782319188117981,0.7092117071151733,0.5997447967529297,-1.432377576828003,0.22692418098449707,1.3682962656021118,-0.7035390138626099,0.6696537137031555,1.4207943677902222,-0.15578027069568634,0.4010109007358551,1.422674536705017,0.1609325259923935,0.6571207642555237,2.0455596446990967,-0.11758311092853546,0.4077374041080475,2.0478615760803223,0.2695435881614685,0.6791176795959473,2.6042163372039795,0.4426608681678772,0.43412476778030396,2.603383779525757,0.6625270247459412,0.6910179853439331,2.679885149002075,0.4655540883541107,0.43410009145736694,2.675698757171631,0.6929897665977478,0.6399793028831482,2.7705881595611572,-0.07328714430332184,0.4650423526763916,2.7792601585388184,0.11897295713424683,0.753294050693512,0.7163037061691284,4.3078270550722664e-07,0.6868477463722229,0.6749392747879028,-0.019280513748526573,0.6325954794883728,0.5915151238441467,-0.029241422191262245,0.5942265391349792,0.5282976031303406,-0.03949303179979324,0.554959774017334,0.4993852376937866,-0.0505937859416008,0.6754961013793945,0.4661724269390106,-0.011540456674993038,0.6659783720970154,0.3698858618736267,-0.03186839818954468,0.6645128130912781,0.31352996826171875,-0.05081885680556297,0.6653196811676025,0.2618527114391327,-0.06456262618303299,0.7195366621017456,0.4571358859539032,-0.018749341368675232,0.7161701321601868,0.3510133624076843,-0.03290602192282677,0.7154800891876221,0.2844984531402588,-0.04842814430594444,0.7152886986732483,0.2267211675643921,-0.061078254133462906,0.7616166472434998,0.4693668782711029,-0.029780063778162003,0.7655861973762512,0.37808242440223694,-0.044594015926122665,0.761847734451294,0.3256798982620239,-0.05361437425017357,0.7555522918701172,0.2806732654571533,-0.0609561912715435,0.8018261790275574,0.4995496869087219,-0.04331069812178612,0.8090823888778687,0.42751413583755493,-0.05537897348403931,0.808828592300415,0.3849402666091919,-0.056984882801771164,0.8039153218269348,0.3489478826522827,-0.05849272757768631,0,0,0,0,0,0,0,0,0,0,0,0,0,0,0,0,0,0,0,0,0,0,0,0,0,0,0,0,0,0,0,0,0,0,0,0,0,0,0,0,0,0,0,0,0,0,0,0,0,0,0,0,0,0,0,0,0,0,0,0,0,0,0,stop
0.44826412200927734,0.4279111623764038,-0.6300784349441528,0.46805787086486816,0.36811792850494385,-0.6265782713890076,0.4820663034915924,0.36552393436431885,-0.6262903809547424,0.4973977208137512,0.36281144618988037,-0.6258733868598938,0.4343615174293518,0.3735513687133789,-0.5795451402664185,0.42464032769203186,0.37448978424072266,-0.5787774324417114,0.4142603874206543,0.3760414123535156,-0.579115092754364,0.5333011746406555,0.3742254972457886,-0.4405515193939209,0.41549044847488403,0.390746146440506,-0.20827123522758484,0.48189449310302734,0.48072701692581177,-0.5485190749168396,0.4370323717594147,0.4877437949180603,-0.4877456724643707,0.689322829246521,0.6343079209327698,-0.3030635416507721,0.32766813039779663,0.6922939419746399,-0.015891574323177338,0.8880139589309692,0.9637144207954407,-0.8467282056808472,0.23956699669361115,0.9895033240318298,-0.11346299946308136,0.7969447374343872,0.7016962766647339,-1.378341555595398,0.20736274123191833,1.343858242034912,-0.6424463987350464,0.8074674606323242,0.5377486944198608,-1.5000559091567993,0.18669354915618896,1.445410132408142,-0.7019924521446228,0.7362692952156067,0.4911305606365204,-1.3741916418075562,0.211152583360672,1.4205917119979858,-0.7626004815101624,0.7099226117134094,0.5666372776031494,-1.3457472324371338,0.22703322768211365,1.3881793022155762,-0.6894069910049438,0.6701148152351379,1.423753261566162,-0.1526089757680893,0.4010158181190491,1.4280447959899902,0.1578194797039032,0.659217894077301,2.047715902328491,-0.1187904104590416,0.40827417373657227,2.049726963043213,0.29265832901000977,0.6812405586242676,2.605931043624878,0.3962273597717285,0.4341394007205963,2.6044058799743652,0.7505480051040649,0.693160891532898,2.680363655090332,0.41651472449302673,0.4337780475616455,2.6774795055389404,0.7872675657272339,0.6413456797599792,2.774517059326172,-0.12489360570907593,0.46606922149658203,2.779592990875244,0.2254173755645752,0.7675282955169678,0.6996938586235046,4.791919536728528e-07,0.6948063969612122,0.661191999912262,-0.027165574952960014,0.6439704895019531,0.5818668007850647,-0.04350191727280617,0.6138133406639099,0.5115021467208862,-0.05828993767499924,0.5780574679374695,0.46423789858818054,-0.07325064390897751,0.6980116963386536,0.44861581921577454,-0.025111323222517967,0.6887599229812622,0.3464268445968628,-0.048215627670288086,0.6890422105789185,0.28554093837738037,-0.06868692487478256,0.692185640335083,0.22934630513191223,-0.08384355902671814,0.7454238533973694,0.43813639879226685,-0.030387789011001587,0.7422425746917725,0.3216935098171234,-0.04782272130250931,0.7428356409072876,0.2486167848110199,-0.06606276333332062,0.7442234754562378,0.18405544757843018,-0.08050898462533951,0.7902716994285583,0.453101247549057,-0.03929784893989563,0.7909509539604187,0.34575149416923523,-0.05704523250460625,0.790198802947998,0.27784907817840576,-0.06931298971176147,0.7877027988433838,0.21759355068206787,-0.07905092090368271,0.8335564136505127,0.4879818558692932,-0.050909943878650665,0.8379535675048828,0.40740329027175903,-0.06728582084178925,0.8359475135803223,0.35431236028671265,-0.07232142984867096,0.8313719630241394,0.30579158663749695,-0.07580984383821487,0,0,0,0,0,0,0,0,0,0,0,0,0,0,0,0,0,0,0,0,0,0,0,0,0,0,0,0,0,0,0,0,0,0,0,0,0,0,0,0,0,0,0,0,0,0,0,0,0,0,0,0,0,0,0,0,0,0,0,0,0,0,0,stop
0.44800418615341187,0.430508553981781,-0.61525559425354,0.46781349182128906,0.3695289194583893,-0.6112624406814575,0.48186826705932617,0.36681005358695984,-0.610979437828064,0.4972759187221527,0.36407747864723206,-0.6105799674987793,0.4340740740299225,0.37533867359161377,-0.5679305195808411,0.4244512915611267,0.37623313069343567,-0.5670878291130066,0.4140797257423401,0.37777137756347656,-0.5674150586128235,0.533252477645874,0.37565040588378906,-0.42269349098205566,0.4152653217315674,0.3912738263607025,-0.20214004814624786,0.48180991411209106,0.4816915690898895,-0.5340839624404907,0.43663865327835083,0.4894882142543793,-0.4749995172023773,0.6901652812957764,0.6286255717277527,-0.2925114929676056,0.3270891606807709,0.6909172534942627,-0.003961328882724047,0.8969635963439941,0.9767012000083923,-0.8159144520759583,0.2454301118850708,0.9905949831008911,-0.1054595336318016,0.8028091192245483,0.6953327059745789,-1.269231915473938,0.20800533890724182,1.349902868270874,-0.6416109800338745,0.800178050994873,0.52292799949646,-1.377692461013794,0.18678253889083862,1.4511706829071045,-0.696879506111145,0.7358710169792175,0.4730715751647949,-1.2441842555999756,0.20945993065834045,1.4216557741165161,-0.759897768497467,0.709679901599884,0.5553153157234192,-1.2312126159667969,0.2265373170375824,1.3889061212539673,-0.690436065196991,0.6701998114585876,1.425511121749878,-0.15229232609272003,0.40149760246276855,1.4309159517288208,0.1575433313846588,0.660525918006897,2.049985885620117,-0.14309249818325043,0.4086795449256897,2.050910234451294,0.33297887444496155,0.6814531087875366,2.6075541973114014,0.3319475054740906,0.43398720026016235,2.6048507690429688,0.8136543035507202,0.6934621334075928,2.6807425022125244,0.35078665614128113,0.43354421854019165,2.6778221130371094,0.8523073196411133,0.641833484172821,2.7773170471191406,-0.19594183564186096,0.466660737991333,2.77984881401062,0.2972245514392853,0.7729368209838867,0.7065036296844482,4.014843284494418e-07,0.6991938352584839,0.6665173768997192,-0.02745039388537407,0.6459965705871582,0.5848203301429749,-0.04311675205826759,0.6163558959960938,0.5123053193092346,-0.05726304650306702,0.5812479257583618,0.46252867579460144,-0.07142474502325058,0.6982942819595337,0.45147061347961426,-0.021735956892371178,0.6893169283866882,0.34851664304733276,-0.04583544656634331,0.688607931137085,0.2869992256164551,-0.06717529892921448,0.6923011541366577,0.2301037311553955,-0.08303077518939972,0.746344268321991,0.43919187784194946,-0.027205120772123337,0.7416538000106812,0.3239004611968994,-0.046030331403017044,0.7416038513183594,0.25044405460357666,-0.06472141295671463,0.7436279654502869,0.1839430332183838,-0.0793788954615593,0.7917526364326477,0.45156389474868774,-0.03700856491923332,0.7902514934539795,0.34461528062820435,-0.055656008422374725,0.7891445755958557,0.2774302065372467,-0.06797123700380325,0.7874086499214172,0.21762150526046753,-0.07766116410493851,0.8369269371032715,0.48322150111198425,-0.04986853897571564,0.8387134671211243,0.4024532735347748,-0.06653102487325668,0.8361219763755798,0.3485546112060547,-0.07230299711227417,0.8314248323440552,0.29855653643608093,-0.07648774981498718,0,0,0,0,0,0,0,0,0,0,0,0,0,0,0,0,0,0,0,0,0,0,0,0,0,0,0,0,0,0,0,0,0,0,0,0,0,0,0,0,0,0,0,0,0,0,0,0,0,0,0,0,0,0,0,0,0,0,0,0,0,0,0,stop
0.4481000006198883,0.430498868227005,-0.6290201544761658,0.46787089109420776,0.36948615312576294,-0.6193279027938843,0.48195257782936096,0.3667529821395874,-0.6190436482429504,0.49742990732192993,0.3640182614326477,-0.6186532974243164,0.4340633451938629,0.3752974569797516,-0.5786266326904297,0.42444825172424316,0.3761771023273468,-0.5777499079704285,0.4140527844429016,0.3777023255825043,-0.578050971031189,0.5332592725753784,0.3756411373615265,-0.41811490058898926,0.41441431641578674,0.39104780554771423,-0.2053966224193573,0.4818907380104065,0.48133042454719543,-0.5423197746276855,0.43652719259262085,0.4894656836986542,-0.48621439933776855,0.6847271919250488,0.6209777593612671,-0.29301029443740845,0.32502079010009766,0.6883034110069275,-0.0033848420716822147,0.8953706622123718,0.977541983127594,-0.8380674123764038,0.24542617797851562,0.99113929271698,-0.1079321876168251,0.8088076710700989,0.6961188912391663,-1.3602235317230225,0.2061658650636673,1.3624494075775146,-0.6426454782485962,0.8154422044754028,0.5213010907173157,-1.4853230714797974,0.18278366327285767,1.46043062210083,-0.6978314518928528,0.7388714551925659,0.4728257954120636,-1.3464863300323486,0.20338471233844757,1.4386171102523804,-0.7637778520584106,0.7346864342689514,0.5652934908866882,-1.3239009380340576,0.22210821509361267,1.4071625471115112,-0.6916464567184448,0.6706187725067139,1.4240049123764038,-0.15618517994880676,0.4020839333534241,1.430936336517334,0.16145306825637817,0.6606711149215698,2.0508854389190674,-0.17399176955223083,0.410480797290802,2.051564931869507,0.34809809923171997,0.6820331811904907,2.608762264251709,0.30441969633102417,0.43690353631973267,2.606071710586548,0.8380011320114136,0.6942439675331116,2.682403087615967,0.32313165068626404,0.4360782206058502,2.6795849800109863,0.877735435962677,0.642746090888977,2.777965784072876,-0.23686392605304718,0.472106397151947,2.781002998352051,0.31043320894241333,0.7728406190872192,0.713106095790863,4.084692193373485e-07,0.6988515853881836,0.6714156866073608,-0.027062013745307922,0.6465062499046326,0.5888022184371948,-0.04274285212159157,0.6163927912712097,0.5171815752983093,-0.057026080787181854,0.5808945894241333,0.4676380753517151,-0.07144047319889069,0.6982232332229614,0.4554970860481262,-0.021873407065868378,0.6883736848831177,0.35163456201553345,-0.04626614227890968,0.6875196099281311,0.2898263931274414,-0.06771129369735718,0.6915688514709473,0.23266887664794922,-0.08363176137208939,0.7466473579406738,0.44429510831832886,-0.02788153477013111,0.7408301830291748,0.32748061418533325,-0.04672745242714882,0.7410508394241333,0.253767192363739,-0.06544900685548782,0.7438457608222961,0.18728718161582947,-0.08013354986906052,0.792375922203064,0.4581097960472107,-0.038183458149433136,0.7893304228782654,0.34854602813720703,-0.05715404823422432,0.7889007329940796,0.28116852045059204,-0.06910224258899689,0.7882959246635437,0.2212619185447693,-0.07850810140371323,0.8378809094429016,0.49138376116752625,-0.05146963149309158,0.8384924530982971,0.41010019183158875,-0.06868704408407211,0.8355733156204224,0.3560791015625,-0.07418197393417358,0.830806314945221,0.3059963583946228,-0.07808318734169006,0,0,0,0,0,0,0,0,0,0,0,0,0,0,0,0,0,0,0,0,0,0,0,0,0,0,0,0,0,0,0,0,0,0,0,0,0,0,0,0,0,0,0,0,0,0,0,0,0,0,0,0,0,0,0,0,0,0,0,0,0,0,0,stop
0.44824808835983276,0.43066155910491943,-0.6462203860282898,0.468036025762558,0.3696100413799286,-0.643404483795166,0.48240476846694946,0.3668632507324219,-0.6430840492248535,0.49812746047973633,0.3641338646411896,-0.6427285075187683,0.4338894784450531,0.37546128034591675,-0.5951471328735352,0.4242315888404846,0.37631553411483765,-0.5942119359970093,0.4137292802333832,0.37783634662628174,-0.5944911241531372,0.533443808555603,0.3761083781719208,-0.4644806385040283,0.41315239667892456,0.3911070227622986,-0.2222563773393631,0.48256951570510864,0.4813033640384674,-0.571764349937439,0.4363006055355072,0.49000951647758484,-0.5045338869094849,0.6856011152267456,0.6229225993156433,-0.35705727338790894,0.3239075541496277,0.6926942467689514,-0.014043604955077171,0.8965091705322266,0.9889040589332581,-0.8463184237480164,0.24535393714904785,1.014664888381958,-0.0992795079946518,0.8103065490722656,0.6961535811424255,-1.2565268278121948,0.19969819486141205,1.39210844039917,-0.6290496587753296,0.8213138580322266,0.5200015306472778,-1.3598060607910156,0.1715526282787323,1.4820212125778198,-0.6833057999610901,0.7435671091079712,0.4628954529762268,-1.2229183912277222,0.1871723085641861,1.461724877357483,-0.7517200112342834,0.7395505309104919,0.5692170858383179,-1.2166213989257812,0.20739153027534485,1.4324308633804321,-0.6797440052032471,0.671374499797821,1.4332292079925537,-0.16988597810268402,0.4024716913700104,1.4422742128372192,0.17528370022773743,0.6623488664627075,2.0665345191955566,-0.153534397482872,0.4105757176876068,2.06624698638916,0.48183923959732056,0.6855248808860779,2.6187946796417236,0.406202495098114,0.43739789724349976,2.6168487071990967,1.0960471630096436,0.6983545422554016,2.692244052886963,0.43440431356430054,0.4366382956504822,2.690453052520752,1.1499273777008057,0.6455665826797485,2.7900800704956055,-0.12596508860588074,0.473700612783432,2.7937862873077393,0.5923163890838623,0.7752189636230469,0.7226458191871643,3.746806385152013e-07,0.6996164917945862,0.6830833554267883,-0.027960926294326782,0.6461588740348816,0.5995283126831055,-0.04321373254060745,0.6162987351417542,0.5258669853210449,-0.056835904717445374,0.5798181891441345,0.4758438766002655,-0.0704711526632309,0.6992329359054565,0.46674367785453796,-0.021348871290683746,0.6887688040733337,0.36353981494903564,-0.04521482437849045,0.6873887181282043,0.30127930641174316,-0.06620050221681595,0.6909299492835999,0.2440522164106369,-0.08214583992958069,0.7475181818008423,0.45475807785987854,-0.026945600286126137,0.7419561743736267,0.33805519342422485,-0.045324377715587616,0.7425727248191833,0.2653568387031555,-0.06331367045640945,0.7451404929161072,0.20078116655349731,-0.07771209627389908,0.7925370931625366,0.467809796333313,-0.037130314856767654,0.789802074432373,0.3592303693294525,-0.0564860962331295,0.7890652418136597,0.29259294271469116,-0.06845474988222122,0.7875202894210815,0.23343214392662048,-0.07806365936994553,0.8381266593933105,0.5001609921455383,-0.05042567104101181,0.8394820690155029,0.42087340354919434,-0.06840047985315323,0.8365821838378906,0.3690684735774994,-0.07454200088977814,0.8307508826255798,0.32090675830841064,-0.07914449274539948,0,0,0,0,0,0,0,0,0,0,0,0,0,0,0,0,0,0,0,0,0,0,0,0,0,0,0,0,0,0,0,0,0,0,0,0,0,0,0,0,0,0,0,0,0,0,0,0,0,0,0,0,0,0,0,0,0,0,0,0,0,0,0,stop
0.4482566714286804,0.43091800808906555,-0.6666104197502136,0.46808773279190063,0.3697553277015686,-0.6600724458694458,0.4825564920902252,0.3670182228088379,-0.659772515296936,0.49832266569137573,0.3643282353878021,-0.6594060063362122,0.43354469537734985,0.37562575936317444,-0.6134788990020752,0.4237744212150574,0.3764583170413971,-0.6125287413597107,0.41297274827957153,0.37799736857414246,-0.6127755045890808,0.5334459543228149,0.3765944242477417,-0.46540069580078125,0.4107593595981598,0.39128491282463074,-0.23153242468833923,0.48259323835372925,0.4814150929450989,-0.5871883630752563,0.4353976845741272,0.4908900856971741,-0.5218380093574524,0.6848484873771667,0.6240754723548889,-0.3515324294567108,0.32163554430007935,0.6937674283981323,-0.017745379358530045,0.8985331654548645,0.9916306734085083,-0.8501535654067993,0.24471843242645264,1.0261950492858887,-0.12658271193504333,0.8102664947509766,0.696038544178009,-1.2856833934783936,0.19086821377277374,1.3883888721466064,-0.7214885950088501,0.8224467039108276,0.5222548246383667,-1.3970491886138916,0.1600458323955536,1.4705969095230103,-0.7854309678077698,0.7443066835403442,0.46040454506874084,-1.265222191810608,0.17359305918216705,1.4415061473846436,-0.8502693176269531,0.7389037609100342,0.5558645725250244,-1.2491263151168823,0.1952441930770874,1.415819525718689,-0.7727056741714478,0.6716107726097107,1.4348708391189575,-0.17317673563957214,0.4016041159629822,1.4450652599334717,0.17868950963020325,0.6622916460037231,2.0699617862701416,-0.14359073340892792,0.40854892134666443,2.0706288814544678,0.49278396368026733,0.6852456331253052,2.6218643188476562,0.42287835478782654,0.434469610452652,2.6212871074676514,1.1048758029937744,0.6979895234107971,2.6947853565216064,0.45099300146102905,0.4336775839328766,2.6947264671325684,1.1585729122161865,0.6447669863700867,2.7948997020721436,-0.11218617111444473,0.47205600142478943,2.7998948097229004,0.5908719897270203,0.7758070230484009,0.7226009368896484,4.169118028585217e-07,0.7008776068687439,0.6839084029197693,-0.02824277989566326,0.6471379399299622,0.6011625528335571,-0.04406801983714104,0.6174020767211914,0.5275827646255493,-0.058037664741277695,0.5803629159927368,0.47902777791023254,-0.07215747237205505,0.6984009146690369,0.46768856048583984,-0.023926928639411926,0.6881704926490784,0.3644189238548279,-0.04822062328457832,0.687734842300415,0.3029239773750305,-0.06946402788162231,0.692401647567749,0.2458513081073761,-0.08535636216402054,0.7468069195747375,0.4557698965072632,-0.02901880070567131,0.7417681813240051,0.33833247423171997,-0.04733467847108841,0.7423117160797119,0.2652084231376648,-0.0652865394949913,0.7450162172317505,0.19917923212051392,-0.0797579362988472,0.7921792268753052,0.4689866900444031,-0.03846041485667229,0.7895731925964355,0.36030876636505127,-0.05699482932686806,0.789069414138794,0.29392436146736145,-0.06860736012458801,0.7879310846328735,0.23434802889823914,-0.0781746357679367,0.8380340933799744,0.5013152956962585,-0.051020096987485886,0.8391823768615723,0.42138659954071045,-0.06815303862094879,0.8364626169204712,0.36877912282943726,-0.07386554777622223,0.831095814704895,0.3192073106765747,-0.07825035601854324,0,0,0,0,0,0,0,0,0,0,0,0,0,0,0,0,0,0,0,0,0,0,0,0,0,0,0,0,0,0,0,0,0,0,0,0,0,0,0,0,0,0,0,0,0,0,0,0,0,0,0,0,0,0,0,0,0,0,0,0,0,0,0,stop
0.4481196999549866,0.43336617946624756,-0.7235530614852905,0.46808212995529175,0.37091511487960815,-0.7306329011917114,0.48259204626083374,0.368285596370697,-0.7303837537765503,0.4984664022922516,0.36578860878944397,-0.7299728393554688,0.4330523908138275,0.3766639530658722,-0.6706513166427612,0.42321091890335083,0.37738582491874695,-0.6696985363960266,0.41219720244407654,0.378913938999176,-0.6698908805847168,0.5336068868637085,0.3777911365032196,-0.558044970035553,0.40924954414367676,0.3920539915561676,-0.26587316393852234,0.48248523473739624,0.48423054814338684,-0.6500226855278015,0.43437251448631287,0.49384787678718567,-0.5671666860580444,0.6914451122283936,0.6272165179252625,-0.43287229537963867,0.3214162290096283,0.694751501083374,-0.02036658674478531,0.9003483653068542,1.003097653388977,-1.0031205415725708,0.24510014057159424,1.033449649810791,-0.1296934187412262,0.8079116940498352,0.697831392288208,-1.4825583696365356,0.19205006957054138,1.3315564393997192,-0.7343921661376953,0.8197876214981079,0.5266850590705872,-1.603616714477539,0.16231507062911987,1.3893249034881592,-0.7949108481407166,0.7438001036643982,0.46300703287124634,-1.4574613571166992,0.1770765334367752,1.3483113050460815,-0.8411010503768921,0.734419584274292,0.5534881353378296,-1.4391429424285889,0.19817766547203064,1.331165075302124,-0.7776445150375366,0.6720975637435913,1.4459469318389893,-0.1966383159160614,0.4016682207584381,1.4565776586532593,0.20201289653778076,0.661390483379364,2.0778932571411133,-0.10688026249408722,0.4069989323616028,2.081834316253662,0.6126394867897034,0.6847213506698608,2.627229928970337,0.5133653879165649,0.43248048424720764,2.6295385360717773,1.3250539302825928,0.6979051828384399,2.69926381111145,0.5473219156265259,0.4320217967033386,2.7026476860046387,1.3900575637817383,0.6426703929901123,2.802886724472046,-0.03019695356488228,0.4698581099510193,2.8089540004730225,0.8150727152824402,0.7770790457725525,0.7286054491996765,4.048432344916364e-07,0.7026564478874207,0.6887803077697754,-0.0280537661164999,0.6488134264945984,0.6057736873626709,-0.044219303876161575,0.6184880137443542,0.5322437286376953,-0.058769986033439636,0.5819984674453735,0.4817991554737091,-0.07349960505962372,0.700780987739563,0.47413626313209534,-0.02411552518606186,0.6912295818328857,0.36992162466049194,-0.049421124160289764,0.6911973357200623,0.3078925907611847,-0.07113379240036011,0.6962088942527771,0.2501176595687866,-0.08733543008565903,0.7497216463088989,0.46251559257507324,-0.030112117528915405,0.7453450560569763,0.345039963722229,-0.0494215302169323,0.7467096447944641,0.2721821963787079,-0.06789550185203552,0.7501131892204285,0.2067880928516388,-0.08268533647060394,0.7953521013259888,0.47597014904022217,-0.04054829105734825,0.7932667136192322,0.3667365610599518,-0.060244880616664886,0.7926848530769348,0.3009170889854431,-0.0720210000872612,0.791587233543396,0.241427481174469,-0.0815422460436821,0.8414403796195984,0.5084385871887207,-0.05407687649130821,0.8422580361366272,0.4279063045978546,-0.07234746217727661,0.8394284248352051,0.37497836351394653,-0.07841192930936813,0.8339666724205017,0.3249310255050659,-0.08291815966367722,0,0,0,0,0,0,0,0,0,0,0,0,0,0,0,0,0,0,0,0,0,0,0,0,0,0,0,0,0,0,0,0,0,0,0,0,0,0,0,0,0,0,0,0,0,0,0,0,0,0,0,0,0,0,0,0,0,0,0,0,0,0,0,stop
0.44806188344955444,0.4341588318347931,-0.7056500911712646,0.46809738874435425,0.3715548515319824,-0.7070893049240112,0.4826788306236267,0.3689117133617401,-0.7068964838981628,0.4986131191253662,0.3664446175098419,-0.7064933180809021,0.4328761100769043,0.37738269567489624,-0.6502878069877625,0.4230538010597229,0.37802061438560486,-0.6493562459945679,0.4120942950248718,0.3794693350791931,-0.6495913863182068,0.5337122082710266,0.377985417842865,-0.5259814858436584,0.40903240442276,0.39253443479537964,-0.2543956935405731,0.4824751019477844,0.4844680428504944,-0.6295569539070129,0.43385744094848633,0.4947398006916046,-0.5507295727729797,0.7020867466926575,0.6283308863639832,-0.4029511511325836,0.3214013874530792,0.695219099521637,-0.001194899552501738,0.9010437726974487,1.0103871822357178,-0.9620401263237,0.2519228160381317,1.036422848701477,-0.29713040590286255,0.8048328161239624,0.698576807975769,-1.3255233764648438,0.1923595666885376,1.1493818759918213,-1.184753179550171,0.8151372671127319,0.5271308422088623,-1.4130762815475464,0.1624986082315445,1.1470829248428345,-1.2934091091156006,0.7447437047958374,0.4659653902053833,-1.2673605680465698,0.1793014407157898,1.0962258577346802,-1.2978427410125732,0.7305440902709961,0.5539844632148743,-1.2730820178985596,0.19926056265830994,1.1016812324523926,-1.220491647720337,0.67940354347229,1.4542893171310425,-0.19273294508457184,0.4069756865501404,1.4646488428115845,0.19818200170993805,0.6666460633277893,2.0813629627227783,-0.12250936031341553,0.4092751443386078,2.0895214080810547,0.5957959890365601,0.6902378797531128,2.6301660537719727,0.41600632667541504,0.4338754713535309,2.634673833847046,1.2601698637008667,0.705116868019104,2.702335834503174,0.43648773431777954,0.43354296684265137,2.7064757347106934,1.3179962635040283,0.6460272669792175,2.8044116497039795,-0.15381719172000885,0.47144222259521484,2.8174784183502197,0.7607688903808594,0.7772402763366699,0.7322025299072266,4.1495763980492484e-07,0.7021427750587463,0.6935210227966309,-0.028678663074970245,0.6488688588142395,0.6099450588226318,-0.044431403279304504,0.6194353103637695,0.5360864996910095,-0.0582217313349247,0.5829957723617554,0.48696544766426086,-0.0722716748714447,0.7017032504081726,0.47663769125938416,-0.024821041151881218,0.691734790802002,0.37303978204727173,-0.04914824292063713,0.6915647387504578,0.31111711263656616,-0.07027841359376907,0.6960436701774597,0.25355684757232666,-0.08613499999046326,0.7504045367240906,0.46510177850723267,-0.029880013316869736,0.745894193649292,0.34737396240234375,-0.04849611222743988,0.7468960285186768,0.27424269914627075,-0.06657317280769348,0.7498192191123962,0.2083205282688141,-0.08102595806121826,0.7958932518959045,0.47905129194259644,-0.03926026448607445,0.7934774160385132,0.36922556161880493,-0.058297716081142426,0.7929779291152954,0.3026968538761139,-0.07009734958410263,0.7918912172317505,0.24292445182800293,-0.07959363609552383,0.8414674401283264,0.5121939778327942,-0.05173548310995102,0.8422393798828125,0.4304909110069275,-0.06936261802911758,0.8397975564002991,0.3766506314277649,-0.0752628818154335,0.8351370692253113,0.32604843378067017,-0.07964824885129929,0,0,0,0,0,0,0,0,0,0,0,0,0,0,0,0,0,0,0,0,0,0,0,0,0,0,0,0,0,0,0,0,0,0,0,0,0,0,0,0,0,0,0,0,0,0,0,0,0,0,0,0,0,0,0,0,0,0,0,0,0,0,0,stop
0.448011577129364,0.4347473680973053,-0.6982017755508423,0.4680968225002289,0.3720068633556366,-0.700204074382782,0.4826856255531311,0.36937397718429565,-0.700008749961853,0.49862757325172424,0.3669615387916565,-0.6996001601219177,0.4327382445335388,0.37788769602775574,-0.6425380110740662,0.4229448735713959,0.37848469614982605,-0.6416082382202148,0.412057489156723,0.37988758087158203,-0.6418540477752686,0.5338044166564941,0.37829262018203735,-0.5262280106544495,0.40906229615211487,0.3929905593395233,-0.24708953499794006,0.4824904799461365,0.48461633920669556,-0.6252226233482361,0.4336611330509186,0.4954265058040619,-0.5450035333633423,0.7099705934524536,0.6313180923461914,-0.3965880274772644,0.3216117322444916,0.6972708106040955,0.0004491385188885033,0.9019145965576172,1.015647292137146,-0.9401363134384155,0.2557215392589569,1.0383342504501343,-0.2263161689043045,0.8034877777099609,0.6994267106056213,-1.2555649280548096,0.1926266849040985,1.2160663604736328,-0.9786986112594604,0.8123198747634888,0.527326762676239,-1.3450040817260742,0.16274407505989075,1.2445454597473145,-1.0653061866760254,0.7455679178237915,0.4676995277404785,-1.2024896144866943,0.17786115407943726,1.1991127729415894,-1.0928224325180054,0.727418839931488,0.5545929074287415,-1.2062338590621948,0.19952669739723206,1.192431092262268,-1.020342469215393,0.68524169921875,1.4609565734863281,-0.1912652552127838,0.4103523790836334,1.4725300073623657,0.19681021571159363,0.6737027764320374,2.0885732173919678,-0.12469013035297394,0.4131503105163574,2.0987796783447266,0.5912741422653198,0.6995353698730469,2.6384339332580566,0.4212161600589752,0.4391396641731262,2.644399404525757,1.2651774883270264,0.7149224281311035,2.7119100093841553,0.44456642866134644,0.4391949772834778,2.7166976928710938,1.3248639106750488,0.6555114388465881,2.812171459197998,-0.14013108611106873,0.47833842039108276,2.8280375003814697,0.7691263556480408,0.7767330408096313,0.7323169708251953,4.279066558865452e-07,0.7019181847572327,0.6933165788650513,-0.029023228213191032,0.6487862467765808,0.6100473403930664,-0.04521987587213516,0.6193599700927734,0.5358969569206238,-0.059399738907814026,0.5826415419578552,0.4867125451564789,-0.07377353310585022,0.70149165391922,0.47646182775497437,-0.02500230073928833,0.6920884847640991,0.37275493144989014,-0.04940453916788101,0.6920138001441956,0.31096386909484863,-0.07068655639886856,0.6967512965202332,0.2534323036670685,-0.08660401403903961,0.7500366568565369,0.4650190472602844,-0.029799344018101692,0.7460277676582336,0.34701287746429443,-0.04821975156664848,0.7469080090522766,0.2738505005836487,-0.06613396853208542,0.749797523021698,0.20793256163597107,-0.08052857965230942,0.795390784740448,0.478838175535202,-0.03896452113986015,0.7931997179985046,0.36910921335220337,-0.05751964822411537,0.7928063273429871,0.3027483820915222,-0.06893205642700195,0.791986346244812,0.24313923716545105,-0.07829594612121582,0.8409754037857056,0.5117290019989014,-0.05131688714027405,0.8419721722602844,0.43050283193588257,-0.06832630187273026,0.8397367596626282,0.3772772550582886,-0.07383175194263458,0.8352264165878296,0.32719939947128296,-0.07802565395832062,0,0,0,0,0,0,0,0,0,0,0,0,0,0,0,0,0,0,0,0,0,0,0,0,0,0,0,0,0,0,0,0,0,0,0,0,0,0,0,0,0,0,0,0,0,0,0,0,0,0,0,0,0,0,0,0,0,0,0,0,0,0,0,stop
0.4469600319862366,0.4355340301990509,-0.7204563021659851,0.46751484274864197,0.37258684635162354,-0.7286566495895386,0.48216819763183594,0.3699757158756256,-0.728244960308075,0.4981313645839691,0.3676469027996063,-0.7277513146400452,0.43204984068870544,0.3785928189754486,-0.6704584360122681,0.42236509919166565,0.37921997904777527,-0.6695183515548706,0.4115106463432312,0.3807460367679596,-0.6697655916213989,0.533751368522644,0.37934887409210205,-0.5829191207885742,0.40903204679489136,0.3937187194824219,-0.3039277195930481,0.4811447262763977,0.4852670431137085,-0.6582547426223755,0.4325304627418518,0.49652305245399475,-0.578361451625824,0.7096225023269653,0.643480658531189,-0.44765791296958923,0.3203844428062439,0.6985938549041748,-0.061055999249219894,0.9017471075057983,1.0206388235092163,-0.9227770566940308,0.2541799545288086,1.0335326194763184,-0.12145634740591049,0.8028697967529297,0.6999074220657349,-1.2383569478988647,0.18560251593589783,1.357492208480835,-0.612837553024292,0.8111759424209595,0.5276508331298828,-1.3322713375091553,0.1511548012495041,1.439252257347107,-0.6585037708282471,0.7452138066291809,0.4696684181690216,-1.188208818435669,0.1680472046136856,1.4124042987823486,-0.7310479879379272,0.7257063984870911,0.5560338497161865,-1.1912612915039062,0.1902708113193512,1.3846930265426636,-0.6657183766365051,0.6843421459197998,1.469801425933838,-0.1880696564912796,0.40775471925735474,1.4791425466537476,0.19373127818107605,0.6711212992668152,2.104947566986084,-0.12177814543247223,0.4101174771785736,2.1062772274017334,0.5424516201019287,0.6931105256080627,2.6551313400268555,0.43500763177871704,0.4304923117160797,2.654254913330078,1.201777696609497,0.7073167562484741,2.7305312156677246,0.4624304175376892,0.42991209030151367,2.729914903640747,1.2597792148590088,0.6481115818023682,2.82912540435791,-0.10463589429855347,0.46820539236068726,2.8343000411987305,0.7035852670669556,0.7774381637573242,0.7313936352729797,4.093362804269418e-07,0.7022761702537537,0.6936613321304321,-0.02820906601846218,0.6481360793113708,0.6107592582702637,-0.044065915048122406,0.6183214783668518,0.5367980599403381,-0.05806199833750725,0.5814160108566284,0.48761722445487976,-0.07236588001251221,0.7002758979797363,0.47812116146087646,-0.02503243274986744,0.6909196376800537,0.37444812059402466,-0.0491756871342659,0.6903262734413147,0.3130074739456177,-0.07003026455640793,0.6943538188934326,0.25566306710243225,-0.08577252924442291,0.7490139007568359,0.46658506989479065,-0.03030557744204998,0.7439830303192139,0.34905099868774414,-0.04890921711921692,0.7444512248039246,0.2760468125343323,-0.06697971373796463,0.7466456294059753,0.20954927802085876,-0.08154928684234619,0.7946673035621643,0.4801728427410126,-0.03978784382343292,0.7914406657218933,0.3710705041885376,-0.0588691420853138,0.7903115153312683,0.30452942848205566,-0.07083719968795776,0.7882375121116638,0.24418556690216064,-0.08059683442115784,0.8407139182090759,0.5122534036636353,-0.052265871316194534,0.8408714532852173,0.4314652979373932,-0.06993667781352997,0.8380072116851807,0.37922412157058716,-0.07585332542657852,0.8328100442886353,0.3297765254974365,-0.08035135269165039,0,0,0,0,0,0,0,0,0,0,0,0,0,0,0,0,0,0,0,0,0,0,0,0,0,0,0,0,0,0,0,0,0,0,0,0,0,0,0,0,0,0,0,0,0,0,0,0,0,0,0,0,0,0,0,0,0,0,0,0,0,0,0,stop
0.44658833742141724,0.43600955605506897,-0.6793544292449951,0.4672321379184723,0.37324175238609314,-0.6993151307106018,0.4819031357765198,0.3706217110157013,-0.6987347602844238,0.4978345036506653,0.3682928681373596,-0.698179304599762,0.43173256516456604,0.3792964220046997,-0.6363867521286011,0.4220680594444275,0.37989476323127747,-0.6354534029960632,0.4112299978733063,0.38142892718315125,-0.6357531547546387,0.5337433815002441,0.3795831501483917,-0.5551332235336304,0.40906792879104614,0.39397934079170227,-0.2888947129249573,0.4810338020324707,0.48528391122817993,-0.6337935924530029,0.4322810769081116,0.4968060553073883,-0.5474018454551697,0.7070187330245972,0.6433327198028564,-0.42289161682128906,0.32293015718460083,0.6984594464302063,-0.049512915313243866,0.9016901254653931,1.020084261894226,-0.868991494178772,0.2583795189857483,1.0253952741622925,-0.08581499010324478,0.8029193878173828,0.698503851890564,-1.1541351079940796,0.19190417230129242,1.404030442237854,-0.5771310925483704,0.8106434941291809,0.5208244323730469,-1.2385945320129395,0.1565231829881668,1.4995959997177124,-0.6239330768585205,0.7443453073501587,0.46324431896209717,-1.1050231456756592,0.17272637784481049,1.4762672185897827,-0.6948245167732239,0.7249270677566528,0.5514946579933167,-1.1110568046569824,0.19472716748714447,1.4439046382904053,-0.6295226812362671,0.6842930912971497,1.4691277742385864,-0.17152757942676544,0.4077220559120178,1.4769330024719238,0.1771869659423828,0.6694920659065247,2.104963779449463,-0.15193556249141693,0.40896710753440857,2.1042721271514893,0.4875876009464264,0.6859602928161621,2.656482219696045,0.3447853922843933,0.42575088143348694,2.6530048847198486,1.1050611734390259,0.6979138851165771,2.732393980026245,0.36709660291671753,0.4247685968875885,2.7284677028656006,1.155251383781433,0.6432904601097107,2.8273839950561523,-0.18457463383674622,0.46199217438697815,2.832761526107788,0.6257744431495667,0.7781341671943665,0.7304294109344482,4.277472669400595e-07,0.7030214071273804,0.6923873424530029,-0.02905498631298542,0.6491931080818176,0.6089954376220703,-0.04508905112743378,0.6192049980163574,0.5343247056007385,-0.05904208496212959,0.5819811820983887,0.48501935601234436,-0.07315365225076675,0.6997758746147156,0.4772157669067383,-0.02527034841477871,0.6897501945495605,0.3733598589897156,-0.04959205910563469,0.689209520816803,0.31177571415901184,-0.07054378092288971,0.693684458732605,0.2548532783985138,-0.0860922560095787,0.7482307553291321,0.4647223651409149,-0.029802197590470314,0.7432599067687988,0.34648269414901733,-0.04817252233624458,0.7435131669044495,0.2732977569103241,-0.06598716974258423,0.7458683252334595,0.20799747109413147,-0.08024439960718155,0.7938063144683838,0.47741377353668213,-0.03865998983383179,0.7913558483123779,0.36750805377960205,-0.0572018101811409,0.7905416488647461,0.3008936643600464,-0.069034643471241,0.7891369462013245,0.24161863327026367,-0.07864870131015778,0.8396784067153931,0.5089482665061951,-0.050619933754205704,0.8402800559997559,0.4275580048561096,-0.0678519681096077,0.8374711871147156,0.3740713894367218,-0.07383725792169571,0.8323385715484619,0.3240829110145569,-0.0783119648694992,0,0,0,0,0,0,0,0,0,0,0,0,0,0,0,0,0,0,0,0,0,0,0,0,0,0,0,0,0,0,0,0,0,0,0,0,0,0,0,0,0,0,0,0,0,0,0,0,0,0,0,0,0,0,0,0,0,0,0,0,0,0,0,stop
