0.44362789392471313,0.4295748472213745,-0.658511221408844,0.4730139374732971,0.367336630821228,-0.6434952020645142,0.49164658784866333,0.36467838287353516,-0.6432067155838013,0.5093737840652466,0.36282384395599365,-0.6432204246520996,0.43124690651893616,0.37120532989501953,-0.5969206690788269,0.4211861491203308,0.3698238730430603,-0.5961968898773193,0.4133543074131012,0.36783158779144287,-0.5964455008506775,0.5475853681564331,0.37561696767807007,-0.42152196168899536,0.4213535189628601,0.3764877915382385,-0.17728129029273987,0.484588086605072,0.481706440448761,-0.573957085609436,0.42976266145706177,0.48717743158340454,-0.5043400526046753,0.7247958183288574,0.6613771319389343,-0.29213446378707886,0.34945690631866455,0.6815601587295532,-0.038116972893476486,0.7918462753295898,1.045881748199463,-0.38057002425193787,0.21911051869392395,1.0178306102752686,-0.4322647452354431,0.7484943866729736,1.364400029182434,-0.4879140853881836,0.33931469917297363,0.7216984629631042,-1.116394281387329,0.7442231178283691,1.4599717855453491,-0.5511916279792786,0.34622296690940857,0.6098101735115051,-1.2525303363800049,0.6896626949310303,1.436529517173767,-0.5286501049995422,0.35609567165374756,0.5839357376098633,-1.1693356037139893,0.6809003353118896,1.4060461521148682,-0.48568615317344666,0.36768537759780884,0.6225257515907288,-1.1057225465774536,0.642058253288269,1.401152491569519,-0.1229424700140953,0.37868091464042664,1.389408826828003,0.12749755382537842,0.6255541443824768,1.9717930555343628,-0.10105086863040924,0.39222753047943115,1.9561183452606201,0.27344655990600586,0.6157504320144653,2.456784963607788,0.4614240527153015,0.383279025554657,2.4477624893188477,0.7332484126091003,0.6294237971305847,2.5226569175720215,0.48542889952659607,0.38133910298347473,2.5178277492523193,0.7696782946586609,0.5517871379852295,2.6224238872528076,-0.028264638036489487,0.38518768548965454,2.625150203704834,0.2363610565662384,0,0,0,0,0,0,0,0,0,0,0,0,0,0,0,0,0,0,0,0,0,0,0,0,0,0,0,0,0,0,0,0,0,0,0,0,0,0,0,0,0,0,0,0,0,0,0,0,0,0,0,0,0,0,0,0,0,0,0,0,0,0,0,0.2833462357521057,0.6998013854026794,1.2597951126736007e-07,0.29811933636665344,0.6434488296508789,0.018527215346693993,0.3206058442592621,0.5977919697761536,0.016062505543231964,0.34423062205314636,0.5744068622589111,0.007740197703242302,0.3649635910987854,0.5606600642204285,-0.0017178822308778763,0.3166605532169342,0.5582323670387268,-0.0038092324975878,0.3394271433353424,0.5096423625946045,-0.0168695617467165,0.3667863607406616,0.4864034950733185,-0.023206200450658798,0.38719555735588074,0.477621853351593,-0.025249481201171875,0.31572622060775757,0.5730296969413757,-0.020388200879096985,0.38155800104141235,0.5485225915908813,-0.031422264873981476,0.395612895488739,0.5775713324546814,-0.027136899530887604,0.38949984312057495,0.5948804616928101,-0.020935343578457832,0.3205519914627075,0.6002136468887329,-0.03536077216267586,0.38329288363456726,0.5832869410514832,-0.04251248389482498,0.3923985958099365,0.6055160760879517,-0.03114893101155758,0.3825647532939911,0.6185034513473511,-0.02125963568687439,0.32578209042549133,0.6322845220565796,-0.04899615794420242,0.37505775690078735,0.6213180422782898,-0.04660562798380852,0.38425952196121216,0.6338373422622681,-0.03320702537894249,0.37811973690986633,0.6408409476280212,-0.022553538903594017,thinking
0.4461308419704437,0.42596298456192017,-0.8562326431274414,0.4746894836425781,0.3655906021595001,-0.8353219032287598,0.4929311275482178,0.36326318979263306,-0.8353975415229797,0.5108638405799866,0.36149677634239197,-0.835483193397522,0.4361971318721771,0.36785995960235596,-0.7819512486457825,0.4250830113887787,0.36624735593795776,-0.7813625931739807,0.41629642248153687,0.3641858398914337,-0.7816809415817261,0.5519841909408569,0.3752434551715851,-0.5519048571586609,0.4255444407463074,0.37535035610198975,-0.2750670313835144,0.4841794967651367,0.47700396180152893,-0.7504562139511108,0.43173331022262573,0.4807816445827484,-0.6713078022003174,0.7250747680664062,0.6640097498893738,-0.36917176842689514,0.3488443195819855,0.6814810633659363,-0.10761503875255585,0.7907229661941528,1.0468324422836304,-0.45358806848526,0.21736744046211243,1.016155481338501,-0.5891736149787903,0.7543311715126038,1.4008907079696655,-0.6518722772598267,0.33234933018684387,0.7198061347007751,-1.5010067224502563,0.7536532282829285,1.5035427808761597,-0.7307268977165222,0.3462708294391632,0.6097714304924011,-1.67486572265625,0.7022608518600464,1.4848365783691406,-0.7380973100662231,0.35771605372428894,0.5839136838912964,-1.6141653060913086,0.6903547644615173,1.4509741067886353,-0.663303792476654,0.36793017387390137,0.6222856044769287,-1.5026164054870605,0.6388493776321411,1.402733564376831,-0.13921764492988586,0.3747316598892212,1.389798879623413,0.1430640071630478,0.6092448234558105,1.9932414293289185,-0.10575145483016968,0.3718486726284027,1.97574782371521,0.330154687166214,0.5944725275039673,2.5022776126861572,0.5207840800285339,0.36638644337654114,2.4942567348480225,0.9327370524406433,0.6047964096069336,2.5713274478912354,0.5482535362243652,0.36700567603111267,2.5644867420196533,0.9825199842453003,0.5352718830108643,2.6647088527679443,-0.032702311873435974,0.36345916986465454,2.6701879501342773,0.3565714955329895,0,0,0,0,0,0,0,0,0,0,0,0,0,0,0,0,0,0,0,0,0,0,0,0,0,0,0,0,0,0,0,0,0,0,0,0,0,0,0,0,0,0,0,0,0,0,0,0,0,0,0,0,0,0,0,0,0,0,0,0,0,0,0,0.28737834095954895,0.6972269415855408,8.785024618873649e-08,0.30437618494033813,0.642585277557373,0.013408519327640533,0.33090680837631226,0.5981036424636841,0.010766529478132725,0.3560844659805298,0.5779866576194763,0.0031453666742891073,0.37781327962875366,0.5700715184211731,-0.005269449669867754,0.3354710638523102,0.5575657486915588,-0.0032787909731268883,0.36537161469459534,0.5136632919311523,-0.01512855477631092,0.38879692554473877,0.4876832067966461,-0.022436004132032394,0.40608394145965576,0.4690309762954712,-0.026797570288181305,0.3350876569747925,0.5721508264541626,-0.018046697601675987,0.39673134684562683,0.5584596395492554,-0.029715485870838165,0.39970576763153076,0.5848059058189392,-0.028928961604833603,0.3869340419769287,0.5978844165802002,-0.02642199583351612,0.3383939266204834,0.5999422073364258,-0.031602516770362854,0.3974725306034088,0.59212726354599,-0.04016798734664917,0.3980126678943634,0.6146646738052368,-0.031526900827884674,0.3854871392250061,0.6246634125709534,-0.02428368851542473,0.3415778875350952,0.6331290006637573,-0.044373590499162674,0.3893873393535614,0.6305557489395142,-0.04482569918036461,0.3948162794113159,0.6457325220108032,-0.034484490752220154,0.38847631216049194,0.6522733569145203,-0.026517152786254883,thinking
0.4477415680885315,0.42361703515052795,-0.8729774355888367,0.47567588090896606,0.36418429017066956,-0.854141116142273,0.49373072385787964,0.36205628514289856,-0.8541943430900574,0.5117974281311035,0.360302597284317,-0.8542569875717163,0.4387933313846588,0.3654022812843323,-0.7997052669525146,0.4272095263004303,0.36357104778289795,-0.7990912199020386,0.41801348328590393,0.36138731241226196,-0.7993706464767456,0.5546266436576843,0.3747336268424988,-0.5774503350257874,0.4279017448425293,0.37418699264526367,-0.29480090737342834,0.4840022027492523,0.4740746319293976,-0.7693194150924683,0.43308916687965393,0.47703567147254944,-0.6886705756187439,0.7256232500076294,0.66632080078125,-0.39426055550575256,0.34837597608566284,0.6811695098876953,-0.12206623703241348,0.7904767990112305,1.0480941534042358,-0.46729913353919983,0.21629731357097626,1.0155963897705078,-0.5859609246253967,0.7680898904800415,1.4220210313796997,-0.6577247977256775,0.327558696269989,0.7173717617988586,-1.4733893871307373,0.7728353142738342,1.5263911485671997,-0.7355350852012634,0.3460844159126282,0.6096122860908508,-1.6419181823730469,0.7222117185592651,1.5120643377304077,-0.7441352605819702,0.35830551385879517,0.5835701823234558,-1.583333969116211,0.7073267698287964,1.4774363040924072,-0.6699599623680115,0.3679896295070648,0.6213985085487366,-1.4753882884979248,0.6372867226600647,1.404247522354126,-0.1500929445028305,0.37303465604782104,1.3904242515563965,0.1538389027118683,0.6024371981620789,2.0032858848571777,-0.10948717594146729,0.3650904893875122,1.985720157623291,0.3421866297721863,0.5854960680007935,2.518441915512085,0.551423192024231,0.3598751425743103,2.510009765625,0.950379490852356,0.5950008630752563,2.58819842338562,0.5813895463943481,0.36139148473739624,2.5804076194763184,1.0006377696990967,0.5267726182937622,2.680048942565918,-0.024519359692931175,0.35474783182144165,2.685859441757202,0.37291139364242554,0,0,0,0,0,0,0,0,0,0,0,0,0,0,0,0,0,0,0,0,0,0,0,0,0,0,0,0,0,0,0,0,0,0,0,0,0,0,0,0,0,0,0,0,0,0,0,0,0,0,0,0,0,0,0,0,0,0,0,0,0,0,0,0.2861865758895874,0.6975540518760681,9.666056399737499e-08,0.30484098196029663,0.6426427960395813,0.014976168982684612,0.33271241188049316,0.5994833111763,0.01309515256434679,0.3585564196109772,0.5786616802215576,0.006278973072767258,0.38181808590888977,0.5711064338684082,-0.0009781119879335165,0.33314502239227295,0.558463454246521,-0.0024421976413577795,0.36582592129707336,0.5135338306427002,-0.011928217485547066,0.38920319080352783,0.48810136318206787,-0.016745658591389656,0.40649524331092834,0.4694487452507019,-0.019605034962296486,0.3335503041744232,0.5734575390815735,-0.01710200309753418,0.3954283893108368,0.5583778619766235,-0.026777179911732674,0.40073511004447937,0.5849625468254089,-0.025158660486340523,0.3914034962654114,0.5990424156188965,-0.022358549758791924,0.33794647455215454,0.6001139879226685,-0.03015286661684513,0.3968307375907898,0.5929651856422424,-0.03547224402427673,0.3993883728981018,0.6154674291610718,-0.026006704196333885,0.38891518115997314,0.6261688470840454,-0.019039468839764595,0.3425101041793823,0.6311538219451904,-0.04238447919487953,0.3907657265663147,0.6301560401916504,-0.04012741521000862,0.3965703845024109,0.6452270746231079,-0.029663022607564926,0.39079025387763977,0.6516368985176086,-0.022193510085344315,thinking
0.4520877003669739,0.42016804218292236,-0.885906994342804,0.48166245222091675,0.3614712953567505,-0.861332893371582,0.4995596408843994,0.35983964800834656,-0.86139315366745,0.5180131196975708,0.3585987389087677,-0.8615126609802246,0.4454677104949951,0.36162441968917847,-0.8120716214179993,0.43445634841918945,0.35946735739707947,-0.8114792108535767,0.4239715039730072,0.357197105884552,-0.8117923736572266,0.5611073970794678,0.37456926703453064,-0.5622101426124573,0.43361854553222656,0.3720569908618927,-0.3028354346752167,0.4858258366584778,0.4731164276599884,-0.7731233239173889,0.4365920424461365,0.47549718618392944,-0.7000296711921692,0.7261109948158264,0.6663598418235779,-0.37826427817344666,0.3495026230812073,0.678395688533783,-0.12950220704078674,0.791110098361969,1.0463684797286987,-0.45713725686073303,0.21540632843971252,1.0018908977508545,-0.6355531811714172,0.766782283782959,1.4156413078308105,-0.626043438911438,0.33009347319602966,0.6953422427177429,-1.5247186422348022,0.7702131271362305,1.5187313556671143,-0.696175217628479,0.35991549491882324,0.5943257808685303,-1.6972463130950928,0.7186943888664246,1.501905918121338,-0.6822488307952881,0.3737618029117584,0.5691724419593811,-1.6261695623397827,0.704964816570282,1.4684268236160278,-0.6279330849647522,0.38010233640670776,0.6054399013519287,-1.522070288658142,0.6372261047363281,1.4041552543640137,-0.1507038176059723,0.3716951310634613,1.3896901607513428,0.15434399247169495,0.6014260649681091,2.0064995288848877,-0.08539001643657684,0.36536580324172974,1.9890064001083374,0.3691960871219635,0.5861412286758423,2.5224833488464355,0.6121659874916077,0.3600946068763733,2.5151712894439697,1.0135624408721924,0.5953011512756348,2.5917983055114746,0.6446090936660767,0.36100178956985474,2.584843635559082,1.0681612491607666,0.5278756618499756,2.687716245651245,0.03238428384065628,0.35668879747390747,2.6935861110687256,0.43049946427345276,0,0,0,0,0,0,0,0,0,0,0,0,0,0,0,0,0,0,0,0,0,0,0,0,0,0,0,0,0,0,0,0,0,0,0,0,0,0,0,0,0,0,0,0,0,0,0,0,0,0,0,0,0,0,0,0,0,0,0,0,0,0,0,0.3009032607078552,0.6709997057914734,1.1408672406787446e-07,0.3197702169418335,0.6136719584465027,0.010517501272261143,0.35248857736587524,0.5721395611763,0.007550226058810949,0.3830169439315796,0.5586279630661011,9.817090176511556e-05,0.4095707833766937,0.559080183506012,-0.007940496318042278,0.3635536730289459,0.5353547930717468,1.2589949619723484e-05,0.3942994773387909,0.4949808716773987,-0.008691688068211079,0.4169188141822815,0.46931958198547363,-0.015494692139327526,0.43345439434051514,0.44890838861465454,-0.020609349012374878,0.36803513765335083,0.5506826639175415,-0.01333070732653141,0.42501914501190186,0.5524672865867615,-0.023547766730189323,0.421371191740036,0.5722455382347107,-0.024990953505039215,0.40425044298171997,0.5789946913719177,-0.024669639766216278,0.3714807629585266,0.5791357159614563,-0.025661680847406387,0.42247965931892395,0.5842925906181335,-0.031986113637685776,0.41548338532447815,0.5982683897018433,-0.02507302537560463,0.39984583854675293,0.6013174057006836,-0.01992504484951496,0.37205085158348083,0.6138383746147156,-0.0376446507871151,0.41151678562164307,0.6173193454742432,-0.03597729653120041,0.40738704800605774,0.6282734274864197,-0.025734469294548035,0.394766241312027,0.6327375769615173,-0.018464885652065277,thinking
0.4540627896785736,0.4179975092411041,-0.905927300453186,0.4840524196624756,0.35968348383903503,-0.8823202848434448,0.5017474889755249,0.3582709729671478,-0.8823767900466919,0.5203694105148315,0.3572346270084381,-0.8824973106384277,0.4482553005218506,0.359368234872818,-0.830865740776062,0.4373399317264557,0.3571231961250305,-0.8302589654922485,0.42650097608566284,0.3548069894313812,-0.8305737376213074,0.5639702081680298,0.37425002455711365,-0.5772834420204163,0.4360150694847107,0.37043288350105286,-0.3108683228492737,0.4865102171897888,0.4720456004142761,-0.7912589907646179,0.4380740523338318,0.47407469153404236,-0.7155613303184509,0.7263467311859131,0.6663441061973572,-0.38647857308387756,0.3500235676765442,0.6752955317497253,-0.1319955736398697,0.7913990616798401,1.0444531440734863,-0.44465360045433044,0.2134489119052887,0.9935324192047119,-0.6498178243637085,0.7664058208465576,1.4140264987945557,-0.5972246527671814,0.33177685737609863,0.6863642930984497,-1.555627465248108,0.7689432501792908,1.5178455114364624,-0.6671770811080933,0.36722034215927124,0.5890836119651794,-1.7316583395004272,0.7177234292030334,1.5003427267074585,-0.6602873802185059,0.3818686604499817,0.5644438862800598,-1.660430908203125,0.7043099403381348,1.4670435190200806,-0.6004059910774231,0.386534720659256,0.5991694927215576,-1.5536847114562988,0.6370905041694641,1.4036940336227417,-0.15515953302383423,0.36972540616989136,1.3886096477508545,0.15870094299316406,0.6007997989654541,2.0078938007354736,-0.0674232691526413,0.3647754490375519,1.990648627281189,0.4088532030582428,0.5871585607528687,2.523404598236084,0.6563898921012878,0.3604642152786255,2.5172202587127686,1.0987517833709717,0.5960955023765564,2.5927278995513916,0.6909142136573792,0.3612591326236725,2.586958885192871,1.1578986644744873,0.5291332006454468,2.6895766258239746,0.06903829425573349,0.35747021436691284,2.6954777240753174,0.5087280869483948,0,0,0,0,0,0,0,0,0,0,0,0,0,0,0,0,0,0,0,0,0,0,0,0,0,0,0,0,0,0,0,0,0,0,0,0,0,0,0,0,0,0,0,0,0,0,0,0,0,0,0,0,0,0,0,0,0,0,0,0,0,0,0,0.3035660982131958,0.6655480265617371,3.851337382343445e-08,0.3216733932495117,0.6106842756271362,0.011101561598479748,0.3545558452606201,0.5704533457756042,0.007794952020049095,0.385569304227829,0.5568227171897888,-0.00010893254511756822,0.41177961230278015,0.557361900806427,-0.008368994109332561,0.3666115403175354,0.5328205823898315,-0.0018383044516667724,0.3995402753353119,0.49101513624191284,-0.011301997117698193,0.4220787286758423,0.4664817452430725,-0.017512528225779533,0.43868136405944824,0.44699162244796753,-0.022060975432395935,0.3704666793346405,0.5491222143173218,-0.016215277835726738,0.42677807807922363,0.551511287689209,-0.02786727249622345,0.42183297872543335,0.5728464126586914,-0.028464600443840027,0.40525227785110474,0.5792431235313416,-0.0273571889847517,0.37286707758903503,0.5778365135192871,-0.029560556635260582,0.42389267683029175,0.5842629075050354,-0.037538476288318634,0.41556382179260254,0.6009465456008911,-0.029124446213245392,0.3995474874973297,0.6038378477096558,-0.022865701466798782,0.37335771322250366,0.6111938953399658,-0.042442481964826584,0.4152276813983917,0.615038275718689,-0.04208539426326752,0.40791943669319153,0.6277592778205872,-0.03108702227473259,0.39266088604927063,0.6307381987571716,-0.023413311690092087,thinking
0.47430866956710815,0.39755141735076904,-0.9391695261001587,0.5092573761940002,0.3448914587497711,-0.8946921229362488,0.5253657102584839,0.3463221788406372,-0.8947857618331909,0.5416228175163269,0.348576158285141,-0.8948688507080078,0.4696100354194641,0.3407658636569977,-0.8529132008552551,0.45747461915016174,0.33862343430519104,-0.8524144887924194,0.4472525119781494,0.3371417224407196,-0.852865993976593,0.5764178037643433,0.3733493387699127,-0.5513007044792175,0.4518403112888336,0.35730963945388794,-0.3183535039424896,0.5033168196678162,0.45735567808151245,-0.810490608215332,0.4500613808631897,0.45594170689582825,-0.749887228012085,0.7270897626876831,0.666050374507904,-0.3831121623516083,0.3555695414543152,0.6556174755096436,-0.13450457155704498,0.791552722454071,1.0447862148284912,-0.4386932849884033,0.19149993360042572,0.9653082489967346,-0.7395726442337036,0.760292112827301,1.413252592086792,-0.5807071924209595,0.3345547318458557,0.6495301723480225,-1.6257450580596924,0.7587823271751404,1.5206018686294556,-0.6637125015258789,0.3879346251487732,0.5678367614746094,-1.8065077066421509,0.7095277309417725,1.500646948814392,-0.6513401865959167,0.40535420179367065,0.5471283793449402,-1.7149606943130493,0.6979666352272034,1.4662989377975464,-0.5870576500892639,0.4021081030368805,0.5773137211799622,-1.6164162158966064,0.637113094329834,1.4060150384902954,-0.16459009051322937,0.36884093284606934,1.388833999633789,0.16768601536750793,0.6009766459465027,2.015184164047241,-0.031555578112602234,0.3652302026748657,1.9953505992889404,0.4534096121788025,0.5839968919754028,2.5305585861206055,0.7456001043319702,0.3572773039340973,2.5190351009368896,1.1830140352249146,0.5921331644058228,2.5998151302337646,0.7843192219734192,0.3553822636604309,2.58919620513916,1.2476450204849243,0.5253854393959045,2.699242115020752,0.1609770953655243,0.35324516892433167,2.697568655014038,0.5958622694015503,0,0,0,0,0,0,0,0,0,0,0,0,0,0,0,0,0,0,0,0,0,0,0,0,0,0,0,0,0,0,0,0,0,0,0,0,0,0,0,0,0,0,0,0,0,0,0,0,0,0,0,0,0,0,0,0,0,0,0,0,0,0,0,0.31752824783325195,0.6333271861076355,1.0238501602088945e-07,0.34006062150001526,0.5770004391670227,0.012456486001610756,0.37713825702667236,0.5417090654373169,0.010464812628924847,0.4098481237888336,0.533171534538269,0.0034010608214884996,0.43722158670425415,0.536444365978241,-0.00409501139074564,0.39214184880256653,0.5016013979911804,0.0036293340381234884,0.42774829268455505,0.4661252498626709,-0.0045560370199382305,0.45385289192199707,0.4443073272705078,-0.010921006090939045,0.47448328137397766,0.4272560775279999,-0.015498053282499313,0.39540430903434753,0.5206748843193054,-0.010483860969543457,0.4478299617767334,0.5302779674530029,-0.021862011402845383,0.43950170278549194,0.5512739419937134,-0.024527855217456818,0.4225882887840271,0.5579661726951599,-0.024201663210988045,0.3969966173171997,0.551287055015564,-0.02334309183061123,0.44227614998817444,0.5608174800872803,-0.02956658974289894,0.4322490692138672,0.5772767663002014,-0.0219112616032362,0.41732221841812134,0.5810348987579346,-0.015825998038053513,0.39508113265037537,0.5864269137382507,-0.035842202603816986,0.43323156237602234,0.5893619060516357,-0.03341245651245117,0.4238640367984772,0.6015526652336121,-0.022039297968149185,0.4089655876159668,0.6054383516311646,-0.01372472569346428,thinking
0.5154085755348206,0.37561702728271484,-0.8871363401412964,0.5491239428520203,0.3292688727378845,-0.8515540957450867,0.5632685422897339,0.33276650309562683,-0.8515335917472839,0.5757785439491272,0.3372766077518463,-0.8516094088554382,0.5094064474105835,0.3223969042301178,-0.8059894442558289,0.49618157744407654,0.32039326429367065,-0.8054488301277161,0.4845452308654785,0.31920483708381653,-0.8058673739433289,0.6054469347000122,0.3697303831577301,-0.4687601923942566,0.4804181158542633,0.34315428137779236,-0.30452102422714233,0.540124773979187,0.4372493028640747,-0.7681578993797302,0.48604241013526917,0.4313361942768097,-0.7127835750579834,0.7324906587600708,0.6657425165176392,-0.33779647946357727,0.37040871381759644,0.6446031928062439,-0.1462515890598297,0.7924073934555054,1.0428961515426636,-0.39230555295944214,0.17673757672309875,0.9245414137840271,-0.7603062987327576,0.7601844072341919,1.4167397022247314,-0.4754374027252197,0.3483092486858368,0.612112283706665,-1.536747932434082,0.7586109042167664,1.5296635627746582,-0.5510461330413818,0.4095039963722229,0.5373534560203552,-1.7067779302597046,0.7090476751327515,1.5104607343673706,-0.5490373373031616,0.42952436208724976,0.5255603790283203,-1.6042468547821045,0.6975852251052856,1.474902629852295,-0.48437291383743286,0.4232366979122162,0.5590267181396484,-1.5207951068878174,0.6372373700141907,1.4118437767028809,-0.15916046500205994,0.368609756231308,1.3888322114944458,0.16211286187171936,0.5982277989387512,2.0245721340179443,-0.07040402293205261,0.3605176508426666,1.996518850326538,0.33940958976745605,0.5670150518417358,2.5440924167633057,0.6119166016578674,0.3326253592967987,2.5190701484680176,0.9131390452384949,0.5739328861236572,2.6155941486358643,0.6367993354797363,0.3240658640861511,2.590056896209717,0.9618221521377563,0.5049687623977661,2.709688425064087,0.02659595012664795,0.3283829092979431,2.6969122886657715,0.32811227440834045,0,0,0,0,0,0,0,0,0,0,0,0,0,0,0,0,0,0,0,0,0,0,0,0,0,0,0,0,0,0,0,0,0,0,0,0,0,0,0,0,0,0,0,0,0,0,0,0,0,0,0,0,0,0,0,0,0,0,0,0,0,0,0,0.34460020065307617,0.595298707485199,-1.2464195719985582e-07,0.3791798949241638,0.5614913702011108,0.012880254536867142,0.4166363477706909,0.527920663356781,0.011740686371922493,0.4472188651561737,0.5124750733375549,0.0052591850981116295,0.47133463621139526,0.509783148765564,-0.001300665782764554,0.4257853031158447,0.47524750232696533,0.0034487927332520485,0.46664920449256897,0.4364500045776367,-0.0036851936019957066,0.4907892644405365,0.41830527782440186,-0.0076742093078792095,0.508049488067627,0.4028789699077606,-0.010921529494225979,0.4252427816390991,0.49019235372543335,-0.011414880864322186,0.48363327980041504,0.4961909055709839,-0.022679058834910393,0.4819282293319702,0.5284913778305054,-0.023712284862995148,0.47041746973991394,0.5438854694366455,-0.022807113826274872,0.4263848662376404,0.5166736245155334,-0.025123462080955505,0.4802248775959015,0.5270382165908813,-0.03274276852607727,0.47489866614341736,0.5552078485488892,-0.02449006587266922,0.46205824613571167,0.5676754713058472,-0.018325533717870712,0.4273589253425598,0.5475202798843384,-0.03842070326209068,0.4690452516078949,0.5548010468482971,-0.037189844995737076,0.4635504186153412,0.5753828883171082,-0.026466626673936844,0.45235514640808105,0.5858292579650879,-0.019121244549751282,thinking
0.5172401666641235,0.37136974930763245,-0.8246316909790039,0.5515711903572083,0.32453611493110657,-0.7653415203094482,0.5659051537513733,0.32744619250297546,-0.7653992176055908,0.5791639685630798,0.33162274956703186,-0.7655059099197388,0.5114274621009827,0.32006701827049255,-0.7372861504554749,0.49904388189315796,0.31895700097084045,-0.7367789149284363,0.4871750771999359,0.3182450532913208,-0.7373989224433899,0.6096576452255249,0.36657750606536865,-0.40303975343704224,0.48704785108566284,0.3414626121520996,-0.25980344414711,0.5418723821640015,0.4315105378627777,-0.7003034353256226,0.4887031614780426,0.42658287286758423,-0.6664224863052368,0.733554482460022,0.6639138460159302,-0.2890262305736542,0.3757091760635376,0.6384643316268921,-0.14559124410152435,0.792704164981842,1.0403350591659546,-0.34065067768096924,0.17403706908226013,0.9145509004592896,-0.7145167589187622,0.7605435252189636,1.4185293912887573,-0.38824930787086487,0.3540300726890564,0.6022346019744873,-1.4830528497695923,0.7600232362747192,1.5334826707839966,-0.4513607621192932,0.4139522910118103,0.5278926491737366,-1.6485977172851562,0.7102655172348022,1.5156697034835815,-0.447741836309433,0.4339888095855713,0.5161358714103699,-1.5869488716125488,0.6988072395324707,1.4800429344177246,-0.3953191936016083,0.42835673689842224,0.5479467511177063,-1.482082724571228,0.6370166540145874,1.413511872291565,-0.15579217672348022,0.36694931983947754,1.3883296251296997,0.15866006910800934,0.5947405099868774,2.025629758834839,-0.11188218742609024,0.3556658923625946,1.9959161281585693,0.31296074390411377,0.5588119626045227,2.5454862117767334,0.5122529864311218,0.3204196095466614,2.51810359954834,0.8590639233589172,0.564971923828125,2.6165947914123535,0.5350555777549744,0.3105987012386322,2.589369058609009,0.9061697125434875,0.495755136013031,2.712700128555298,-0.05232078582048416,0.3162495791912079,2.696035623550415,0.2931129038333893,0,0,0,0,0,0,0,0,0,0,0,0,0,0,0,0,0,0,0,0,0,0,0,0,0,0,0,0,0,0,0,0,0,0,0,0,0,0,0,0,0,0,0,0,0,0,0,0,0,0,0,0,0,0,0,0,0,0,0,0,0,0,0,0.34379899501800537,0.6009360551834106,-1.867354093576523e-08,0.37316107749938965,0.5569342970848083,0.012696973979473114,0.4088643193244934,0.5271766781806946,0.012495659291744232,0.4389202296733856,0.5190451741218567,0.006943040993064642,0.46304160356521606,0.521094024181366,0.0016178418882191181,0.41991114616394043,0.48386654257774353,0.009458934888243675,0.4570717513561249,0.4490078091621399,0.0031524677760899067,0.4804973900318146,0.42552387714385986,-0.0013755179243162274,0.49740365147590637,0.4058453440666199,-0.005045144818723202,0.42436859011650085,0.4978216588497162,-0.005121506750583649,0.47744330763816833,0.49403050541877747,-0.014593107625842094,0.4773843288421631,0.520683765411377,-0.016308782622218132,0.46650251746177673,0.5375203490257263,-0.015342889353632927,0.42804908752441406,0.5220481157302856,-0.018983956426382065,0.47595223784446716,0.5250392556190491,-0.024264004081487656,0.4707411229610443,0.547446608543396,-0.016451897099614143,0.45790356397628784,0.5591769814491272,-0.010472774505615234,0.4301738739013672,0.5519610047340393,-0.032785747200250626,0.4671594500541687,0.5555116534233093,-0.030520647764205933,0.4606762230396271,0.5726875066757202,-0.020179519429802895,0.4481903612613678,0.5826501846313477,-0.012895104475319386,thinking
0.5179592370986938,0.3661026060581207,-0.8203600645065308,0.5530272722244263,0.32009536027908325,-0.759656548500061,0.5672428011894226,0.3229783773422241,-0.7596849799156189,0.5808178186416626,0.32714757323265076,-0.7598057985305786,0.5120929479598999,0.3157298266887665,-0.7330873608589172,0.4996231496334076,0.31457868218421936,-0.7325510382652283,0.4874189496040344,0.3140229880809784,-0.7331568598747253,0.6099504232406616,0.3627861440181732,-0.4080091118812561,0.48816853761672974,0.33690014481544495,-0.25840696692466736,0.5425181984901428,0.42425790429115295,-0.6943134069442749,0.4887881875038147,0.41965046525001526,-0.6649943590164185,0.7341717481613159,0.6611713767051697,-0.2804133892059326,0.37733447551727295,0.6269420981407166,-0.13835330307483673,0.7964685559272766,1.0339404344558716,-0.3168654441833496,0.1696513593196869,0.9100310802459717,-0.7314257025718689,0.7719879150390625,1.4189910888671875,-0.36160004138946533,0.35709860920906067,0.6012763977050781,-1.4803122282028198,0.7761320471763611,1.534820556640625,-0.42317113280296326,0.4170404076576233,0.5247222185134888,-1.647247552871704,0.7258260250091553,1.5194109678268433,-0.42526477575302124,0.4380008280277252,0.5134630799293518,-1.5524555444717407,0.7128250002861023,1.4841196537017822,-0.37135881185531616,0.4323548376560211,0.5465652346611023,-1.4667656421661377,0.6370294094085693,1.4134438037872314,-0.14636723697185516,0.36577746272087097,1.3859562873840332,0.14945316314697266,0.5940940976142883,2.0235743522644043,-0.10937676578760147,0.353638231754303,1.9955134391784668,0.3136342763900757,0.5588597655296326,2.5412352085113525,0.5144713521003723,0.3200854957103729,2.51603364944458,0.8722360730171204,0.5652817487716675,2.6119613647460938,0.5399190187454224,0.3111727833747864,2.5872914791107178,0.9200040698051453,0.4954591691493988,2.7082417011260986,-0.03776652365922928,0.31800490617752075,2.6937553882598877,0.31091001629829407,0,0,0,0,0,0,0,0,0,0,0,0,0,0,0,0,0,0,0,0,0,0,0,0,0,0,0,0,0,0,0,0,0,0,0,0,0,0,0,0,0,0,0,0,0,0,0,0,0,0,0,0,0,0,0,0,0,0,0,0,0,0,0,0.3451838791370392,0.5971121788024902,6.217943937514292e-09,0.3751799166202545,0.5599237680435181,0.013083099387586117,0.41168826818466187,0.5326840281486511,0.013464444316923618,0.4406428337097168,0.5255410671234131,0.00880791898816824,0.463988721370697,0.527809202671051,0.0041338009759783745,0.41987350583076477,0.4852939546108246,0.00869572814553976,0.45631375908851624,0.4495465159416199,0.0033191097900271416,0.47961997985839844,0.42583131790161133,-0.00042194570414721966,0.4959740936756134,0.4051019549369812,-0.003628968494012952,0.4243675470352173,0.49727022647857666,-0.005380410235375166,0.47557395696640015,0.49169883131980896,-0.013425763696432114,0.47470495104789734,0.5168768763542175,-0.014251935295760632,0.4624595046043396,0.5315964818000793,-0.012967721559107304,0.4279181659221649,0.5212220549583435,-0.018558889627456665,0.47434407472610474,0.5266486406326294,-0.023152319714426994,0.4679691195487976,0.5483847260475159,-0.015443920157849789,0.45449164509773254,0.5575770139694214,-0.0097198486328125,0.4301673471927643,0.5509768128395081,-0.03144117817282677,0.4662259519100189,0.5562621355056763,-0.02900160849094391,0.4592496156692505,0.5729875564575195,-0.0188971646130085,0.44649267196655273,0.5805341601371765,-0.012003020383417606,thinking
0.5418327450752258,0.35856252908706665,-0.8960074186325073,0.5748099088668823,0.31374984979629517,-0.8284502029418945,0.5876929759979248,0.31747186183929443,-0.8284448385238647,0.5996931791305542,0.32234710454940796,-0.8285215497016907,0.5344278216362,0.30705705285072327,-0.8104672431945801,0.5200558304786682,0.3053784966468811,-0.8099879026412964,0.5068293213844299,0.30429306626319885,-0.8105264902114868,0.6291075944900513,0.35995495319366455,-0.4167745113372803,0.49716925621032715,0.32851603627204895,-0.328910768032074,0.564271867275238,0.41922202706336975,-0.7593336701393127,0.5084465742111206,0.41370582580566406,-0.7328808903694153,0.7396434545516968,0.6610186696052551,-0.2862560749053955,0.3770306706428528,0.6161202192306519,-0.20819632709026337,0.7983224987983704,1.033581018447876,-0.3079553246498108,0.17096248269081116,0.9018383026123047,-0.8332028388977051,0.7770459055900574,1.4207041263580322,-0.4035441279411316,0.3618915379047394,0.5952337384223938,-1.6317628622055054,0.782962441444397,1.5375257730484009,-0.47353702783584595,0.4174814820289612,0.5145151019096375,-1.8174684047698975,0.7320842742919922,1.522254228591919,-0.4747753143310547,0.4392671585083008,0.5030267834663391,-1.7155660390853882,0.7184856534004211,1.4857008457183838,-0.4155218005180359,0.4353768229484558,0.5385308861732483,-1.6172641515731812,0.6374689340591431,1.4126557111740112,-0.12217634916305542,0.3651236295700073,1.3827062845230103,0.12543973326683044,0.593776524066925,2.022965908050537,-0.013757804408669472,0.35222500562667847,1.994524598121643,0.3181303143501282,0.555046796798706,2.5383808612823486,0.7184463143348694,0.31770649552345276,2.515839099884033,0.9837154150009155,0.5584036707878113,2.608637571334839,0.7543841600418091,0.3086320757865906,2.586822032928467,1.0426156520843506,0.49475017189979553,2.704993724822998,0.1534738540649414,0.31942152976989746,2.692844867706299,0.39937031269073486,0,0,0,0,0,0,0,0,0,0,0,0,0,0,0,0,0,0,0,0,0,0,0,0,0,0,0,0,0,0,0,0,0,0,0,0,0,0,0,0,0,0,0,0,0,0,0,0,0,0,0,0,0,0,0,0,0,0,0,0,0,0,0,0.3579779267311096,0.5820350050926208,7.066677198963589e-08,0.38424938917160034,0.5302560925483704,0.01313181221485138,0.41919612884521484,0.4979618787765503,0.013219406828284264,0.44844183325767517,0.49046993255615234,0.008750532753765583,0.47253069281578064,0.4940139651298523,0.004170402884483337,0.43046435713768005,0.4696919620037079,0.0038987775333225727,0.46657252311706543,0.44108521938323975,-0.0010191426845267415,0.4878484904766083,0.4202336072921753,-0.0034706180449575186,0.5037500858306885,0.4011296033859253,-0.005785543937236071,0.4355914294719696,0.48381850123405457,-0.008796872571110725,0.49104636907577515,0.49465999007225037,-0.01604105718433857,0.4888469874858856,0.52116858959198,-0.015576411038637161,0.47697365283966064,0.5307720899581909,-0.013564920984208584,0.43954041600227356,0.5092067122459412,-0.020111022517085075,0.49003416299819946,0.5268292427062988,-0.02425035461783409,0.4837149381637573,0.548338770866394,-0.016836008056998253,0.47068703174591064,0.5540556907653809,-0.011173139326274395,0.44145530462265015,0.5389131903648376,-0.03085322678089142,0.4812597632408142,0.5552251935005188,-0.028906792402267456,0.4772247076034546,0.5726852416992188,-0.019995588809251785,0.46784090995788574,0.5787933468818665,-0.013451984152197838,thinking
0.5482644438743591,0.35454970598220825,-0.8743699789047241,0.5812991857528687,0.30918750166893005,-0.8271874189376831,0.59442538022995,0.31324392557144165,-0.8272695541381836,0.6061241626739502,0.3185008466243744,-0.8273612856864929,0.5401996374130249,0.30215322971343994,-0.7931766510009766,0.5256087183952332,0.3006100356578827,-0.7926347851753235,0.5125594139099121,0.2996918261051178,-0.793117880821228,0.6357103586196899,0.35737842321395874,-0.42286139726638794,0.5015922784805298,0.32418444752693176,-0.315034955739975,0.5709532499313354,0.4165821671485901,-0.748369038105011,0.5142807364463806,0.4111488461494446,-0.7089096307754517,0.742430567741394,0.6611566543579102,-0.2851357161998749,0.3766760230064392,0.6146020889282227,-0.1977331042289734,0.8020750880241394,1.033682942390442,-0.30765050649642944,0.16915664076805115,0.9014145731925964,-0.8025854825973511,0.7847153544425964,1.4258393049240112,-0.3907942771911621,0.36168235540390015,0.5939266681671143,-1.5687648057937622,0.7934734225273132,1.5440820455551147,-0.4605275094509125,0.4171272814273834,0.5127587914466858,-1.744304895401001,0.7404521107673645,1.530256986618042,-0.4664643406867981,0.43851882219314575,0.5010738968849182,-1.640740156173706,0.7260600924491882,1.4928349256515503,-0.40445560216903687,0.4346591830253601,0.5360927581787109,-1.5530792474746704,0.6376522779464722,1.4129317998886108,-0.11552058160305023,0.36399343609809875,1.382646918296814,0.11896543204784393,0.5937087535858154,2.0235049724578857,-0.018128277733922005,0.3507510721683502,1.9951319694519043,0.32270222902297974,0.5541011691093445,2.5411996841430664,0.6945105791091919,0.31598320603370667,2.5163168907165527,0.9852747917175293,0.5568675398826599,2.612093687057495,0.7287469506263733,0.30656200647354126,2.5869719982147217,1.042881727218628,0.49481210112571716,2.7100563049316406,0.1396549642086029,0.31999728083610535,2.696009874343872,0.41419559717178345,0,0,0,0,0,0,0,0,0,0,0,0,0,0,0,0,0,0,0,0,0,0,0,0,0,0,0,0,0,0,0,0,0,0,0,0,0,0,0,0,0,0,0,0,0,0,0,0,0,0,0,0,0,0,0,0,0,0,0,0,0,0,0,0.3579401969909668,0.5851025581359863,3.024642225568641e-08,0.38257110118865967,0.5333830714225769,0.016604550182819366,0.4170345366001129,0.5007463693618774,0.018467096611857414,0.4455976188182831,0.4915298521518707,0.015028024092316628,0.4696798324584961,0.49588343501091003,0.011145185679197311,0.4275490343570709,0.47179079055786133,0.008883669041097164,0.4635571241378784,0.4432832598686218,0.005193699616938829,0.4862467348575592,0.42275893688201904,0.0037705779541283846,0.5024777054786682,0.40489864349365234,0.0022764208260923624,0.43397361040115356,0.48428162932395935,-0.005200556013733149,0.48939335346221924,0.49181169271469116,-0.010228041559457779,0.48791396617889404,0.5181307792663574,-0.008097425103187561,0.47580990195274353,0.5291595458984375,-0.004933910444378853,0.4392697513103485,0.5088329911231995,-0.017898885533213615,0.4883982539176941,0.5267072916030884,-0.020232461392879486,0.4819261133670807,0.5487895607948303,-0.012020249851047993,0.46850064396858215,0.5557399392127991,-0.0060541462153196335,0.4425237774848938,0.53867506980896,-0.029886048287153244,0.4812789261341095,0.5568480491638184,-0.026416517794132233,0.4751754403114319,0.5748323202133179,-0.01695650815963745,0.4634207487106323,0.5808985829353333,-0.010287003591656685,thinking
0.5570162534713745,0.35226011276245117,-0.8636437654495239,0.5886515974998474,0.30697956681251526,-0.8262401819229126,0.6011873483657837,0.31125131249427795,-0.8264569044113159,0.6133393049240112,0.3168509900569916,-0.8266257047653198,0.5480844974517822,0.29911670088768005,-0.7836405634880066,0.5335677862167358,0.29745668172836304,-0.7830922603607178,0.5203853249549866,0.296455055475235,-0.7835577726364136,0.6418161988258362,0.35580044984817505,-0.422823041677475,0.5059850811958313,0.3217490017414093,-0.3107414245605469,0.5802919864654541,0.41572800278663635,-0.7423529028892517,0.5241189002990723,0.4093889892101288,-0.6994003653526306,0.747080385684967,0.661175549030304,-0.28310146927833557,0.37682589888572693,0.613335371017456,-0.20523497462272644,0.8102596402168274,1.0342057943344116,-0.2867196500301361,0.16770519316196442,0.8998273611068726,-0.8195382952690125,0.8100401163101196,1.436719298362732,-0.37688377499580383,0.3656580150127411,0.5940988659858704,-1.580399990081787,0.8275752067565918,1.5570942163467407,-0.45315155386924744,0.4216807782649994,0.5146694183349609,-1.7613906860351562,0.7724580764770508,1.5461621284484863,-0.4659205377101898,0.44329342246055603,0.5018941164016724,-1.6527206897735596,0.7538954019546509,1.5078881978988647,-0.3945583701133728,0.439323753118515,0.5362279415130615,-1.5637905597686768,0.6426554322242737,1.4118762016296387,-0.10924738645553589,0.3640652298927307,1.3815627098083496,0.1128864735364914,0.5974909067153931,2.022592067718506,0.03446338325738907,0.35088005661964417,1.9951938390731812,0.41821199655532837,0.558395266532898,2.539677143096924,0.7968118190765381,0.3168458640575409,2.5158019065856934,1.162613868713379,0.5578275918960571,2.6107211112976074,0.837010383605957,0.3094507157802582,2.5861480236053467,1.2308019399642944,0.5052759647369385,2.709235191345215,0.24780738353729248,0.3273620307445526,2.697646141052246,0.6037647128105164,0,0,0,0,0,0,0,0,0,0,0,0,0,0,0,0,0,0,0,0,0,0,0,0,0,0,0,0,0,0,0,0,0,0,0,0,0,0,0,0,0,0,0,0,0,0,0,0,0,0,0,0,0,0,0,0,0,0,0,0,0,0,0,0.3587489724159241,0.5816193222999573,3.374071155803904e-08,0.38195642828941345,0.5310723781585693,0.017600763589143753,0.41613492369651794,0.49968695640563965,0.019707199186086655,0.4442957639694214,0.4919544458389282,0.01644081249833107,0.4678131341934204,0.4960471987724304,0.012417039833962917,0.42805978655815125,0.4722036123275757,0.007635808549821377,0.465059757232666,0.44314974546432495,0.0036002579145133495,0.4883423447608948,0.4233865737915039,0.002267282223328948,0.5049060583114624,0.4054064154624939,0.0009393897489644587,0.4345497190952301,0.4837262034416199,-0.006528884172439575,0.4905166029930115,0.49198195338249207,-0.011497310362756252,0.4895761013031006,0.5203038454055786,-0.00906773004680872,0.4774196743965149,0.5307875275611877,-0.005738364066928625,0.43961960077285767,0.5080882906913757,-0.01905669830739498,0.4894247055053711,0.5271610617637634,-0.02226400002837181,0.4831133186817169,0.5509616136550903,-0.014390803873538971,0.46967923641204834,0.5567710399627686,-0.00831425841897726,0.4423029124736786,0.5381711721420288,-0.03053746186196804,0.4828239381313324,0.5570214986801147,-0.027902955189347267,0.4767051041126251,0.575393795967102,-0.01852879486978054,0.4642038941383362,0.5801997780799866,-0.011687555350363255,thinking
0.5550609230995178,0.35177507996559143,-0.8633219599723816,0.5868159532546997,0.3059994876384735,-0.8170003890991211,0.6003829836845398,0.31051450967788696,-0.8171151280403137,0.612343966960907,0.31625163555145264,-0.8172446489334106,0.5460354685783386,0.2977333068847656,-0.7826740741729736,0.5318782925605774,0.29605355858802795,-0.7821342945098877,0.5192668437957764,0.29515206813812256,-0.7825337648391724,0.6413147449493408,0.35523858666419983,-0.42745310068130493,0.5065735578536987,0.3205263316631317,-0.31729891896247864,0.5792721509933472,0.41483575105667114,-0.7399204969406128,0.522944450378418,0.4078037440776825,-0.7035743594169617,0.7490519881248474,0.6619192957878113,-0.282373309135437,0.37744277715682983,0.6107339859008789,-0.21869024634361267,0.8135043978691101,1.032929539680481,-0.2802888751029968,0.16673989593982697,0.8983609676361084,-0.822242259979248,0.8165782690048218,1.447532057762146,-0.3519493639469147,0.36524441838264465,0.5969139337539673,-1.5704220533370972,0.8355531692504883,1.569042444229126,-0.4239925444126129,0.41981297731399536,0.5169267654418945,-1.750126600265503,0.7793282270431519,1.5617095232009888,-0.44294828176498413,0.4422813057899475,0.5039564371109009,-1.6443755626678467,0.7605984210968018,1.5229761600494385,-0.37201592326164246,0.4385264813899994,0.5387734174728394,-1.5546205043792725,0.643777072429657,1.4128546714782715,-0.10399971157312393,0.3641097843647003,1.3822705745697021,0.10776196420192719,0.5977474451065063,2.025550127029419,0.021141719073057175,0.3516317307949066,1.9985281229019165,0.4106352925300598,0.5598224401473999,2.545078992843628,0.7511643171310425,0.3187255859375,2.5201332569122314,1.0693490505218506,0.5607925653457642,2.6167244911193848,0.7874846458435059,0.31038230657577515,2.5904886722564697,1.128479242324829,0.5049532651901245,2.7159945964813232,0.19952234625816345,0.3282162547111511,2.703984498977661,0.5097871422767639,0,0,0,0,0,0,0,0,0,0,0,0,0,0,0,0,0,0,0,0,0,0,0,0,0,0,0,0,0,0,0,0,0,0,0,0,0,0,0,0,0,0,0,0,0,0,0,0,0,0,0,0,0,0,0,0,0,0,0,0,0,0,0,0.3540164828300476,0.5821205973625183,2.8302451937634032e-08,0.37979164719581604,0.5349434018135071,0.017063254490494728,0.41380074620246887,0.503561794757843,0.018461018800735474,0.4411456286907196,0.4929562211036682,0.014493262395262718,0.4644392132759094,0.4954718351364136,0.010058882646262646,0.42375293374061584,0.47128304839134216,0.007304986007511616,0.4598863422870636,0.4438911974430084,0.0024429887998849154,0.4834963083267212,0.4242013096809387,0.0005202926695346832,0.5004259347915649,0.4076748788356781,-0.001170091680251062,0.429154634475708,0.4826872646808624,-0.007509563118219376,0.4848606586456299,0.4892708659172058,-0.012823891825973988,0.48328208923339844,0.5164616703987122,-0.009861903265118599,0.47146716713905334,0.5270100831985474,-0.006329587195068598,0.43365755677223206,0.5071839690208435,-0.020931504666805267,0.48411014676094055,0.5251015424728394,-0.0235093105584383,0.4767304062843323,0.5475826263427734,-0.01398925855755806,0.46307486295700073,0.5533524751663208,-0.007284440565854311,0.43596351146698,0.5380562543869019,-0.03361132740974426,0.47632738947868347,0.554851770401001,-0.029846463352441788,0.46867191791534424,0.5709992051124573,-0.019235452637076378,0.45549604296684265,0.574752926826477,-0.011995930224657059,thinking
0.5554980039596558,0.353018194437027,-0.859329104423523,0.5882111191749573,0.3066851794719696,-0.8129212260246277,0.6018458008766174,0.3113490343093872,-0.8128989934921265,0.6132858991622925,0.3169960379600525,-0.8130201101303101,0.5467391014099121,0.2974921762943268,-0.7790116667747498,0.532292902469635,0.29548460245132446,-0.7784631252288818,0.5197554230690002,0.2943989038467407,-0.7788683772087097,0.6410022974014282,0.35534289479255676,-0.42556828260421753,0.507250189781189,0.32003623247146606,-0.320234477519989,0.5793401598930359,0.41582605242729187,-0.738106906414032,0.5214460492134094,0.40898004174232483,-0.6995744109153748,0.749350368976593,0.6633281111717224,-0.280771404504776,0.3771480917930603,0.6128940582275391,-0.22415807843208313,0.8147391080856323,1.0312129259109497,-0.2795664966106415,0.16381803154945374,0.8999977707862854,-0.8182700276374817,0.8155552744865417,1.4525741338729858,-0.352560818195343,0.36463987827301025,0.5978242754936218,-1.5567572116851807,0.833337664604187,1.5746982097625732,-0.4247889518737793,0.41916006803512573,0.5164687633514404,-1.733884572982788,0.7765068411827087,1.5675475597381592,-0.44173064827919006,0.44180822372436523,0.5032278299331665,-1.6288812160491943,0.758542537689209,1.5286799669265747,-0.37179452180862427,0.4380394518375397,0.5387258529663086,-1.5405266284942627,0.6462527513504028,1.413256287574768,-0.09858642518520355,0.364653080701828,1.3833152055740356,0.10232554376125336,0.6000316143035889,2.028038501739502,0.02692999877035618,0.3526058793067932,2.0038437843322754,0.3940046429634094,0.5607449412345886,2.5503175258636475,0.7643853425979614,0.3198034167289734,2.5277626514434814,1.037985920906067,0.5613085031509399,2.6221673488616943,0.8022562265396118,0.31229856610298157,2.5978236198425293,1.095101237297058,0.5065063834190369,2.7235360145568848,0.22057822346687317,0.330494225025177,2.7138831615448,0.47828787565231323,0,0,0,0,0,0,0,0,0,0,0,0,0,0,0,0,0,0,0,0,0,0,0,0,0,0,0,0,0,0,0,0,0,0,0,0,0,0,0,0,0,0,0,0,0,0,0,0,0,0,0,0,0,0,0,0,0,0,0,0,0,0,0,0.35272714495658875,0.5806118845939636,2.975852275710622e-08,0.3770624101161957,0.5315205454826355,0.018106576055288315,0.41169631481170654,0.5009280443191528,0.020770518109202385,0.4390775263309479,0.49396365880966187,0.017964759841561317,0.4621814787387848,0.4980461299419403,0.014474192634224892,0.4233490824699402,0.47182321548461914,0.009601701982319355,0.46044617891311646,0.44412726163864136,0.0061983224004507065,0.4838356077671051,0.42479655146598816,0.005024855490773916,0.5004035830497742,0.40761038661003113,0.0038118637166917324,0.42945975065231323,0.4834880828857422,-0.004625783301889896,0.48429998755455017,0.49087056517601013,-0.008833714760839939,0.48319926857948303,0.5180149674415588,-0.006444463972002268,0.4709567427635193,0.5281850099563599,-0.0033141893800348043,0.43420979380607605,0.5077546238899231,-0.01727878861129284,0.4834561347961426,0.5260469317436218,-0.01938869245350361,0.47705599665641785,0.5489906668663025,-0.011495825834572315,0.46343737840652466,0.5544085502624512,-0.005691881757229567,0.4366418719291687,0.537602961063385,-0.028927091509103775,0.4770087003707886,0.5555720329284668,-0.025227563455700874,0.4702693223953247,0.5731126070022583,-0.01562630943953991,0.45709067583084106,0.5774361491203308,-0.00886915810406208,thinking
0.5552610158920288,0.3539140522480011,-0.856680691242218,0.5889774560928345,0.30714887380599976,-0.812059760093689,0.6027708649635315,0.31192833185195923,-0.8121132850646973,0.6139377951622009,0.31752198934555054,-0.8122115135192871,0.5468913316726685,0.29723677039146423,-0.7770282030105591,0.5323830246925354,0.29490000009536743,-0.7764941453933716,0.5199614763259888,0.29356834292411804,-0.7768765687942505,0.6412040591239929,0.355429470539093,-0.4253787398338318,0.5079730749130249,0.3193860948085785,-0.32386302947998047,0.5792280435562134,0.4164924919605255,-0.7361804246902466,0.5202925205230713,0.40986430644989014,-0.6983838081359863,0.749807596206665,0.6633321046829224,-0.27530810236930847,0.3769788444042206,0.6129685044288635,-0.2285555899143219,0.8155139684677124,1.0288519859313965,-0.2644273340702057,0.16274386644363403,0.8995994329452515,-0.8196982145309448,0.8168548345565796,1.4530047178268433,-0.33723992109298706,0.3642038106918335,0.5967143774032593,-1.55646550655365,0.8344036340713501,1.5747917890548706,-0.40842851996421814,0.4191683232784271,0.5158194303512573,-1.7343385219573975,0.7774829268455505,1.5674916505813599,-0.42713361978530884,0.4418914318084717,0.5018713474273682,-1.6294304132461548,0.7596200108528137,1.528984785079956,-0.3570554852485657,0.4377683997154236,0.5371143817901611,-1.5399316549301147,0.6485258340835571,1.4131042957305908,-0.09397774189710617,0.3655528128147125,1.3833422660827637,0.09771047532558441,0.6027606725692749,2.027747631072998,0.03402107208967209,0.354044646024704,2.0049333572387695,0.386162132024765,0.563725471496582,2.5506668090820312,0.7738279104232788,0.3213294744491577,2.5297811031341553,1.0372847318649292,0.5637183785438538,2.6225576400756836,0.812301754951477,0.3128403127193451,2.5996060371398926,1.0971828699111938,0.5103084444999695,2.724184513092041,0.23048178851604462,0.3350203335285187,2.7166993618011475,0.4730355143547058,0,0,0,0,0,0,0,0,0,0,0,0,0,0,0,0,0,0,0,0,0,0,0,0,0,0,0,0,0,0,0,0,0,0,0,0,0,0,0,0,0,0,0,0,0,0,0,0,0,0,0,0,0,0,0,0,0,0,0,0,0,0,0,0.3527485132217407,0.5804653167724609,3.247076207912869e-08,0.37786591053009033,0.5323147773742676,0.017844947054982185,0.4126053750514984,0.5024790167808533,0.019990509375929832,0.4396664500236511,0.4953579008579254,0.016831543296575546,0.4624768793582916,0.4995030462741852,0.013051922433078289,0.42281001806259155,0.472737193107605,0.007397156208753586,0.46011263132095337,0.44359904527664185,0.002878332743421197,0.48400935530662537,0.4238307476043701,0.0010357721475884318,0.5011142492294312,0.4067206382751465,-0.0004990315064787865,0.42900723218917847,0.4846488833427429,-0.0068932645954191685,0.48461589217185974,0.4921240210533142,-0.011802786961197853,0.4838072955608368,0.5196906328201294,-0.00909690372645855,0.47160589694976807,0.5304903388023376,-0.00570295425131917,0.43374210596084595,0.5088546276092529,-0.01959674246609211,0.48334071040153503,0.5271034240722656,-0.022170159965753555,0.4768846333026886,0.5502655506134033,-0.013778665103018284,0.4632425606250763,0.5563240647315979,-0.007564465049654245,0.43633002042770386,0.5386871099472046,-0.03130472078919411,0.476579874753952,0.5558836460113525,-0.027742421254515648,0.4697926938533783,0.5733715891838074,-0.01773935742676258,0.45659154653549194,0.577968418598175,-0.010694382712244987,thinking
0.5517909526824951,0.3549294173717499,-0.8554084897041321,0.5856149196624756,0.30783307552337646,-0.8096685409545898,0.5999835133552551,0.31230348348617554,-0.8097018003463745,0.6118181943893433,0.31760984659194946,-0.8097888231277466,0.5434268116950989,0.29833564162254333,-0.77552330493927,0.5294608473777771,0.2960781753063202,-0.7749891877174377,0.5170655846595764,0.2947539687156677,-0.7753684520721436,0.6400186419487,0.355888307094574,-0.42383018136024475,0.5062687397003174,0.32009151577949524,-0.31974610686302185,0.5762261152267456,0.4172309935092926,-0.7345498204231262,0.5177730321884155,0.4108722507953644,-0.6962941884994507,0.7495885491371155,0.663115918636322,-0.27549153566360474,0.37688401341438293,0.613275408744812,-0.22029149532318115,0.8169234395027161,1.0237754583358765,-0.2642631232738495,0.1626555621623993,0.8966379761695862,-0.8041623830795288,0.8195720911026001,1.45106840133667,-0.3279745876789093,0.3638710677623749,0.5925605297088623,-1.549605131149292,0.8372337222099304,1.5715898275375366,-0.3977929353713989,0.41881757974624634,0.511862576007843,-1.727513074874878,0.7815833687782288,1.5629435777664185,-0.4173145890235901,0.44065195322036743,0.49833106994628906,-1.6230428218841553,0.7634934782981873,1.524961233139038,-0.34770292043685913,0.4367579519748688,0.5350226759910583,-1.5339722633361816,0.6489419937133789,1.412947177886963,-0.09844799339771271,0.36586397886276245,1.383323073387146,0.10238382965326309,0.6027845144271851,2.0276741981506348,0.006491626147180796,0.3543829321861267,2.0054690837860107,0.4084780812263489,0.5642542839050293,2.5527520179748535,0.7484694719314575,0.32253918051719666,2.531144857406616,1.113492727279663,0.5648886561393738,2.625369071960449,0.7845427393913269,0.3142191767692566,2.6006853580474854,1.1772500276565552,0.5103994607925415,2.7241666316986084,0.16072072088718414,0.3352208733558655,2.717710256576538,0.5379531383514404,0,0,0,0,0,0,0,0,0,0,0,0,0,0,0,0,0,0,0,0,0,0,0,0,0,0,0,0,0,0,0,0,0,0,0,0,0,0,0,0,0,0,0,0,0,0,0,0,0,0,0,0,0,0,0,0,0,0,0,0,0,0,0,0.349987655878067,0.5814437866210938,4.5886064725664255e-08,0.373740017414093,0.5324447154998779,0.0167345330119133,0.407463014125824,0.5005033612251282,0.01788950525224209,0.43512865900993347,0.489706426858902,0.013994635082781315,0.4581490755081177,0.49111226201057434,0.00954782497137785,0.42007899284362793,0.46998918056488037,0.005105027463287115,0.4573814868927002,0.4425584375858307,0.0008615968399681151,0.48125380277633667,0.42406991124153137,-0.0003589338157325983,0.49761083722114563,0.4084274470806122,-0.0014558588154613972,0.42509716749191284,0.48176485300064087,-0.008953050710260868,0.48078587651252747,0.4901895523071289,-0.013241623528301716,0.4817346930503845,0.519332766532898,-0.010129007510840893,0.4719123840332031,0.53141188621521,-0.00672999257221818,0.4288007915019989,0.5066205263137817,-0.021366676315665245,0.4788699150085449,0.525658369064331,-0.023601340129971504,0.4742274284362793,0.5496801137924194,-0.014901164919137955,0.46178439259529114,0.5565069317817688,-0.008807353675365448,0.43020790815353394,0.537255585193634,-0.032862450927495956,0.470691442489624,0.5548421740531921,-0.029473470523953438,0.46571075916290283,0.5719915628433228,-0.01947500742971897,0.45358026027679443,0.5764743089675903,-0.012457023374736309,thinking
0.5497090816497803,0.3556247353553772,-0.8552218675613403,0.5835803747177124,0.30822595953941345,-0.8058663606643677,0.5983095169067383,0.3124096691608429,-0.8058730363845825,0.6105554103851318,0.317967027425766,-0.8059675097465515,0.5412964224815369,0.29913195967674255,-0.7740455865859985,0.5276834964752197,0.2969196140766144,-0.7734953761100769,0.5152944326400757,0.2956007719039917,-0.7738469839096069,0.6393323540687561,0.3563845753669739,-0.4223247468471527,0.5051957368850708,0.32058873772621155,-0.3115473687648773,0.5743829011917114,0.4176860451698303,-0.7324192523956299,0.516182541847229,0.4116020202636719,-0.695741593837738,0.7494360208511353,0.6630780100822449,-0.2752264738082886,0.3769027590751648,0.6135144829750061,-0.20481419563293457,0.8180659413337708,1.0207620859146118,-0.26241427659988403,0.1627795696258545,0.8957191705703735,-0.7931836843490601,0.8210904002189636,1.4496910572052002,-0.3172169327735901,0.36372455954551697,0.5920864939689636,-1.5418566465377808,0.8385158777236938,1.5695915222167969,-0.3852173984050751,0.41792017221450806,0.5108900666236877,-1.7230966091156006,0.7832695245742798,1.5609240531921387,-0.40458330512046814,0.4402989447116852,0.49704569578170776,-1.6163995265960693,0.7651956081390381,1.5234332084655762,-0.3366403579711914,0.4363676905632019,0.5344153046607971,-1.5272992849349976,0.6490586996078491,1.4128423929214478,-0.10226412862539291,0.36603844165802,1.3832675218582153,0.10633541643619537,0.6026981472969055,2.0277798175811768,-0.015801547095179558,0.3546754717826843,2.005733013153076,0.4069730341434479,0.5646743178367615,2.5545547008514404,0.7097886800765991,0.3235408663749695,2.5320427417755127,1.104953408241272,0.5659801959991455,2.6276402473449707,0.743465006351471,0.31526216864585876,2.6014928817749023,1.1674602031707764,0.5100176930427551,2.7245266437530518,0.1208363026380539,0.33512550592422485,2.718322992324829,0.5295788049697876,0,0,0,0,0,0,0,0,0,0,0,0,0,0,0,0,0,0,0,0,0,0,0,0,0,0,0,0,0,0,0,0,0,0,0,0,0,0,0,0,0,0,0,0,0,0,0,0,0,0,0,0,0,0,0,0,0,0,0,0,0,0,0,0.35061079263687134,0.5815048217773438,3.257406788748085e-08,0.3741644322872162,0.5317514538764954,0.017520718276500702,0.4082973003387451,0.4999227225780487,0.019351862370967865,0.4360719621181488,0.4922991394996643,0.015836549922823906,0.45961451530456543,0.4962184429168701,0.011769033037126064,0.4207894206047058,0.46971577405929565,0.007627684623003006,0.45844975113868713,0.4432549476623535,0.004770413041114807,0.4817231297492981,0.42537444829940796,0.004426979459822178,0.49736422300338745,0.40882810950279236,0.0037127460818737745,0.4255985915660858,0.48107486963272095,-0.006450850050896406,0.4800020158290863,0.49068593978881836,-0.010151887312531471,0.47927215695381165,0.5193127989768982,-0.007416697684675455,0.4677324593067169,0.5291773080825806,-0.00434131408110261,0.4294167459011078,0.5055339336395264,-0.018846260383725166,0.4790799915790558,0.5245633721351624,-0.020992228761315346,0.47436732053756714,0.5497779846191406,-0.013079110532999039,0.46132439374923706,0.5560395121574402,-0.007477416656911373,0.43127918243408203,0.535275399684906,-0.030209075659513474,0.4714691936969757,0.5551083087921143,-0.026909423992037773,0.4670443832874298,0.5736809968948364,-0.0176149383187294,0.45489200949668884,0.5781468152999878,-0.011093121021986008,thinking
0.5489554405212402,0.3555665910243988,-0.855908989906311,0.5826714038848877,0.308383971452713,-0.8043433427810669,0.5970567464828491,0.3127344846725464,-0.8043134808540344,0.6090954542160034,0.3182916045188904,-0.8043948411941528,0.5410592555999756,0.2994052469730377,-0.7736037373542786,0.5270066261291504,0.2973656952381134,-0.7730554938316345,0.5149791240692139,0.2960245907306671,-0.7734099626541138,0.6381212472915649,0.35640770196914673,-0.4279707372188568,0.5042895078659058,0.320426344871521,-0.30569159984588623,0.5737960934638977,0.4177374243736267,-0.7331259846687317,0.5155318379402161,0.41067078709602356,-0.6947385668754578,0.749387264251709,0.6637519598007202,-0.288959801197052,0.37661153078079224,0.6136388182640076,-0.16464951634407043,0.8180904388427734,1.0192351341247559,-0.2700372338294983,0.1617729514837265,0.8971601724624634,-0.7380226254463196,0.812201201915741,1.4489147663116455,-0.3310399055480957,0.3631814122200012,0.5936582684516907,-1.5012974739074707,0.8226354718208313,1.5688145160675049,-0.39715978503227234,0.4156371057033539,0.5114794969558716,-1.6800111532211304,0.7703679800033569,1.5603816509246826,-0.4126637876033783,0.43762174248695374,0.4975464642047882,-1.5635926723480225,0.7559224367141724,1.523009181022644,-0.34815460443496704,0.4339839518070221,0.5360382199287415,-1.4837737083435059,0.6489120125770569,1.4138052463531494,-0.11196480691432953,0.3658893406391144,1.3853557109832764,0.1159231886267662,0.6023856997489929,2.030766725540161,-0.0335688516497612,0.35444188117980957,2.0088815689086914,0.40385204553604126,0.5647772550582886,2.557298183441162,0.685604453086853,0.324236124753952,2.535210132598877,1.101051926612854,0.5669052004814148,2.629753351211548,0.7193590998649597,0.31598538160324097,2.6047592163085938,1.1631128787994385,0.509714663028717,2.727668046951294,0.10298454761505127,0.3351183533668518,2.719282388687134,0.5079771876335144,0,0,0,0,0,0,0,0,0,0,0,0,0,0,0,0,0,0,0,0,0,0,0,0,0,0,0,0,0,0,0,0,0,0,0,0,0,0,0,0,0,0,0,0,0,0,0,0,0,0,0,0,0,0,0,0,0,0,0,0,0,0,0,0.3476279377937317,0.585723876953125,4.2065330774221366e-08,0.3712734580039978,0.5380685329437256,0.01575116068124771,0.4052397310733795,0.5055587887763977,0.016577223315835,0.43355438113212585,0.4967838525772095,0.01218279730528593,0.4577109217643738,0.5007497668266296,0.007437388878315687,0.41567862033843994,0.47323930263519287,0.005902749951928854,0.4528513550758362,0.4451061189174652,0.0010779864387586713,0.47666236758232117,0.4256514608860016,-0.0006992992712184787,0.4930887520313263,0.4088272452354431,-0.002323453314602375,0.41986820101737976,0.48411235213279724,-0.008277423679828644,0.47654807567596436,0.4898638129234314,-0.014149777591228485,0.47648075222969055,0.5175363421440125,-0.0117567777633667,0.4653477370738983,0.5282542705535889,-0.008554249070584774,0.42370307445526123,0.5078415870666504,-0.021112574264407158,0.4765474200248718,0.5240467190742493,-0.02454274334013462,0.47218820452690125,0.5482321381568909,-0.01598290726542473,0.45934540033340454,0.555121123790741,-0.009709544479846954,0.4258964955806732,0.5375494360923767,-0.03321435675024986,0.4686470329761505,0.5551803112030029,-0.030632957816123962,0.4648642838001251,0.572942852973938,-0.021090416237711906,0.45313870906829834,0.5777778625488281,-0.014337945729494095,thinking
0.547045111656189,0.35499709844589233,-0.8172456622123718,0.5820600390434265,0.30780526995658875,-0.7651163339614868,0.5967143774032593,0.31202954053878784,-0.7649731040000916,0.6083094477653503,0.3174712359905243,-0.7650554180145264,0.5391143560409546,0.29972776770591736,-0.7368494272232056,0.5253881216049194,0.29780396819114685,-0.7362910509109497,0.5131796598434448,0.29646095633506775,-0.7366277575492859,0.6374243497848511,0.35540837049484253,-0.41592636704444885,0.5038365721702576,0.32059040665626526,-0.27899831533432007,0.5736030340194702,0.41727349162101746,-0.7005513906478882,0.5142143964767456,0.41011205315589905,-0.6605249643325806,0.7492533326148987,0.6637462973594666,-0.28410226106643677,0.3765655755996704,0.6139580011367798,-0.15883766114711761,0.8179070353507996,1.0189316272735596,-0.26614370942115784,0.16197435557842255,0.8981816172599792,-0.7337771654129028,0.808242917060852,1.448514461517334,-0.2817581593990326,0.3619683086872101,0.5938922762870789,-1.473992943763733,0.8181819915771484,1.5676047801971436,-0.33763638138771057,0.4125004708766937,0.5097978711128235,-1.6464650630950928,0.7654622793197632,1.5589035749435425,-0.3495780825614929,0.43560609221458435,0.4960944354534149,-1.5320167541503906,0.7518264651298523,1.5216981172561646,-0.29597386717796326,0.43226003646850586,0.5346623659133911,-1.4560531377792358,0.6488581895828247,1.4151842594146729,-0.11216936260461807,0.3656395375728607,1.3867281675338745,0.1161172166466713,0.6026507616043091,2.0333011150360107,-0.048365529626607895,0.35460755228996277,2.0108344554901123,0.3975737988948822,0.5669485926628113,2.5607151985168457,0.6346811652183533,0.32480186223983765,2.537633180618286,1.0910829305648804,0.5701197981834412,2.633294105529785,0.6659833788871765,0.31641557812690735,2.6074557304382324,1.151407241821289,0.5107462406158447,2.7309038639068604,0.07288705557584763,0.3362739682197571,2.722020387649536,0.49846428632736206,0,0,0,0,0,0,0,0,0,0,0,0,0,0,0,0,0,0,0,0,0,0,0,0,0,0,0,0,0,0,0,0,0,0,0,0,0,0,0,0,0,0,0,0,0,0,0,0,0,0,0,0,0,0,0,0,0,0,0,0,0,0,0,0.34591156244277954,0.5872573852539062,1.0751909229611556e-07,0.3715815544128418,0.5449869632720947,0.01465534046292305,0.4033810496330261,0.5115999579429626,0.014237197116017342,0.43179380893707275,0.49675676226615906,0.00916060246527195,0.45583030581474304,0.4950070083141327,0.003811571979895234,0.4099317193031311,0.46786636114120483,0.0016340967267751694,0.44368410110473633,0.4348958730697632,-0.00444583548232913,0.4678298234939575,0.41543662548065186,-0.007208668161183596,0.4850424528121948,0.40172576904296875,-0.008890289813280106,0.4131608307361603,0.47885626554489136,-0.012043163180351257,0.47131067514419556,0.4867534041404724,-0.018225202336907387,0.47648799419403076,0.5154339671134949,-0.01630879007279873,0.4699854552745819,0.5298708081245422,-0.013485061936080456,0.416377454996109,0.5028814077377319,-0.024215353652834892,0.4704689681529999,0.5227162837982178,-0.028374124318361282,0.4692270755767822,0.5473014116287231,-0.020599104464054108,0.45872044563293457,0.5576547980308533,-0.01448354497551918,0.41890689730644226,0.5326530337333679,-0.03555737063288689,0.4622551500797272,0.5493350028991699,-0.033566731959581375,0.46337348222732544,0.5686538219451904,-0.024117307737469673,0.4563087224960327,0.577986478805542,-0.0168957207351923,thinking
0.5447840094566345,0.3545059263706207,-0.8089445233345032,0.58106529712677,0.3072510063648224,-0.7561842799186707,0.5964500308036804,0.3113592267036438,-0.756009578704834,0.6078399419784546,0.3166956901550293,-0.7560961842536926,0.5371270775794983,0.299947053194046,-0.7282288670539856,0.5236005783081055,0.29813480377197266,-0.7276714444160461,0.5114039778709412,0.29679960012435913,-0.7280066609382629,0.6369500160217285,0.35463693737983704,-0.4138784408569336,0.5033979415893555,0.3207557797431946,-0.27000629901885986,0.5730060935020447,0.4168586730957031,-0.6933404207229614,0.5125613212585449,0.409741073846817,-0.6523716449737549,0.7491468191146851,0.6638181209564209,-0.28364816308021545,0.3766110837459564,0.614281952381134,-0.15654316544532776,0.8177198171615601,1.0189036130905151,-0.26508885622024536,0.16213557124137878,0.8989168405532837,-0.7333272695541382,0.8074154853820801,1.448195219039917,-0.2638862729072571,0.3617265522480011,0.5939841866493225,-1.4647023677825928,0.8176393508911133,1.5678791999816895,-0.3164542019367218,0.41146010160446167,0.5089508295059204,-1.6354761123657227,0.7645463347434998,1.5595039129257202,-0.32856208086013794,0.43493372201919556,0.495386004447937,-1.5207841396331787,0.7511028051376343,1.5221123695373535,-0.27764350175857544,0.43175268173217773,0.5340470671653748,-1.446504831314087,0.6488267779350281,1.4174195528030396,-0.11221364885568619,0.36548519134521484,1.3889747858047485,0.11617425829172134,0.6029151678085327,2.0363404750823975,-0.0541997030377388,0.3546523451805115,2.013563632965088,0.3935832381248474,0.5688314437866211,2.5642800331115723,0.6245318055152893,0.32580405473709106,2.540534019470215,1.073688268661499,0.5727694034576416,2.6372311115264893,0.6558814644813538,0.3172275722026825,2.6107258796691895,1.1332803964614868,0.5117183327674866,2.7340176105499268,0.06596779823303223,0.33775725960731506,2.7250418663024902,0.4978545308113098,0,0,0,0,0,0,0,0,0,0,0,0,0,0,0,0,0,0,0,0,0,0,0,0,0,0,0,0,0,0,0,0,0,0,0,0,0,0,0,0,0,0,0,0,0,0,0,0,0,0,0,0,0,0,0,0,0,0,0,0,0,0,0,0.3460841774940491,0.5858741402626038,7.998550444199282e-08,0.3694564700126648,0.5364521741867065,0.01480876561254263,0.4021725058555603,0.501420795917511,0.015106674283742905,0.43076300621032715,0.49047988653182983,0.010608382523059845,0.45474496483802795,0.4913630783557892,0.0056745745241642,0.4112355411052704,0.4650416374206543,0.004149521701037884,0.44612544775009155,0.43587633967399597,-4.9814469093689695e-05,0.46846744418144226,0.4172094762325287,-0.0015039603458717465,0.4838845133781433,0.402054101228714,-0.002639749553054571,0.41462886333465576,0.47744065523147583,-0.008983598090708256,0.4713677763938904,0.4855029582977295,-0.014015302993357182,0.4753473103046417,0.5132544040679932,-0.012430676259100437,0.4677812457084656,0.5252154469490051,-0.01008449587970972,0.4181285500526428,0.5019491910934448,-0.020588986575603485,0.47140008211135864,0.5215356349945068,-0.024022255092859268,0.46997034549713135,0.5463278889656067,-0.017333172261714935,0.45896294713020325,0.5551367998123169,-0.012215135619044304,0.42054319381713867,0.531347393989563,-0.031337037682533264,0.4642181396484375,0.5509311556816101,-0.02899130806326866,0.4629150331020355,0.5699827075004578,-0.02049688994884491,0.45294350385665894,0.5768656134605408,-0.01426923368126154,thinking
0.5357247591018677,0.3446473777294159,-0.7665299773216248,0.5746492147445679,0.2981334626674652,-0.7151597142219543,0.5908986926078796,0.30168503522872925,-0.7149215936660767,0.604399561882019,0.3069072961807251,-0.7150886058807373,0.5313073992729187,0.2939692735671997,-0.679951012134552,0.5183940529823303,0.29350194334983826,-0.6793501377105713,0.5073496103286743,0.29322436451911926,-0.6796935796737671,0.6347474455833435,0.34883421659469604,-0.399250864982605,0.5030619502067566,0.31900569796562195,-0.21691152453422546,0.5644298791885376,0.4076470136642456,-0.6615263223648071,0.5051508545875549,0.4030577540397644,-0.610598623752594,0.7490910887718201,0.665121853351593,-0.2958131432533264,0.3767217993736267,0.6148325204849243,-0.09669715911149979,0.818210780620575,1.024709701538086,-0.26834022998809814,0.16247209906578064,0.899366021156311,-0.6578824520111084,0.8099635243415833,1.484035611152649,-0.25201842188835144,0.36160948872566223,0.5850760340690613,-1.3506027460098267,0.8234037160873413,1.611823320388794,-0.3014289140701294,0.411163866519928,0.495498925447464,-1.5099385976791382,0.7671515345573425,1.610595941543579,-0.3124696612358093,0.43455928564071655,0.4828411042690277,-1.3940250873565674,0.7523223161697388,1.5685360431671143,-0.2646072506904602,0.43144091963768005,0.5237403512001038,-1.3337923288345337,0.6460479497909546,1.4247552156448364,-0.13709284365177155,0.3638048768043518,1.3924404382705688,0.14099740982055664,0.5999702215194702,2.045992136001587,-0.08511164784431458,0.353788822889328,2.019108295440674,0.39414849877357483,0.5675453543663025,2.5782454013824463,0.6202424168586731,0.3243609666824341,2.5497591495513916,1.0716743469238281,0.5725382566452026,2.6535818576812744,0.6535124778747559,0.31520846486091614,2.6226658821105957,1.1311705112457275,0.5084295868873596,2.742877960205078,0.06579951196908951,0.3313126564025879,2.7321839332580566,0.4930027425289154,0,0,0,0,0,0,0,0,0,0,0,0,0,0,0,0,0,0,0,0,0,0,0,0,0,0,0,0,0,0,0,0,0,0,0,0,0,0,0,0,0,0,0,0,0,0,0,0,0,0,0,0,0,0,0,0,0,0,0,0,0,0,0,0.3407471776008606,0.5776349902153015,6.118186490766675e-08,0.3625236451625824,0.5273780226707458,0.018558112904429436,0.3944561779499054,0.49291926622390747,0.019010940566658974,0.42127475142478943,0.4806576371192932,0.013915996998548508,0.44498181343078613,0.48209092020988464,0.008039227686822414,0.40381214022636414,0.4556237459182739,0.004617186263203621,0.43840092420578003,0.42246657609939575,-3.988597745774314e-05,0.46067196130752563,0.4031856060028076,-0.0015213321894407272,0.475777268409729,0.3874933123588562,-0.00279433885589242,0.40673691034317017,0.46674686670303345,-0.011109329760074615,0.46296390891075134,0.47227200865745544,-0.015965266153216362,0.4647992253303528,0.5015770196914673,-0.012088661082088947,0.4551858603954315,0.5123037099838257,-0.008665896952152252,0.4093634784221649,0.49061843752861023,-0.025182386860251427,0.4629896283149719,0.5047842264175415,-0.028312968090176582,0.46122661232948303,0.5300061702728271,-0.018827900290489197,0.4496747553348541,0.5380346179008484,-0.012398343533277512,0.4107646942138672,0.5197425484657288,-0.03813517838716507,0.4544264078140259,0.5329089760780334,-0.03529323637485504,0.4538102447986603,0.5529506206512451,-0.024766316637396812,0.4440207779407501,0.5608965158462524,-0.01753566600382328,thinking
0.5307770371437073,0.33972087502479553,-0.7689343094825745,0.5709595084190369,0.2934490740299225,-0.7163792848587036,0.5876312255859375,0.29684269428253174,-0.7161476016044617,0.6023035049438477,0.3020739257335663,-0.7163013815879822,0.5279383659362793,0.2905578017234802,-0.6818848252296448,0.5153399705886841,0.2907353639602661,-0.6812844276428223,0.5048708915710449,0.290988564491272,-0.6816350817680359,0.633383572101593,0.3456772565841675,-0.3986911177635193,0.5029385685920715,0.3178918659687042,-0.21683761477470398,0.5595966577529907,0.4030609130859375,-0.6628116369247437,0.5009358525276184,0.39949285984039307,-0.6125536561012268,0.7490156292915344,0.6662539839744568,-0.30052149295806885,0.37675678730010986,0.6157041788101196,-0.1018596738576889,0.8187893033027649,1.028476357460022,-0.2707277536392212,0.16269510984420776,0.899651825428009,-0.6719841957092285,0.8123546838760376,1.4958415031433105,-0.254595547914505,0.36164340376853943,0.5799819827079773,-1.3748210668563843,0.8278962969779968,1.6249549388885498,-0.30406585335731506,0.4110836982727051,0.4890908896923065,-1.5370794534683228,0.7698265314102173,1.625346064567566,-0.31571030616760254,0.43418043851852417,0.47667694091796875,-1.4222084283828735,0.7539161443710327,1.582499623298645,-0.2675919234752655,0.4311680197715759,0.5182095170021057,-1.358229398727417,0.6448355913162231,1.4291927814483643,-0.14089569449424744,0.3629312813282013,1.3952609300613403,0.14480210840702057,0.5987849235534668,2.0516202449798584,-0.08929196000099182,0.3533604145050049,2.023376703262329,0.39351770281791687,0.567198634147644,2.5850718021392822,0.6197569966316223,0.3240394592285156,2.555725574493408,1.064479112625122,0.5725476741790771,2.6611435413360596,0.6532463431358337,0.31468814611434937,2.6294074058532715,1.1240460872650146,0.50771564245224,2.748505115509033,0.06330195814371109,0.32999637722969055,2.738265037536621,0.4905593991279602,0,0,0,0,0,0,0,0,0,0,0,0,0,0,0,0,0,0,0,0,0,0,0,0,0,0,0,0,0,0,0,0,0,0,0,0,0,0,0,0,0,0,0,0,0,0,0,0,0,0,0,0,0,0,0,0,0,0,0,0,0,0,0,0.33953046798706055,0.5804475545883179,5.8111290002216265e-08,0.3635677993297577,0.5327311158180237,0.015950284898281097,0.39556533098220825,0.49653199315071106,0.016475584357976913,0.422696977853775,0.4835904836654663,0.011657596565783024,0.4464426040649414,0.4823569059371948,0.006330395583063364,0.40438854694366455,0.4572547972202301,0.005868364125490189,0.43859657645225525,0.4240405857563019,0.0015135648427531123,0.4604075253009796,0.4023522436618805,0.0001684234302956611,0.4745713174343109,0.38412708044052124,-0.001043097348883748,0.4061466157436371,0.46711859107017517,-0.008409000001847744,0.4627659022808075,0.4686529338359833,-0.013684316538274288,0.4678945541381836,0.499561071395874,-0.011465447023510933,0.4602888822555542,0.5139772891998291,-0.008658645674586296,0.40888702869415283,0.49040642380714417,-0.021271448582410812,0.4637467861175537,0.5022582411766052,-0.02481803670525551,0.46543753147125244,0.5298579931259155,-0.016987508162856102,0.4547185003757477,0.5410397052764893,-0.011262395419180393,0.41041862964630127,0.5190839171409607,-0.03329398110508919,0.45405006408691406,0.533389687538147,-0.03117946721613407,0.45575642585754395,0.5538238286972046,-0.022134819999337196,0.44666653871536255,0.5625327825546265,-0.015655191615223885,thinking
0.5298141241073608,0.32820069789886475,-0.8488284349441528,0.5706368684768677,0.28324469923973083,-0.7855556011199951,0.5872219204902649,0.28705671429634094,-0.7854346632957458,0.60222327709198,0.2923184037208557,-0.7854580879211426,0.5273260474205017,0.2802370488643646,-0.7524833083152771,0.5145209431648254,0.28090035915374756,-0.7519263625144958,0.5039495825767517,0.2813127636909485,-0.7523134350776672,0.633120059967041,0.33920708298683167,-0.42866310477256775,0.502842128276825,0.3125014901161194,-0.2505296766757965,0.5589059591293335,0.3931598663330078,-0.7300475239753723,0.4999493658542633,0.39025700092315674,-0.6824752688407898,0.7493830919265747,0.6662648916244507,-0.3079330027103424,0.37666836380958557,0.6162416338920593,-0.1454722136259079,0.8176156878471375,1.0295357704162598,-0.2779765725135803,0.16375835239887238,0.8985908031463623,-0.7714745402336121,0.812125563621521,1.488924503326416,-0.25981128215789795,0.3615976572036743,0.5761058926582336,-1.5661264657974243,0.8256621360778809,1.615432858467102,-0.32043394446372986,0.41074758768081665,0.4860486090183258,-1.7452653646469116,0.7685357332229614,1.613097906112671,-0.32374057173728943,0.43302732706069946,0.4723111689090729,-1.6279833316802979,0.7536973357200623,1.5719621181488037,-0.27494150400161743,0.4305802881717682,0.5131538510322571,-1.5501458644866943,0.6458637714385986,1.4289417266845703,-0.1360262930393219,0.363006055355072,1.3957734107971191,0.13972245156764984,0.5988196730613708,2.0513389110565186,-0.05008317157626152,0.3534983992576599,2.025045871734619,0.3812224268913269,0.5672804117202759,2.5828206539154053,0.700532078742981,0.3241983652114868,2.5569300651550293,1.0610952377319336,0.5726689100265503,2.658385753631592,0.7374137043952942,0.3148764967918396,2.6305348873138428,1.1208317279815674,0.5075782537460327,2.747117519378662,0.1263921856880188,0.33052751421928406,2.739372968673706,0.4863104820251465,0,0,0,0,0,0,0,0,0,0,0,0,0,0,0,0,0,0,0,0,0,0,0,0,0,0,0,0,0,0,0,0,0,0,0,0,0,0,0,0,0,0,0,0,0,0,0,0,0,0,0,0,0,0,0,0,0,0,0,0,0,0,0,0.337821900844574,0.577420711517334,4.3678909378286335e-08,0.36317214369773865,0.535535454750061,0.019134480506181717,0.394525408744812,0.5021633505821228,0.020601913332939148,0.42066431045532227,0.4899597764015198,0.01626548171043396,0.44263142347335815,0.4881611466407776,0.011197767220437527,0.4033825993537903,0.4573691785335541,0.00618800800293684,0.43880435824394226,0.4241645336151123,0.0022664170246571302,0.4602718651294708,0.4002608060836792,0.001288039842620492,0.4739045202732086,0.37947115302085876,0.00026365587837062776,0.40451717376708984,0.46435680985450745,-0.009230987168848515,0.4616639018058777,0.4659874439239502,-0.013488071970641613,0.4663807153701782,0.497239351272583,-0.009574836120009422,0.4587632715702057,0.512926459312439,-0.005929434206336737,0.40688297152519226,0.4854170083999634,-0.022885005921125412,0.46145570278167725,0.49712198972702026,-0.0250435508787632,0.46149444580078125,0.5247032046318054,-0.01568383350968361,0.45086389780044556,0.5375191569328308,-0.009327799081802368,0.4087677001953125,0.5127413868904114,-0.03545287996530533,0.45280739665031433,0.5245535969734192,-0.03095940873026848,0.45221659541130066,0.5450472235679626,-0.020060880109667778,0.44207221269607544,0.5558264255523682,-0.0127640375867486,thinking
0.5291593074798584,0.32391437888145447,-0.8599656224250793,0.5702540278434753,0.27940475940704346,-0.7967954874038696,0.586786150932312,0.2832432985305786,-0.7966784834861755,0.6020514965057373,0.2884052097797394,-0.7966955304145813,0.5267778635025024,0.2765263020992279,-0.7643475532531738,0.5138346552848816,0.2774019241333008,-0.7637940645217896,0.5032236576080322,0.27788689732551575,-0.764175295829773,0.6329367160797119,0.33595192432403564,-0.4363585412502289,0.5027093291282654,0.31001150608062744,-0.25942090153694153,0.5585486888885498,0.38891321420669556,-0.7404356598854065,0.49944138526916504,0.3859739303588867,-0.693576455116272,0.749542236328125,0.6662405133247375,-0.31094110012054443,0.37664365768432617,0.6163483262062073,-0.15767933428287506,0.8166791200637817,1.0298064947128296,-0.2816232740879059,0.16489914059638977,0.8980386257171631,-0.7838071584701538,0.8117761611938477,1.4852689504623413,-0.26903465390205383,0.3615093529224396,0.5741472244262695,-1.5718238353729248,0.8240119218826294,1.6103854179382324,-0.3326886296272278,0.4106263220310211,0.4844595193862915,-1.7499847412109375,0.7676299810409546,1.6065903902053833,-0.33867788314819336,0.43235236406326294,0.46976226568222046,-1.6332566738128662,0.7535346746444702,1.5664238929748535,-0.28362688422203064,0.43026819825172424,0.5102652311325073,-1.5556857585906982,0.6468770503997803,1.4286593198776245,-0.13351722061634064,0.3632226586341858,1.3958823680877686,0.13712623715400696,0.5991433262825012,2.050724506378174,-0.036662910133600235,0.3541896939277649,2.025468111038208,0.3802521228790283,0.5674721598625183,2.5812597274780273,0.7154947519302368,0.3248186707496643,2.5571420192718506,1.0657316446304321,0.5729032754898071,2.6564862728118896,0.7525852918624878,0.3154657483100891,2.6306614875793457,1.1262954473495483,0.5075994729995728,2.7460756301879883,0.14166656136512756,0.33199343085289,2.7394816875457764,0.48608988523483276,0,0,0,0,0,0,0,0,0,0,0,0,0,0,0,0,0,0,0,0,0,0,0,0,0,0,0,0,0,0,0,0,0,0,0,0,0,0,0,0,0,0,0,0,0,0,0,0,0,0,0,0,0,0,0,0,0,0,0,0,0,0,0,0.3389577269554138,0.5761905312538147,3.5672304221634477e-08,0.3632614314556122,0.5334280729293823,0.020260829478502274,0.39399924874305725,0.4992424547672272,0.02214311994612217,0.41958925127983093,0.48670169711112976,0.018079159781336784,0.4411029815673828,0.4845183193683624,0.013195817358791828,0.4043564200401306,0.45542511343955994,0.006613882724195719,0.4388006925582886,0.42231303453445435,0.00286956992931664,0.46047744154930115,0.3997674584388733,0.0020846370607614517,0.47441285848617554,0.38013172149658203,0.00127992476336658,0.4056701362133026,0.46327483654022217,-0.009059453383088112,0.4623306691646576,0.4653194546699524,-0.012623257003724575,0.46638932824134827,0.4957485496997833,-0.00833161361515522,0.4579881429672241,0.5102115869522095,-0.0045469352044165134,0.4077032804489136,0.4849165976047516,-0.022843196988105774,0.4611268937587738,0.49651437997817993,-0.024452533572912216,0.4608919620513916,0.5234965085983276,-0.015028721652925014,0.44976282119750977,0.5350011587142944,-0.00874730758368969,0.40899857878685,0.512444257736206,-0.03540828824043274,0.4523940086364746,0.5243143439292908,-0.0307440385222435,0.4521445333957672,0.5443432927131653,-0.01990140974521637,0.4418320655822754,0.5539379715919495,-0.01265157200396061,thinking
0.5254206657409668,0.32550475001335144,-0.8246156573295593,0.567139744758606,0.28067445755004883,-0.7691072225570679,0.5840631723403931,0.2844085097312927,-0.7689821720123291,0.5999050736427307,0.2895454466342926,-0.7689617872238159,0.5241872072219849,0.27764660120010376,-0.7314913868904114,0.5116552114486694,0.2783607840538025,-0.7309593558311462,0.5015453100204468,0.2787499725818634,-0.7313524484634399,0.6320780515670776,0.336327463388443,-0.43470892310142517,0.5025702714920044,0.31028756499290466,-0.24446794390678406,0.5542503595352173,0.390127956867218,-0.7163528203964233,0.49709731340408325,0.38687044382095337,-0.6623502969741821,0.7498160600662231,0.6679576635360718,-0.3169991374015808,0.3766222298145294,0.6206794381141663,-0.1270051896572113,0.8166178464889526,1.0337880849838257,-0.297324001789093,0.1661326289176941,0.897671639919281,-0.6947905421257019,0.8073921203613281,1.4823620319366455,-0.27838432788848877,0.361431747674942,0.5740014910697937,-1.4284371137619019,0.816964328289032,1.6068748235702515,-0.33436983823776245,0.41050440073013306,0.48281678557395935,-1.5906904935836792,0.7613722681999207,1.6022940874099731,-0.3433063328266144,0.4318304657936096,0.46762821078300476,-1.4702656269073486,0.7484713792800903,1.5622442960739136,-0.2925661504268646,0.43016132712364197,0.5092613697052002,-1.4100946187973022,0.6470032930374146,1.4309766292572021,-0.13425639271736145,0.3633285164833069,1.399522066116333,0.13789674639701843,0.5991629362106323,2.051823616027832,-0.06317996978759766,0.354238897562027,2.0263266563415527,0.34690549969673157,0.5672653317451477,2.581305742263794,0.6616193652153015,0.32501187920570374,2.5572710037231445,0.9838100671768188,0.5728650689125061,2.6560003757476807,0.6977312564849854,0.3157271444797516,2.6309356689453125,1.0390487909317017,0.5061481595039368,2.7470526695251465,0.10817698389291763,0.33177271485328674,2.7387259006500244,0.4166244864463806,0,0,0,0,0,0,0,0,0,0,0,0,0,0,0,0,0,0,0,0,0,0,0,0,0,0,0,0,0,0,0,0,0,0,0,0,0,0,0,0,0,0,0,0,0,0,0,0,0,0,0,0,0,0,0,0,0,0,0,0,0,0,0,0.33794260025024414,0.5749791860580444,3.7590424994959903e-08,0.3616940379142761,0.5300180315971375,0.01972828432917595,0.3926732540130615,0.49526920914649963,0.021261662244796753,0.41893866658210754,0.4832576513290405,0.01686728559434414,0.44135087728500366,0.4817408323287964,0.011690085753798485,0.40363362431526184,0.45430323481559753,0.006446680054068565,0.43815088272094727,0.42211514711380005,0.0024316469207406044,0.4594033360481262,0.40006738901138306,0.0018444452434778214,0.47307538986206055,0.380160391330719,0.0011299529578536749,0.40467754006385803,0.4621945917606354,-0.00960761122405529,0.463652104139328,0.46420547366142273,-0.01458860281854868,0.46635887026786804,0.494807630777359,-0.010425645858049393,0.45672139525413513,0.5080272555351257,-0.00623551057651639,0.40624889731407166,0.4840063452720642,-0.02386869490146637,0.4610574245452881,0.4954451024532318,-0.026925217360258102,0.4593868851661682,0.5215418338775635,-0.017227504402399063,0.4470891058444977,0.5303956270217896,-0.010284501127898693,0.40698039531707764,0.5119430422782898,-0.036934107542037964,0.4521251320838928,0.5232968926429749,-0.03315288573503494,0.4504985809326172,0.5424011945724487,-0.021977268159389496,0.43845078349113464,0.5498536229133606,-0.014308012090623379,thinking
0.5234758853912354,0.3265272080898285,-0.8017187118530273,0.565466582775116,0.281528502702713,-0.7488898634910583,0.582546591758728,0.2851942181587219,-0.7487620115280151,0.5986884236335754,0.2903255224227905,-0.7487567067146301,0.5227977633476257,0.2784230411052704,-0.7112806439399719,0.5104457139968872,0.27903228998184204,-0.7107418775558472,0.5005806088447571,0.2793576121330261,-0.7111265063285828,0.6315633058547974,0.33661776781082153,-0.4283991754055023,0.5023635625839233,0.3104917109012604,-0.23512670397758484,0.5518463850021362,0.39091169834136963,-0.6967161893844604,0.49569958448410034,0.3874559998512268,-0.6423817276954651,0.7498777508735657,0.6687896847724915,-0.3170400857925415,0.37661758065223694,0.6225233674049377,-0.1137232631444931,0.816519558429718,1.0360980033874512,-0.3024293780326843,0.16680502891540527,0.8976465463638306,-0.6676536798477173,0.8033611178398132,1.480667233467102,-0.2824136018753052,0.36137300729751587,0.5740562677383423,-1.3878397941589355,0.8116310238838196,1.6049702167510986,-0.3332195580005646,0.4103848338127136,0.48175135254859924,-1.5490320920944214,0.7560559511184692,1.5997288227081299,-0.3433845043182373,0.4315486550331116,0.46654945611953735,-1.4301563501358032,0.7436303496360779,1.5596511363983154,-0.29568952322006226,0.430056631565094,0.5087780952453613,-1.3698502779006958,0.6469966173171997,1.4321036338806152,-0.1343357264995575,0.36334818601608276,1.4010409116744995,0.138002410531044,0.5991965532302856,2.052525043487549,-0.08046118915081024,0.3542831540107727,2.0265250205993652,0.33687660098075867,0.5669423937797546,2.581662178039551,0.6233493685722351,0.3251529335975647,2.5571277141571045,0.9637090563774109,0.5726884603500366,2.656001329421997,0.657511830329895,0.315909743309021,2.6308162212371826,1.0181262493133545,0.5050083994865417,2.7478559017181396,0.0735335648059845,0.3315941393375397,2.738168478012085,0.4006349444389343,0,0,0,0,0,0,0,0,0,0,0,0,0,0,0,0,0,0,0,0,0,0,0,0,0,0,0,0,0,0,0,0,0,0,0,0,0,0,0,0,0,0,0,0,0,0,0,0,0,0,0,0,0,0,0,0,0,0,0,0,0,0,0,0.3382190465927124,0.5750554203987122,3.767197753745677e-08,0.36193642020225525,0.5298115015029907,0.019892999902367592,0.3931216895580292,0.4953368008136749,0.021377358585596085,0.4194827079772949,0.4834616482257843,0.01695866696536541,0.44206470251083374,0.4819169342517853,0.01173568144440651,0.4031011462211609,0.45434048771858215,0.0061151860281825066,0.4379453957080841,0.42193692922592163,0.0022022693883627653,0.4592225253582001,0.4001878499984741,0.0018313814653083682,0.47301992774009705,0.3806796371936798,0.0013275641249492764,0.4045058488845825,0.4626053273677826,-0.009917577728629112,0.4636225700378418,0.4643614888191223,-0.014740037731826305,0.4664221405982971,0.49571430683135986,-0.010320515371859074,0.456731915473938,0.5098174810409546,-0.005920326337218285,0.4064929187297821,0.48455530405044556,-0.024089349433779716,0.4611681401729584,0.49598732590675354,-0.026735490188002586,0.45934343338012695,0.5227891206741333,-0.016703952103853226,0.44706955552101135,0.5326182246208191,-0.009613688103854656,0.40751585364341736,0.5124660730361938,-0.0370660200715065,0.4519916772842407,0.5237911939620972,-0.03297019004821777,0.4502844512462616,0.5434439778327942,-0.0216300580650568,0.43852531909942627,0.5517261624336243,-0.013865889981389046,thinking
0.5223715901374817,0.32726535201072693,-0.7872961163520813,0.5645641088485718,0.2821345627307892,-0.7358630299568176,0.5816982388496399,0.28575849533081055,-0.7357364892959595,0.5979949235916138,0.2909013628959656,-0.7357760071754456,0.5220738649368286,0.27898523211479187,-0.6978100538253784,0.5098143815994263,0.2795230746269226,-0.6972541213035583,0.500063955783844,0.27980509400367737,-0.6976271867752075,0.6311711668968201,0.33685094118118286,-0.4220389425754547,0.5020682215690613,0.31064948439598083,-0.2246362864971161,0.5503727793693542,0.39151477813720703,-0.6830857396125793,0.494835764169693,0.3879386782646179,-0.6281434297561646,0.7498862147331238,0.6690590381622314,-0.3185546398162842,0.37663379311561584,0.6233999133110046,-0.09561837464570999,0.8164697885513306,1.0363681316375732,-0.30810660123825073,0.1672874540090561,0.8976934552192688,-0.6356513500213623,0.8013057708740234,1.479506015777588,-0.28480085730552673,0.3613292872905731,0.5743415951728821,-1.3491488695144653,0.809210479259491,1.6038339138031006,-0.3324224352836609,0.410304456949234,0.4813140034675598,-1.5077831745147705,0.7536135315895081,1.5982879400253296,-0.3429054021835327,0.4313885271549225,0.4667206406593323,-1.388833999633789,0.741422176361084,1.558087706565857,-0.29736170172691345,0.42992717027664185,0.508792519569397,-1.3311156034469604,0.6467997431755066,1.4325181245803833,-0.13551893830299377,0.3632740080356598,1.4016293287277222,0.13918925821781158,0.5990256071090698,2.0526528358459473,-0.07981780916452408,0.3542094826698303,2.026404619216919,0.34098654985427856,0.5659983158111572,2.5813910961151123,0.6278318166732788,0.32441556453704834,2.5568020343780518,0.9764152765274048,0.5718896389007568,2.6555097103118896,0.6625884771347046,0.31512680649757385,2.6304545402526855,1.031916618347168,0.5030395984649658,2.7480456829071045,0.07731500267982483,0.32986098527908325,2.737856388092041,0.41341471672058105,0,0,0,0,0,0,0,0,0,0,0,0,0,0,0,0,0,0,0,0,0,0,0,0,0,0,0,0,0,0,0,0,0,0,0,0,0,0,0,0,0,0,0,0,0,0,0,0,0,0,0,0,0,0,0,0,0,0,0,0,0,0,0,0.33799317479133606,0.5748873353004456,3.8447751649073325e-08,0.3618587851524353,0.5295681953430176,0.02017083764076233,0.3930976986885071,0.49528712034225464,0.021684762090444565,0.4195527136325836,0.4833969175815582,0.01724862866103649,0.44218817353248596,0.4817264676094055,0.011987878940999508,0.40300223231315613,0.4542931616306305,0.006093643140047789,0.4379527270793915,0.4219077527523041,0.0020934639032930136,0.4592668414115906,0.40020161867141724,0.001662527327425778,0.4730498194694519,0.38072121143341064,0.0011535055236890912,0.4043157696723938,0.4624723494052887,-0.010027289390563965,0.4636102318763733,0.4644423723220825,-0.014682462438941002,0.4666226804256439,0.4960338771343231,-0.01014408003538847,0.45700058341026306,0.5100956559181213,-0.005717235617339611,0.40627923607826233,0.48443371057510376,-0.024252532050013542,0.4612242877483368,0.4960431754589081,-0.02674679271876812,0.45952776074409485,0.5230898261070251,-0.016587307676672935,0.44725701212882996,0.5330073237419128,-0.009450330398976803,0.4072975814342499,0.5123312473297119,-0.037261001765728,0.45191872119903564,0.523917555809021,-0.033060222864151,0.4503627121448517,0.5437825322151184,-0.021612411364912987,0.4387354254722595,0.5521933436393738,-0.013771924190223217,thinking
0.5208977460861206,0.32726162672042847,-0.7909316420555115,0.5634781122207642,0.282234787940979,-0.7389127016067505,0.5807708501815796,0.2858947813510895,-0.7387822866439819,0.5972906351089478,0.2911231815814972,-0.7388275861740112,0.5213660597801208,0.27897951006889343,-0.7016606330871582,0.5093203186988831,0.2794511914253235,-0.7011134624481201,0.4997199475765228,0.2796541452407837,-0.7014919519424438,0.6309443712234497,0.3369966745376587,-0.4253922402858734,0.5017651915550232,0.3107399046421051,-0.227749302983284,0.5489069819450378,0.391755074262619,-0.6847996115684509,0.49385184049606323,0.388069212436676,-0.6314677000045776,0.7507188320159912,0.670049786567688,-0.32835981249809265,0.37662357091903687,0.6241310238838196,-0.10269121825695038,0.8179291486740112,1.0401780605316162,-0.3144961893558502,0.1673349142074585,0.8974483609199524,-0.6569210290908813,0.7986034154891968,1.4860905408859253,-0.28485989570617676,0.36127758026123047,0.5716849565505981,-1.382200837135315,0.8059431314468384,1.612493872642517,-0.3308890461921692,0.4102695882320404,0.4797618091106415,-1.545672059059143,0.7496658563613892,1.6082899570465088,-0.34044474363327026,0.4312247335910797,0.4644201099872589,-1.4278651475906372,0.7377232313156128,1.566921353340149,-0.2964935004711151,0.42985644936561584,0.5051517486572266,-1.3646323680877686,0.6467365026473999,1.4355379343032837,-0.13648299872875214,0.36313554644584656,1.4036736488342285,0.14012368023395538,0.5986424684524536,2.057939052581787,-0.06856437027454376,0.3539407551288605,2.030456304550171,0.3878358006477356,0.5655206441879272,2.5875356197357178,0.6808103919029236,0.32358208298683167,2.561876058578491,1.0876965522766113,0.5712797045707703,2.6624372005462646,0.7201829552650452,0.3141024708747864,2.6362216472625732,1.1505569219589233,0.502600371837616,2.754380941390991,0.12999698519706726,0.3289511501789093,2.7431411743164062,0.5279597043991089,0,0,0,0,0,0,0,0,0,0,0,0,0,0,0,0,0,0,0,0,0,0,0,0,0,0,0,0,0,0,0,0,0,0,0,0,0,0,0,0,0,0,0,0,0,0,0,0,0,0,0,0,0,0,0,0,0,0,0,0,0,0,0,0.33691370487213135,0.5773492455482483,3.5262097242139134e-08,0.3628266155719757,0.5365813374519348,0.01936384290456772,0.3937270939350128,0.5023822784423828,0.021060004830360413,0.41962847113609314,0.4888635277748108,0.0169289018958807,0.4420270621776581,0.485596626996994,0.01205718144774437,0.4016181230545044,0.4567110240459442,0.006353282835334539,0.43643906712532043,0.42517754435539246,0.0024269118439406157,0.4580090641975403,0.4036283791065216,0.0017127306200563908,0.47228068113327026,0.3846166729927063,0.000873657816555351,0.4030420184135437,0.4642355144023895,-0.009355560876429081,0.46058622002601624,0.4646570682525635,-0.013903319835662842,0.46516260504722595,0.49613717198371887,-0.009888437576591969,0.4569687247276306,0.5114618539810181,-0.0060111116617918015,0.40538397431373596,0.48577412962913513,-0.023264821618795395,0.4599510431289673,0.49697282910346985,-0.02552315779030323,0.45940065383911133,0.5248816609382629,-0.015597078949213028,0.4478745758533478,0.536678671836853,-0.008810409344732761,0.4066389799118042,0.5133505463600159,-0.03610753268003464,0.4503113627433777,0.5254384875297546,-0.03192059323191643,0.44934651255607605,0.5458093881607056,-0.020934350788593292,0.4385205805301666,0.5554208755493164,-0.01352284662425518,thinking
0.5142918229103088,0.3296584188938141,-0.7124994993209839,0.5578181743621826,0.2833338975906372,-0.6787816286087036,0.5753346085548401,0.28664788603782654,-0.678663969039917,0.5924063920974731,0.29163625836372375,-0.6788021326065063,0.5167120695114136,0.28060704469680786,-0.6273112893104553,0.5060692429542542,0.2809664011001587,-0.6267335414886475,0.4972887635231018,0.28108102083206177,-0.6271182298660278,0.6289465427398682,0.3374900221824646,-0.42347249388694763,0.5015351176261902,0.3125622570514679,-0.17015358805656433,0.5415835380554199,0.39404863119125366,-0.6297616958618164,0.4905313551425934,0.39028871059417725,-0.5569967031478882,0.7505576610565186,0.6712979674339294,-0.3466339707374573,0.3774900436401367,0.6281815767288208,-0.023356184363365173,0.8176568746566772,1.046216607093811,-0.3547649383544922,0.1672826111316681,0.8975580930709839,-0.5224899053573608,0.7839345335960388,1.491957426071167,-0.28917521238327026,0.3610552251338959,0.5715363621711731,-1.193681240081787,0.7902693748474121,1.6193634271621704,-0.334164023399353,0.4093706011772156,0.48008403182029724,-1.3381192684173584,0.7329537272453308,1.6140503883361816,-0.3429717719554901,0.43068307638168335,0.46466901898384094,-1.2150038480758667,0.7220392227172852,1.5725536346435547,-0.29703325033187866,0.42907899618148804,0.5056760907173157,-1.1733119487762451,0.6455109715461731,1.4464915990829468,-0.16240017116069794,0.3630090057849884,1.409934639930725,0.16629962623119354,0.5964342355728149,2.0743746757507324,-0.1616310179233551,0.3539276719093323,2.0405609607696533,0.38668617606163025,0.5646191835403442,2.612309455871582,0.5105335116386414,0.32364949584007263,2.5770182609558105,0.9789116978645325,0.5712684988975525,2.6898248195648193,0.5396486520767212,0.314205527305603,2.6522910594940186,1.0293174982070923,0.4976048469543457,2.7718493938446045,-0.03842553868889809,0.3246505856513977,2.7554192543029785,0.4343821406364441,0,0,0,0,0,0,0,0,0,0,0,0,0,0,0,0,0,0,0,0,0,0,0,0,0,0,0,0,0,0,0,0,0,0,0,0,0,0,0,0,0,0,0,0,0,0,0,0,0,0,0,0,0,0,0,0,0,0,0,0,0,0,0,0.3357815742492676,0.564375638961792,-1.9219761782096612e-07,0.3693466782569885,0.5308820605278015,0.010852070525288582,0.40677332878112793,0.4963148832321167,0.008878272958099842,0.437045693397522,0.48392918705940247,0.0013004632201045752,0.4586729407310486,0.4834846556186676,-0.0072632161900401115,0.4115784764289856,0.436997652053833,-0.00046714977361261845,0.4537597894668579,0.3894711434841156,-0.008225034922361374,0.47846901416778564,0.3825691342353821,-0.011093967594206333,0.4938845932483673,0.3802185356616974,-0.013204718939960003,0.405430406332016,0.449298620223999,-0.013726554811000824,0.4681887626647949,0.4621538519859314,-0.026539914309978485,0.4646707773208618,0.5038307905197144,-0.02615661546587944,0.44846758246421814,0.5195111036300659,-0.02458297461271286,0.40260738134384155,0.473838210105896,-0.02616749331355095,0.461527556180954,0.4941275119781494,-0.036935534328222275,0.45261961221694946,0.5299497246742249,-0.029797593131661415,0.4342266917228699,0.5396973490715027,-0.024169137701392174,0.40073859691619873,0.5032875537872314,-0.03799134120345116,0.44953498244285583,0.5208661556243896,-0.039557114243507385,0.4434531033039093,0.5470331907272339,-0.029965190216898918,0.42674562335014343,0.5551843047142029,-0.0230235755443573,thinking
0.5115258693695068,0.3314593732357025,-0.7267981767654419,0.5550082921981812,0.28417497873306274,-0.6882802248001099,0.5727026462554932,0.2872547507286072,-0.6881681680679321,0.5900110006332397,0.29208067059516907,-0.6882938146591187,0.5140296816825867,0.281716525554657,-0.640916109085083,0.5039770603179932,0.28198644518852234,-0.6403408646583557,0.49546727538108826,0.28200817108154297,-0.6407269835472107,0.6278272867202759,0.33775612711906433,-0.4223386347293854,0.501348614692688,0.31349116563796997,-0.17700812220573425,0.5385707020759583,0.3953680992126465,-0.6365782618522644,0.48861798644065857,0.3918209373950958,-0.5690020322799683,0.7502098679542542,0.6713408827781677,-0.3453974723815918,0.3775520622730255,0.6308555006980896,-0.0350647047162056,0.8176800012588501,1.0465962886810303,-0.35319504141807556,0.1672251969575882,0.8976211547851562,-0.560214638710022,0.7836552858352661,1.4918142557144165,-0.28965625166893005,0.36058157682418823,0.5717335343360901,-1.2508094310760498,0.790513813495636,1.6188733577728271,-0.3343140780925751,0.40797868371009827,0.48087406158447266,-1.402455449104309,0.7335232496261597,1.613226056098938,-0.3447721302509308,0.42956772446632385,0.4652010500431061,-1.280053973197937,0.7221248149871826,1.572152853012085,-0.2980431914329529,0.42789673805236816,0.5059078931808472,-1.2308977842330933,0.6452325582504272,1.4479846954345703,-0.1655081957578659,0.362934947013855,1.411637783050537,0.1694212406873703,0.5963687896728516,2.0782206058502197,-0.16618908941745758,0.35411709547042847,2.045241355895996,0.3846610188484192,0.5648401975631714,2.618532657623291,0.5048951506614685,0.3244886100292206,2.5843541622161865,0.9670384526252747,0.5722144246101379,2.6960065364837646,0.5339202284812927,0.3152567744255066,2.6596882343292236,1.0180799961090088,0.497781902551651,2.778529644012451,-0.05007724091410637,0.32465749979019165,2.7624409198760986,0.41537031531333923,0,0,0,0,0,0,0,0,0,0,0,0,0,0,0,0,0,0,0,0,0,0,0,0,0,0,0,0,0,0,0,0,0,0,0,0,0,0,0,0,0,0,0,0,0,0,0,0,0,0,0,0,0,0,0,0,0,0,0,0,0,0,0,0.32513627409935,0.585500180721283,-4.6848544599242814e-08,0.3572566509246826,0.5385243892669678,0.021846085786819458,0.3906134366989136,0.5006423592567444,0.02497931197285652,0.4167393147945404,0.48873332142829895,0.02092524617910385,0.4393078684806824,0.4869537949562073,0.015593031421303749,0.3986525237560272,0.4545765519142151,0.00999351218342781,0.4415940046310425,0.4172779619693756,0.005279235076159239,0.4679557979106903,0.39837491512298584,0.003309614025056362,0.48507335782051086,0.383705735206604,0.0018924257019534707,0.39827561378479004,0.4654061794281006,-0.00724830524995923,0.4577752649784088,0.467456191778183,-0.012696731835603714,0.4619281589984894,0.5008038282394409,-0.010536067187786102,0.45282623171806335,0.5169026851654053,-0.008278406225144863,0.3987707495689392,0.48901617527008057,-0.02278755232691765,0.4551820755004883,0.4969572126865387,-0.025213118642568588,0.454247385263443,0.5260155200958252,-0.016858259215950966,0.4414447546005249,0.538237988948822,-0.011468957178294659,0.3982827067375183,0.5191433429718018,-0.03711744397878647,0.4451172649860382,0.5263380408287048,-0.03271189332008362,0.4448094069957733,0.547188937664032,-0.021957647055387497,0.4325793981552124,0.5569918751716614,-0.01493251882493496,thinking
0.509410560131073,0.3318183720111847,-0.7407870888710022,0.5519845485687256,0.2844339907169342,-0.6986516714096069,0.5697337985038757,0.28755587339401245,-0.6985399127006531,0.5869916677474976,0.29235678911209106,-0.6986483335494995,0.5114620923995972,0.28195449709892273,-0.6547352075576782,0.502090334892273,0.28227680921554565,-0.6541515588760376,0.4938230514526367,0.28229761123657227,-0.6545304656028748,0.6261182427406311,0.3378158509731293,-0.43233364820480347,0.5011460781097412,0.31371936202049255,-0.1875453144311905,0.536785900592804,0.3956226110458374,-0.6457186937332153,0.48725152015686035,0.3925842046737671,-0.5816916227340698,0.7501245737075806,0.6713017225265503,-0.34484246373176575,0.37752029299736023,0.6308459043502808,-0.05056958645582199,0.8176426887512207,1.0464335680007935,-0.34717506170272827,0.1672724336385727,0.8980318903923035,-0.5729621648788452,0.7923866510391235,1.4918980598449707,-0.2746722996234894,0.3602284789085388,0.5726961493492126,-1.279894471168518,0.8029569387435913,1.6189367771148682,-0.31677427887916565,0.40482097864151,0.4811376631259918,-1.4380544424057007,0.7471044659614563,1.61454439163208,-0.329847514629364,0.4254337251186371,0.46544647216796875,-1.3218852281570435,0.7330309748649597,1.573535442352295,-0.2849028706550598,0.4252120554447174,0.5062490701675415,-1.2666376829147339,0.6448556184768677,1.4473836421966553,-0.16227926313877106,0.3623543977737427,1.4115792512893677,0.1661493480205536,0.5952914953231812,2.076559543609619,-0.14704646170139313,0.3530728220939636,2.0444912910461426,0.40405574440956116,0.5645633935928345,2.61505126953125,0.5674648880958557,0.32402753829956055,2.58221697807312,1.0671117305755615,0.5718560218811035,2.6920275688171387,0.6011366844177246,0.3148604929447174,2.657287836074829,1.1265511512756348,0.49789363145828247,2.7764077186584473,-0.0014902568655088544,0.32421010732650757,2.760571002960205,0.5070624351501465,0,0,0,0,0,0,0,0,0,0,0,0,0,0,0,0,0,0,0,0,0,0,0,0,0,0,0,0,0,0,0,0,0,0,0,0,0,0,0,0,0,0,0,0,0,0,0,0,0,0,0,0,0,0,0,0,0,0,0,0,0,0,0,0.32341551780700684,0.5892157554626465,3.410027815675676e-08,0.3526272475719452,0.5423213243484497,0.019541671499609947,0.3849824070930481,0.5053005218505859,0.021176999434828758,0.41088250279426575,0.4929940402507782,0.01640043593943119,0.4333793818950653,0.48895108699798584,0.010875336825847626,0.3922421932220459,0.45778027176856995,0.008106924593448639,0.4350242614746094,0.42468613386154175,0.003759486833587289,0.46099185943603516,0.4060969650745392,0.0026972820051014423,0.4789024293422699,0.3916013538837433,0.0018454247619956732,0.3926509916782379,0.4681006371974945,-0.00801609642803669,0.45107340812683105,0.46739399433135986,-0.013650000095367432,0.45509934425354004,0.4979206323623657,-0.010924219153821468,0.4473426640033722,0.5144310593605042,-0.007996614091098309,0.3942882716655731,0.49073031544685364,-0.02255641296505928,0.44906923174858093,0.5001347064971924,-0.02482938952744007,0.4481089115142822,0.5272740721702576,-0.016130026429891586,0.4371006488800049,0.5401067137718201,-0.010523449629545212,0.39547985792160034,0.5201461911201477,-0.036117829382419586,0.4395628273487091,0.530462920665741,-0.03147956356406212,0.4386909008026123,0.5509941577911377,-0.021042687818408012,0.4281628727912903,0.5617554187774658,-0.014216652140021324,thinking
0.502684473991394,0.3358704745769501,-0.7417429089546204,0.5433716773986816,0.2862139046192169,-0.7010833024978638,0.5607213973999023,0.28881901502609253,-0.7009283304214478,0.5782018303871155,0.29317590594291687,-0.7008683681488037,0.5054813623428345,0.2843594253063202,-0.6575887799263,0.49755898118019104,0.2844173014163971,-0.6569808721542358,0.4893215298652649,0.2840643525123596,-0.6573397517204285,0.6216543912887573,0.33818647265434265,-0.49476879835128784,0.5002066493034363,0.3145237863063812,-0.1861133873462677,0.528434157371521,0.3995336890220642,-0.6493906378746033,0.48286470770835876,0.3963099718093872,-0.5782175660133362,0.7500680685043335,0.6715788245201111,-0.4204908311367035,0.3775562644004822,0.6309120059013367,-0.02727930247783661,0.8174953460693359,1.04844331741333,-0.40132513642311096,0.16712994873523712,0.8981116414070129,-0.5208048224449158,0.79405677318573,1.494300127029419,-0.31322354078292847,0.3594776391983032,0.574821412563324,-1.2477326393127441,0.8050504922866821,1.6229472160339355,-0.3502737581729889,0.40035706758499146,0.481305330991745,-1.3961631059646606,0.7496620416641235,1.6211775541305542,-0.36331644654273987,0.420877605676651,0.4656849801540375,-1.2788150310516357,0.7357827425003052,1.5789917707443237,-0.3203204870223999,0.42232686281204224,0.5066282153129578,-1.231262445449829,0.6449816823005676,1.4469927549362183,-0.17071858048439026,0.36294060945510864,1.4117547273635864,0.17435228824615479,0.5957575440406799,2.0752577781677246,-0.10426595062017441,0.35464543104171753,2.0437679290771484,0.48043838143348694,0.56850266456604,2.612699270248413,0.6607297658920288,0.3292655348777771,2.580704689025879,1.2065680027008057,0.5768711566925049,2.689464569091797,0.7016658186912537,0.3205549120903015,2.6555113792419434,1.2719939947128296,0.5004628896713257,2.774789333343506,0.10744345188140869,0.32780489325523376,2.759280204772949,0.6598302721977234,0,0,0,0,0,0,0,0,0,0,0,0,0,0,0,0,0,0,0,0,0,0,0,0,0,0,0,0,0,0,0,0,0,0,0,0,0,0,0,0,0,0,0,0,0,0,0,0,0,0,0,0,0,0,0,0,0,0,0,0,0,0,0,0.32458293437957764,0.5684370398521423,-1.3183669977934187e-07,0.35004106163978577,0.5294318795204163,0.012506362050771713,0.3827970027923584,0.4968786835670471,0.010780797339975834,0.4103423058986664,0.4899042546749115,0.003408413613215089,0.433427095413208,0.4937392473220825,-0.005436208564788103,0.3939380347728729,0.45089712738990784,5.789962233393453e-05,0.435401976108551,0.40962180495262146,-0.007263089530169964,0.45928141474723816,0.39943942427635193,-0.009986941702663898,0.4750959873199463,0.39241740107536316,-0.011948047205805779,0.3915608525276184,0.46135517954826355,-0.013502589426934719,0.45190006494522095,0.46952149271965027,-0.025324126705527306,0.45027559995651245,0.5080970525741577,-0.024397091940045357,0.4373447000980377,0.5261552333831787,-0.021824587136507034,0.39184442162513733,0.4841254651546478,-0.025985388085246086,0.44820842146873474,0.4990488290786743,-0.03520241007208824,0.4430609345436096,0.5334258079528809,-0.028350939974188805,0.429584264755249,0.5476959347724915,-0.022369196638464928,0.39238840341567993,0.5118984580039978,-0.037772610783576965,0.43636032938957214,0.525611937046051,-0.038111019879579544,0.4331650137901306,0.550842821598053,-0.029189828783273697,0.4226478934288025,0.562760591506958,-0.022387653589248657,thinking
0.4993404448032379,0.3384377658367157,-0.7397862672805786,0.5391653776168823,0.28743353486061096,-0.7051453590393066,0.5562999844551086,0.28967908024787903,-0.7049806714057922,0.573813796043396,0.2937141954898834,-0.7048861384391785,0.5022945404052734,0.28597551584243774,-0.6566656231880188,0.49493521451950073,0.28585323691368103,-0.6560416221618652,0.4866262376308441,0.2852534353733063,-0.6563891172409058,0.6189829707145691,0.33840271830558777,-0.5067313313484192,0.4994350075721741,0.31503355503082275,-0.1834857314825058,0.524366021156311,0.40187951922416687,-0.6530359983444214,0.4803074300289154,0.3985961675643921,-0.5745007395744324,0.7500318288803101,0.6718064546585083,-0.4327642321586609,0.3775615394115448,0.6309228539466858,-0.019298039376735687,0.8173373937606812,1.0503240823745728,-0.41009068489074707,0.16701030731201172,0.8982335329055786,-0.5095924735069275,0.7955646514892578,1.495851755142212,-0.32314303517341614,0.35875242948532104,0.5764501690864563,-1.23906672000885,0.8069504499435425,1.6254324913024902,-0.3591097891330719,0.3974865674972534,0.48141199350357056,-1.385988473892212,0.7517765760421753,1.6249842643737793,-0.37208107113838196,0.4180050790309906,0.46587905287742615,-1.267608404159546,0.7380117774009705,1.5821475982666016,-0.3298943042755127,0.42032304406166077,0.5069575905799866,-1.2216570377349854,0.6450968384742737,1.4467716217041016,-0.1738925278186798,0.3633059859275818,1.4119724035263062,0.17745783925056458,0.5962026715278625,2.0743157863616943,-0.08688174933195114,0.3555629253387451,2.043184518814087,0.4929543137550354,0.5711046457290649,2.610930919647217,0.6806100606918335,0.33191779255867004,2.579669237136841,1.2212930917739868,0.5799926519393921,2.6874706745147705,0.7217548489570618,0.3233523368835449,2.6542627811431885,1.286679983139038,0.5022509694099426,2.7734439373016357,0.12941958010196686,0.3299189507961273,2.758401393890381,0.6751070022583008,0,0,0,0,0,0,0,0,0,0,0,0,0,0,0,0,0,0,0,0,0,0,0,0,0,0,0,0,0,0,0,0,0,0,0,0,0,0,0,0,0,0,0,0,0,0,0,0,0,0,0,0,0,0,0,0,0,0,0,0,0,0,0,0.3235616385936737,0.5869280695915222,-9.56034718058163e-09,0.3562081456184387,0.5480725765228271,0.019777923822402954,0.38585716485977173,0.5135173797607422,0.021146228536963463,0.4104321300983429,0.498405396938324,0.01617075689136982,0.43151721358299255,0.4929058253765106,0.010556518100202084,0.38871437311172485,0.45942142605781555,0.007777569815516472,0.42650139331817627,0.42857804894447327,0.0026481617242097855,0.4499880075454712,0.4083660840988159,-6.141876656329259e-05,0.46584373712539673,0.39096084237098694,-0.002320743864402175,0.3883727490901947,0.4677133858203888,-0.008640367537736893,0.44576266407966614,0.4697132706642151,-0.013982600532472134,0.4495183825492859,0.5016294717788696,-0.011756732128560543,0.44101080298423767,0.5175415277481079,-0.009571034461259842,0.3894558846950531,0.48895904421806335,-0.023452186957001686,0.44391635060310364,0.49785318970680237,-0.025985626503825188,0.44383567571640015,0.5255297422409058,-0.017346393316984177,0.43240776658058167,0.5384586453437805,-0.011930488049983978,0.3903579115867615,0.5167621374130249,-0.03722863644361496,0.434872031211853,0.5266092419624329,-0.033508963882923126,0.43571558594703674,0.5476655960083008,-0.023428799584507942,0.42585381865501404,0.5583065152168274,-0.016931816935539246,thinking
0.49769335985183716,0.34022256731987,-0.7377610802650452,0.5371089577674866,0.28839367628097534,-0.7085498571395874,0.5541128516197205,0.29038336873054504,-0.7083905339241028,0.5715739130973816,0.29417699575424194,-0.7083261013031006,0.5006045699119568,0.28720414638519287,-0.6551716923713684,0.4934473931789398,0.28696849942207336,-0.6545404195785522,0.48507046699523926,0.2862083613872528,-0.6548817157745361,0.6173087358474731,0.33857423067092896,-0.5081021785736084,0.49888601899147034,0.315440833568573,-0.18177945911884308,0.5224429368972778,0.4034976661205292,-0.6555741429328918,0.47889137268066406,0.4001699984073639,-0.5720146298408508,0.750006377696991,0.6719902753829956,-0.43276387453079224,0.3775588870048523,0.6309398412704468,-0.017722036689519882,0.8171901702880859,1.0514419078826904,-0.4084099233150482,0.1668824851512909,0.8983160853385925,-0.5085963010787964,0.7971366047859192,1.496785283088684,-0.3238658308982849,0.3583175837993622,0.5775737762451172,-1.2367446422576904,0.8089249730110168,1.626768708229065,-0.35999083518981934,0.3959140181541443,0.48157358169555664,-1.3837707042694092,0.7538254857063293,1.6270160675048828,-0.3730274438858032,0.416355699300766,0.46610167622566223,-1.2649694681167603,0.7400933504104614,1.5838720798492432,-0.33092576265335083,0.41913968324661255,0.5071682333946228,-1.2190907001495361,0.645206093788147,1.4465914964675903,-0.17471010982990265,0.3636031150817871,1.412108302116394,0.17826154828071594,0.5965638160705566,2.0736286640167236,-0.07951848953962326,0.3561316132545471,2.0427491664886475,0.4919983744621277,0.5727461576461792,2.6096291542053223,0.6830434203147888,0.33340173959732056,2.5789361000061035,1.2170441150665283,0.5818575620651245,2.6859748363494873,0.7237007021903992,0.32487231492996216,2.6533737182617188,1.281984567642212,0.5035642385482788,2.772426128387451,0.13165852427482605,0.33139556646347046,2.7577898502349854,0.6699792742729187,0,0,0,0,0,0,0,0,0,0,0,0,0,0,0,0,0,0,0,0,0,0,0,0,0,0,0,0,0,0,0,0,0,0,0,0,0,0,0,0,0,0,0,0,0,0,0,0,0,0,0,0,0,0,0,0,0,0,0,0,0,0,0,0.32482436299324036,0.5689762234687805,-1.1089212392789705e-07,0.3493659794330597,0.5299404859542847,0.013424071483314037,0.3812349736690521,0.49723362922668457,0.011582641862332821,0.4089255928993225,0.48973044753074646,0.003946597687900066,0.4325585961341858,0.49313971400260925,-0.005353657994419336,0.3932126462459564,0.45184585452079773,5.544910891330801e-05,0.4346776604652405,0.414574533700943,-0.006956447381526232,0.4583594799041748,0.40073972940444946,-0.009523141197860241,0.47409623861312866,0.3894081711769104,-0.011530518531799316,0.39077192544937134,0.46284934878349304,-0.014157955534756184,0.45039045810699463,0.47046351432800293,-0.02557283826172352,0.4491463601589203,0.5079831480979919,-0.024249721318483353,0.43675845861434937,0.5247918963432312,-0.02152509242296219,0.39107853174209595,0.4861065149307251,-0.02714689075946808,0.44748783111572266,0.49994727969169617,-0.036240365356206894,0.44247716665267944,0.5332263112068176,-0.02907448820769787,0.4288751482963562,0.5468428134918213,-0.02300732582807541,0.39164039492607117,0.5142621397972107,-0.03937374800443649,0.43637052178382874,0.5269449353218079,-0.03987964615225792,0.43308576941490173,0.5518633127212524,-0.031112564727663994,0.4225381910800934,0.563814103603363,-0.024562014266848564,thinking
0.49544429779052734,0.34018903970718384,-0.6552649736404419,0.5347704291343689,0.2881697118282318,-0.6412181258201599,0.5515123605728149,0.29004228115081787,-0.6410196423530579,0.5687874555587769,0.2936552166938782,-0.6410776972770691,0.4990207552909851,0.2871939241886139,-0.5802257061004639,0.4919649660587311,0.28693896532058716,-0.579604983329773,0.4835816025733948,0.2861763834953308,-0.5799786448478699,0.6151986718177795,0.33814772963523865,-0.4739932119846344,0.4988071322441101,0.31533414125442505,-0.14717960357666016,0.5188552141189575,0.40338751673698425,-0.5919954776763916,0.47687047719955444,0.4001716375350952,-0.5045503377914429,0.7502583861351013,0.6735715866088867,-0.37818342447280884,0.3775075078010559,0.62896728515625,-0.024083757773041725,0.8166481852531433,1.0560818910598755,-0.33415305614471436,0.1681743860244751,0.9001876711845398,-0.5114033818244934,0.7951955795288086,1.4942153692245483,-0.26066988706588745,0.3581806719303131,0.5792903900146484,-1.221364140510559,0.8057560920715332,1.6237162351608276,-0.2955499291419983,0.3948623239994049,0.48256540298461914,-1.3690112829208374,0.7517012357711792,1.620166301727295,-0.30980902910232544,0.41513195633888245,0.46631553769111633,-1.260210633277893,0.7381175756454468,1.577439546585083,-0.2694796919822693,0.4183560311794281,0.5074061155319214,-1.20719313621521,0.6451935768127441,1.4464596509933472,-0.16202926635742188,0.36356014013290405,1.4120433330535889,0.16597577929496765,0.5965850353240967,2.0732128620147705,-0.11168026924133301,0.35614001750946045,2.0414137840270996,0.3803670406341553,0.5723283290863037,2.6085739135742188,0.566711962223053,0.33331048488616943,2.5784082412719727,0.9844247102737427,0.5810112953186035,2.6847310066223145,0.59653240442276,0.32467731833457947,2.6527559757232666,1.03602135181427,0.5035862326622009,2.7721152305603027,0.01774750091135502,0.331817090511322,2.757408857345581,0.43666648864746094,0,0,0,0,0,0,0,0,0,0,0,0,0,0,0,0,0,0,0,0,0,0,0,0,0,0,0,0,0,0,0,0,0,0,0,0,0,0,0,0,0,0,0,0,0,0,0,0,0,0,0,0,0,0,0,0,0,0,0,0,0,0,0,0.3215765357017517,0.5847225785255432,-1.707548769047662e-08,0.3555719554424286,0.5501709580421448,0.021001920104026794,0.3859274387359619,0.5173922777175903,0.023822931572794914,0.41080012917518616,0.5045852065086365,0.020101167261600494,0.4311298727989197,0.49981245398521423,0.015553534030914307,0.3864968419075012,0.4613874554634094,0.01047175470739603,0.4218454360961914,0.43187180161476135,0.007041840348392725,0.4439103305339813,0.4123256802558899,0.005440934095531702,0.45799192786216736,0.3943817615509033,0.0035264643374830484,0.3862227499485016,0.4681697487831116,-0.006409414578229189,0.4421863853931427,0.4658970236778259,-0.01046865712851286,0.44761189818382263,0.4985310137271881,-0.007817910052835941,0.43995288014411926,0.5153866410255432,-0.005558459088206291,0.3872345983982086,0.48880258202552795,-0.021630030125379562,0.4414861798286438,0.495235413312912,-0.023283276706933975,0.4431893229484558,0.5238586068153381,-0.01439965795725584,0.4326498210430145,0.5375500917434692,-0.00901715736836195,0.38764920830726624,0.5166069865226746,-0.035713713616132736,0.4319886565208435,0.52437824010849,-0.03158792853355408,0.4346718490123749,0.5452162027359009,-0.021425744518637657,0.4257558286190033,0.5564616918563843,-0.015111513435840607,thinking
0.4939938485622406,0.3401850461959839,-0.6359438896179199,0.5331856608390808,0.28807204961776733,-0.6242707371711731,0.5497614145278931,0.28984954953193665,-0.6240617036819458,0.5669066309928894,0.29331740736961365,-0.6241546869277954,0.4979810118675232,0.28722289204597473,-0.5615935325622559,0.4909555912017822,0.28695788979530334,-0.5609665513038635,0.4825689196586609,0.28619447350502014,-0.5613383650779724,0.6139141917228699,0.3378453552722931,-0.45804548263549805,0.4987582266330719,0.3153352737426758,-0.13345058262348175,0.516537606716156,0.40334299206733704,-0.5750080347061157,0.47554102540016174,0.4001827538013458,-0.4865022599697113,0.750532329082489,0.6750147342681885,-0.3578842878341675,0.37750402092933655,0.627386748790741,-0.021915875375270844,0.8161689043045044,1.0595239400863647,-0.31151825189590454,0.16960789263248444,0.9013407826423645,-0.5004063248634338,0.7942165732383728,1.493427038192749,-0.23946210741996765,0.35809603333473206,0.5805911421775818,-1.2017662525177002,0.8041530847549438,1.6228373050689697,-0.27408334612846375,0.39409467577934265,0.4837208688259125,-1.348704218864441,0.7506555318832397,1.6174489259719849,-0.2890200912952423,0.4141997694969177,0.4664437174797058,-1.2417500019073486,0.7371323704719543,1.5748692750930786,-0.2488783597946167,0.41772159934043884,0.50752192735672,-1.1883647441864014,0.6451653242111206,1.446292519569397,-0.1558065414428711,0.36350199580192566,1.4119750261306763,0.15992942452430725,0.5965624451637268,2.072868824005127,-0.1254228800535202,0.35609251260757446,2.0407521724700928,0.3517065644264221,0.5717891454696655,2.6079213619232178,0.5380540490150452,0.33305567502975464,2.5780153274536133,0.9428273439407349,0.5801869630813599,2.683844566345215,0.5667532086372375,0.3243224024772644,2.6522774696350098,0.9932292103767395,0.5035597681999207,2.7713396549224854,-0.010882969945669174,0.33188721537590027,2.7570157051086426,0.3935593366622925,0,0,0,0,0,0,0,0,0,0,0,0,0,0,0,0,0,0,0,0,0,0,0,0,0,0,0,0,0,0,0,0,0,0,0,0,0,0,0,0,0,0,0,0,0,0,0,0,0,0,0,0,0,0,0,0,0,0,0,0,0,0,0,0.3228248357772827,0.5813065767288208,2.850658908926107e-08,0.3516177535057068,0.544357180595398,0.021534493193030357,0.38147491216659546,0.5107854008674622,0.024077048525214195,0.4066281318664551,0.4967484176158905,0.020256415009498596,0.42711469531059265,0.4917117655277252,0.01540311612188816,0.3873332142829895,0.46077901124954224,0.007834086194634438,0.4218764305114746,0.4323013722896576,0.005276453215628862,0.44412657618522644,0.4136809706687927,0.005489702802151442,0.45842939615249634,0.39715030789375305,0.005162007175385952,0.38714197278022766,0.4676559567451477,-0.008728724904358387,0.4427798390388489,0.46851223707199097,-0.012032601982355118,0.4465513229370117,0.5003548860549927,-0.007508131209760904,0.43794500827789307,0.5146649479866028,-0.0037273825146257877,0.3880864679813385,0.48886144161224365,-0.02325984463095665,0.4418190121650696,0.4972155690193176,-0.025456761941313744,0.44227439165115356,0.526023805141449,-0.01610947772860527,0.4308096468448639,0.5389565825462341,-0.009779023937880993,0.3882647156715393,0.5162678360939026,-0.036396343261003494,0.4331751763820648,0.5253295302391052,-0.03316720202565193,0.4370806813240051,0.5468276739120483,-0.02315683104097843,0.42917370796203613,0.5589868426322937,-0.016349323093891144,thinking
0.4936909079551697,0.34022870659828186,-0.665859580039978,0.5330549478530884,0.28813520073890686,-0.6455379724502563,0.5496473908424377,0.28991541266441345,-0.6453569531440735,0.5668334364891052,0.29337066411972046,-0.6454870104789734,0.4975441098213196,0.2872583568096161,-0.5874362587928772,0.4904111921787262,0.2869882583618164,-0.5868197679519653,0.481912225484848,0.2862182855606079,-0.5871863961219788,0.6135717034339905,0.3378818929195404,-0.459664523601532,0.49819549918174744,0.3153647482395172,-0.14501649141311646,0.5162985920906067,0.4033503830432892,-0.5946779847145081,0.47475606203079224,0.400226891040802,-0.5118619203567505,0.7503998875617981,0.675016462802887,-0.35776621103286743,0.37742680311203003,0.6268526911735535,-0.03479785472154617,0.8153290748596191,1.0585603713989258,-0.31637489795684814,0.17219991981983185,0.9016996026039124,-0.526231050491333,0.7961038947105408,1.4907132387161255,-0.2514115869998932,0.35797470808029175,0.5814085602760315,-1.249956488609314,0.806959331035614,1.618446707725525,-0.28875666856765747,0.39305806159973145,0.48429855704307556,-1.402967095375061,0.7542144656181335,1.613680362701416,-0.30218788981437683,0.4132540225982666,0.46653231978416443,-1.30940842628479,0.7396954894065857,1.5722613334655762,-0.26090285181999207,0.41700130701065063,0.5076569318771362,-1.2426726818084717,0.6447556018829346,1.4446274042129517,-0.15472222864627838,0.36324194073677063,1.4098948240280151,0.15882839262485504,0.5950478315353394,2.071413993835449,-0.11896447837352753,0.3551861643791199,2.0392673015594482,0.36496296525001526,0.5694031715393066,2.607656955718994,0.5658634901046753,0.3312129080295563,2.577712297439575,0.9883812069892883,0.5769896507263184,2.6836740970611572,0.5966274738311768,0.32254737615585327,2.651932954788208,1.0427896976470947,0.5027563571929932,2.7709543704986572,0.016527537256479263,0.32986682653427124,2.7567849159240723,0.4367902874946594,0,0,0,0,0,0,0,0,0,0,0,0,0,0,0,0,0,0,0,0,0,0,0,0,0,0,0,0,0,0,0,0,0,0,0,0,0,0,0,0,0,0,0,0,0,0,0,0,0,0,0,0,0,0,0,0,0,0,0,0,0,0,0,0.323974609375,0.5811444520950317,4.396951425178486e-08,0.3509657680988312,0.5456623435020447,0.019757768139243126,0.3802468776702881,0.5130295753479004,0.02120288833975792,0.40546631813049316,0.49908387660980225,0.016761062666773796,0.4266539514064789,0.4945429861545563,0.011385112069547176,0.3853391408920288,0.46218082308769226,0.005234626121819019,0.4203772246837616,0.4322582483291626,0.0018930869409814477,0.4432397782802582,0.41344091296195984,0.0016189450398087502,0.4583755135536194,0.39730381965637207,0.0010547492420300841,0.3855181038379669,0.46888604760169983,-0.010554780252277851,0.4418969452381134,0.4686756432056427,-0.014538963325321674,0.44648420810699463,0.501112699508667,-0.010319026187062263,0.43880024552345276,0.5170165300369263,-0.006553736049681902,0.38730400800704956,0.48991134762763977,-0.02434888482093811,0.4412330090999603,0.4982384443283081,-0.026655122637748718,0.44217708706855774,0.5278984904289246,-0.017218705266714096,0.43156617879867554,0.5425336360931396,-0.010748887434601784,0.3884980082511902,0.5167918801307678,-0.036912254989147186,0.4320080876350403,0.5252525806427002,-0.03375084325671196,0.4361076056957245,0.5472226142883301,-0.023753607645630836,0.42927685379981995,0.5607645511627197,-0.016845693811774254,thinking
0.5012670755386353,0.3401968777179718,-0.8069562911987305,0.5413687825202942,0.28822508454322815,-0.753865122795105,0.5589748024940491,0.2903285622596741,-0.75374436378479,0.5758143663406372,0.2943253219127655,-0.7537776231765747,0.5008100271224976,0.28710347414016724,-0.7169140577316284,0.4922659397125244,0.2866942286491394,-0.7162598371505737,0.4834446907043457,0.28586047887802124,-0.7165684700012207,0.6149405241012573,0.33850613236427307,-0.45062217116355896,0.49613505601882935,0.31437644362449646,-0.21561281383037567,0.5263339281082153,0.4031333327293396,-0.6903073191642761,0.4780499041080475,0.3994348347187042,-0.6361321806907654,0.7488250732421875,0.6749778985977173,-0.34113210439682007,0.3731840252876282,0.6279993057250977,-0.09665209800004959,0.8120746612548828,1.0535557270050049,-0.3067196011543274,0.1721673160791397,0.9037936329841614,-0.7109586596488953,0.7927722930908203,1.4906251430511475,-0.2556494176387787,0.3580082058906555,0.580753743648529,-1.502362847328186,0.800599217414856,1.618499517440796,-0.2961384654045105,0.39383572340011597,0.481726735830307,-1.6782915592193604,0.7474811673164368,1.6137001514434814,-0.3085654377937317,0.414340078830719,0.46573910117149353,-1.5627731084823608,0.7342015504837036,1.5723439455032349,-0.2654113173484802,0.41765260696411133,0.5077440738677979,-1.487544059753418,0.644744336605072,1.4446008205413818,-0.15327008068561554,0.3622680902481079,1.4117239713668823,0.15721262991428375,0.5972011685371399,2.071376085281372,-0.06544912606477737,0.3573712110519409,2.045295476913452,0.4495429992675781,0.5747740864753723,2.607419490814209,0.6882597208023071,0.33697643876075745,2.5832512378692627,1.192692518234253,0.5819113254547119,2.6832144260406494,0.7264038324356079,0.3293434679508209,2.6574554443359375,1.2606019973754883,0.5129984021186829,2.7729501724243164,0.1196381226181984,0.3363746106624603,2.7638046741485596,0.6236546039581299,0,0,0,0,0,0,0,0,0,0,0,0,0,0,0,0,0,0,0,0,0,0,0,0,0,0,0,0,0,0,0,0,0,0,0,0,0,0,0,0,0,0,0,0,0,0,0,0,0,0,0,0,0,0,0,0,0,0,0,0,0,0,0,0.3289775252342224,0.5815485715866089,4.475557702221522e-08,0.34929442405700684,0.5350125432014465,0.012948763556778431,0.3822847306728363,0.49607041478157043,0.012846597470343113,0.4112778902053833,0.4831039607524872,0.00796659104526043,0.43610823154449463,0.4832596182823181,0.0029325857758522034,0.3921973705291748,0.4587988257408142,0.00556901702657342,0.42392995953559875,0.4298790693283081,-0.0005027006263844669,0.4464869797229767,0.4162830114364624,-0.004315551370382309,0.4616907238960266,0.4080356955528259,-0.007048016879707575,0.3953915536403656,0.47089850902557373,-0.007277490105479956,0.445599228143692,0.4786692261695862,-0.014875199645757675,0.4511348009109497,0.5079197287559509,-0.015781152993440628,0.4436602294445038,0.5250043869018555,-0.0150382649153471,0.39844071865081787,0.49476438760757446,-0.019163763150572777,0.4443188011646271,0.5108668208122253,-0.02413645200431347,0.4462142586708069,0.5366940498352051,-0.018750950694084167,0.43691280484199524,0.5504162311553955,-0.014357891865074635,0.4007701575756073,0.5235994458198547,-0.030668508261442184,0.4377286434173584,0.5384893417358398,-0.029635228216648102,0.4387513995170593,0.5578330159187317,-0.02256924659013748,0.43019425868988037,0.568230152130127,-0.017225943505764008,thinking
0.5056090354919434,0.340154230594635,-0.8436743021011353,0.5459215044975281,0.2882692515850067,-0.7885986566543579,0.5639969110488892,0.2905774712562561,-0.7884902954101562,0.5807159543037415,0.2949043810367584,-0.788514256477356,0.5027567148208618,0.28697511553764343,-0.7524300813674927,0.49339914321899414,0.2864731252193451,-0.7517675757408142,0.4843416213989258,0.285604327917099,-0.7520634531974792,0.6159216165542603,0.3388410210609436,-0.4503915309906006,0.49446630477905273,0.31366685032844543,-0.24191872775554657,0.5320209860801697,0.40293747186660767,-0.7228416800498962,0.48016852140426636,0.39885413646698,-0.6700358986854553,0.7477676272392273,0.674946129322052,-0.3385460078716278,0.37061604857444763,0.6285719275474548,-0.11417438834905624,0.8099616169929504,1.050012469291687,-0.3071191906929016,0.17198947072029114,0.9053486585617065,-0.7329254746437073,0.7915548086166382,1.4905089139938354,-0.2573961913585663,0.3580271303653717,0.5804428458213806,-1.5326216220855713,0.798271894454956,1.6183664798736572,-0.3057903051376343,0.39449116587638855,0.4807646870613098,-1.7102117538452148,0.7450645565986633,1.6135766506195068,-0.3160010278224945,0.4151328504085541,0.4655931890010834,-1.5934423208236694,0.7321823835372925,1.5722440481185913,-0.26808369159698486,0.41807594895362854,0.5079130530357361,-1.5173819065093994,0.6447439789772034,1.444535732269287,-0.15270648896694183,0.3615531325340271,1.4126321077346802,0.1565767228603363,0.5988559126853943,2.0713207721710205,-0.043338846415281296,0.3589397072792053,2.048846960067749,0.4736239016056061,0.5782030820846558,2.6072680950164795,0.7322591543197632,0.3403790593147278,2.5868828296661377,1.2345452308654785,0.5850902795791626,2.6828765869140625,0.7723870277404785,0.3333343267440796,2.661025047302246,1.3039231300354004,0.5185288190841675,2.774235725402832,0.1594710797071457,0.3398677408695221,2.7679443359375,0.6598862409591675,0,0,0,0,0,0,0,0,0,0,0,0,0,0,0,0,0,0,0,0,0,0,0,0,0,0,0,0,0,0,0,0,0,0,0,0,0,0,0,0,0,0,0,0,0,0,0,0,0,0,0,0,0,0,0,0,0,0,0,0,0,0,0,0.3282811641693115,0.5830560326576233,6.609543135027707e-08,0.3484680652618408,0.5358628630638123,0.01302659697830677,0.38179337978363037,0.4974026083946228,0.013110683299601078,0.4112206995487213,0.4839525520801544,0.0084617855027318,0.4372606873512268,0.4847622215747833,0.0034748141188174486,0.3907126486301422,0.4598684310913086,0.005080601200461388,0.42316803336143494,0.4303196370601654,-6.892302917549387e-05,0.4452524185180664,0.41554439067840576,-0.0027904261369258165,0.45980387926101685,0.40500086545944214,-0.00481050182133913,0.393513947725296,0.4726223945617676,-0.007596596609801054,0.4445878863334656,0.47554776072502136,-0.01402546837925911,0.4532056152820587,0.5047789812088013,-0.014776598662137985,0.4481031894683838,0.5234842300415039,-0.014164996333420277,0.39593392610549927,0.4967825710773468,-0.019135545939207077,0.4432939291000366,0.509521484375,-0.024161942303180695,0.44806280732154846,0.5369585156440735,-0.019639380276203156,0.440139502286911,0.5534727573394775,-0.015745198354125023,0.39755940437316895,0.5252224802970886,-0.030028214678168297,0.43564358353614807,0.5365301966667175,-0.029690764844417572,0.4396874010562897,0.557250440120697,-0.023202504962682724,0.4328208565711975,0.5703773498535156,-0.01816265471279621,thinking
0.5256102681159973,0.3527772128582001,-0.8618754148483276,0.5599569082260132,0.3031219244003296,-0.8055382966995239,0.5760222673416138,0.30658742785453796,-0.8054407238960266,0.5913230180740356,0.31115370988845825,-0.8054589033126831,0.515287458896637,0.2976134121417999,-0.7785979509353638,0.5026837587356567,0.2963866591453552,-0.7780743837356567,0.4910389482975006,0.29515647888183594,-0.7784035205841064,0.6192328333854675,0.3484460115432739,-0.4503050744533539,0.4944385588169098,0.3202323317527771,-0.29678118228912354,0.5527183413505554,0.4147868752479553,-0.7373491525650024,0.4934891164302826,0.4070872962474823,-0.696943998336792,0.7481780648231506,0.6769701242446899,-0.30179232358932495,0.37063857913017273,0.6283766031265259,-0.16855758428573608,0.8099697232246399,1.0515683889389038,-0.2936888635158539,0.16656765341758728,0.9098156094551086,-0.7455135583877563,0.7907979488372803,1.4835925102233887,-0.3393280506134033,0.3571757376194,0.6006402969360352,-1.5256292819976807,0.7973824739456177,1.6049785614013672,-0.4102039933204651,0.39662259817123413,0.5155231952667236,-1.705130934715271,0.7446354627609253,1.5952184200286865,-0.4243139326572418,0.4203217625617981,0.5037010908126831,-1.5974177122116089,0.7315191626548767,1.5575348138809204,-0.35672327876091003,0.4203169345855713,0.5404869914054871,-1.5100339651107788,0.6460743546485901,1.4399876594543457,-0.12387394905090332,0.36258625984191895,1.4104633331298828,0.1277095228433609,0.6003586053848267,2.0673887729644775,-0.04391614347696304,0.35879242420196533,2.0455431938171387,0.3747190535068512,0.5780030488967896,2.602654457092285,0.7264708876609802,0.34008848667144775,2.5809285640716553,1.0425790548324585,0.585016131401062,2.6768455505371094,0.7645068168640137,0.33307281136512756,2.6524178981781006,1.101776123046875,0.5179100632667542,2.7717413902282715,0.1342080533504486,0.34079843759536743,2.763779640197754,0.456309974193573,0,0,0,0,0,0,0,0,0,0,0,0,0,0,0,0,0,0,0,0,0,0,0,0,0,0,0,0,0,0,0,0,0,0,0,0,0,0,0,0,0,0,0,0,0,0,0,0,0,0,0,0,0,0,0,0,0,0,0,0,0,0,0,0.3428887724876404,0.5963085889816284,4.913212947599277e-08,0.3693811893463135,0.5485360026359558,0.009832768701016903,0.40529051423072815,0.5196707248687744,0.007634097710251808,0.4374281167984009,0.5185635685920715,0.0011304509826004505,0.4634750485420227,0.5283660888671875,-0.005568806082010269,0.4137801229953766,0.48897549510002136,0.0013742254814133048,0.45168253779411316,0.4636923372745514,-0.005504789296537638,0.47446390986442566,0.44668710231781006,-0.009335247799754143,0.49186673760414124,0.43262314796447754,-0.0122753931209445,0.41649118065834045,0.5047188401222229,-0.011198461055755615,0.4717242419719696,0.5189904570579529,-0.020611509680747986,0.4709191918373108,0.544829249382019,-0.021030383184552193,0.4619685709476471,0.554900050163269,-0.01946420595049858,0.41862067580223083,0.5306614637374878,-0.02287251688539982,0.4675402343273163,0.5506069660186768,-0.028184056282043457,0.4606807231903076,0.5684424638748169,-0.020606622099876404,0.4486660063266754,0.5716907978057861,-0.014703330583870411,0.4191551208496094,0.5608155727386475,-0.034460749477148056,0.4582641124725342,0.5752002596855164,-0.03192751854658127,0.45231446623802185,0.5890747904777527,-0.02166827768087387,0.44154420495033264,0.5922987461090088,-0.014395256526768208,thinking
0.5334285497665405,0.3591627776622772,-0.8647170066833496,0.5661101341247559,0.3103473484516144,-0.8083845376968384,0.581478476524353,0.31420600414276123,-0.8082871437072754,0.5963093042373657,0.3188563883304596,-0.808306097984314,0.5211946964263916,0.3032118082046509,-0.7828178405761719,0.5074570178985596,0.3016667664051056,-0.7823134660720825,0.4947413504123688,0.30028003454208374,-0.7826505899429321,0.6213066577911377,0.3537083864212036,-0.4496918320655823,0.4944191575050354,0.32404205203056335,-0.306164026260376,0.5604912042617798,0.4209234118461609,-0.7398349046707153,0.4995681345462799,0.4117836356163025,-0.7013300061225891,0.7484568953514099,0.6783838272094727,-0.2883349657058716,0.3706313967704773,0.6282381415367126,-0.17919579148292542,0.8099761009216309,1.052767276763916,-0.2855066955089569,0.16357173025608063,0.9127033948898315,-0.749868631362915,0.7898463010787964,1.478299856185913,-0.35459384322166443,0.35658106207847595,0.609322190284729,-1.5287768840789795,0.7961761951446533,1.596468448638916,-0.4258447587490082,0.39799219369888306,0.5278001427650452,-1.7089998722076416,0.7439602613449097,1.5846751928329468,-0.44009894132614136,0.42321380972862244,0.5166483521461487,-1.6028690338134766,0.7306767702102661,1.548405408859253,-0.3722378611564636,0.42172771692276,0.5524263381958008,-1.5132561922073364,0.6467611789703369,1.4369051456451416,-0.11322245746850967,0.3631801903247833,1.4087311029434204,0.11703677475452423,0.6011017560958862,2.0644259452819824,-0.043778326362371445,0.35847845673561096,2.042876958847046,0.34892401099205017,0.5779222846031189,2.599379301071167,0.7237794995307922,0.33954447507858276,2.576948881149292,1.0013997554779053,0.5846335291862488,2.6727874279022217,0.7520474195480347,0.3325616717338562,2.6470718383789062,1.0590598583221436,0.5174695253372192,2.7696523666381836,0.1157969981431961,0.3411496579647064,2.7608611583709717,0.4170822203159332,0,0,0,0,0,0,0,0,0,0,0,0,0,0,0,0,0,0,0,0,0,0,0,0,0,0,0,0,0,0,0,0,0,0,0,0,0,0,0,0,0,0,0,0,0,0,0,0,0,0,0,0,0,0,0,0,0,0,0,0,0,0,0,0.3467479348182678,0.5934933423995972,8.006380625147358e-08,0.37210413813591003,0.5481100082397461,0.011635484173893929,0.4053424894809723,0.5187556743621826,0.009721847251057625,0.43437597155570984,0.5107852220535278,0.003942494280636311,0.4579925239086151,0.5149779319763184,-0.001914980006404221,0.41450583934783936,0.4880516529083252,-0.002247643657028675,0.45285674929618835,0.4629307985305786,-0.009285178035497665,0.4772980213165283,0.44764095544815063,-0.012363404966890812,0.49409064650535583,0.43409329652786255,-0.014435690827667713,0.41679635643959045,0.5035718083381653,-0.014706279151141644,0.4733099341392517,0.517055332660675,-0.022726010531187057,0.4738055467605591,0.5450155138969421,-0.021015632897615433,0.464084655046463,0.5553551912307739,-0.018196210265159607,0.4189297556877136,0.5297642946243286,-0.02576914243400097,0.46962371468544006,0.5504960417747498,-0.030606579035520554,0.46556004881858826,0.5722401738166809,-0.021770264953374863,0.4538053572177887,0.5775723457336426,-0.015187817625701427,0.42026248574256897,0.5596997737884521,-0.0363166444003582,0.4602449834346771,0.5770334005355835,-0.034715551882982254,0.4553927779197693,0.5936396718025208,-0.02462167851626873,0.444220632314682,0.597690761089325,-0.017274441197514534,thinking
0.5365252494812012,0.3625202178955078,-0.8656356930732727,0.5688602328300476,0.31401342153549194,-0.8094614148139954,0.5840070843696594,0.31799811124801636,-0.8093557357788086,0.59870845079422,0.3226631283760071,-0.8093737363815308,0.5240071415901184,0.3062765896320343,-0.7841392755508423,0.5098991990089417,0.30460092425346375,-0.7836387157440186,0.4967849850654602,0.30314233899116516,-0.7839695811271667,0.6226277351379395,0.35664474964141846,-0.44948849081993103,0.49440446496009827,0.3263038098812103,-0.3091910183429718,0.5635455846786499,0.4241914749145508,-0.7409413456916809,0.5023844838142395,0.4145156741142273,-0.702739953994751,0.7486600279808044,0.6794302463531494,-0.2858852744102478,0.3706001937389374,0.6280874609947205,-0.18317392468452454,0.8099675178527832,1.0538665056228638,-0.2848222255706787,0.16180570423603058,0.914516031742096,-0.7516580820083618,0.7890282273292542,1.4756505489349365,-0.3639660179615021,0.3560050129890442,0.6134669184684753,-1.530729055404663,0.7952867746353149,1.592920184135437,-0.4357891082763672,0.3988271951675415,0.5327111482620239,-1.7109628915786743,0.7432972192764282,1.5806034803390503,-0.4500190317630768,0.4248690605163574,0.5216757655143738,-1.6058639287948608,0.7298926115036011,1.544553279876709,-0.38167405128479004,0.422612726688385,0.5572987794876099,-1.5154215097427368,0.6471206545829773,1.434831976890564,-0.10914971679449081,0.3634660840034485,1.4072798490524292,0.11296036094427109,0.601347804069519,2.062465190887451,-0.042678866535425186,0.3579620122909546,2.040884017944336,0.3415568470954895,0.577360987663269,2.5972626209259033,0.7144460082054138,0.3383845388889313,2.5743119716644287,0.9913590550422668,0.5837055444717407,2.67024827003479,0.7491172552108765,0.33130577206611633,2.6437838077545166,1.0487821102142334,0.5174068808555603,2.7682337760925293,0.1098308339715004,0.34107983112335205,2.7588844299316406,0.4077907204627991,0,0,0,0,0,0,0,0,0,0,0,0,0,0,0,0,0,0,0,0,0,0,0,0,0,0,0,0,0,0,0,0,0,0,0,0,0,0,0,0,0,0,0,0,0,0,0,0,0,0,0,0,0,0,0,0,0,0,0,0,0,0,0,0.3464740812778473,0.5902483463287354,7.497706633330381e-08,0.3723756670951843,0.5455431342124939,0.01246633380651474,0.4057537019252777,0.5170996785163879,0.011093766428530216,0.4341481626033783,0.510266125202179,0.0056667448952794075,0.4575079679489136,0.5153341293334961,-1.9957400581915863e-05,0.41496992111206055,0.4874908924102783,-0.0014910864410921931,0.4532473385334015,0.4624670445919037,-0.00818950030952692,0.4775594472885132,0.4470343291759491,-0.011278077028691769,0.49439626932144165,0.4338861107826233,-0.013538648374378681,0.41719385981559753,0.5027025938034058,-0.014296436682343483,0.47362032532691956,0.5193747282028198,-0.021761080250144005,0.4742252230644226,0.5469868779182434,-0.019880270585417747,0.464692622423172,0.5562949776649475,-0.017343943938612938,0.41887107491493225,0.528947651386261,-0.02568424493074417,0.4703982174396515,0.5511624217033386,-0.029833734035491943,0.46672454476356506,0.571873128414154,-0.02081787958741188,0.45502620935440063,0.5755727291107178,-0.014589449390769005,0.41939428448677063,0.5591827630996704,-0.03652815520763397,0.45987412333488464,0.5774610042572021,-0.034486815333366394,0.45432889461517334,0.5922927260398865,-0.024250198155641556,0.4422071576118469,0.5940241813659668,-0.01714417338371277,thinking
0.5388088226318359,0.3667716979980469,-0.8985024690628052,0.5711876749992371,0.3181653320789337,-0.839459240436554,0.5860233902931213,0.3221967816352844,-0.8393847346305847,0.6006970405578613,0.3269321620464325,-0.8394367098808289,0.5265048146247864,0.30952170491218567,-0.8169425129890442,0.512345016002655,0.30719831585884094,-0.8164281845092773,0.49898630380630493,0.3053942024707794,-0.8167546391487122,0.624443769454956,0.35955968499183655,-0.4559106230735779,0.49450913071632385,0.32771846652030945,-0.33086878061294556,0.5653603076934814,0.4286178946495056,-0.7659372687339783,0.5049265027046204,0.41775214672088623,-0.7308868765830994,0.7489742040634155,0.6796987652778625,-0.2759968638420105,0.37087884545326233,0.6278449892997742,-0.20653004944324493,0.8086873292922974,1.0528417825698853,-0.26690566539764404,0.16184793412685394,0.9197526574134827,-0.7732690572738647,0.7866330146789551,1.4592689275741577,-0.3670530319213867,0.35569503903388977,0.6229389309883118,-1.5817739963531494,0.7919046878814697,1.5698513984680176,-0.43945059180259705,0.39883485436439514,0.5420880913734436,-1.7636381387710571,0.7419178485870361,1.555356740951538,-0.45188599824905396,0.4247986674308777,0.5285051465034485,-1.6725571155548096,0.7285014390945435,1.521310567855835,-0.38454845547676086,0.4225996434688568,0.563697099685669,-1.570034384727478,0.6475179195404053,1.4281450510025024,-0.10598163306713104,0.36487042903900146,1.4016920328140259,0.10969795286655426,0.6016566157341003,2.054156541824341,-0.030360016971826553,0.35794031620025635,2.032482624053955,0.32701823115348816,0.5771026611328125,2.5883078575134277,0.7016459703445435,0.33820661902427673,2.5657403469085693,0.9758104085922241,0.5832154750823975,2.6597177982330322,0.7354742288589478,0.3310440480709076,2.6334927082061768,1.0328720808029175,0.5170960426330566,2.7597622871398926,0.11294162273406982,0.3422413468360901,2.751743793487549,0.3768816590309143,0,0,0,0,0,0,0,0,0,0,0,0,0,0,0,0,0,0,0,0,0,0,0,0,0,0,0,0,0,0,0,0,0,0,0,0,0,0,0,0,0,0,0,0,0,0,0,0,0,0,0,0,0,0,0,0,0,0,0,0,0,0,0,0.3440552353858948,0.5989590883255005,6.88448054120272e-08,0.3678838610649109,0.5516691207885742,0.011894484050571918,0.4026879370212555,0.5212379693984985,0.010444370098412037,0.4327562153339386,0.5122667551040649,0.00511548388749361,0.4568103849887848,0.5155506134033203,-0.00034324105945415795,0.4117952883243561,0.49232032895088196,-0.0022427819203585386,0.45005789399147034,0.4645824432373047,-0.009951520711183548,0.47568199038505554,0.44852471351623535,-0.013186831027269363,0.4934675395488739,0.43506863713264465,-0.015338309109210968,0.4148411154747009,0.5062222480773926,-0.01490146853029728,0.4720928370952606,0.5130751132965088,-0.023127863183617592,0.4724871814250946,0.5430511832237244,-0.021193865686655045,0.46208804845809937,0.5545604825019836,-0.018037592992186546,0.417452335357666,0.5323966145515442,-0.026238441467285156,0.469861775636673,0.5459937453269958,-0.032104216516017914,0.4674690365791321,0.5711942911148071,-0.023386390879750252,0.455851674079895,0.5785984992980957,-0.016359087079763412,0.4184642434120178,0.5634649395942688,-0.03687778115272522,0.4608961343765259,0.5756440162658691,-0.03656832501292229,0.46084707975387573,0.5941959023475647,-0.027063649147748947,0.451986163854599,0.5998839735984802,-0.019754232838749886,thinking
0.539091169834137,0.3697265684604645,-0.8964411616325378,0.5724254846572876,0.3215823173522949,-0.838953971862793,0.5875376462936401,0.32586371898651123,-0.8388615846633911,0.6021556854248047,0.3308766782283783,-0.8389081954956055,0.527743935585022,0.3119714558124542,-0.814093291759491,0.5136620998382568,0.3092039227485657,-0.8135772943496704,0.5003182291984558,0.3071238398551941,-0.8139181137084961,0.6257609128952026,0.36397162079811096,-0.4581907391548157,0.49458304047584534,0.3288578689098358,-0.32674241065979004,0.5651404857635498,0.4325750768184662,-0.7655258774757385,0.5052074790000916,0.4206927418708801,-0.7279739379882812,0.7488930225372314,0.6803742051124573,-0.27602171897888184,0.3709038197994232,0.6286203265190125,-0.19772019982337952,0.807564914226532,1.0525764226913452,-0.25665608048439026,0.16195090115070343,0.9227139353752136,-0.7698777914047241,0.7805646657943726,1.450035572052002,-0.3529398441314697,0.3555631637573242,0.6276081800460815,-1.5789722204208374,0.7824093103408813,1.559402346611023,-0.4330595135688782,0.3988863527774811,0.5431601405143738,-1.7618147134780884,0.7344667911529541,1.5435072183609009,-0.437553733587265,0.42474573850631714,0.529199481010437,-1.663852334022522,0.722314715385437,1.5101145505905151,-0.36958277225494385,0.42257946729660034,0.565498411655426,-1.566188097000122,0.647786557674408,1.4281936883926392,-0.10523401200771332,0.3650495707988739,1.4014241695404053,0.10889405012130737,0.6016160249710083,2.054102659225464,-0.002469357568770647,0.3573756814002991,2.032036066055298,0.33808964490890503,0.575691819190979,2.587765693664551,0.7309374809265137,0.3370739221572876,2.564786672592163,0.9977363348007202,0.5810258984565735,2.6593220233917236,0.7661775946617126,0.32969558238983154,2.63253116607666,1.0558370351791382,0.5168884992599487,2.7591569423675537,0.1551051139831543,0.34219712018966675,2.751002550125122,0.4085724949836731,0,0,0,0,0,0,0,0,0,0,0,0,0,0,0,0,0,0,0,0,0,0,0,0,0,0,0,0,0,0,0,0,0,0,0,0,0,0,0,0,0,0,0,0,0,0,0,0,0,0,0,0,0,0,0,0,0,0,0,0,0,0,0,0.3441500961780548,0.6032209396362305,7.009739277918925e-08,0.3679821491241455,0.5536004304885864,0.015636838972568512,0.4016513228416443,0.5243529081344604,0.01532658003270626,0.43081289529800415,0.5163871049880981,0.01041581854224205,0.45475518703460693,0.5208403468132019,0.004989447072148323,0.4113457202911377,0.49452725052833557,-0.0001244729501195252,0.45076897740364075,0.4662250280380249,-0.0058263265527784824,0.4764382243156433,0.4515373706817627,-0.007447670213878155,0.4939890205860138,0.4383111596107483,-0.008619848638772964,0.4140961468219757,0.5075307488441467,-0.013928566128015518,0.47319296002388,0.5160012245178223,-0.0198400616645813,0.4739939272403717,0.5483522415161133,-0.016719229519367218,0.46354907751083374,0.560516357421875,-0.013146295212209225,0.4169144332408905,0.5338564515113831,-0.02589219994843006,0.470223069190979,0.548865556716919,-0.029475275427103043,0.4684310555458069,0.5760543346405029,-0.020243333652615547,0.45662441849708557,0.5847985148429871,-0.013432363979518414,0.41807517409324646,0.5643977522850037,-0.03684872388839722,0.460395485162735,0.5786884427070618,-0.03485366702079773,0.46067294478416443,0.5985758304595947,-0.02487466111779213,0.4517829418182373,0.6054944396018982,-0.01749626360833645,thinking
0.5391923189163208,0.3712356686592102,-0.8934333920478821,0.5730224847793579,0.3233165144920349,-0.8365139961242676,0.5882974863052368,0.32769644260406494,-0.8364191055297852,0.6029273271560669,0.3328285217285156,-0.8364666104316711,0.5284033417701721,0.31331220269203186,-0.8108609914779663,0.5144199728965759,0.31034451723098755,-0.8103471994400024,0.5011398196220398,0.3081355690956116,-0.8106908798217773,0.6266178488731384,0.3663037121295929,-0.458879292011261,0.49465346336364746,0.3295949101448059,-0.3235589563846588,0.5650157928466797,0.4346011281013489,-0.763474702835083,0.5053854584693909,0.42233988642692566,-0.7249489426612854,0.7488350868225098,0.6808913946151733,-0.2760249078273773,0.37092381715774536,0.6293061971664429,-0.1935151070356369,0.8067866563796997,1.052333116531372,-0.2554466128349304,0.1620360165834427,0.9244392514228821,-0.7659060955047607,0.7765693664550781,1.4457567930221558,-0.3467291295528412,0.35553300380706787,0.6299517154693604,-1.5722367763519287,0.7768718004226685,1.5549310445785522,-0.43223828077316284,0.39898213744163513,0.5438549518585205,-1.7545017004013062,0.7296096682548523,1.538683295249939,-0.4299936890602112,0.4246951639652252,0.5297647714614868,-1.6553382873535156,0.7181040644645691,1.5054240226745605,-0.3624444007873535,0.42257237434387207,0.5665379166603088,-1.5591908693313599,0.648012638092041,1.428231954574585,-0.10530376434326172,0.365239679813385,1.4012196063995361,0.10893772542476654,0.6015633940696716,2.0541024208068848,0.0029436969198286533,0.35696789622306824,2.0316975116729736,0.34223198890686035,0.5746151208877563,2.587501287460327,0.7347780466079712,0.33640533685684204,2.564157724380493,1.006809115409851,0.5795112252235413,2.6591637134552,0.7701975107192993,0.32890182733535767,2.631922483444214,1.065565824508667,0.5166510939598083,2.7587778568267822,0.1625272035598755,0.34219884872436523,2.750458240509033,0.4179155230522156,0,0,0,0,0,0,0,0,0,0,0,0,0,0,0,0,0,0,0,0,0,0,0,0,0,0,0,0,0,0,0,0,0,0,0,0,0,0,0,0,0,0,0,0,0,0,0,0,0,0,0,0,0,0,0,0,0,0,0,0,0,0,0,0.34299540519714355,0.6032485961914062,5.899278221477289e-08,0.36749446392059326,0.5537417531013489,0.01640079915523529,0.40141624212265015,0.5239399075508118,0.01665136031806469,0.4304976165294647,0.516423225402832,0.012015292420983315,0.45436522364616394,0.5210769772529602,0.006828487850725651,0.4108792841434479,0.4940989315509796,0.0020845308899879456,0.45063257217407227,0.4661567807197571,-0.0027222654316574335,0.476095587015152,0.4516094923019409,-0.0038103556726127863,0.4934312105178833,0.4385952055454254,-0.0047173225320875645,0.41392844915390015,0.5070870518684387,-0.012028674595057964,0.4730207920074463,0.5159205794334412,-0.01746145822107792,0.47246015071868896,0.5473837852478027,-0.014278778806328773,0.46094775199890137,0.5584174990653992,-0.010731229558587074,0.41724854707717896,0.5329854488372803,-0.024341577664017677,0.47074806690216064,0.5486424565315247,-0.027218637987971306,0.4675048887729645,0.575038492679596,-0.017923280596733093,0.4549678862094879,0.5826311707496643,-0.01131993904709816,0.4188193678855896,0.563376784324646,-0.035658564418554306,0.46124303340911865,0.5789127349853516,-0.03279290720820427,0.45981860160827637,0.5980104207992554,-0.02263728715479374,0.4497441053390503,0.6037540435791016,-0.015390392392873764,thinking
0.5391873121261597,0.3720346987247467,-0.8922992944717407,0.5733055472373962,0.3242484927177429,-0.8354818224906921,0.5886901617050171,0.3286682665348053,-0.8353874087333679,0.6033514738082886,0.3338571786880493,-0.8354359865188599,0.528753399848938,0.3140864670276642,-0.8096792101860046,0.5148542523384094,0.3110305964946747,-0.8091661334037781,0.5016394853591919,0.3087611794471741,-0.8095110654830933,0.62720787525177,0.367636501789093,-0.4593183398246765,0.49470680952072144,0.3301140069961548,-0.3225267231464386,0.564910352230072,0.43572691082954407,-0.7625908255577087,0.5054768919944763,0.4233068525791168,-0.7238661050796509,0.7487896680831909,0.6813752055168152,-0.2763533592224121,0.3709418773651123,0.6300092935562134,-0.1920672357082367,0.8062316179275513,1.0521193742752075,-0.25699982047080994,0.16211633384227753,0.9254882335662842,-0.7646511197090149,0.77405846118927,1.443708896636963,-0.3460273742675781,0.35550954937934875,0.6311822533607483,-1.5698883533477783,0.7736786007881165,1.552872896194458,-0.42398443818092346,0.3990677297115326,0.5441372394561768,-1.7518867254257202,0.7265264987945557,1.5364283323287964,-0.42876511812210083,0.42465314269065857,0.5300833582878113,-1.6525243520736694,0.7153252363204956,1.503210425376892,-0.3620148301124573,0.4225657880306244,0.5671446919441223,-1.5567545890808105,0.648116946220398,1.4283148050308228,-0.10554368793964386,0.36533409357070923,1.4011255502700806,0.10916449874639511,0.6013756394386292,2.054163932800293,0.003933263476938009,0.35638588666915894,2.0314719676971436,0.34275346994400024,0.573217511177063,2.587446689605713,0.7347631454467773,0.33538585901260376,2.563734292984009,1.008266806602478,0.5777956247329712,2.6591808795928955,0.770172655582428,0.32773247361183167,2.631531238555908,1.0672805309295654,0.5158505439758301,2.758631706237793,0.1637619584798813,0.3421782851219177,2.7500622272491455,0.4178191125392914,0,0,0,0,0,0,0,0,0,0,0,0,0,0,0,0,0,0,0,0,0,0,0,0,0,0,0,0,0,0,0,0,0,0,0,0,0,0,0,0,0,0,0,0,0,0,0,0,0,0,0,0,0,0,0,0,0,0,0,0,0,0,0,0.3436196446418762,0.6038667559623718,5.871444486160726e-08,0.36826252937316895,0.5543481111526489,0.016171526163816452,0.4018501341342926,0.5245112776756287,0.016085483133792877,0.43081676959991455,0.5168470740318298,0.011147956363856792,0.4545697569847107,0.5213437676429749,0.005722795147448778,0.4111654460430145,0.49395662546157837,0.001170300878584385,0.4510032534599304,0.46612316370010376,-0.0039886776357889175,0.4764244854450226,0.4516051709651947,-0.005322964396327734,0.4937167763710022,0.43827980756759644,-0.006401940248906612,0.4138428866863251,0.5070105791091919,-0.012959279119968414,0.4727715849876404,0.5161429643630981,-0.018743440508842468,0.47214287519454956,0.547856330871582,-0.015658801421523094,0.46060067415237427,0.5588590502738953,-0.01220855861902237,0.4170084297657013,0.5329784750938416,-0.025264829397201538,0.47049596905708313,0.5485724806785583,-0.028567690402269363,0.46739262342453003,0.5752937197685242,-0.019299013540148735,0.4548812806606293,0.5832151174545288,-0.012668001465499401,0.41870206594467163,0.5633813738822937,-0.036573901772499084,0.46128684282302856,0.5790449380874634,-0.03414221480488777,0.46026965975761414,0.5984916687011719,-0.024120589718222618,0.450503945350647,0.604553759098053,-0.016912633553147316,thinking
0.5387253761291504,0.37233075499534607,-0.8090876340866089,0.5729081630706787,0.3237422704696655,-0.7565333843231201,0.5883485674858093,0.328031986951828,-0.7563313841819763,0.6030223369598389,0.33322247862815857,-0.756369948387146,0.5284217596054077,0.3144186735153198,-0.7371921539306641,0.5146552324295044,0.31172478199005127,-0.7365010976791382,0.5015308856964111,0.30970364809036255,-0.73665851354599,0.6272045969963074,0.36707261204719543,-0.4096977114677429,0.4946528971195221,0.3312270939350128,-0.296783983707428,0.5645855665206909,0.4355607330799103,-0.6871249079704285,0.5064395666122437,0.42406243085861206,-0.6550860404968262,0.750551700592041,0.6803014278411865,-0.24570941925048828,0.3708835244178772,0.6305025219917297,-0.1858709305524826,0.8256362080574036,1.0487086772918701,-0.3026885390281677,0.16723279654979706,0.9341294765472412,-0.7329141497612,0.7752228379249573,1.425061583518982,-0.46717721223831177,0.3554263114929199,0.6323968768119812,-1.5270938873291016,0.7744044661521912,1.5287117958068848,-0.5448859930038452,0.39725184440612793,0.5425014495849609,-1.6989320516586304,0.7271264791488647,1.50751793384552,-0.5353801250457764,0.4199129045009613,0.5284363627433777,-1.6235584020614624,0.7157819867134094,1.4776701927185059,-0.47665658593177795,0.41924771666526794,0.5663325190544128,-1.5195155143737793,0.6481211185455322,1.4262624979019165,-0.09827221184968948,0.3651914894580841,1.3983873128890991,0.10253890603780746,0.6017502546310425,2.0533251762390137,-0.04882149025797844,0.35475805401802063,2.030134916305542,0.27761295437812805,0.5733294486999512,2.5873496532440186,0.5540734529495239,0.3333791494369507,2.5636203289031982,0.8181555867195129,0.5778945684432983,2.659269094467163,0.57807457447052,0.32565686106681824,2.631695032119751,0.8627539873123169,0.5176064372062683,2.7585854530334473,-0.0026802970096468925,0.34218162298202515,2.7501707077026367,0.2449255883693695,0,0,0,0,0,0,0,0,0,0,0,0,0,0,0,0,0,0,0,0,0,0,0,0,0,0,0,0,0,0,0,0,0,0,0,0,0,0,0,0,0,0,0,0,0,0,0,0,0,0,0,0,0,0,0,0,0,0,0,0,0,0,0,0,0,0,0,0,0,0,0,0,0,0,0,0,0,0,0,0,0,0,0,0,0,0,0,0,0,0,0,0,0,0,0,0,0,0,0,0,0,0,0,0,0,0,0,0,0,0,0,0,0,0,0,0,0,0,0,0,0,0,0,0,0,0,thinking
0.5385528206825256,0.3728750944137573,-0.7911907434463501,0.572519063949585,0.32348954677581787,-0.7405588626861572,0.5880030393600464,0.32758963108062744,-0.7403562664985657,0.6027169823646545,0.3326866030693054,-0.7404034733772278,0.528149425983429,0.3149113655090332,-0.7202922105789185,0.5144860744476318,0.3124595880508423,-0.7195931673049927,0.5014785528182983,0.3106020987033844,-0.7197333574295044,0.6272470951080322,0.3666444420814514,-0.40073904395103455,0.4946379065513611,0.33226293325424194,-0.28665581345558167,0.5644582509994507,0.4356035590171814,-0.6711878776550293,0.5074344873428345,0.4248705804347992,-0.6379305124282837,0.7520341277122498,0.6790363192558289,-0.2412641942501068,0.3708938956260681,0.6308488845825195,-0.18219253420829773,0.8323642015457153,1.0456534624099731,-0.32123610377311707,0.17078036069869995,0.9387975335121155,-0.7148679494857788,0.7755773067474365,1.415942668914795,-0.4917171597480774,0.3550942838191986,0.6339191794395447,-1.5106440782546997,0.7749897241592407,1.5180412530899048,-0.5694851875305176,0.39459705352783203,0.5415925979614258,-1.6804615259170532,0.7276073098182678,1.4954469203948975,-0.5599318742752075,0.41570407152175903,0.5271947383880615,-1.6140286922454834,0.7160993218421936,1.4663631916046143,-0.5008137226104736,0.41616472601890564,0.5661266446113586,-1.5049389600753784,0.648255467414856,1.4237990379333496,-0.09495484828948975,0.36520150303840637,1.395711898803711,0.0994199886918068,0.6026049852371216,2.051872730255127,-0.06022266671061516,0.35440880060195923,2.0282769203186035,0.26690593361854553,0.5740886926651001,2.5867397785186768,0.5412094593048096,0.3330330550670624,2.563103199005127,0.8051382899284363,0.5786470174789429,2.6588876247406006,0.5657044649124146,0.3252825140953064,2.631561279296875,0.8498640060424805,0.519861102104187,2.7581710815429688,-0.013639390468597412,0.3427731990814209,2.7501068115234375,0.23291678726673126,0,0,0,0,0,0,0,0,0,0,0,0,0,0,0,0,0,0,0,0,0,0,0,0,0,0,0,0,0,0,0,0,0,0,0,0,0,0,0,0,0,0,0,0,0,0,0,0,0,0,0,0,0,0,0,0,0,0,0,0,0,0,0,0,0,0,0,0,0,0,0,0,0,0,0,0,0,0,0,0,0,0,0,0,0,0,0,0,0,0,0,0,0,0,0,0,0,0,0,0,0,0,0,0,0,0,0,0,0,0,0,0,0,0,0,0,0,0,0,0,0,0,0,0,0,0,thinking
0.5382154583930969,0.38090068101882935,-1.0006709098815918,0.5718966722488403,0.32739388942718506,-0.9419232606887817,0.5872457027435303,0.3300544321537018,-0.9420568346977234,0.601771891117096,0.3336028456687927,-0.9422359466552734,0.5258010625839233,0.32130762934684753,-0.9324243664741516,0.5112255215644836,0.31956660747528076,-0.9316214323043823,0.4988429546356201,0.31834548711776733,-0.9317827224731445,0.6244741678237915,0.3663385212421417,-0.5099959373474121,0.48448461294174194,0.34167781472206116,-0.43944230675697327,0.5641318559646606,0.4391857087612152,-0.8388745188713074,0.5073668360710144,0.4336128830909729,-0.8187800645828247,0.7528374791145325,0.6765419840812683,-0.24076402187347412,0.345293253660202,0.6587063670158386,-0.25772374868392944,0.8801037669181824,0.9961246848106384,-0.3190350830554962,0.22658219933509827,0.9922227263450623,-0.7165707945823669,0.8653675317764282,1.2910940647125244,-0.6959275007247925,0.3552197217941284,0.9523934125900269,-1.7369372844696045,0.885931670665741,1.3604718446731567,-0.8042294383049011,0.3963090479373932,0.9145476818084717,-1.9398295879364014,0.8506022691726685,1.3350346088409424,-0.846706748008728,0.41265740990638733,0.8586626052856445,-1.9362932443618774,0.82977294921875,1.3156332969665527,-0.729465126991272,0.4175572395324707,0.8591708540916443,-1.7602704763412476,0.6573439240455627,1.419598937034607,-0.09264247119426727,0.37896043062210083,1.3956623077392578,0.09732232242822647,0.6195123195648193,2.036982297897339,-0.029534319415688515,0.36463943123817444,2.0214643478393555,0.28704649209976196,0.6032510995864868,2.5728416442871094,0.5789299607276917,0.359110027551651,2.5599236488342285,0.8751991987228394,0.6090803146362305,2.649712085723877,0.6090720295906067,0.35445111989974976,2.630488872528076,0.9265724420547485,0.5547085404396057,2.737576961517334,-0.008349811658263206,0.38149988651275635,2.743868350982666,0.28044235706329346,0,0,0,0,0,0,0,0,0,0,0,0,0,0,0,0,0,0,0,0,0,0,0,0,0,0,0,0,0,0,0,0,0,0,0,0,0,0,0,0,0,0,0,0,0,0,0,0,0,0,0,0,0,0,0,0,0,0,0,0,0,0,0,0,0,0,0,0,0,0,0,0,0,0,0,0,0,0,0,0,0,0,0,0,0,0,0,0,0,0,0,0,0,0,0,0,0,0,0,0,0,0,0,0,0,0,0,0,0,0,0,0,0,0,0,0,0,0,0,0,0,0,0,0,0,0,thinking
0.5045235753059387,0.4187052547931671,-1.0859415531158447,0.5288495421409607,0.3593212962150574,-1.0406239032745361,0.5449994206428528,0.35758501291275024,-1.040581226348877,0.5609234571456909,0.3562068045139313,-1.0402226448059082,0.48842549324035645,0.35959693789482117,-1.0079901218414307,0.47433432936668396,0.3584670424461365,-1.007066011428833,0.4623178541660309,0.35817351937294006,-1.0073258876800537,0.5910898447036743,0.37183862924575806,-0.6409803628921509,0.4510839879512787,0.37141111493110657,-0.4640518128871918,0.5295595526695251,0.469725102186203,-0.9308692216873169,0.48450201749801636,0.4697934687137604,-0.8814317584037781,0.7489433884620667,0.6673707962036133,-0.4132992625236511,0.3334848880767822,0.6754353046417236,-0.15748418867588043,0.9100419878959656,0.9683862328529358,-1.0008774995803833,0.22362037003040314,0.9959395527839661,-0.24435308575630188,0.6922553181648254,0.7605326175689697,-1.6821845769882202,0.29676511883735657,1.1741067171096802,-0.9942450523376465,0.6125668287277222,0.6688476204872131,-1.8582384586334229,0.30229878425598145,1.241472601890564,-1.1345155239105225,0.6041345596313477,0.6223209500312805,-1.7291227579116821,0.3333805501461029,1.1904041767120361,-1.1684291362762451,0.6167923808097839,0.6493588089942932,-1.6512501239776611,0.3387092053890228,1.170456051826477,-1.032340168952942,0.6701442003250122,1.416108250617981,-0.13285554945468903,0.3812013268470764,1.3985843658447266,0.13911305367946625,0.6496451497077942,2.0376884937286377,0.002763703465461731,0.37807008624076843,2.024226427078247,0.3429754674434662,0.655486524105072,2.5707032680511475,0.7383506894111633,0.38175278902053833,2.5675206184387207,0.9527568817138672,0.6671081185340881,2.647155284881592,0.7789532542228699,0.37950170040130615,2.6469409465789795,0.9992619752883911,0.6008497476577759,2.7386388778686523,0.09659416973590851,0.41362589597702026,2.7511045932769775,0.30671972036361694,0.6613191962242126,0.7359081506729126,-1.5928986840663129e-07,0.64203280210495,0.6597388386726379,0.011340680532157421,0.610502302646637,0.601901650428772,0.011894800700247288,0.577609121799469,0.5751811861991882,0.008348379284143448,0.5500019788742065,0.5797790884971619,0.003449414623901248,0.6004267334938049,0.5667593479156494,0.004825148731470108,0.564084529876709,0.5186910033226013,-0.003569806693121791,0.5420400500297546,0.4942473769187927,-0.00864647701382637,0.5250104069709778,0.474407821893692,-0.012538346461951733,0.5913301706314087,0.5869901776313782,-0.006809764541685581,0.535389244556427,0.5820449590682983,-0.017166944220662117,0.5378026366233826,0.608123779296875,-0.01678580604493618,0.5500125288963318,0.6233990788459778,-0.014923231676220894,0.5816797018051147,0.6191795468330383,-0.01777263917028904,0.5357112884521484,0.6253366470336914,-0.024684378877282143,0.5415005087852478,0.645575225353241,-0.01737363636493683,0.5532905459403992,0.6561149954795837,-0.011825637891888618,0.5736351609230042,0.6537909507751465,-0.028317106887698174,0.5390663743019104,0.6667758822441101,-0.03059658780694008,0.5445746183395386,0.6847993731498718,-0.023361774161458015,0.5531378984451294,0.6949824094772339,-0.01713336631655693,0,0,0,0,0,0,0,0,0,0,0,0,0,0,0,0,0,0,0,0,0,0,0,0,0,0,0,0,0,0,0,0,0,0,0,0,0,0,0,0,0,0,0,0,0,0,0,0,0,0,0,0,0,0,0,0,0,0,0,0,0,0,0,thinking
0.49344402551651,0.42862939834594727,-1.329178810119629,0.5154415965080261,0.3673799932003021,-1.2881190776824951,0.5319037437438965,0.36395496129989624,-1.2880370616912842,0.548671543598175,0.3607047200202942,-1.287623405456543,0.47603940963745117,0.3707383871078491,-1.246411919593811,0.462258517742157,0.3699784576892853,-1.2455241680145264,0.44985517859458923,0.3700345456600189,-1.24570894241333,0.5802564024925232,0.37186896800994873,-0.8782485723495483,0.44112029671669006,0.38137978315353394,-0.6553992033004761,0.5209025144577026,0.4770194888114929,-1.1677156686782837,0.47712963819503784,0.4813896715641022,-1.1057311296463013,0.7489621639251709,0.6617752313613892,-0.6285916566848755,0.33260613679885864,0.6815541386604309,-0.2322162389755249,0.9227266311645508,0.9671354293823242,-1.2355068922042847,0.2256438434123993,0.9925967454910278,-0.33972054719924927,0.6672278046607971,0.7383500337600708,-1.9244922399520874,0.28884339332580566,1.1719019412994385,-1.1401116847991943,0.5922132730484009,0.6490072011947632,-2.1012749671936035,0.29207414388656616,1.2354180812835693,-1.2823245525360107,0.575003445148468,0.6009151339530945,-1.976339340209961,0.3229731321334839,1.1841225624084473,-1.3055367469787598,0.5887382626533508,0.6287574172019958,-1.89170241355896,0.32934802770614624,1.1669480800628662,-1.1751452684402466,0.6820173263549805,1.4115279912948608,-0.1560187190771103,0.38338857889175415,1.3986080884933472,0.16230204701423645,0.6636756658554077,2.037931203842163,0.001611741608940065,0.3835071623325348,2.024294853210449,0.3811250627040863,0.6681873202323914,2.5691568851470947,0.7632359862327576,0.39154717326164246,2.5689356327056885,1.0014827251434326,0.6796666383743286,2.64607310295105,0.8039619326591492,0.39104196429252625,2.6517181396484375,1.0479943752288818,0.6124016046524048,2.7390711307525635,0.10495944321155548,0.427401602268219,2.7535831928253174,0.30918604135513306,0.6551191806793213,0.7294290065765381,-1.0218784041171602e-07,0.6408652663230896,0.6606378555297852,0.007534516975283623,0.6099805235862732,0.6043904423713684,0.006144690793007612,0.5763227343559265,0.5789278745651245,0.001816301024518907,0.5478690266609192,0.5837169289588928,-0.0036657890304923058,0.5999098420143127,0.5721151828765869,-0.0010846046498045325,0.5650533437728882,0.5229560136795044,-0.011352870613336563,0.5428078770637512,0.49792492389678955,-0.017084237188100815,0.5262045860290527,0.47878679633140564,-0.021015014499425888,0.5905212759971619,0.592447817325592,-0.010959156788885593,0.5379030704498291,0.5812364816665649,-0.02326572872698307,0.5410647392272949,0.6053435802459717,-0.022375963628292084,0.5539386868476868,0.617957353591919,-0.019923673942685127,0.5811002850532532,0.6232355237007141,-0.020400265231728554,0.53748619556427,0.6211055517196655,-0.0292487945407629,0.5441174507141113,0.6405552625656128,-0.020960776135325432,0.5566893815994263,0.6496251821517944,-0.014250536449253559,0.5736919045448303,0.655184805393219,-0.029654178768396378,0.5405312180519104,0.6565789580345154,-0.03308764845132828,0.5471111536026001,0.6741953492164612,-0.02518318220973015,0.557329535484314,0.6850515604019165,-0.018328139558434486,0,0,0,0,0,0,0,0,0,0,0,0,0,0,0,0,0,0,0,0,0,0,0,0,0,0,0,0,0,0,0,0,0,0,0,0,0,0,0,0,0,0,0,0,0,0,0,0,0,0,0,0,0,0,0,0,0,0,0,0,0,0,0,thinking
0.4878568649291992,0.4423719048500061,-1.2751095294952393,0.5092811584472656,0.3779076039791107,-1.2379810810089111,0.5252137184143066,0.37382644414901733,-1.2379471063613892,0.541535496711731,0.36960750818252563,-1.2376480102539062,0.47140949964523315,0.3818954825401306,-1.1931705474853516,0.45841479301452637,0.3809909522533417,-1.1922928094863892,0.4462506175041199,0.3810614347457886,-1.1925132274627686,0.5730493664741516,0.3751760423183441,-0.8388612866401672,0.44103989005088806,0.3905486762523651,-0.6053867936134338,0.5153750777244568,0.4893040359020233,-1.117207646369934,0.47328275442123413,0.495448499917984,-1.0517741441726685,0.7475782632827759,0.6611358523368835,-0.5952882170677185,0.3352820873260498,0.6833220720291138,-0.20059117674827576,0.9177460670471191,0.9586393237113953,-1.200732946395874,0.2309652864933014,0.9876180291175842,-0.20392687618732452,0.6687228083610535,0.7593020796775818,-1.919852614402771,0.28380298614501953,1.197637915611267,-0.9847651720046997,0.5921785831451416,0.6821485757827759,-2.104947566986084,0.2846055328845978,1.2750223875045776,-1.1181683540344238,0.5735995173454285,0.6138270497322083,-1.9812465906143188,0.3173995614051819,1.225210189819336,-1.1619346141815186,0.5857680439949036,0.6494219899177551,-1.8898330926895142,0.3240993916988373,1.2030056715011597,-1.0273263454437256,0.6806202530860901,1.411849856376648,-0.17133741080760956,0.3844824433326721,1.399772047996521,0.17725926637649536,0.6603079438209534,2.0382885932922363,-0.022238025441765785,0.3834748864173889,2.0240797996520996,0.3454236388206482,0.6605429649353027,2.569463014602661,0.7430952191352844,0.38810640573501587,2.5690531730651855,0.9196726083755493,0.6711592674255371,2.6462600231170654,0.7764254808425903,0.3870641589164734,2.6529436111450195,0.9621559381484985,0.603175699710846,2.7419822216033936,0.052868764847517014,0.42051124572753906,2.753556966781616,0.24052977561950684,0.6531012058258057,0.7217488884925842,-1.0149580020879512e-07,0.6409788727760315,0.657827615737915,0.0055308351293206215,0.6107378005981445,0.6022278070449829,0.0039623635821044445,0.5769751667976379,0.5768947005271912,0.0003021864395122975,0.5479679703712463,0.5808438658714294,-0.004394398536533117,0.5993561148643494,0.570219099521637,-0.0037084193900227547,0.5649946928024292,0.523541271686554,-0.013790574856102467,0.5430563688278198,0.49850478768348694,-0.018960852175951004,0.527053952217102,0.4793650507926941,-0.022492673248052597,0.5907273292541504,0.5892441868782043,-0.012032030150294304,0.5369201898574829,0.5815753936767578,-0.02422935888171196,0.5396021604537964,0.6066848039627075,-0.022708551958203316,0.5524795055389404,0.619305431842804,-0.01981055922806263,0.5816617608070374,0.6192660927772522,-0.019992152228951454,0.5362207889556885,0.6197285652160645,-0.02946367673575878,0.5427333116531372,0.6396363377571106,-0.021408872678875923,0.5554335117340088,0.6480532884597778,-0.014707057736814022,0.5744531750679016,0.65123051404953,-0.02779727429151535,0.5405091047286987,0.6551549434661865,-0.032537493854761124,0.5469396710395813,0.6723897457122803,-0.025807516649365425,0.5573040843009949,0.6814835667610168,-0.01963827572762966,0,0,0,0,0,0,0,0,0,0,0,0,0,0,0,0,0,0,0,0,0,0,0,0,0,0,0,0,0,0,0,0,0,0,0,0,0,0,0,0,0,0,0,0,0,0,0,0,0,0,0,0,0,0,0,0,0,0,0,0,0,0,0,thinking
0.46542277932167053,0.4357081949710846,-0.8783310055732727,0.486625611782074,0.37450677156448364,-0.8299068212509155,0.5016435980796814,0.37125569581985474,-0.8297857046127319,0.5180228352546692,0.3677460551261902,-0.8290239572525024,0.44804811477661133,0.3776492476463318,-0.8002579808235168,0.4363805651664734,0.37688857316970825,-0.799414873123169,0.4226829409599304,0.3768601417541504,-0.7996431589126587,0.5544087886810303,0.3751297891139984,-0.5028937458992004,0.41609740257263184,0.3883299231529236,-0.3362211585044861,0.49385786056518555,0.48650386929512024,-0.7564822435379028,0.45200151205062866,0.4898349344730377,-0.7106829285621643,0.7361058592796326,0.6540680527687073,-0.3583023250102997,0.3233242332935333,0.7037729024887085,-0.10385873168706894,0.9418495297431946,0.9577032923698425,-0.8729281425476074,0.227840393781662,1.0209531784057617,-0.22542421519756317,0.6533464193344116,0.6716403365135193,-1.3128130435943604,0.28432750701904297,1.2979909181594849,-0.8626391291618347,0.5759791135787964,0.6076366901397705,-1.4432246685028076,0.28348949551582336,1.3778265714645386,-0.9796420931816101,0.5628920793533325,0.5682119727134705,-1.4099470376968384,0.31621748208999634,1.3350675106048584,-1.0014350414276123,0.5770878791809082,0.5927102565765381,-1.2925044298171997,0.32409903407096863,1.309627652168274,-0.893775463104248,0.6818960905075073,1.4133168458938599,-0.15919674932956696,0.389079749584198,1.41653311252594,0.16598644852638245,0.6657347083091736,2.040231704711914,-0.018241683021187782,0.39865607023239136,2.0409443378448486,0.4012393057346344,0.6716634631156921,2.5701279640197754,0.6375699639320374,0.4114769995212555,2.5787980556488037,0.9739974141120911,0.6835429668426514,2.646399974822998,0.6677494645118713,0.4106271266937256,2.6601414680480957,1.0200165510177612,0.6188725233078003,2.7485134601593018,0.043930213898420334,0.4512314200401306,2.7667086124420166,0.41653579473495483,0.65526282787323,0.68215411901474,-2.9035820858780426e-08,0.6307487487792969,0.621235728263855,0.014931547455489635,0.5946347117424011,0.5841115713119507,0.01751735247671604,0.5596219301223755,0.5786797404289246,0.015029930509626865,0.5337985157966614,0.5916733741760254,0.011348845437169075,0.5804632306098938,0.552924394607544,0.01379438117146492,0.5466699600219727,0.5143954753875732,0.008662438951432705,0.525772213935852,0.4920826554298401,0.005618313793092966,0.5112433433532715,0.4746924638748169,0.0031780730932950974,0.5696230530738831,0.5716158151626587,0.0025450321845710278,0.5116488337516785,0.5860267281532288,-0.004240475129336119,0.5176861882209778,0.6093505024909973,-0.002235639141872525,0.5329945087432861,0.6136396527290344,0.0001767984649632126,0.5611101388931274,0.6012749671936035,-0.008190056309103966,0.5141743421554565,0.6257802844047546,-0.011919795535504818,0.5248100161552429,0.6415950655937195,-0.005460716318339109,0.5392998456954956,0.6386614441871643,-0.0010295246029272676,0.555666446685791,0.6346819400787354,-0.01824677549302578,0.520331859588623,0.653436005115509,-0.01811341941356659,0.5258016586303711,0.6664235591888428,-0.011738120578229427,0.533861517906189,0.6678400635719299,-0.006448651198297739,0,0,0,0,0,0,0,0,0,0,0,0,0,0,0,0,0,0,0,0,0,0,0,0,0,0,0,0,0,0,0,0,0,0,0,0,0,0,0,0,0,0,0,0,0,0,0,0,0,0,0,0,0,0,0,0,0,0,0,0,0,0,0,thinking
0.46186548471450806,0.43148690462112427,-0.9008909463882446,0.4826727509498596,0.3717430531978607,-0.8493438959121704,0.4983053207397461,0.36876556277275085,-0.8493348956108093,0.5140741467475891,0.3657350242137909,-0.848649799823761,0.44579997658729553,0.3742610812187195,-0.8221157789230347,0.4330933094024658,0.3733043968677521,-0.8213151097297668,0.4211752414703369,0.37304896116256714,-0.8215801119804382,0.5510925650596619,0.3737483322620392,-0.49494391679763794,0.41425222158432007,0.38616588711738586,-0.3424777686595917,0.4889741539955139,0.4830009639263153,-0.7688138484954834,0.4473755955696106,0.48502472043037415,-0.7267369627952576,0.7307863831520081,0.6390002369880676,-0.30964916944503784,0.3206891417503357,0.6987883448600769,-0.1080818623304367,0.9426881074905396,0.953972578048706,-0.8267968893051147,0.22874343395233154,1.0120607614517212,-0.24989354610443115,0.6539269089698792,0.6696309447288513,-1.3342119455337524,0.2909315824508667,1.2462804317474365,-0.8765704035758972,0.5767641067504883,0.6117898225784302,-1.4741218090057373,0.2967393100261688,1.3168593645095825,-1.0017478466033936,0.5656012892723083,0.5695589184761047,-1.3477468490600586,0.3279397487640381,1.2731306552886963,-1.0197734832763672,0.5787513256072998,0.590530276298523,-1.2966969013214111,0.3348957598209381,1.2505022287368774,-0.9057804346084595,0.684209942817688,1.40321683883667,-0.1330491155385971,0.39181631803512573,1.4140136241912842,0.13956227898597717,0.6720207929611206,2.025719404220581,-0.06398636102676392,0.4102756381034851,2.0346877574920654,0.23824170231819153,0.6784151196479797,2.557774305343628,0.5009764432907104,0.42563262581825256,2.572075366973877,0.6296905279159546,0.6910349130630493,2.6349472999572754,0.5252416729927063,0.42554599046707153,2.6546714305877686,0.654996931552887,0.6251777410507202,2.736478090286255,-0.08907466381788254,0.46465229988098145,2.756021022796631,0.034069787710905075,0.6498213410377502,0.6774137020111084,-1.8344852747986806e-08,0.6270991563796997,0.6196629405021667,0.010949201881885529,0.5910174250602722,0.5830307006835938,0.011832690797746181,0.555482804775238,0.5768117904663086,0.009465927258133888,0.5299538373947144,0.5896242260932922,0.00605645589530468,0.5787169337272644,0.5551698803901672,0.0034294479992240667,0.5458337068557739,0.5161676406860352,-0.003397525753825903,0.5266486406326294,0.4915767014026642,-0.006247429177165031,0.5131595134735107,0.47163236141204834,-0.008171011693775654,0.5673836469650269,0.5741400122642517,-0.006085074041038752,0.5108133554458618,0.5820330381393433,-0.014693791046738625,0.5176806449890137,0.6015279293060303,-0.012066544033586979,0.5322228074073792,0.6053499579429626,-0.008322237990796566,0.5593649744987488,0.6028918027877808,-0.014643021859228611,0.5113632082939148,0.6226263642311096,-0.021059485152363777,0.5233868360519409,0.637881338596344,-0.012980500236153603,0.5376520752906799,0.6346485614776611,-0.0063307564705610275,0.5543373227119446,0.6346375346183777,-0.022411178797483444,0.5166154503822327,0.6530697345733643,-0.024620195850729942,0.5279785990715027,0.66409832239151,-0.016726253554224968,0.5416796207427979,0.6625356078147888,-0.009631158784031868,0,0,0,0,0,0,0,0,0,0,0,0,0,0,0,0,0,0,0,0,0,0,0,0,0,0,0,0,0,0,0,0,0,0,0,0,0,0,0,0,0,0,0,0,0,0,0,0,0,0,0,0,0,0,0,0,0,0,0,0,0,0,0,thinking
0.44394317269325256,0.43112266063690186,-0.9044729471206665,0.4643995761871338,0.370452344417572,-0.8539964556694031,0.4788056015968323,0.36587339639663696,-0.8539272546768188,0.49585407972335815,0.36139318346977234,-0.8531983494758606,0.4293361306190491,0.37178072333335876,-0.8217207789421082,0.41949719190597534,0.37045159935951233,-0.8209323883056641,0.4094693064689636,0.37001246213912964,-0.8211906552314758,0.5407502055168152,0.3668653666973114,-0.5036008954048157,0.40986236929893494,0.3839643895626068,-0.3297407031059265,0.4740513861179352,0.47830039262771606,-0.7748879194259644,0.4330010414123535,0.480143666267395,-0.7264916300773621,0.7253677248954773,0.6237800717353821,-0.3232634961605072,0.321664422750473,0.6955861449241638,-0.08949755132198334,0.9332232475280762,0.9382148385047913,-0.873885452747345,0.23050925135612488,1.0116873979568481,-0.25989416241645813,0.6382812261581421,0.6743752360343933,-1.3929895162582397,0.2947758436203003,1.1977757215499878,-0.9283013343811035,0.5600239038467407,0.617293655872345,-1.5323454141616821,0.3008783161640167,1.2470811605453491,-1.058910608291626,0.5505462884902954,0.5753329396247864,-1.390027403831482,0.33021998405456543,1.205206274986267,-1.065546989440918,0.5664297938346863,0.5982162356376648,-1.351563572883606,0.33875027298927307,1.1906217336654663,-0.956035315990448,0.6848871111869812,1.3872476816177368,-0.13198170065879822,0.39433151483535767,1.4033094644546509,0.13868756592273712,0.6724027991294861,2.0104918479919434,-0.0964755266904831,0.413830041885376,2.0237209796905518,0.21249595284461975,0.6788945198059082,2.5437536239624023,0.4736820161342621,0.4305502474308014,2.5600130558013916,0.6089439988136292,0.6921072602272034,2.622002363204956,0.49824222922325134,0.43297892808914185,2.6424567699432373,0.6339616179466248,0.6254576444625854,2.718501091003418,-0.12385280430316925,0.4620446264743805,2.73958683013916,0.003559668315574527,0.6291168928146362,0.6768041849136353,2.083861438961776e-08,0.6071261167526245,0.6181209683418274,0.013131058774888515,0.5731086134910583,0.587029218673706,0.01573256216943264,0.5421606302261353,0.5877829194068909,0.014457120560109615,0.5210553407669067,0.6043104529380798,0.012141258455812931,0.5589539408683777,0.5594444870948792,0.00938285980373621,0.5264246463775635,0.5226799249649048,0.006018306128680706,0.5056741833686829,0.5024545192718506,0.005226959474384785,0.490814208984375,0.48499754071235657,0.003943048417568207,0.5457989573478699,0.57889723777771,-0.0005061909323558211,0.49587246775627136,0.5862666964530945,-0.00615235511213541,0.5060853362083435,0.6087830066680908,-0.0032100153621286154,0.5227702856063843,0.6127241253852844,0.0003107973898295313,0.5371912121772766,0.6079617738723755,-0.009467367082834244,0.496549129486084,0.6278359293937683,-0.012872076593339443,0.510787308216095,0.6435014009475708,-0.005800859536975622,0.5257505178451538,0.6384949088096619,-0.0007268329500220716,0.5320190787315369,0.6411446928977966,-0.01762200891971588,0.50043785572052,0.661021888256073,-0.01806134358048439,0.513109564781189,0.6712530255317688,-0.011210834607481956,0.527099072933197,0.6677206754684448,-0.005448234733194113,0,0,0,0,0,0,0,0,0,0,0,0,0,0,0,0,0,0,0,0,0,0,0,0,0,0,0,0,0,0,0,0,0,0,0,0,0,0,0,0,0,0,0,0,0,0,0,0,0,0,0,0,0,0,0,0,0,0,0,0,0,0,0,thinking
0.4413225054740906,0.4282435178756714,-0.9773553609848022,0.4601166248321533,0.3684835433959961,-0.9179568290710449,0.47567135095596313,0.3648618459701538,-0.9183400869369507,0.4925040602684021,0.36094167828559875,-0.9176232218742371,0.42664656043052673,0.3702903985977173,-0.8818204998970032,0.4161221385002136,0.36949607729911804,-0.8812599182128906,0.4067203402519226,0.3694852888584137,-0.8816397786140442,0.5374385118484497,0.3644234836101532,-0.5369373559951782,0.40957942605018616,0.3840201497077942,-0.3389376997947693,0.47169870138168335,0.47692790627479553,-0.8374429941177368,0.43100929260253906,0.47800835967063904,-0.7843834161758423,0.7259287238121033,0.6146677732467651,-0.3615826666355133,0.3219914734363556,0.6949741244316101,-0.06225992366671562,0.9297464489936829,0.9307946562767029,-0.9397182464599609,0.24810786545276642,1.0727554559707642,-0.17805048823356628,0.6305770874023438,0.6722015142440796,-1.4404728412628174,0.2811119556427002,1.205715537071228,-0.8910231590270996,0.5549365282058716,0.6184260845184326,-1.5859853029251099,0.26815372705459595,1.2641009092330933,-1.0255506038665771,0.5441867709159851,0.5744016766548157,-1.4547560214996338,0.2952771782875061,1.231115460395813,-1.0612118244171143,0.5601115822792053,0.593633770942688,-1.402266502380371,0.3121108412742615,1.211666464805603,-0.9338208436965942,0.6907601952552795,1.3832939863204956,-0.13162186741828918,0.4036656320095062,1.3986339569091797,0.13815909624099731,0.6819509863853455,2.007565975189209,-0.13303491473197937,0.42357292771339417,2.0082647800445557,0.05955692380666733,0.6873515248298645,2.541524648666382,0.4088720679283142,0.4417470097541809,2.5488851070404053,0.4006040692329407,0.7000301480293274,2.619659662246704,0.4253535270690918,0.4482561945915222,2.6319313049316406,0.41727694869041443,0.636436939239502,2.7155637741088867,-0.2318941354751587,0.4722622036933899,2.7267189025878906,-0.24611976742744446,0.6181433796882629,0.6731939911842346,-2.3852383179701064e-08,0.6005973815917969,0.6168360710144043,0.010123859159648418,0.5698462724685669,0.5849367380142212,0.010765108279883862,0.5369148850440979,0.582047700881958,0.008360744453966618,0.5148903131484985,0.5956031084060669,0.004833379294723272,0.5537862777709961,0.5578873753547668,0.0024365468416363,0.5223850607872009,0.5210288763046265,-0.003134538885205984,0.5030410885810852,0.49962568283081055,-0.004875175654888153,0.4889943599700928,0.4815094769001007,-0.006537888664752245,0.5420674681663513,0.5773049592971802,-0.006377245765179396,0.49472054839134216,0.5858767032623291,-0.01406826265156269,0.5033848881721497,0.6068166494369507,-0.011359070427715778,0.5178048610687256,0.6104283928871155,-0.007840842939913273,0.5343183279037476,0.6060875058174133,-0.014170585200190544,0.4940575957298279,0.6263357400894165,-0.0199469905346632,0.5070098638534546,0.6424968242645264,-0.012239526957273483,0.5206544995307922,0.6383056044578552,-0.006313432473689318,0.5297874808311462,0.6388852000236511,-0.021216154098510742,0.49864429235458374,0.6606119871139526,-0.023997336626052856,0.5114486217498779,0.6714004278182983,-0.017219780012965202,0.5251093506813049,0.6675073504447937,-0.011122484691441059,0,0,0,0,0,0,0,0,0,0,0,0,0,0,0,0,0,0,0,0,0,0,0,0,0,0,0,0,0,0,0,0,0,0,0,0,0,0,0,0,0,0,0,0,0,0,0,0,0,0,0,0,0,0,0,0,0,0,0,0,0,0,0,thinking
0.4389255940914154,0.42637231945991516,-0.9254167675971985,0.457064151763916,0.36733755469322205,-0.8746166229248047,0.4729953408241272,0.36463797092437744,-0.8746805191040039,0.4899228513240814,0.35983991622924805,-0.8739017248153687,0.42427754402160645,0.36917346715927124,-0.837131142616272,0.413687139749527,0.36875975131988525,-0.8364353179931641,0.40478214621543884,0.3691057562828064,-0.8367311358451843,0.535645604133606,0.36210015416145325,-0.524996280670166,0.4091571867465973,0.38383492827415466,-0.3268629014492035,0.4695465564727783,0.4767242670059204,-0.7981600165367126,0.4291912913322449,0.47672873735427856,-0.7424826622009277,0.7263306975364685,0.6154084801673889,-0.36172065138816833,0.32251203060150146,0.6959527730941772,-0.06397874653339386,0.9285234212875366,0.9361101984977722,-0.9003052711486816,0.24669930338859558,1.108958125114441,-0.26553162932395935,0.6281014084815979,0.6736547350883484,-1.3676222562789917,0.2758949100971222,1.1628460884094238,-0.9722515344619751,0.5550291538238525,0.6178451776504517,-1.4998881816864014,0.26365894079208374,1.2017967700958252,-1.1163103580474854,0.5435865521430969,0.572231113910675,-1.3714995384216309,0.2878095209598541,1.165695071220398,-1.1197274923324585,0.5589085817337036,0.593449592590332,-1.3287771940231323,0.3054419457912445,1.1542898416519165,-0.9878904223442078,0.6959444284439087,1.376092791557312,-0.1308780461549759,0.40577349066734314,1.392467737197876,0.1374892294406891,0.6860567331314087,2.001534938812256,-0.021773500367999077,0.42704707384109497,2.0042102336883545,0.16380628943443298,0.6937777996063232,2.5275628566741943,0.6200103759765625,0.4458533227443695,2.5388686656951904,0.619270920753479,0.7078686356544495,2.603732109069824,0.6503618359565735,0.4519504904747009,2.6193857192993164,0.6502305269241333,0.6413743495941162,2.702387809753418,0.037731535732746124,0.4737253785133362,2.7184910774230957,0.002277298364788294,0.6177197098731995,0.6726166009902954,-2.9192838368885532e-08,0.6011554598808289,0.6172101497650146,0.010403808206319809,0.5703146457672119,0.5851482152938843,0.011803396977484226,0.5393868684768677,0.5831556916236877,0.010176594369113445,0.5182371735572815,0.598514199256897,0.007332814857363701,0.5543916821479797,0.5579094886779785,0.0036537391133606434,0.5223612785339355,0.5240527391433716,-0.0013896002201363444,0.5034724473953247,0.5022799372673035,-0.0028854331467300653,0.4906170666217804,0.48389962315559387,-0.00426187738776207,0.5418224930763245,0.5770185589790344,-0.004733556415885687,0.49328258633613586,0.5869545340538025,-0.010968571528792381,0.501836895942688,0.607199490070343,-0.007668063510209322,0.5163311958312988,0.6101024150848389,-0.0038606070447713137,0.5332889556884766,0.6054978370666504,-0.012188653461635113,0.49405527114868164,0.6281418204307556,-0.016334300860762596,0.5064132213592529,0.6439389586448669,-0.00902144517749548,0.5192981958389282,0.639821469783783,-0.003711029654368758,0.5281720757484436,0.6388096809387207,-0.01898636668920517,0.4985920786857605,0.6604504585266113,-0.020603729411959648,0.5109535455703735,0.671885073184967,-0.013996275141835213,0.5235994458198547,0.6692614555358887,-0.008229589089751244,0,0,0,0,0,0,0,0,0,0,0,0,0,0,0,0,0,0,0,0,0,0,0,0,0,0,0,0,0,0,0,0,0,0,0,0,0,0,0,0,0,0,0,0,0,0,0,0,0,0,0,0,0,0,0,0,0,0,0,0,0,0,0,thinking
0.44191303849220276,0.43147534132003784,-1.0404915809631348,0.4614863395690918,0.37104424834251404,-1.00496506690979,0.47780951857566833,0.367330938577652,-1.0050790309906006,0.49493607878685,0.3621741533279419,-1.0047613382339478,0.42674270272254944,0.37554454803466797,-0.960748016834259,0.41529327630996704,0.3760170638561249,-0.9601753950119019,0.40516430139541626,0.37709349393844604,-0.9605453610420227,0.5373824834823608,0.3666159212589264,-0.6832210421562195,0.410858154296875,0.39030173420906067,-0.4556881785392761,0.4740946292877197,0.48206761479377747,-0.9146143198013306,0.4317595958709717,0.4896174669265747,-0.8507328033447266,0.7267350554466248,0.6233645677566528,-0.5093048810958862,0.326555997133255,0.7000693678855896,-0.09206339716911316,0.9308496713638306,0.928864061832428,-1.1365044116973877,0.24446658790111542,1.0423951148986816,-0.08167020976543427,0.6405538320541382,0.6783657073974609,-1.6482007503509521,0.25422942638397217,1.2692756652832031,-0.6175078749656677,0.5583550930023193,0.6067945957183838,-1.7914583683013916,0.23746415972709656,1.360778570175171,-0.7103606462478638,0.5438963174819946,0.5652999877929688,-1.6342977285385132,0.2672320008277893,1.3332599401474,-0.7687203288078308,0.5607048273086548,0.6023826003074646,-1.6015758514404297,0.27952563762664795,1.3016319274902344,-0.6621706485748291,0.6945420503616333,1.408786416053772,-0.1464674025774002,0.40708082914352417,1.41692316532135,0.15174391865730286,0.682043731212616,2.024136543273926,-0.11701329052448273,0.4233315885066986,2.0193607807159424,0.12594205141067505,0.6868049502372742,2.562648057937622,0.44673165678977966,0.4371638894081116,2.5687403678894043,0.5124908685684204,0.6999894976615906,2.644596815109253,0.47174033522605896,0.4413127303123474,2.6570518016815186,0.5368536114692688,0.6335340738296509,2.7432360649108887,-0.15432307124137878,0.4653455317020416,2.7441461086273193,-0.09545758366584778,0.6376514434814453,0.6291294693946838,-2.703817081339821e-08,0.6170324087142944,0.5756386518478394,0.011593328788876534,0.5771254897117615,0.54381263256073,0.009670471772551537,0.5378397703170776,0.5557708144187927,0.0047632018104195595,0.5170446038246155,0.5848625898361206,-0.0017713132547214627,0.5700629949569702,0.5086468458175659,-0.004337835591286421,0.5239797234535217,0.4870537519454956,-0.011106572113931179,0.5037484169006348,0.46952196955680847,-0.013228276744484901,0.4915345013141632,0.45119625329971313,-0.014862104319036007,0.5579712390899658,0.5363830924034119,-0.014308024197816849,0.5022519826889038,0.570054829120636,-0.018627002835273743,0.5136876106262207,0.5913833379745483,-0.013358006253838539,0.5321890711784363,0.5891170501708984,-0.010321719571948051,0.5473613142967224,0.5738820433616638,-0.022935759276151657,0.5010623335838318,0.6096877455711365,-0.022426987066864967,0.5136239528656006,0.6239777207374573,-0.011544102802872658,0.527826726436615,0.6177367568016052,-0.006542339455336332,0.540681779384613,0.6128288507461548,-0.031033823266625404,0.504503071308136,0.6415155529975891,-0.028722960501909256,0.5106001496315002,0.6567744612693787,-0.020000355318188667,0.5172001719474792,0.6589831709861755,-0.014362627640366554,0,0,0,0,0,0,0,0,0,0,0,0,0,0,0,0,0,0,0,0,0,0,0,0,0,0,0,0,0,0,0,0,0,0,0,0,0,0,0,0,0,0,0,0,0,0,0,0,0,0,0,0,0,0,0,0,0,0,0,0,0,0,0,thinking
0.44250327348709106,0.43414825201034546,-1.0405693054199219,0.4632890224456787,0.3732936978340149,-1.0056560039520264,0.479968398809433,0.36922118067741394,-1.0057976245880127,0.49737119674682617,0.3640781044960022,-1.0055367946624756,0.42751049995422363,0.37852713465690613,-0.9612069129943848,0.41587477922439575,0.3790876269340515,-0.9606305956840515,0.4053465723991394,0.38008615374565125,-0.9610384106636047,0.538503110408783,0.37029024958610535,-0.685276985168457,0.41217008233070374,0.39292633533477783,-0.45681285858154297,0.475766122341156,0.48539450764656067,-0.9144511222839355,0.43234944343566895,0.4948788285255432,-0.8508199453353882,0.7267190217971802,0.628025472164154,-0.5147301554679871,0.3297043740749359,0.7029192447662354,-0.0974443331360817,0.9284443855285645,0.9232272505760193,-1.1176371574401855,0.24235713481903076,1.0146158933639526,-0.1458110511302948,0.6462095379829407,0.7023048996925354,-1.5936295986175537,0.257416307926178,1.2387207746505737,-0.7773516774177551,0.5570394396781921,0.6336284279823303,-1.7304518222808838,0.24395306408405304,1.315457820892334,-0.8898615837097168,0.5397453904151917,0.5830472707748413,-1.581981897354126,0.2746426463127136,1.2835358381271362,-0.9283044934272766,0.5601802468299866,0.6279656887054443,-1.5489979982376099,0.2863065302371979,1.257894515991211,-0.8177801966667175,0.6928249597549438,1.4190268516540527,-0.15951111912727356,0.40762653946876526,1.4228650331497192,0.16430363059043884,0.6793900728225708,2.0290513038635254,-0.19025078415870667,0.42175570130348206,2.0201191902160645,0.07326076179742813,0.6830521821975708,2.571852922439575,0.3195997178554535,0.4325912892818451,2.5714166164398193,0.40170854330062866,0.6962361335754395,2.6541829109191895,0.33709412813186646,0.4363126754760742,2.66024112701416,0.41958507895469666,0.6298143267631531,2.7521045207977295,-0.29836544394493103,0.46069398522377014,2.745128631591797,-0.20640429854393005,0.6348400115966797,0.6311737895011902,-3.2118940396230755e-08,0.6165547370910645,0.5773302316665649,0.005824490915983915,0.5760043859481812,0.5417358875274658,0.0011036505457013845,0.5351721048355103,0.5561184287071228,-0.0052890111692249775,0.5134975910186768,0.5868160724639893,-0.013159355148673058,0.5750117301940918,0.5029909014701843,-0.01243174634873867,0.5182841420173645,0.47858601808547974,-0.022602396085858345,0.4877031445503235,0.4652889668941498,-0.02609376423060894,0.46786466240882874,0.454079806804657,-0.028501134365797043,0.5634564757347107,0.5317129492759705,-0.02072325348854065,0.5045384764671326,0.567444920539856,-0.03206520155072212,0.5168115496635437,0.5892428159713745,-0.029322247952222824,0.5355866551399231,0.5854570865631104,-0.02665947750210762,0.5523195266723633,0.5700020790100098,-0.02784048765897751,0.5039098262786865,0.6058873534202576,-0.0350336953997612,0.5168307423591614,0.6212280988693237,-0.025913115590810776,0.5315006971359253,0.614130973815918,-0.019935421645641327,0.5432730317115784,0.6096369028091431,-0.03443155437707901,0.5091490745544434,0.6368840336799622,-0.03714843466877937,0.5205256342887878,0.6497626304626465,-0.029220201075077057,0.5320630073547363,0.6477347016334534,-0.023019174113869667,0,0,0,0,0,0,0,0,0,0,0,0,0,0,0,0,0,0,0,0,0,0,0,0,0,0,0,0,0,0,0,0,0,0,0,0,0,0,0,0,0,0,0,0,0,0,0,0,0,0,0,0,0,0,0,0,0,0,0,0,0,0,0,thinking
0.443107545375824,0.4347326159477234,-1.097254991531372,0.464249849319458,0.37361395359039307,-1.0605223178863525,0.48106950521469116,0.3693809509277344,-1.0606000423431396,0.49860015511512756,0.36433145403862,-1.0603891611099243,0.4278145730495453,0.37920424342155457,-1.0208326578140259,0.41591230034828186,0.37981221079826355,-1.0203213691711426,0.40505194664001465,0.3807845711708069,-1.020749568939209,0.5390788912773132,0.3715476989746094,-0.7194878458976746,0.4122103154659271,0.3932000696659088,-0.5136592984199524,0.476620614528656,0.48591238260269165,-0.9622493982315063,0.4326808452606201,0.49599167704582214,-0.9047344923019409,0.7260755300521851,0.6298633813858032,-0.5099509954452515,0.3299461007118225,0.7018103003501892,-0.14098003506660461,0.9268075227737427,0.916617214679718,-1.0862019062042236,0.2399817705154419,0.992457389831543,-0.19037047028541565,0.6497865915298462,0.6997842192649841,-1.594362735748291,0.25056153535842896,1.2216639518737793,-0.828332781791687,0.5598760843276978,0.6349115371704102,-1.7309614419937134,0.24099533259868622,1.2952325344085693,-0.9404546618461609,0.5466587543487549,0.5816036462783813,-1.5873363018035889,0.2736724615097046,1.26134192943573,-0.9750713109970093,0.5548102855682373,0.6656997203826904,-1.5525230169296265,0.2842558026313782,1.237768530845642,-0.865623950958252,0.6860601305961609,1.418731689453125,-0.1582717001438141,0.4070400297641754,1.4219557046890259,0.16292962431907654,0.6764948964118958,2.0290446281433105,-0.19759918749332428,0.4203466773033142,2.019456148147583,0.04853082448244095,0.681215763092041,2.572657823562622,0.3182530701160431,0.4292304515838623,2.571075677871704,0.3802952766418457,0.6937655210494995,2.654043436050415,0.3361220955848694,0.4353395104408264,2.6590096950531006,0.39879053831100464,0.6269579529762268,2.754034996032715,-0.30049774050712585,0.4572727680206299,2.7449328899383545,-0.23601791262626648,0.6358920335769653,0.6373330950737,-1.6448548478820157e-07,0.6158344149589539,0.5813239216804504,0.008290664292871952,0.5752277970314026,0.5458645820617676,0.0036316541954874992,0.535194456577301,0.5518344640731812,-0.0037012360990047455,0.5121382474899292,0.574806809425354,-0.011950205080211163,0.5749933123588562,0.5038059949874878,-0.011476701125502586,0.521428644657135,0.47968727350234985,-0.023081917315721512,0.5016533136367798,0.47105100750923157,-0.02700592763721943,0.4925187826156616,0.462058961391449,-0.029062196612358093,0.5650882720947266,0.5300731062889099,-0.02107596956193447,0.5058230757713318,0.5688024163246155,-0.03269090875983238,0.5188713073730469,0.5926088094711304,-0.029774608090519905,0.5378601551055908,0.5895044803619385,-0.02738427184522152,0.5540037751197815,0.5672639608383179,-0.029712794348597527,0.5054794549942017,0.6065067648887634,-0.03708284720778465,0.5181277394294739,0.6243166923522949,-0.02876894548535347,0.5323580503463745,0.6189386248588562,-0.023688355460762978,0.545218825340271,0.6057190299034119,-0.037678588181734085,0.5082711577415466,0.6359347105026245,-0.04044444486498833,0.5096529126167297,0.654101550579071,-0.034171536564826965,0.5116311311721802,0.6585617661476135,-0.029434384778141975,0,0,0,0,0,0,0,0,0,0,0,0,0,0,0,0,0,0,0,0,0,0,0,0,0,0,0,0,0,0,0,0,0,0,0,0,0,0,0,0,0,0,0,0,0,0,0,0,0,0,0,0,0,0,0,0,0,0,0,0,0,0,0,thinking
0.4452267587184906,0.4389265477657318,-1.1085259914398193,0.4665890634059906,0.3750860393047333,-1.0712743997573853,0.48329466581344604,0.37026652693748474,-1.0714681148529053,0.5007132291793823,0.3646541237831116,-1.071181058883667,0.4300077557563782,0.3817456364631653,-1.0201690196990967,0.4181593954563141,0.38226109743118286,-1.0197086334228516,0.4072279930114746,0.3833167850971222,-1.0200947523117065,0.5393174886703491,0.3715082108974457,-0.7228125333786011,0.41241374611854553,0.3941425085067749,-0.48000383377075195,0.4790703356266022,0.49430525302886963,-0.9718953371047974,0.43312469124794006,0.5053637623786926,-0.8998681306838989,0.7549081444740295,0.6308383345603943,-0.5224834084510803,0.3385697305202484,0.7109155058860779,-0.07324402779340744,0.963187038898468,0.8914897441864014,-1.2115991115570068,0.23913078010082245,0.9917716979980469,-0.15275660157203674,0.7050026059150696,0.6301259398460388,-1.8045175075531006,0.23721158504486084,1.236853837966919,-0.867810845375061,0.6224063634872437,0.5638033151626587,-1.9617176055908203,0.2227526158094406,1.3132801055908203,-0.9823627471923828,0.5874613523483276,0.5624096393585205,-1.7999296188354492,0.2576929032802582,1.2763335704803467,-1.0175108909606934,0.5980120301246643,0.6184197664260864,-1.758135199546814,0.2711462080478668,1.2541500329971313,-0.9070159792900085,0.6992475390434265,1.450656771659851,-0.187895730137825,0.42807865142822266,1.44878089427948,0.19235888123512268,0.6827572584152222,2.0712575912475586,-0.1850096881389618,0.43957918882369995,2.053950071334839,0.10377644002437592,0.6920576095581055,2.6225059032440186,0.38420748710632324,0.45070233941078186,2.6083731651306152,0.5027989149093628,0.7091754078865051,2.7090578079223633,0.4043031334877014,0.45816439390182495,2.6972198486328125,0.528544545173645,0.6310039758682251,2.791886568069458,-0.24907085299491882,0.4689870774745941,2.788548469543457,-0.11561218649148941,0,0,0,0,0,0,0,0,0,0,0,0,0,0,0,0,0,0,0,0,0,0,0,0,0,0,0,0,0,0,0,0,0,0,0,0,0,0,0,0,0,0,0,0,0,0,0,0,0,0,0,0,0,0,0,0,0,0,0,0,0,0,0,0,0,0,0,0,0,0,0,0,0,0,0,0,0,0,0,0,0,0,0,0,0,0,0,0,0,0,0,0,0,0,0,0,0,0,0,0,0,0,0,0,0,0,0,0,0,0,0,0,0,0,0,0,0,0,0,0,0,0,0,0,0,0,thinking
0.45835161209106445,0.4411737322807312,-1.264904260635376,0.48138993978500366,0.37703844904899597,-1.2227097749710083,0.49855417013168335,0.37236639857292175,-1.222666621208191,0.5154043436050415,0.36687469482421875,-1.2223297357559204,0.4363987445831299,0.38260790705680847,-1.1955147981643677,0.4243273138999939,0.38258108496665955,-1.1949353218078613,0.41259855031967163,0.3829793632030487,-1.195247769355774,0.5458856821060181,0.3715342879295349,-0.8193248510360718,0.41263118386268616,0.3936823308467865,-0.6735232472419739,0.49550217390060425,0.49802157282829285,-1.1030805110931396,0.4390212893486023,0.5051901340484619,-1.0620819330215454,0.7527573108673096,0.6011979579925537,-0.551047682762146,0.33565765619277954,0.6940872073173523,-0.23741750419139862,0.9641222953796387,0.8272039294242859,-1.1606123447418213,0.2381681650876999,0.9871028065681458,-0.11162760108709335,0.7018712162971497,0.4845636188983917,-1.7423384189605713,0.21720798313617706,1.3336423635482788,-0.5579310655593872,0.6230467557907104,0.4141971170902252,-1.8973076343536377,0.1924627125263214,1.4462677240371704,-0.6370635032653809,0.5988649725914001,0.38270023465156555,-1.7482045888900757,0.22802142798900604,1.425141453742981,-0.7184403538703918,0.6068520545959473,0.4146325886249542,-1.7018916606903076,0.2455102652311325,1.3898844718933105,-0.6065924167633057,0.6997082233428955,1.432625651359558,-0.15224286913871765,0.4251483082771301,1.4365261793136597,0.15635167062282562,0.686950147151947,2.063509941101074,-0.09825388342142105,0.4392610490322113,2.0470690727233887,0.09440413862466812,0.6908410787582397,2.6160993576049805,0.5168231725692749,0.44745635986328125,2.6039178371429443,0.52276211977005,0.7052121758460999,2.6991000175476074,0.5442325472831726,0.45220494270324707,2.6903817653656006,0.5504180788993835,0.6352624893188477,2.7877373695373535,-0.1161763072013855,0.4776307940483093,2.7862346172332764,-0.12198511511087418,0.7097494602203369,0.48058342933654785,-4.321294397868769e-07,0.6660987138748169,0.42266738414764404,0.014750920236110687,0.6250098943710327,0.3695962727069855,0.015302693471312523,0.5938329696655273,0.3337457478046417,0.009263025596737862,0.5730549097061157,0.30696409940719604,0.0033811337780207396,0.62772536277771,0.32010048627853394,0.013961507007479668,0.5846413373947144,0.27468833327293396,0.0002916285302489996,0.5602685213088989,0.2714841663837433,-0.0058736009523272514,0.5459476709365845,0.27145588397979736,-0.008636859245598316,0.6307030320167542,0.3317766785621643,-0.0012652213918045163,0.5733237862586975,0.3452976942062378,-0.016162803396582603,0.5759804844856262,0.38238638639450073,-0.015478172339498997,0.5906468033790588,0.39262253046035767,-0.013078621588647366,0.6298251748085022,0.356967955827713,-0.017403533682227135,0.5772486329078674,0.3808879256248474,-0.029317831620573997,0.5827642679214478,0.41171547770500183,-0.020248431712388992,0.5967513918876648,0.41739505529403687,-0.01310395821928978,0.6247609257698059,0.38757672905921936,-0.033062588423490524,0.5803120732307434,0.409015417098999,-0.036405615508556366,0.5869357585906982,0.4337106943130493,-0.027066081762313843,0.6000766158103943,0.4389265775680542,-0.019389010965824127,0,0,0,0,0,0,0,0,0,0,0,0,0,0,0,0,0,0,0,0,0,0,0,0,0,0,0,0,0,0,0,0,0,0,0,0,0,0,0,0,0,0,0,0,0,0,0,0,0,0,0,0,0,0,0,0,0,0,0,0,0,0,0,thinking
0.4660695195198059,0.44059914350509644,-1.21023428440094,0.4897465705871582,0.37662947177886963,-1.1723995208740234,0.5072069764137268,0.3720731735229492,-1.1728885173797607,0.5238462686538696,0.36673858761787415,-1.1725105047225952,0.4412739872932434,0.38202136754989624,-1.1070053577423096,0.4289820194244385,0.38206401467323303,-1.1065592765808105,0.4170437753200531,0.3827306926250458,-1.1068871021270752,0.550845205783844,0.371492862701416,-0.7738484144210815,0.412909597158432,0.39338919520378113,-0.5747121572494507,0.5044522881507874,0.49751436710357666,-1.0960652828216553,0.4429186284542084,0.5036369562149048,-0.9902517199516296,0.7514097094535828,0.5964148044586182,-0.47442716360092163,0.332074910402298,0.6899091005325317,-0.20223191380500793,0.9679460525512695,0.8137329816818237,-1.1200542449951172,0.23753520846366882,0.9872351288795471,-0.00280924909748137,0.7016088366508484,0.4689708650112152,-1.6400935649871826,0.21197979152202606,1.3708709478378296,-0.37600812315940857,0.6251305341720581,0.388887882232666,-1.7870690822601318,0.18814019858837128,1.4882583618164062,-0.44321829080581665,0.604753315448761,0.3612785339355469,-1.7059329748153687,0.2247941493988037,1.4707552194595337,-0.5206073522567749,0.611830472946167,0.3936603367328644,-1.611083984375,0.24136419594287872,1.432210087776184,-0.42111554741859436,0.6987375020980835,1.4295977354049683,-0.13201665878295898,0.42356419563293457,1.4331939220428467,0.13649415969848633,0.685259222984314,2.0612356662750244,-0.0984828919172287,0.4366673529148102,2.0460078716278076,0.07310312241315842,0.6900153160095215,2.609696865081787,0.4726641774177551,0.44614139199256897,2.5999128818511963,0.44503697752952576,0.7044943571090698,2.6914517879486084,0.4972303509712219,0.4504453241825104,2.6856987476348877,0.46499103307724,0.6333727240562439,2.782823324203491,-0.1482122540473938,0.4735882878303528,2.7814409732818604,-0.19732466340065002,0.7143270969390869,0.4781591594219208,-3.080739077176986e-07,0.6762531995773315,0.42113667726516724,0.01726098731160164,0.6374916434288025,0.37620511651039124,0.020282845944166183,0.6076360940933228,0.3565305471420288,0.016901284456253052,0.5840643644332886,0.35261234641075134,0.012920837849378586,0.6306865215301514,0.33309099078178406,0.017486533150076866,0.5881195664405823,0.3015730679035187,0.009592789225280285,0.5693756937980652,0.2947552502155304,0.004643640946596861,0.5594218373298645,0.2893093228340149,0.0017405509715899825,0.6312675476074219,0.3443796634674072,0.00322750024497509,0.5782179832458496,0.3546735942363739,-0.005632283631712198,0.5776572227478027,0.3858095407485962,-0.00652986578643322,0.5880722999572754,0.3983990550041199,-0.006055340636521578,0.6294487118721008,0.3672814667224884,-0.011121823452413082,0.5809072852134705,0.38442671298980713,-0.017338097095489502,0.5838494300842285,0.41042983531951904,-0.01275088731199503,0.5959358811378479,0.41747939586639404,-0.00921077374368906,0.6252151727676392,0.39518922567367554,-0.024625668302178383,0.5819411277770996,0.4088578224182129,-0.025760890915989876,0.5836486220359802,0.4286361634731293,-0.01962675340473652,0.5932360291481018,0.4363524615764618,-0.014434494078159332,0,0,0,0,0,0,0,0,0,0,0,0,0,0,0,0,0,0,0,0,0,0,0,0,0,0,0,0,0,0,0,0,0,0,0,0,0,0,0,0,0,0,0,0,0,0,0,0,0,0,0,0,0,0,0,0,0,0,0,0,0,0,0,thinking
0.4718655049800873,0.4400465786457062,-1.1514157056808472,0.49674898386001587,0.376350075006485,-1.1140434741973877,0.5148268938064575,0.3718401789665222,-1.1143827438354492,0.5316439867019653,0.3665611147880554,-1.11400306224823,0.44560670852661133,0.3817111551761627,-1.0632104873657227,0.4331730306148529,0.38184118270874023,-1.0626208782196045,0.42202693223953247,0.3825121819972992,-1.0629403591156006,0.5565820932388306,0.37118959426879883,-0.7157779932022095,0.41638970375061035,0.3929571807384491,-0.5437809228897095,0.5118460059165955,0.4967043995857239,-1.0363749265670776,0.4464363157749176,0.5024803876876831,-0.9477077722549438,0.7507813572883606,0.5967575311660767,-0.45102056860923767,0.33202072978019714,0.6899175047874451,-0.20133152604103088,0.9707873463630676,0.7963064312934875,-1.0822490453720093,0.23474466800689697,0.9980531334877014,0.04977131634950638,0.70250004529953,0.4460212290287018,-1.6456995010375977,0.20681485533714294,1.4103953838348389,-0.34294790029525757,0.6305293440818787,0.36650556325912476,-1.8070783615112305,0.18215446174144745,1.5278671979904175,-0.4097605347633362,0.6129536032676697,0.3368203043937683,-1.6643661260604858,0.21579420566558838,1.5125223398208618,-0.5111409425735474,0.6186850666999817,0.36813610792160034,-1.6078546047210693,0.2324194461107254,1.4747004508972168,-0.39780479669570923,0.7012232542037964,1.4354844093322754,-0.13225938379764557,0.4273524284362793,1.4415247440338135,0.13662999868392944,0.6888523697853088,2.073584794998169,-0.13451829552650452,0.43489503860473633,2.0672783851623535,0.19732365012168884,0.6908513307571411,2.623521566390991,0.4471903443336487,0.4443357586860657,2.619950771331787,0.5828436017036438,0.704754114151001,2.7050089836120605,0.47215843200683594,0.4470687806606293,2.7025904655456543,0.6024708151817322,0.6362565159797668,2.800149440765381,-0.18440869450569153,0.4802442193031311,2.8101768493652344,-0.06254833191633224,0.7095979452133179,0.459861695766449,-2.667059675331984e-07,0.6801192760467529,0.4063332974910736,0.02411722205579281,0.6487759351730347,0.3707103133201599,0.030242811888456345,0.6208164691925049,0.3534492552280426,0.028711657971143723,0.5990588068962097,0.3485713601112366,0.025839757174253464,0.6408631801605225,0.32787203788757324,0.02400856278836727,0.6014806032180786,0.2985522150993347,0.02042178064584732,0.5807236433029175,0.2851239740848541,0.018998300656676292,0.565357506275177,0.26796409487724304,0.017028506845235825,0.6367129683494568,0.33227449655532837,0.007137494161725044,0.5776196718215942,0.34231266379356384,0.000611907453276217,0.5824541449546814,0.37272214889526367,0.0030242428183555603,0.5985127687454224,0.38069579005241394,0.005779021419584751,0.631597101688385,0.35006821155548096,-0.009100716561079025,0.5787360668182373,0.36953938007354736,-0.012624375522136688,0.5879678130149841,0.3980027735233307,-0.004118322394788265,0.6034209132194519,0.3999367654323578,0.0012326237047091126,0.6265389919281006,0.3752252757549286,-0.024167561903595924,0.5831948518753052,0.3942444324493408,-0.02426205389201641,0.5921639800071716,0.4160814583301544,-0.016815483570098877,0.6074459552764893,0.41998395323753357,-0.011354194954037666,0,0,0,0,0,0,0,0,0,0,0,0,0,0,0,0,0,0,0,0,0,0,0,0,0,0,0,0,0,0,0,0,0,0,0,0,0,0,0,0,0,0,0,0,0,0,0,0,0,0,0,0,0,0,0,0,0,0,0,0,0,0,0,thinking
0.475363552570343,0.4396166503429413,-1.0928064584732056,0.5006193518638611,0.3761696219444275,-1.03878915309906,0.5186357498168945,0.3716736435890198,-1.0388023853302002,0.5352878570556641,0.3664258122444153,-1.0384514331817627,0.4489937424659729,0.3816259205341339,-1.0207167863845825,0.4363413453102112,0.38157686591148376,-1.0197930335998535,0.4255657196044922,0.38182133436203003,-1.0200148820877075,0.5593045949935913,0.3707650303840637,-0.6134263277053833,0.4186820387840271,0.39203503727912903,-0.5412695407867432,0.5147325992584229,0.4960895776748657,-0.9400867223739624,0.44896751642227173,0.5016406774520874,-0.9065991640090942,0.7506746053695679,0.5940980911254883,-0.37719470262527466,0.33096882700920105,0.6890175938606262,-0.17152981460094452,0.9716851115226746,0.7847553491592407,-0.9364911317825317,0.2330808937549591,1.0003408193588257,0.029189303517341614,0.702546238899231,0.44779205322265625,-1.505304217338562,0.21175405383110046,1.408707857131958,-0.39075514674186707,0.632826030254364,0.37354013323783875,-1.6664015054702759,0.18964409828186035,1.5271131992340088,-0.4671352505683899,0.6159083843231201,0.34462955594062805,-1.5115236043930054,0.22481295466423035,1.510082483291626,-0.558677077293396,0.6213078498840332,0.37490829825401306,-1.4656630754470825,0.24042245745658875,1.4709970951080322,-0.44257432222366333,0.7015131115913391,1.4341682195663452,-0.12882044911384583,0.42785078287124634,1.4402124881744385,0.13359758257865906,0.6912529468536377,2.071712017059326,-0.14995160698890686,0.43539056181907654,2.069373846054077,0.19080296158790588,0.6934815645217896,2.6217164993286133,0.4112406373023987,0.4471381604671478,2.6213159561157227,0.5227134823799133,0.7067398428916931,2.7023253440856934,0.4338066577911377,0.4480910897254944,2.7023427486419678,0.5373562574386597,0.6407226920127869,2.79994535446167,-0.21612849831581116,0.4885947108268738,2.8122825622558594,-0.12106633186340332,0.7009540796279907,0.4530327618122101,-2.2272647015597613e-07,0.6782788038253784,0.40359389781951904,0.01706482470035553,0.6502368450164795,0.36678797006607056,0.021330472081899643,0.623020350933075,0.35006582736968994,0.02020667865872383,0.6011943221092224,0.3458557426929474,0.018177591264247894,0.6427854299545288,0.328777551651001,0.01481414120644331,0.6052289009094238,0.30071285367012024,0.009555455297231674,0.5833096504211426,0.28580212593078613,0.0073581174947321415,0.5673449635505676,0.26862049102783203,0.005029092077165842,0.637429416179657,0.33406031131744385,0.0018302517710253596,0.5793212652206421,0.3421252369880676,-0.007321638986468315,0.5837523341178894,0.3709997534751892,-0.00617833249270916,0.5991893410682678,0.38131019473075867,-0.003598432755097747,0.6313937306404114,0.3509066700935364,-0.010585744865238667,0.579471230506897,0.37310853600502014,-0.017282621935009956,0.5881689190864563,0.40130746364593506,-0.010632798075675964,0.6030997037887573,0.4047952890396118,-0.005433233920484781,0.6257169842720032,0.37464067339897156,-0.022142449393868446,0.5837936401367188,0.39699190855026245,-0.025330878794193268,0.5915956497192383,0.4200562834739685,-0.020149387419223785,0.6055743098258972,0.4253569543361664,-0.01569402404129505,0,0,0,0,0,0,0,0,0,0,0,0,0,0,0,0,0,0,0,0,0,0,0,0,0,0,0,0,0,0,0,0,0,0,0,0,0,0,0,0,0,0,0,0,0,0,0,0,0,0,0,0,0,0,0,0,0,0,0,0,0,0,0,thinking
0.47839340567588806,0.4395104944705963,-1.1240246295928955,0.5054493546485901,0.3759007751941681,-1.0682928562164307,0.5237768292427063,0.37157243490219116,-1.0683029890060425,0.5401324033737183,0.3666315972805023,-1.0679830312728882,0.45276927947998047,0.3814658522605896,-1.0524237155914307,0.439203679561615,0.38094303011894226,-1.051573634147644,0.42843055725097656,0.38025179505348206,-1.0518349409103394,0.5637643337249756,0.37101203203201294,-0.6251464486122131,0.4215579628944397,0.3904114067554474,-0.5538991689682007,0.5163383483886719,0.49648743867874146,-0.9621087312698364,0.4507576525211334,0.5010840892791748,-0.9351359605789185,0.7504861354827881,0.596070408821106,-0.3875404894351959,0.3299930691719055,0.6874019503593445,-0.16583441197872162,0.9730303883552551,0.782040536403656,-0.9518693089485168,0.23222064971923828,1.0059372186660767,0.020996594801545143,0.7015332579612732,0.43865829706192017,-1.5534478425979614,0.20348921418190002,1.4057095050811768,-0.41225409507751465,0.6316524147987366,0.3694835305213928,-1.7217820882797241,0.17941822111606598,1.5236761569976807,-0.4911578595638275,0.615182638168335,0.3387921452522278,-1.5699678659439087,0.21462062001228333,1.5029715299606323,-0.5932518243789673,0.6212252974510193,0.3700273334980011,-1.5156042575836182,0.23170864582061768,1.4658743143081665,-0.46837568283081055,0.7009222507476807,1.4343239068984985,-0.12964977324008942,0.4270153045654297,1.4416007995605469,0.13445547223091125,0.6931195855140686,2.0738344192504883,-0.16943824291229248,0.43574875593185425,2.0716044902801514,0.15275678038597107,0.6962185502052307,2.625950813293457,0.38515955209732056,0.44902047514915466,2.6257147789001465,0.4835881292819977,0.7087404131889343,2.705713987350464,0.4049167037010193,0.4491134285926819,2.706407070159912,0.4993216097354889,0.646288275718689,2.806933879852295,-0.25870269536972046,0.4935423731803894,2.817131280899048,-0.17513105273246765,0.6955227255821228,0.44634759426116943,-1.9542707718755992e-07,0.668063223361969,0.4224824905395508,0.011396385729312897,0.638884425163269,0.3982250690460205,0.012387094087898731,0.6101216077804565,0.3903033435344696,0.009068051353096962,0.588090181350708,0.3899335563182831,0.005474843550473452,0.6358299851417542,0.33510303497314453,0.010717763565480709,0.598766565322876,0.30836009979248047,0.004824178759008646,0.5755717158317566,0.2931130528450012,0.0019628936424851418,0.5593134164810181,0.27876028418540955,-0.0009115837747231126,0.6318639516830444,0.33700457215309143,0.00034056726144626737,0.5742985606193542,0.34849900007247925,-0.009123695082962513,0.5796898603439331,0.3775305151939392,-0.007954494096338749,0.5956637859344482,0.3861658275127411,-0.0053967623971402645,0.626701295375824,0.3503296375274658,-0.009981885552406311,0.5750454664230347,0.374806672334671,-0.018096867948770523,0.584703266620636,0.4039192199707031,-0.01199877168983221,0.6007053852081299,0.40677496790885925,-0.006920371204614639,0.6211862564086914,0.37068435549736023,-0.019912585616111755,0.5807474255561829,0.396192342042923,-0.02543545700609684,0.5877451300621033,0.42135292291641235,-0.021674085408449173,0.6014661192893982,0.4278053641319275,-0.017777513712644577,0,0,0,0,0,0,0,0,0,0,0,0,0,0,0,0,0,0,0,0,0,0,0,0,0,0,0,0,0,0,0,0,0,0,0,0,0,0,0,0,0,0,0,0,0,0,0,0,0,0,0,0,0,0,0,0,0,0,0,0,0,0,0,thinking
0.48090845346450806,0.43940451741218567,-1.0447527170181274,0.5079594850540161,0.3756917417049408,-0.9882981181144714,0.5262037515640259,0.37146005034446716,-0.9882356524467468,0.5423104166984558,0.3666713535785675,-0.9879075884819031,0.45520320534706116,0.3813426196575165,-0.9772934913635254,0.4410707950592041,0.38067665696144104,-0.9764013290405273,0.4304385185241699,0.3794521391391754,-0.976652979850769,0.5658187866210938,0.37102505564689636,-0.5702896118164062,0.4233432412147522,0.3895035982131958,-0.5052490234375,0.5179652571678162,0.496479868888855,-0.8858779668807983,0.45250749588012695,0.5006864070892334,-0.8665469884872437,0.7501364350318909,0.597579836845398,-0.35308679938316345,0.3294963240623474,0.6863279938697815,-0.1399795114994049,0.9740463495254517,0.785478413105011,-0.8993901014328003,0.23202364146709442,1.0083506107330322,0.036383070051670074,0.7007246613502502,0.4379795789718628,-1.4593483209609985,0.19693906605243683,1.3980653285980225,-0.36873042583465576,0.6308254599571228,0.3693618178367615,-1.6175695657730103,0.17128516733646393,1.5128731727600098,-0.4445765018463135,0.6148613691329956,0.3387430012226105,-1.4641481637954712,0.20644700527191162,1.4945940971374512,-0.5423952341079712,0.6211159825325012,0.3701082766056061,-1.4203040599822998,0.22357460856437683,1.4576685428619385,-0.4226805567741394,0.7005720734596252,1.4342471361160278,-0.1260174810886383,0.4263465404510498,1.4417411088943481,0.13088664412498474,0.6924093961715698,2.0732107162475586,-0.1635071486234665,0.4350755214691162,2.0723445415496826,0.15622182190418243,0.6969277858734131,2.6244094371795654,0.391038179397583,0.44995927810668945,2.6239893436431885,0.49380120635032654,0.7095264196395874,2.7041029930114746,0.4122768044471741,0.44969192147254944,2.704096555709839,0.5101870894432068,0.6476262211799622,2.8045756816864014,-0.2357194721698761,0.49535831809043884,2.814765214920044,-0.14844724535942078,0.6917088031768799,0.4425831139087677,-1.92696703038564e-07,0.6669313311576843,0.4157201051712036,0.010484050959348679,0.6389437913894653,0.3912558853626251,0.011497218161821365,0.6119519472122192,0.3827153146266937,0.0085390480235219,0.5912203788757324,0.3836013674736023,0.005146166775375605,0.6363196969032288,0.3338342308998108,0.009104250930249691,0.5991110801696777,0.3083328306674957,0.0030396138317883015,0.5760059952735901,0.29301923513412476,2.587888047855813e-05,0.5592861175537109,0.27817225456237793,-0.0029510678723454475,0.6316850781440735,0.335875004529953,-0.0004229387268424034,0.5740191340446472,0.3487551808357239,-0.01036905962973833,0.5806580185890198,0.37884002923965454,-0.009219792671501637,0.5968623757362366,0.38884004950523376,-0.006319309119135141,0.6258992552757263,0.3487478494644165,-0.009848469868302345,0.5742447972297668,0.3746902346611023,-0.01844327338039875,0.5849359631538391,0.40514445304870605,-0.012322674505412579,0.6013356447219849,0.4099143147468567,-0.006836094427853823,0.6202291250228882,0.3681495785713196,-0.018924491479992867,0.5800924897193909,0.39684584736824036,-0.02536582574248314,0.5878775119781494,0.423610657453537,-0.022013617679476738,0.6018850207328796,0.4315882623195648,-0.01807219535112381,0,0,0,0,0,0,0,0,0,0,0,0,0,0,0,0,0,0,0,0,0,0,0,0,0,0,0,0,0,0,0,0,0,0,0,0,0,0,0,0,0,0,0,0,0,0,0,0,0,0,0,0,0,0,0,0,0,0,0,0,0,0,0,thinking
0.48131346702575684,0.439238965511322,-0.9913784861564636,0.5084879994392395,0.3755519986152649,-0.9393951296806335,0.5268257260322571,0.3713342547416687,-0.9392722249031067,0.5431402325630188,0.3666135370731354,-0.9390217661857605,0.4564221501350403,0.38093656301498413,-0.926336944103241,0.4422500729560852,0.3798595368862152,-0.9255565404891968,0.4317936301231384,0.37798646092414856,-0.9258459806442261,0.5677214860916138,0.3709351718425751,-0.5458345413208008,0.4253079891204834,0.387584388256073,-0.4694233536720276,0.518333911895752,0.49649789929389954,-0.8405798673629761,0.4534229338169098,0.5003607273101807,-0.8185998201370239,0.749750018119812,0.5986793041229248,-0.33155351877212524,0.3294816315174103,0.6842207312583923,-0.138573557138443,0.9773540496826172,0.7830792665481567,-0.8641916513442993,0.23205912113189697,1.0080046653747559,0.024487493559718132,0.7001916766166687,0.4329022467136383,-1.3981060981750488,0.1935901939868927,1.3870584964752197,-0.34365275502204895,0.6301030516624451,0.36564651131629944,-1.5449345111846924,0.165822833776474,1.4991549253463745,-0.41630738973617554,0.6143720149993896,0.33877238631248474,-1.3943846225738525,0.2006678283214569,1.4858218431472778,-0.5104571580886841,0.6213182806968689,0.36992788314819336,-1.3587164878845215,0.21779212355613708,1.448931097984314,-0.39491504430770874,0.6959762573242188,1.4344182014465332,-0.11767099797725677,0.4260444641113281,1.441146731376648,0.1223205104470253,0.6840698719024658,2.072387218475342,-0.14515231549739838,0.42902010679244995,2.0702579021453857,0.15989062190055847,0.6877180337905884,2.622056245803833,0.3919721245765686,0.44383350014686584,2.621729850769043,0.5055715441703796,0.699688732624054,2.7017204761505127,0.4164477288722992,0.44298991560935974,2.7030155658721924,0.5239477157592773,0.6396223306655884,2.802736520767212,-0.18288952112197876,0.48757806420326233,2.8114430904388428,-0.14422424137592316,0.6946874260902405,0.43450188636779785,-1.983876671829421e-07,0.6726406216621399,0.40001165866851807,0.013887383975088596,0.6432740688323975,0.375620573759079,0.016116568818688393,0.6137959361076355,0.3708378076553345,0.013943001627922058,0.5924577116966248,0.3764360249042511,0.010976267978549004,0.639274001121521,0.32789528369903564,0.010446154512465,0.5995274782180786,0.3032107353210449,0.005974294617772102,0.5762279629707336,0.2897608280181885,0.004493611864745617,0.5594339370727539,0.2774577736854553,0.0025622646789997816,0.6330157518386841,0.33162540197372437,-0.0002543194277677685,0.5752938389778137,0.3451608717441559,-0.007911546155810356,0.5834788084030151,0.3739977180957794,-0.0053728315979242325,0.6004336476325989,0.38413646817207336,-0.0020102481357753277,0.6266604661941528,0.34598881006240845,-0.01039816066622734,0.5754705667495728,0.37365633249282837,-0.016230810433626175,0.5885329246520996,0.4020937383174896,-0.00942995585501194,0.605690598487854,0.40611979365348816,-0.004395639523863792,0.6209660172462463,0.36718955636024475,-0.019869692623615265,0.5815356969833374,0.39549875259399414,-0.02421502396464348,0.5913583636283875,0.4203260540962219,-0.020184708759188652,0.6058337092399597,0.4269046485424042,-0.016387909650802612,0,0,0,0,0,0,0,0,0,0,0,0,0,0,0,0,0,0,0,0,0,0,0,0,0,0,0,0,0,0,0,0,0,0,0,0,0,0,0,0,0,0,0,0,0,0,0,0,0,0,0,0,0,0,0,0,0,0,0,0,0,0,0,thinking
0.48146265745162964,0.43913745880126953,-0.9714773297309875,0.5086572766304016,0.37540674209594727,-0.9220531582832336,0.526997983455658,0.3712538480758667,-0.9219285249710083,0.5434491634368896,0.36664608120918274,-0.9217026829719543,0.4571549892425537,0.38070523738861084,-0.9069066047668457,0.4430061876773834,0.3793523609638214,-0.9061468839645386,0.43268999457359314,0.37704232335090637,-0.9064423441886902,0.5688626170158386,0.3709140717983246,-0.5377352237701416,0.4267648756504059,0.3864165246486664,-0.451070636510849,0.5183895826339722,0.4967118203639984,-0.8235044479370117,0.45402222871780396,0.5001246333122253,-0.7988110780715942,0.74964839220047,0.5995303392410278,-0.3248985707759857,0.3295123279094696,0.682011067867279,-0.1331861913204193,0.9787783622741699,0.782600462436676,-0.8459717035293579,0.2321043759584427,1.0074069499969482,0.02902723290026188,0.6997776627540588,0.43105074763298035,-1.3606150150299072,0.19137844443321228,1.3820005655288696,-0.3315143585205078,0.6296488046646118,0.3647976219654083,-1.5034533739089966,0.16285929083824158,1.4939762353897095,-0.4032737612724304,0.6138504147529602,0.3384028673171997,-1.3541340827941895,0.19783999025821686,1.4821655750274658,-0.4960029721260071,0.6211774349212646,0.3693774938583374,-1.3209043741226196,0.21508760750293732,1.445160984992981,-0.382148414850235,0.6928689479827881,1.4343743324279785,-0.11382339894771576,0.42585888504981995,1.4409205913543701,0.11837200075387955,0.6789838075637817,2.0718026161193848,-0.13267257809638977,0.42534393072128296,2.068814754486084,0.1607026606798172,0.6820473670959473,2.6204593181610107,0.39549368619918823,0.44004225730895996,2.6202871799468994,0.5074938535690308,0.6937659382820129,2.70013165473938,0.423135906457901,0.4390329420566559,2.7027666568756104,0.5254471898078918,0.6341610550880432,2.801417112350464,-0.15743285417556763,0.4822841286659241,2.8091847896575928,-0.13472601771354675,0.693192720413208,0.4349435567855835,-2.058056054465851e-07,0.6702635884284973,0.40464121103286743,0.012573841027915478,0.6415272951126099,0.3802523910999298,0.014064386487007141,0.613852858543396,0.373563289642334,0.011458758264780045,0.5935431122779846,0.3769644498825073,0.008163973689079285,0.6394747495651245,0.32786139845848083,0.008513050153851509,0.5993517637252808,0.3039247393608093,0.0033219552133232355,0.5760809183120728,0.2904176712036133,0.0012056964915245771,0.559419572353363,0.27742505073547363,-0.0012289568549022079,0.6335698366165161,0.3309085965156555,-0.0018221536884084344,0.5762847661972046,0.3458959460258484,-0.010654404759407043,0.5846796631813049,0.37591060996055603,-0.00866653211414814,0.6017293334007263,0.385739266872406,-0.005504146683961153,0.6267889738082886,0.3445831537246704,-0.011637438088655472,0.5754901170730591,0.37230339646339417,-0.01872551627457142,0.5886675715446472,0.40165236592292786,-0.012068103067576885,0.6064169406890869,0.40588635206222534,-0.006852541584521532,0.6203368306159973,0.36480292677879333,-0.020898370072245598,0.5810397863388062,0.39458081126213074,-0.026936965063214302,0.5911354422569275,0.4211057722568512,-0.023481566458940506,0.6065315008163452,0.428749680519104,-0.01973872072994709,0,0,0,0,0,0,0,0,0,0,0,0,0,0,0,0,0,0,0,0,0,0,0,0,0,0,0,0,0,0,0,0,0,0,0,0,0,0,0,0,0,0,0,0,0,0,0,0,0,0,0,0,0,0,0,0,0,0,0,0,0,0,0,thinking
0.4820749759674072,0.4390430450439453,-0.9889011383056641,0.5097869634628296,0.375207781791687,-0.9381309747695923,0.528201699256897,0.3711473345756531,-0.9380685091018677,0.544528603553772,0.36662381887435913,-0.9378031492233276,0.45852965116500854,0.38020578026771545,-0.9197556376457214,0.44425636529922485,0.3787553906440735,-0.9189724922180176,0.4339861273765564,0.37633809447288513,-0.919262707233429,0.5703014135360718,0.37089741230010986,-0.5496193766593933,0.4285358786582947,0.3859626054763794,-0.447478711605072,0.5191274881362915,0.49694138765335083,-0.8402175903320312,0.4551198482513428,0.49999457597732544,-0.8112013936042786,0.7494148015975952,0.6001768708229065,-0.3421289324760437,0.3311993181705475,0.6821852922439575,-0.11423502117395401,0.9817994832992554,0.7799758315086365,-0.877083957195282,0.2348538637161255,1.0070796012878418,0.04541141539812088,0.7034683227539062,0.4365817904472351,-1.3879706859588623,0.19228164851665497,1.3779069185256958,-0.3599276840686798,0.6313108205795288,0.3674711585044861,-1.555072546005249,0.1662577986717224,1.489146113395691,-0.4375998079776764,0.6163476705551147,0.3443509340286255,-1.396141529083252,0.20200490951538086,1.4732838869094849,-0.5322789549827576,0.6244632005691528,0.373850017786026,-1.3497462272644043,0.2186461240053177,1.436955213546753,-0.4132688641548157,0.6952513456344604,1.4344950914382935,-0.11514583975076675,0.42918920516967773,1.4404399394989014,0.11974203586578369,0.6820854544639587,2.0717809200286865,-0.1303289383649826,0.42899221181869507,2.0693089962005615,0.1637067347764969,0.6841270327568054,2.619863748550415,0.41499215364456177,0.4440935552120209,2.6194498538970947,0.5098099112510681,0.6955384612083435,2.6991965770721436,0.4427505135536194,0.44391337037086487,2.7008063793182373,0.5294035077095032,0.6376065015792847,2.799848794937134,-0.1543010175228119,0.48500555753707886,2.8087124824523926,-0.1307159811258316,0.6957710385322571,0.43232208490371704,-2.0036839032400167e-07,0.6694794297218323,0.4140474796295166,0.01155134942382574,0.640964925289154,0.3938882648944855,0.012677035294473171,0.6131517291069031,0.38799217343330383,0.009820688515901566,0.5920154452323914,0.3902347981929779,0.006366145797073841,0.6394577622413635,0.32727766036987305,0.009413949213922024,0.6012144088745117,0.30483347177505493,0.005035375710576773,0.578435480594635,0.29072147607803345,0.0029350118711590767,0.5623442530632019,0.27698153257369995,0.00033473290386609733,0.6342910528182983,0.3289671242237091,-0.0003570636617951095,0.5765658617019653,0.3429572284221649,-0.007538904435932636,0.5832716226577759,0.3730817139148712,-0.005310576409101486,0.5992124676704407,0.3832262456417084,-0.0022514103911817074,0.6285050511360168,0.3421109914779663,-0.009744418784976006,0.5777733325958252,0.3716084659099579,-0.015358947217464447,0.589695155620575,0.40039899945259094,-0.008971728384494781,0.6061527729034424,0.4043375253677368,-0.004349128343164921,0.6226788759231567,0.36270758509635925,-0.018787741661071777,0.5844846963882446,0.39423298835754395,-0.023609688505530357,0.5938566327095032,0.4193820357322693,-0.020316390320658684,0.6082725524902344,0.42599496245384216,-0.01695970632135868,0,0,0,0,0,0,0,0,0,0,0,0,0,0,0,0,0,0,0,0,0,0,0,0,0,0,0,0,0,0,0,0,0,0,0,0,0,0,0,0,0,0,0,0,0,0,0,0,0,0,0,0,0,0,0,0,0,0,0,0,0,0,0,thinking
0.48306113481521606,0.43897703289985657,-0.9891214370727539,0.5109266638755798,0.3749971389770508,-0.9359582662582397,0.5293558239936829,0.37101221084594727,-0.9359050989151001,0.5455477237701416,0.3665715157985687,-0.9356237649917603,0.4597136378288269,0.3796585202217102,-0.9197890162467957,0.445232629776001,0.37809616327285767,-0.918964684009552,0.43491464853286743,0.37555742263793945,-0.9192336797714233,0.5711130499839783,0.37085333466529846,-0.5421332120895386,0.4293439984321594,0.385403037071228,-0.44828805327415466,0.5199650526046753,0.4970201849937439,-0.8393357396125793,0.456103652715683,0.49990972876548767,-0.812818706035614,0.7490789294242859,0.6016430258750916,-0.3354048728942871,0.331348180770874,0.6830116510391235,-0.11565790325403214,0.9809792637825012,0.7787092924118042,-0.892052948474884,0.2363896369934082,1.0070451498031616,0.0349084697663784,0.7052838206291199,0.4350701868534088,-1.4047539234161377,0.1946137547492981,1.3855382204055786,-0.36260125041007996,0.6327126026153564,0.3650992214679718,-1.584659218788147,0.16687574982643127,1.4960060119628906,-0.4389863908290863,0.6175740957260132,0.34167349338531494,-1.4144351482391357,0.2047729790210724,1.4794926643371582,-0.5373246669769287,0.6261463761329651,0.3725769817829132,-1.3669108152389526,0.22078879177570343,1.4429898262023926,-0.41692256927490234,0.69535893201828,1.4351454973220825,-0.11498840153217316,0.4298402667045593,1.4408066272735596,0.11959189176559448,0.6823633909225464,2.0726616382598877,-0.12782777845859528,0.4309024214744568,2.071323871612549,0.16604407131671906,0.6845447421073914,2.6206233501434326,0.42838001251220703,0.4463292062282562,2.62089467048645,0.5102216005325317,0.6958104968070984,2.6994574069976807,0.45597895979881287,0.446451336145401,2.7007319927215576,0.5310986638069153,0.6390823125839233,2.7991602420806885,-0.14797142148017883,0.4860805571079254,2.8098626136779785,-0.12760686874389648,0.6949338316917419,0.43201562762260437,-1.8916534827440046e-07,0.6699721813201904,0.4106941521167755,0.010455132462084293,0.6413573026657104,0.3891292214393616,0.011172333732247353,0.6139819025993347,0.383080393075943,0.008237328380346298,0.5934659838676453,0.3854779899120331,0.004836969077587128,0.6402286291122437,0.32648223638534546,0.007619441021233797,0.6013420224189758,0.3036927282810211,0.002524485345929861,0.5781249403953552,0.2899632751941681,0.00028292226488702,0.5617629289627075,0.2771015763282776,-0.0022217698860913515,0.6349984407424927,0.3289952576160431,-0.001840504934079945,0.5772876143455505,0.3417058289051056,-0.01002612803131342,0.584141194820404,0.3711974322795868,-0.008021519519388676,0.6000902652740479,0.3811277151107788,-0.004825404845178127,0.6291497945785522,0.34250128269195557,-0.010983954183757305,0.5782093405723572,0.3699065148830414,-0.01800130121409893,0.5900159478187561,0.39877620339393616,-0.011722317896783352,0.6064079999923706,0.402524471282959,-0.006650586612522602,0.6233056783676147,0.3630342185497284,-0.01974509470164776,0.5843402147293091,0.392705500125885,-0.025611398741602898,0.5939161777496338,0.41777893900871277,-0.02223188243806362,0.6087650060653687,0.42395898699760437,-0.018488144502043724,0,0,0,0,0,0,0,0,0,0,0,0,0,0,0,0,0,0,0,0,0,0,0,0,0,0,0,0,0,0,0,0,0,0,0,0,0,0,0,0,0,0,0,0,0,0,0,0,0,0,0,0,0,0,0,0,0,0,0,0,0,0,0,thinking
0.4837955832481384,0.43894004821777344,-0.9699165225028992,0.5116908550262451,0.3747420608997345,-0.9156581163406372,0.5301046371459961,0.370829313993454,-0.9155818223953247,0.5462048649787903,0.36647751927375793,-0.9152971506118774,0.46054553985595703,0.37906140089035034,-0.9026253819465637,0.4459311366081238,0.37736260890960693,-0.9017877578735352,0.4355509281158447,0.37468770146369934,-0.90204918384552,0.5715842247009277,0.37078142166137695,-0.5249775052070618,0.4298321604728699,0.3847804069519043,-0.4433666169643402,0.5205483436584473,0.4970335066318512,-0.8214794397354126,0.4568295478820801,0.4998164772987366,-0.7990198135375977,0.7488389611244202,0.603091835975647,-0.32078611850738525,0.33135879039764404,0.6837723255157471,-0.11605966091156006,0.9802096486091614,0.7773532271385193,-0.87730473279953,0.2368985116481781,1.0069674253463745,0.027326349169015884,0.706030547618866,0.4335605800151825,-1.420157551765442,0.19524361193180084,1.386867880821228,-0.3505379557609558,0.6334534287452698,0.3638662099838257,-1.5812230110168457,0.1690147966146469,1.4956591129302979,-0.4245511591434479,0.6181775331497192,0.3416193425655365,-1.4217197895050049,0.20774702727794647,1.4792457818984985,-0.5217140913009644,0.6269574165344238,0.3718104958534241,-1.3813813924789429,0.22359327971935272,1.4429324865341187,-0.4038572311401367,0.6952497363090515,1.4351896047592163,-0.11173609644174576,0.4294540286064148,1.4406298398971558,0.11631117761135101,0.6823225617408752,2.072671413421631,-0.12193568795919418,0.4313662052154541,2.0717227458953857,0.16522690653800964,0.6845253705978394,2.6205568313598633,0.433854877948761,0.44623494148254395,2.6211142539978027,0.508903980255127,0.6957559585571289,2.6992080211639404,0.461162805557251,0.4463810324668884,2.700385570526123,0.527917206287384,0.6389282941818237,2.798525810241699,-0.1401328146457672,0.4855034351348877,2.809770345687866,-0.12086061388254166,0.6947158575057983,0.4315779209136963,-1.953932127207736e-07,0.6684252023696899,0.41137072443962097,0.010764261707663536,0.6400838494300842,0.3893548846244812,0.01152941957116127,0.6132638454437256,0.3817112147808075,0.008499783463776112,0.5930818319320679,0.38289931416511536,0.004975097253918648,0.6400517225265503,0.3265397250652313,0.007887312211096287,0.6011669635772705,0.30386877059936523,0.002430923515930772,0.5779494643211365,0.2900744080543518,-6.336932710837573e-05,0.5615960359573364,0.2768837809562683,-0.0026508267037570477,0.6351550221443176,0.32881882786750793,-0.0017874648328870535,0.5774569511413574,0.3422614634037018,-0.01039623562246561,0.5841127634048462,0.37290266156196594,-0.008536451496183872,0.6002567410469055,0.38318324089050293,-0.005324316676706076,0.6293609738349915,0.34214791655540466,-0.011167554184794426,0.5785223841667175,0.37038493156433105,-0.018562274053692818,0.589887797832489,0.40005800127983093,-0.012400929816067219,0.6065251231193542,0.40427109599113464,-0.007262503262609243,0.6233601570129395,0.36252710223197937,-0.02015068382024765,0.5842459797859192,0.3928721845149994,-0.02607402205467224,0.5931837558746338,0.4186863601207733,-0.022737989202141762,0.6079453825950623,0.42543792724609375,-0.018979500979185104,0,0,0,0,0,0,0,0,0,0,0,0,0,0,0,0,0,0,0,0,0,0,0,0,0,0,0,0,0,0,0,0,0,0,0,0,0,0,0,0,0,0,0,0,0,0,0,0,0,0,0,0,0,0,0,0,0,0,0,0,0,0,0,thinking
0.4839116036891937,0.4389258325099945,-0.9321492314338684,0.5120025277137756,0.37462517619132996,-0.8808987736701965,0.530485987663269,0.37076041102409363,-0.8808228373527527,0.5466490983963013,0.3664933443069458,-0.8805252313613892,0.4609474539756775,0.37880638241767883,-0.865289568901062,0.4463244080543518,0.37709635496139526,-0.8644458651542664,0.43601593375205994,0.3744717538356781,-0.8647128343582153,0.572532594203949,0.3708449602127075,-0.5085489153862,0.43081265687942505,0.38467511534690857,-0.41594332456588745,0.5209928750991821,0.49748143553733826,-0.7902854681015015,0.4575086236000061,0.4998932480812073,-0.7643513083457947,0.7490975260734558,0.6073644161224365,-0.31625428795814514,0.3314740061759949,0.6837881803512573,-0.1014520674943924,0.9817249178886414,0.7719632983207703,-0.8711247444152832,0.23682613670825958,1.0065454244613647,0.05529380962252617,0.7077239155769348,0.43558061122894287,-1.3927528858184814,0.1978158950805664,1.3835846185684204,-0.30316242575645447,0.6337831616401672,0.3656356632709503,-1.5369317531585693,0.1725112497806549,1.4914053678512573,-0.3691170811653137,0.619168221950531,0.34233370423316956,-1.3777657747268677,0.2099565714597702,1.4737943410873413,-0.45822301506996155,0.6287059187889099,0.37170127034187317,-1.3508713245391846,0.225816011428833,1.4380695819854736,-0.3531033396720886,0.6943408250808716,1.4369789361953735,-0.11235488951206207,0.4284963011741638,1.4413338899612427,0.11694715917110443,0.6821066737174988,2.0754222869873047,-0.1221407800912857,0.4312840402126312,2.0740437507629395,0.16518113017082214,0.6846712231636047,2.623814582824707,0.4313431680202484,0.4460310935974121,2.6226727962493896,0.5049132704734802,0.6959817409515381,2.7021632194519043,0.45769935846328735,0.446312814950943,2.701000213623047,0.5228285193443298,0.6391667127609253,2.801231622695923,-0.14288204908370972,0.4850820004940033,2.81191349029541,-0.1169862300157547,0.6981201171875,0.4324454069137573,-1.9809363038802985e-07,0.6735987663269043,0.40753841400146484,0.011670460924506187,0.6444435119628906,0.38504040241241455,0.013089868240058422,0.6162880659103394,0.3783963918685913,0.010555949062108994,0.5951572060585022,0.3803446292877197,0.0073623210191726685,0.6419495940208435,0.32874050736427307,0.009093265049159527,0.6043034791946411,0.30666130781173706,0.0042949640192091465,0.5810909271240234,0.29265058040618896,0.002237115055322647,0.5647326707839966,0.27854055166244507,-0.00025767055922187865,0.6362826824188232,0.3312753438949585,-0.000853068835567683,0.5798702239990234,0.3464077115058899,-0.00901998020708561,0.5855100154876709,0.3763297498226166,-0.00703435018658638,0.6009933948516846,0.38678357005119324,-0.0038826526142656803,0.6300289630889893,0.3449920415878296,-0.010393253527581692,0.5800645351409912,0.3741324841976166,-0.017077216878533363,0.5909692645072937,0.4032171666622162,-0.010983961634337902,0.6070610284805298,0.40712177753448486,-0.006171385757625103,0.6242063045501709,0.36593174934387207,-0.019454481080174446,0.5854612588882446,0.39695632457733154,-0.0248172078281641,0.5945361256599426,0.4218870997428894,-0.021435420960187912,0.6091223955154419,0.42788124084472656,-0.01781640760600567,0,0,0,0,0,0,0,0,0,0,0,0,0,0,0,0,0,0,0,0,0,0,0,0,0,0,0,0,0,0,0,0,0,0,0,0,0,0,0,0,0,0,0,0,0,0,0,0,0,0,0,0,0,0,0,0,0,0,0,0,0,0,0,thinking
0.4838497042655945,0.43935802578926086,-0.9465810060501099,0.511857271194458,0.37464913725852966,-0.8962170481681824,0.5303285717964172,0.37092605233192444,-0.8961294293403625,0.5465574264526367,0.36681583523750305,-0.8958230018615723,0.4609592854976654,0.37863075733184814,-0.8762496709823608,0.44640421867370605,0.3769932985305786,-0.8753640055656433,0.43615955114364624,0.3744872808456421,-0.8755835294723511,0.5728200674057007,0.37136736512184143,-0.5203250050544739,0.4315474033355713,0.3847196698188782,-0.40529531240463257,0.5208851099014282,0.4988306164741516,-0.8031846284866333,0.4575779438018799,0.5007895231246948,-0.7713721990585327,0.7489506006240845,0.6095713973045349,-0.32582587003707886,0.33354467153549194,0.6839853525161743,-0.06802074611186981,0.9823945164680481,0.7707285284996033,-0.8908370733261108,0.23674185574054718,1.0063358545303345,0.11710524559020996,0.7097857594490051,0.4369509518146515,-1.4424587488174438,0.19797807931900024,1.3759284019470215,-0.2483311891555786,0.635127067565918,0.367646187543869,-1.5928854942321777,0.17578649520874023,1.4841166734695435,-0.31034472584724426,0.6205345988273621,0.34468549489974976,-1.4215867519378662,0.21173450350761414,1.4606537818908691,-0.39732521772384644,0.6305006742477417,0.37352454662323,-1.3974860906600952,0.22623102366924286,1.4261772632598877,-0.2974797487258911,0.6941725015640259,1.437842607498169,-0.12129011005163193,0.42821788787841797,1.4413971900939941,0.1261328160762787,0.6815223693847656,2.077681303024292,-0.15489034354686737,0.43047231435775757,2.0756163597106934,0.2000538557767868,0.6844230890274048,2.626093626022339,0.3965691328048706,0.4459850788116455,2.624436378479004,0.5536881685256958,0.6959181427955627,2.7038803100585938,0.42113956809043884,0.4462490677833557,2.7018485069274902,0.5729161500930786,0.6388148665428162,2.8025565147399902,-0.20079076290130615,0.48498305678367615,2.815112590789795,-0.07367778569459915,0.6980310082435608,0.43284177780151367,-1.750770906028265e-07,0.6703336238861084,0.4193132519721985,0.008138319477438927,0.6402295827865601,0.4010152816772461,0.007829173468053341,0.6125625371932983,0.39616507291793823,0.004376680590212345,0.5919209718704224,0.3981592059135437,0.00070047820918262,0.6419463157653809,0.32998448610305786,0.005186673253774643,0.6024825572967529,0.30709540843963623,0.00019734527450054884,0.5790694952011108,0.29245617985725403,-0.0018963998882099986,0.5622464418411255,0.2785831391811371,-0.0044298795983195305,0.6364073753356934,0.33168482780456543,-0.003286331659182906,0.5786460638046265,0.34437280893325806,-0.011815741658210754,0.5850035548210144,0.37448403239250183,-0.010072493925690651,0.600760817527771,0.3848567605018616,-0.006910303607583046,0.6300626397132874,0.3448122441768646,-0.011492064222693443,0.5797452926635742,0.37248101830482483,-0.018835969269275665,0.5910289287567139,0.401787132024765,-0.013228606432676315,0.6070110201835632,0.40630578994750977,-0.008453652262687683,0.6238654255867004,0.3653227984905243,-0.0194928627461195,0.5858957767486572,0.395552396774292,-0.02585509978234768,0.5940914154052734,0.4207153618335724,-0.02330341935157776,0.6080114245414734,0.4273297190666199,-0.020014701411128044,0,0,0,0,0,0,0,0,0,0,0,0,0,0,0,0,0,0,0,0,0,0,0,0,0,0,0,0,0,0,0,0,0,0,0,0,0,0,0,0,0,0,0,0,0,0,0,0,0,0,0,0,0,0,0,0,0,0,0,0,0,0,0,thinking
0.48377856612205505,0.439483106136322,-0.9565418362617493,0.5117527842521667,0.37460654973983765,-0.9059933423995972,0.5302208065986633,0.37095415592193604,-0.9059075117111206,0.5465002655982971,0.3669236898422241,-0.9055982828140259,0.4609742760658264,0.37846410274505615,-0.8853572607040405,0.44647449254989624,0.376860648393631,-0.884468674659729,0.4362693727016449,0.37442001700401306,-0.8846843838691711,0.573002278804779,0.37160059809684753,-0.5269529223442078,0.43201175332069397,0.3847288489341736,-0.4078826904296875,0.5207879543304443,0.4993957579135895,-0.8118742108345032,0.457636296749115,0.5011797547340393,-0.7791507840156555,0.7488263845443726,0.6101512312889099,-0.33098024129867554,0.3350079655647278,0.6848869323730469,-0.06436522305011749,0.9825652241706848,0.769554078578949,-0.9177923202514648,0.23667649924755096,1.006304144859314,0.12108518183231354,0.7106877565383911,0.4371177852153778,-1.4993336200714111,0.19980749487876892,1.3731492757797241,-0.24968835711479187,0.6361111402511597,0.36847740411758423,-1.653886079788208,0.17779912054538727,1.4806349277496338,-0.31236591935157776,0.6215178966522217,0.34576350450515747,-1.4862738847732544,0.21245256066322327,1.4551833868026733,-0.4005407691001892,0.6316775679588318,0.3744710087776184,-1.4555946588516235,0.22698040306568146,1.421337366104126,-0.2994498312473297,0.6941400170326233,1.438231348991394,-0.1255853772163391,0.4281204342842102,1.4415538311004639,0.13052721321582794,0.6814568042755127,2.078810930252075,-0.15802176296710968,0.4301365911960602,2.0769529342651367,0.2175913155078888,0.6844522356987,2.6268537044525146,0.4005660116672516,0.44580283761024475,2.6259047985076904,0.5906865000724792,0.6960261464118958,2.7044014930725098,0.42537885904312134,0.44609180092811584,2.702800750732422,0.6116751432418823,0.6387662291526794,2.803088665008545,-0.20180125534534454,0.48472753167152405,2.8173069953918457,-0.039850443601608276,0.698797881603241,0.433193564414978,-1.7709359667605895e-07,0.6684765815734863,0.4231867790222168,0.007855302654206753,0.6387239694595337,0.4049510359764099,0.007186227943748236,0.6116522550582886,0.3988928496837616,0.0034081980120390654,0.5909452438354492,0.39949923753738403,-0.0005210385425016284,0.6416933536529541,0.3297678232192993,0.005112191662192345,0.6022923588752747,0.30716168880462646,7.1788250352256e-05,0.5790788531303406,0.2922113239765167,-0.002258440013974905,0.562398374080658,0.2780102789402008,-0.005024929065257311,0.6365807056427002,0.33094504475593567,-0.0033236953895539045,0.5786356925964355,0.34513935446739197,-0.011858275160193443,0.5851508975028992,0.3754860460758209,-0.010252686217427254,0.6009495258331299,0.3855980932712555,-0.007276421412825584,0.6305434107780457,0.34396353363990784,-0.011514842510223389,0.5797290802001953,0.3727419376373291,-0.018955828621983528,0.5910893082618713,0.4021446704864502,-0.013299781829118729,0.6072162985801697,0.4065818786621094,-0.008559275418519974,0.624441385269165,0.36462581157684326,-0.019555170089006424,0.5860741138458252,0.3957884907722473,-0.02611600048840046,0.5941615700721741,0.4213383197784424,-0.023557260632514954,0.608090341091156,0.42824816703796387,-0.020242886617779732,0,0,0,0,0,0,0,0,0,0,0,0,0,0,0,0,0,0,0,0,0,0,0,0,0,0,0,0,0,0,0,0,0,0,0,0,0,0,0,0,0,0,0,0,0,0,0,0,0,0,0,0,0,0,0,0,0,0,0,0,0,0,0,thinking
0.4837198853492737,0.43951165676116943,-0.9596716165542603,0.5116736888885498,0.3745594620704651,-0.9090835452079773,0.5301467180252075,0.37094828486442566,-0.9089878797531128,0.546470046043396,0.36696475744247437,-0.9086689949035645,0.4609836935997009,0.37832996249198914,-0.887332558631897,0.44652634859085083,0.3767460882663727,-0.8864239454269409,0.43635040521621704,0.37434810400009155,-0.8866236805915833,0.5731521844863892,0.3717348873615265,-0.529607892036438,0.4323464035987854,0.3847261965274811,-0.40548986196517944,0.5207085013389587,0.4996279180049896,-0.8150320053100586,0.4576583504676819,0.501358687877655,-0.7808853387832642,0.7487281560897827,0.6102544069290161,-0.3337430953979492,0.33648890256881714,0.685906171798706,-0.05926210433244705,0.9828615188598633,0.7675513029098511,-0.9297281503677368,0.2366204708814621,1.00632905960083,0.11332322657108307,0.7113447785377502,0.43714267015457153,-1.5048913955688477,0.2002994567155838,1.3659571409225464,-0.2753722071647644,0.6371829509735107,0.3688482642173767,-1.6581494808197021,0.17857755720615387,1.4711220264434814,-0.3404410779476166,0.6222971677780151,0.3464888334274292,-1.4922003746032715,0.21168923377990723,1.4435447454452515,-0.4260411262512207,0.6324663162231445,0.37509357929229736,-1.461139440536499,0.22615602612495422,1.4106804132461548,-0.3247610628604889,0.6941581964492798,1.4382227659225464,-0.1285427212715149,0.4280094504356384,1.44147527217865,0.13355734944343567,0.6814142465591431,2.0791356563568115,-0.15614527463912964,0.429689884185791,2.0775434970855713,0.2289610207080841,0.6845859885215759,2.626850128173828,0.40454721450805664,0.44566282629966736,2.6265289783477783,0.6128787398338318,0.6963235139846802,2.7042829990386963,0.428978830575943,0.44596725702285767,2.703099012374878,0.6349219083786011,0.6388124823570251,2.803103446960449,-0.19700957834720612,0.4845455288887024,2.818359136581421,-0.017897475510835648,0.698939323425293,0.43349361419677734,-1.7631268178774917e-07,0.6688977479934692,0.4219631552696228,0.00797225534915924,0.6389293074607849,0.403270959854126,0.007347084581851959,0.6116957068443298,0.39727428555488586,0.0035970828030258417,0.5909430384635925,0.3981257379055023,-0.0003166264796163887,0.6416168808937073,0.3296035826206207,0.00509726582095027,0.6018657684326172,0.30703645944595337,5.90503987041302e-06,0.5787171125411987,0.29207614064216614,-0.002305338392034173,0.5620284676551819,0.2776888608932495,-0.005075243301689625,0.6364984512329102,0.33085185289382935,-0.003388277254998684,0.5785165429115295,0.3454954922199249,-0.012000112794339657,0.5853444337844849,0.3756106495857239,-0.010324734263122082,0.6012216210365295,0.38530388474464417,-0.007320458069443703,0.6304746270179749,0.343953013420105,-0.011622220277786255,0.5796065330505371,0.37306320667266846,-0.019046207889914513,0.5911335945129395,0.40227970480918884,-0.013236816972494125,0.6071676015853882,0.40636223554611206,-0.008435395546257496,0.6244779825210571,0.36460065841674805,-0.019704032689332962,0.586225688457489,0.3957938551902771,-0.026257989928126335,0.5946333408355713,0.421302855014801,-0.02361469715833664,0.6085970997810364,0.42806145548820496,-0.020257599651813507,0,0,0,0,0,0,0,0,0,0,0,0,0,0,0,0,0,0,0,0,0,0,0,0,0,0,0,0,0,0,0,0,0,0,0,0,0,0,0,0,0,0,0,0,0,0,0,0,0,0,0,0,0,0,0,0,0,0,0,0,0,0,0,thinking
0.4836675524711609,0.43949469923973083,-0.9635041356086731,0.5116457939147949,0.3745245039463043,-0.9129323959350586,0.5301426649093628,0.37093088030815125,-0.9128469228744507,0.546515166759491,0.3670131266117096,-0.9125319719314575,0.46104222536087036,0.37821340560913086,-0.8915510177612305,0.4466375708580017,0.3766166865825653,-0.8906590342521667,0.43647193908691406,0.37423884868621826,-0.8908708691596985,0.5733550190925598,0.37212735414505005,-0.5323601365089417,0.43261218070983887,0.3847019076347351,-0.41060131788253784,0.5206685662269592,0.4998960793018341,-0.8181012868881226,0.4576663076877594,0.5013395547866821,-0.7846177220344543,0.748817503452301,0.6128661036491394,-0.3370074927806854,0.33644017577171326,0.6869906783103943,-0.06437843292951584,0.9864286184310913,0.7690264582633972,-0.934422492980957,0.23488852381706238,1.0066922903060913,0.09601268917322159,0.7111631035804749,0.4375171661376953,-1.5029857158660889,0.1956673115491867,1.3687634468078613,-0.29529911279678345,0.6370711922645569,0.3695513606071472,-1.654876708984375,0.1718244105577469,1.4740842580795288,-0.3620895445346832,0.6222054362297058,0.34782102704048157,-1.4914131164550781,0.20384299755096436,1.4505856037139893,-0.44883614778518677,0.6323555707931519,0.3763766884803772,-1.4598150253295898,0.21910443902015686,1.4172747135162354,-0.3450382649898529,0.6917637586593628,1.4429352283477783,-0.1281130611896515,0.42482972145080566,1.444187045097351,0.13309207558631897,0.6775984168052673,2.084221601486206,-0.11349761486053467,0.42438778281211853,2.081833839416504,0.2668113112449646,0.6819254159927368,2.629664897918701,0.484624445438385,0.4425511360168457,2.628788948059082,0.7275598049163818,0.6936060786247253,2.707213878631592,0.5144261121749878,0.4432216286659241,2.705075979232788,0.7579050064086914,0.6369152665138245,2.8054232597351074,-0.10485745966434479,0.482268750667572,2.8202733993530273,0.1113576665520668,0.6996582746505737,0.4350285828113556,-1.7451371547849703e-07,0.667403519153595,0.4264218211174011,0.008469038642942905,0.6367115378379822,0.40842148661613464,0.007583432365208864,0.6092024445533752,0.403190553188324,0.003362447489053011,0.5878859162330627,0.4042932987213135,-0.000994774280115962,0.6408238410949707,0.33014965057373047,0.005735174287110567,0.6022045016288757,0.3074907064437866,0.0005918586393818259,0.5793313384056091,0.29302603006362915,-0.0017820106586441398,0.5630844831466675,0.2791518568992615,-0.004619317129254341,0.6361307501792908,0.3315649926662445,-0.0033600872848182917,0.5781563520431519,0.3460323214530945,-0.011519846506416798,0.5828438401222229,0.376774400472641,-0.009811951778829098,0.5975686311721802,0.3863522708415985,-0.007064121309667826,0.6306560039520264,0.3453005254268646,-0.01226484403014183,0.5792614817619324,0.3738696277141571,-0.01958613097667694,0.588947594165802,0.40360552072525024,-0.013845420442521572,0.6039885878562927,0.40714216232299805,-0.009235535748302937,0.6250023245811462,0.3668435215950012,-0.020970012992620468,0.5853301286697388,0.39827215671539307,-0.027414770796895027,0.5927725434303284,0.42389529943466187,-0.024746567010879517,0.606632649898529,0.42957788705825806,-0.021449115127325058,0,0,0,0,0,0,0,0,0,0,0,0,0,0,0,0,0,0,0,0,0,0,0,0,0,0,0,0,0,0,0,0,0,0,0,0,0,0,0,0,0,0,0,0,0,0,0,0,0,0,0,0,0,0,0,0,0,0,0,0,0,0,0,thinking
0.48363733291625977,0.4394034743309021,-0.9820458292961121,0.5116291046142578,0.3744163513183594,-0.9309723973274231,0.530154824256897,0.3708837330341339,-0.9308374524116516,0.5465737581253052,0.36700689792633057,-0.930493175983429,0.46109873056411743,0.3778800666332245,-0.9085850715637207,0.4467445909976959,0.37624961137771606,-0.9077141880989075,0.4365692138671875,0.3739107549190521,-0.9079185724258423,0.5735333561897278,0.37221759557724,-0.5463050603866577,0.43278399109840393,0.38457539677619934,-0.42089638113975525,0.5206137299537659,0.49997609853744507,-0.8358257412910461,0.45767346024513245,0.5011478662490845,-0.8008715510368347,0.7490573525428772,0.6129228472709656,-0.3524008095264435,0.3364284634590149,0.6874920725822449,-0.0655178651213646,0.9878714680671692,0.769537627696991,-0.9564474821090698,0.23383036255836487,1.0066933631896973,0.08744776993989944,0.7110339403152466,0.4382464587688446,-1.5376086235046387,0.19309422373771667,1.3683140277862549,-0.30617570877075195,0.6370161771774292,0.37062713503837585,-1.693419098854065,0.1685819774866104,1.473596215248108,-0.3747710585594177,0.6221157312393188,0.34907037019729614,-1.5312526226043701,0.2002861201763153,1.4504543542861938,-0.4612019956111908,0.6322273015975952,0.3776141107082367,-1.495267629623413,0.21596992015838623,1.417101263999939,-0.35583826899528503,0.6916428208351135,1.444968581199646,-0.12808524072170258,0.42428693175315857,1.4462121725082397,0.13305732607841492,0.6772743463516235,2.0860471725463867,-0.08878137916326523,0.4230097830295563,2.0840656757354736,0.2728599011898041,0.6819173097610474,2.6301941871643066,0.5301465392112732,0.4422590136528015,2.629441738128662,0.7474051713943481,0.6936109662055969,2.7076501846313477,0.5616381168365479,0.4430903494358063,2.705449342727661,0.7789279222488403,0.6369072198867798,2.805960178375244,-0.06232365220785141,0.4821811616420746,2.8206570148468018,0.12704864144325256,0.700476348400116,0.43536293506622314,-1.5358682503574528e-07,0.6663604378700256,0.4333094358444214,0.006080096587538719,0.6358311176300049,0.4172343611717224,0.0039008846506476402,0.6087355017662048,0.4114129841327667,-0.0012119511375203729,0.5870670080184937,0.4110950231552124,-0.006212948355823755,0.640886127948761,0.33081212639808655,0.00447537237778306,0.6022472381591797,0.30866408348083496,-0.0015488178469240665,0.5797308087348938,0.2929842174053192,-0.004908320028334856,0.5638405084609985,0.2782277762889862,-0.008339381776750088,0.6361597776412964,0.3319067358970642,-0.0037119113840162754,0.5778747797012329,0.3452259600162506,-0.012790699489414692,0.5834168195724487,0.3753170371055603,-0.01160258986055851,0.5989965200424194,0.38437896966934204,-0.00893339142203331,0.6305767297744751,0.3455846309661865,-0.011976676993072033,0.5788400769233704,0.37262097001075745,-0.020181920379400253,0.5888292789459229,0.40195173025131226,-0.014468482695519924,0.6043962240219116,0.40510842204093933,-0.009567838162183762,0.6247169375419617,0.36719590425491333,-0.020282160490751266,0.5856150388717651,0.3973994255065918,-0.027170371264219284,0.5936437249183655,0.4225384593009949,-0.024517368525266647,0.6080278158187866,0.42749762535095215,-0.021070457994937897,0,0,0,0,0,0,0,0,0,0,0,0,0,0,0,0,0,0,0,0,0,0,0,0,0,0,0,0,0,0,0,0,0,0,0,0,0,0,0,0,0,0,0,0,0,0,0,0,0,0,0,0,0,0,0,0,0,0,0,0,0,0,0,thinking
0.4835832715034485,0.4379677176475525,-0.9429801106452942,0.5115917921066284,0.37304505705833435,-0.8894861936569214,0.5301294326782227,0.3695436418056488,-0.8893963098526001,0.5465808510780334,0.36584192514419556,-0.8890940546989441,0.4610998034477234,0.37623029947280884,-0.8728142976760864,0.4467686116695404,0.37442877888679504,-0.8719419240951538,0.43657225370407104,0.37206125259399414,-0.8722037076950073,0.5735514760017395,0.371719092130661,-0.5120006799697876,0.43281325697898865,0.3832217752933502,-0.40871304273605347,0.5206032991409302,0.49849122762680054,-0.7998895645141602,0.4576800763607025,0.4991304278373718,-0.7719914317131042,0.7483144998550415,0.6110782027244568,-0.32982319593429565,0.33614280819892883,0.6874492168426514,-0.06864263117313385,0.9875829815864563,0.7696532607078552,-0.9114819765090942,0.23377850651741028,1.0078648328781128,0.08335308730602264,0.7118185758590698,0.4392593801021576,-1.4580284357070923,0.19485554099082947,1.3679702281951904,-0.2928614020347595,0.6380934119224548,0.3716046214103699,-1.6013786792755127,0.17158330976963043,1.4732526540756226,-0.3592790961265564,0.622485876083374,0.34986791014671326,-1.4403759241104126,0.20129816234111786,1.4502768516540527,-0.4469614028930664,0.6323903799057007,0.37855154275894165,-1.4146876335144043,0.21611833572387695,1.416930079460144,-0.3420661389827728,0.6918777227401733,1.4448307752609253,-0.125885471701622,0.4242366850376129,1.4461976289749146,0.130845308303833,0.6807119846343994,2.08589506149292,-0.1758541613817215,0.4252980649471283,2.0837554931640625,0.17786702513694763,0.6883293390274048,2.6307919025421143,0.32880163192749023,0.44356241822242737,2.6303248405456543,0.45055294036865234,0.7014211416244507,2.708739757537842,0.3486463129520416,0.44395145773887634,2.7072885036468506,0.46046343445777893,0.6406846642494202,2.807025909423828,-0.266377329826355,0.4837823510169983,2.8213651180267334,-0.16112104058265686,0.6986480355262756,0.4357092082500458,-1.5866164915223635e-07,0.6663886308670044,0.42751771211624146,0.007788670249283314,0.6358526945114136,0.40955808758735657,0.006611207500100136,0.6091933250427246,0.4038591682910919,0.0020547753665596247,0.5886988639831543,0.40547117590904236,-0.002684512175619602,0.6389898061752319,0.3304266631603241,0.0060443393886089325,0.600780725479126,0.30956369638442993,3.454279794823378e-05,0.578369677066803,0.29408472776412964,-0.003137405961751938,0.562723696231842,0.2791840434074402,-0.006406857632100582,0.6347669959068298,0.33168619871139526,-0.0029721821192651987,0.5770010352134705,0.34669697284698486,-0.012219828553497791,0.583175003528595,0.37654298543930054,-0.010925401002168655,0.5991191267967224,0.3856964707374573,-0.008111240342259407,0.6297870874404907,0.3454137444496155,-0.01202347967773676,0.5791853070259094,0.37501752376556396,-0.020615391433238983,0.5900099277496338,0.40442943572998047,-0.014977915212512016,0.6057927012443542,0.40756016969680786,-0.009962393902242184,0.624776303768158,0.36667951941490173,-0.020912349224090576,0.5860166549682617,0.39801082015037537,-0.027765044942498207,0.5949386358261108,0.4237436354160309,-0.02483796700835228,0.6095300316810608,0.42903393507003784,-0.021223364397883415,0,0,0,0,0,0,0,0,0,0,0,0,0,0,0,0,0,0,0,0,0,0,0,0,0,0,0,0,0,0,0,0,0,0,0,0,0,0,0,0,0,0,0,0,0,0,0,0,0,0,0,0,0,0,0,0,0,0,0,0,0,0,0,thinking
0.48420387506484985,0.43624964356422424,-0.9270103573799133,0.5119683146476746,0.37183529138565063,-0.8737325668334961,0.5304113626480103,0.3685245215892792,-0.873470664024353,0.5467292070388794,0.36507654190063477,-0.873134434223175,0.46178382635116577,0.37423649430274963,-0.8624394536018372,0.44736576080322266,0.3721519112586975,-0.8615681529045105,0.4369726777076721,0.369741290807724,-0.8617393374443054,0.5735436677932739,0.3713023364543915,-0.4943224787712097,0.43284058570861816,0.381412535905838,-0.4113108515739441,0.5208682417869568,0.49661776423454285,-0.7828773856163025,0.45789551734924316,0.4966581463813782,-0.7623808979988098,0.7448345422744751,0.6097508072853088,-0.3077091574668884,0.3340543508529663,0.6879507303237915,-0.10282696783542633,0.9873431324958801,0.7697544097900391,-0.8389004468917847,0.23142293095588684,1.0156090259552002,-0.03508015722036362,0.7117800116539001,0.43979132175445557,-1.3307796716690063,0.18816381692886353,1.3842315673828125,-0.4600663185119629,0.6382738351821899,0.37220537662506104,-1.4701889753341675,0.15849439799785614,1.4861429929733276,-0.5362671613693237,0.622433066368103,0.3505585491657257,-1.3027654886245728,0.18755467236042023,1.4694876670837402,-0.6224830150604248,0.6323332786560059,0.3791782259941101,-1.2845028638839722,0.20527870953083038,1.4353936910629272,-0.5107265114784241,0.6918706893920898,1.4445650577545166,-0.11892721801996231,0.4241620898246765,1.4462039470672607,0.12391912937164307,0.6809163689613342,2.0856430530548096,-0.12769532203674316,0.42657485604286194,2.08376145362854,0.24575403332710266,0.688997209072113,2.630718946456909,0.4265924394130707,0.44476133584976196,2.6303329467773438,0.6547415256500244,0.7017984986305237,2.7086215019226074,0.455129474401474,0.44481974840164185,2.707669496536255,0.6813364028930664,0.6418258547782898,2.8069052696228027,-0.12657207250595093,0.48457345366477966,2.8211629390716553,0.06939686834812164,0.6959757208824158,0.4337536692619324,-1.5704527811521984e-07,0.663580060005188,0.4252491891384125,0.006874135695397854,0.6343190670013428,0.4084162712097168,0.0050340453162789345,0.6080749034881592,0.4026627242565155,7.39257229724899e-05,0.5875868797302246,0.4035559296607971,-0.00496402895078063,0.6388180255889893,0.329630047082901,0.004376549273729324,0.6003617644309998,0.30827078223228455,-0.002226391574367881,0.5768793225288391,0.29330432415008545,-0.005987100303173065,0.5602203011512756,0.279438853263855,-0.009695852175354958,0.6346939206123352,0.3310090899467468,-0.004230904392898083,0.5766752362251282,0.3455641567707062,-0.01408565603196621,0.5824857354164124,0.37499913573265076,-0.013295549899339676,0.5982566475868225,0.3843322992324829,-0.010902319103479385,0.629463791847229,0.34451234340667725,-0.012861748225986958,0.578554093837738,0.3734724521636963,-0.021603194996714592,0.5890025496482849,0.4023056626319885,-0.016081975772976875,0.6048161387443542,0.40546950697898865,-0.011286044493317604,0.6238559484481812,0.3656899631023407,-0.0214293971657753,0.585043728351593,0.3977372944355011,-0.028681518509984016,0.593441367149353,0.4225379228591919,-0.026061739772558212,0.6077337861061096,0.4273000955581665,-0.02265106327831745,0,0,0,0,0,0,0,0,0,0,0,0,0,0,0,0,0,0,0,0,0,0,0,0,0,0,0,0,0,0,0,0,0,0,0,0,0,0,0,0,0,0,0,0,0,0,0,0,0,0,0,0,0,0,0,0,0,0,0,0,0,0,0,thinking
0.48464640974998474,0.4348885118961334,-0.9198788404464722,0.5122864246368408,0.37090328335762024,-0.8665211796760559,0.5306622982025146,0.36774197220802307,-0.8662301301956177,0.5468685030937195,0.3644908368587494,-0.8658918142318726,0.4623088836669922,0.3727498948574066,-0.8560420274734497,0.4478374123573303,0.37047073245048523,-0.8551701307296753,0.43731966614723206,0.3680262565612793,-0.8553140759468079,0.5735418200492859,0.3709508180618286,-0.48710036277770996,0.43286117911338806,0.3799678087234497,-0.412015438079834,0.521061360836029,0.4951474070549011,-0.7758457660675049,0.4580477178096771,0.4947361350059509,-0.7565525770187378,0.7429327964782715,0.608820915222168,-0.30201396346092224,0.3327934443950653,0.6882665753364563,-0.11190329492092133,0.9873143434524536,0.7700926661491394,-0.830488383769989,0.22977463901042938,1.0169862508773804,-0.055207181721925735,0.7118462920188904,0.4401205778121948,-1.3213074207305908,0.18474122881889343,1.387747049331665,-0.4930870532989502,0.6384962201118469,0.37257465720176697,-1.4615544080734253,0.15302184224128723,1.4883720874786377,-0.571163535118103,0.6223942041397095,0.35105428099632263,-1.293905258178711,0.18194526433944702,1.472867727279663,-0.656710147857666,0.6322718858718872,0.37961965799331665,-1.2748937606811523,0.20047542452812195,1.438741683959961,-0.544022262096405,0.6918717622756958,1.4442119598388672,-0.11622653901576996,0.4241023659706116,1.4461817741394043,0.1212344616651535,0.6812841296195984,2.0853447914123535,-0.11331403255462646,0.427833616733551,2.0837533473968506,0.2649771571159363,0.6898905038833618,2.630624532699585,0.4521588385105133,0.4458532929420471,2.6305184364318848,0.6874657869338989,0.7025332450866699,2.7085111141204834,0.4815898537635803,0.4455903470516205,2.7083308696746826,0.7148459553718567,0.6428928375244141,2.806852102279663,-0.10316850244998932,0.48553282022476196,2.8210480213165283,0.09908825904130936,0.6959044933319092,0.4328235387802124,-1.85990060685981e-07,0.6658397316932678,0.42170143127441406,0.009291362017393112,0.6365750432014465,0.40411460399627686,0.009154688566923141,0.6097615361213684,0.3980320990085602,0.005536897573620081,0.5891890525817871,0.39900538325309753,0.0015045985346660018,0.639498233795166,0.33054864406585693,0.006261894479393959,0.601124107837677,0.30890953540802,0.001194800017401576,0.5775114297866821,0.2941933870315552,-0.0014396969927474856,0.560626745223999,0.28039655089378357,-0.004469216801226139,0.6349486112594604,0.3319337069988251,-0.0027564677875488997,0.577436625957489,0.34606924653053284,-0.010870822705328465,0.581984281539917,0.3761840760707855,-0.009483570232987404,0.596707820892334,0.3869090676307678,-0.0069858054630458355,0.6294593811035156,0.3450130522251129,-0.011452521197497845,0.5788524150848389,0.37431931495666504,-0.018455158919095993,0.5888931155204773,0.4035179018974304,-0.013036709278821945,0.6045754551887512,0.4079377055168152,-0.008739616721868515,0.6238749027252197,0.36557313799858093,-0.0198639165610075,0.5849670767784119,0.39836955070495605,-0.025947894901037216,0.5925331115722656,0.42349377274513245,-0.023388611152768135,0.6063375473022461,0.4297562837600708,-0.020291777327656746,0,0,0,0,0,0,0,0,0,0,0,0,0,0,0,0,0,0,0,0,0,0,0,0,0,0,0,0,0,0,0,0,0,0,0,0,0,0,0,0,0,0,0,0,0,0,0,0,0,0,0,0,0,0,0,0,0,0,0,0,0,0,0,thinking
0.48480042815208435,0.4343530237674713,-0.9237740635871887,0.512377142906189,0.37066733837127686,-0.8699247241020203,0.5307601690292358,0.3675939738750458,-0.8697131872177124,0.5469452142715454,0.3644128739833832,-0.869401752948761,0.4625299572944641,0.371944397687912,-0.8565473556518555,0.44806867837905884,0.3694811463356018,-0.8556629419326782,0.4374677240848541,0.3669533133506775,-0.8558491468429565,0.5735907554626465,0.3709242045879364,-0.4902764856815338,0.43288883566856384,0.3786725401878357,-0.40543103218078613,0.521099328994751,0.4949266314506531,-0.779985785484314,0.45810025930404663,0.49427738785743713,-0.7571777701377869,0.7424107789993286,0.6099538803100586,-0.3075147867202759,0.33258485794067383,0.6882858872413635,-0.10145027935504913,0.9871886968612671,0.7704787850379944,-0.8444512486457825,0.22993771731853485,1.0168190002441406,-0.03312266618013382,0.7114990949630737,0.44015392661094666,-1.396240234375,0.18913088738918304,1.3640156984329224,-0.4521059989929199,0.6378001570701599,0.3729706108570099,-1.543687105178833,0.16330315172672272,1.463456630706787,-0.5291174650192261,0.6217135190963745,0.35141807794570923,-1.375020146369934,0.19112680852413177,1.4391177892684937,-0.6128476858139038,0.6314491629600525,0.3799324333667755,-1.3503495454788208,0.20621100068092346,1.4055094718933105,-0.5020161867141724,0.6908352375030518,1.444100022315979,-0.11574359983205795,0.4205302596092224,1.4461420774459839,0.12078158557415009,0.6804424524307251,2.0851824283599854,-0.13738426566123962,0.4253372550010681,2.0836703777313232,0.23270471394062042,0.6878538131713867,2.630718231201172,0.39408454298973083,0.43828216195106506,2.6307151317596436,0.5772344470024109,0.7006474733352661,2.7089602947235107,0.41809314489364624,0.43679147958755493,2.709275007247925,0.5945135354995728,0.6385675072669983,2.807621717453003,-0.19031134247779846,0.4778580069541931,2.82128643989563,-0.03266722708940506,0.6950592994689941,0.4313286542892456,-1.5506847717006167e-07,0.6642014384269714,0.4259333312511444,0.006721104495227337,0.6345558166503906,0.41075626015663147,0.005068037658929825,0.6076846718788147,0.4062292277812958,0.0005042433040216565,0.587271511554718,0.4065997004508972,-0.004024497698992491,0.6378259658813477,0.33060431480407715,0.003998675849288702,0.5989783406257629,0.30756208300590515,-0.001847541774623096,0.5760278701782227,0.29206693172454834,-0.004734043963253498,0.56002277135849,0.2771172523498535,-0.0077539305202662945,0.6336311101913452,0.33108025789260864,-0.003951826598495245,0.5761867165565491,0.3448457717895508,-0.01259820256382227,0.5817999839782715,0.3750242292881012,-0.011008579283952713,0.5976638197898865,0.3835659623146057,-0.008181516081094742,0.62819904088974,0.34374621510505676,-0.011868506669998169,0.5774620175361633,0.3716607391834259,-0.01954604871571064,0.5870326161384583,0.40144628286361694,-0.013872005045413971,0.6026285290718079,0.40472665429115295,-0.00915831234306097,0.6224620938301086,0.3642706871032715,-0.019721226766705513,0.5838877558708191,0.3954542577266693,-0.026147915050387383,0.5910508036613464,0.4213118255138397,-0.023550769314169884,0.6047043800354004,0.427017480134964,-0.020252663642168045,0,0,0,0,0,0,0,0,0,0,0,0,0,0,0,0,0,0,0,0,0,0,0,0,0,0,0,0,0,0,0,0,0,0,0,0,0,0,0,0,0,0,0,0,0,0,0,0,0,0,0,0,0,0,0,0,0,0,0,0,0,0,0,thinking
0.48486214876174927,0.4338354170322418,-0.9278322458267212,0.5124027132987976,0.3702618479728699,-0.8743295669555664,0.5308020114898682,0.36728161573410034,-0.8741418719291687,0.546984076499939,0.36418771743774414,-0.8738378286361694,0.46261826157569885,0.3710895776748657,-0.8592384457588196,0.4481804370880127,0.36853063106536865,-0.8583537340164185,0.43754392862319946,0.3659655749797821,-0.8585531115531921,0.57365882396698,0.3707611858844757,-0.4951041638851166,0.43293723464012146,0.37758296728134155,-0.40337276458740234,0.5211883187294006,0.4947126805782318,-0.7842203378677368,0.45815181732177734,0.49396130442619324,-0.7593095898628235,0.7423930168151855,0.6120559573173523,-0.3104364573955536,0.3323494493961334,0.6881690621376038,-0.09364061057567596,0.9871436357498169,0.7715107202529907,-0.8741024136543274,0.22995221614837646,1.0167728662490845,-0.023893019184470177,0.7114467620849609,0.4401509165763855,-1.4485830068588257,0.19185715913772583,1.3456039428710938,-0.44314759969711304,0.6374642252922058,0.3731546998023987,-1.5986332893371582,0.16950614750385284,1.4437156915664673,-0.5212029218673706,0.6214420199394226,0.35169923305511475,-1.4327634572982788,0.19667229056358337,1.4145523309707642,-0.6021356582641602,0.6311383247375488,0.3800143003463745,-1.4036916494369507,0.2098558247089386,1.38181471824646,-0.4922349452972412,0.6902433633804321,1.4442076683044434,-0.11543252319097519,0.4180262088775635,1.446205735206604,0.12049051374197006,0.6797617673873901,2.085033655166626,-0.1401297003030777,0.4232262074947357,2.083580255508423,0.2261061668395996,0.6863229870796204,2.6313843727111816,0.3931184411048889,0.4335923194885254,2.631251573562622,0.5729379653930664,0.6991955637931824,2.7101216316223145,0.4170144200325012,0.4316924512386322,2.7104580402374268,0.5910071730613708,0.6357868909835815,2.8090858459472656,-0.19715939462184906,0.47329244017601013,2.822106122970581,-0.04074206203222275,0.6943674087524414,0.43052196502685547,-1.66523847155986e-07,0.6630449295043945,0.426025927066803,0.0069213141687214375,0.6342435479164124,0.41118890047073364,0.005160176195204258,0.6074405312538147,0.40627723932266235,0.0004303559544496238,0.5867657661437988,0.4065955579280853,-0.004353683907538652,0.6373937129974365,0.3298332095146179,0.004052176605910063,0.5989205837249756,0.3072451949119568,-0.0014651507372036576,0.5760911703109741,0.2921254336833954,-0.00425185589119792,0.5600265264511108,0.27753520011901855,-0.007268158253282309,0.6335347294807434,0.33011573553085327,-0.0038102916441857815,0.5762792825698853,0.3453313708305359,-0.011956692673265934,0.5810492634773254,0.3758770227432251,-0.010145124047994614,0.5960583090782166,0.38527125120162964,-0.007391195744276047,0.6282629370689392,0.3428024351596832,-0.011588535271584988,0.5771946310997009,0.3714011609554291,-0.018780581653118134,0.5864658951759338,0.40151870250701904,-0.012885354459285736,0.6019439101219177,0.40596938133239746,-0.00824805349111557,0.622631311416626,0.36331823468208313,-0.01931564137339592,0.5839396715164185,0.39553597569465637,-0.025670845061540604,0.5905853509902954,0.42209047079086304,-0.023157648742198944,0.6038476824760437,0.4292730689048767,-0.019986357539892197,0,0,0,0,0,0,0,0,0,0,0,0,0,0,0,0,0,0,0,0,0,0,0,0,0,0,0,0,0,0,0,0,0,0,0,0,0,0,0,0,0,0,0,0,0,0,0,0,0,0,0,0,0,0,0,0,0,0,0,0,0,0,0,thinking
0.48486584424972534,0.43355342745780945,-0.928542971611023,0.5123996138572693,0.36994943022727966,-0.8754450082778931,0.5308069586753845,0.36702463030815125,-0.8752597570419312,0.546995222568512,0.363983690738678,-0.8749632835388184,0.4626399874687195,0.3705839216709137,-0.8591302633285522,0.44821810722351074,0.36802372336387634,-0.8582437634468079,0.43757376074790955,0.365476131439209,-0.8584465980529785,0.5737200379371643,0.3706255257129669,-0.4978896975517273,0.4329787790775299,0.3770442306995392,-0.40181365609169006,0.5212424993515015,0.4946243464946747,-0.7857667803764343,0.4581749439239502,0.4938618242740631,-0.7593095898628235,0.7423920631408691,0.6142188310623169,-0.31248876452445984,0.3321049213409424,0.6880128383636475,-0.09016839414834976,0.9873159527778625,0.7738425135612488,-0.8807098269462585,0.22988121211528778,1.0166746377944946,-0.022357601672410965,0.7114458084106445,0.4402843415737152,-1.4528443813323975,0.19412973523139954,1.3337630033493042,-0.4321940541267395,0.6374370455741882,0.37335407733917236,-1.6017320156097412,0.17422842979431152,1.4306930303573608,-0.5090860724449158,0.6213902235031128,0.351929634809494,-1.4364336729049683,0.20105114579200745,1.4002498388290405,-0.5902895927429199,0.6310708522796631,0.3801378905773163,-1.4079645872116089,0.21280841529369354,1.3681056499481201,-0.48105907440185547,0.6896858215332031,1.4444315433502197,-0.11468355357646942,0.4159676134586334,1.4462504386901855,0.11978252232074738,0.6788389682769775,2.085088014602661,-0.1397136002779007,0.4211260676383972,2.083531618118286,0.2258750945329666,0.6847286224365234,2.6321027278900146,0.3989127278327942,0.42974773049354553,2.631544589996338,0.576745331287384,0.6976911425590515,2.711291790008545,0.42332330346107483,0.4275839328765869,2.7110748291015625,0.59579998254776,0.6330857276916504,2.8103623390197754,-0.1909133642911911,0.46949535608291626,2.822765588760376,-0.03671776503324509,0.6934250593185425,0.4302767515182495,-1.662599515839247e-07,0.6626389622688293,0.4244295656681061,0.006860011722892523,0.6341363191604614,0.4087856709957123,0.00514853373169899,0.6077588796615601,0.40308240056037903,0.0004570391320157796,0.5873594284057617,0.40344133973121643,-0.0043405527248978615,0.6372795104980469,0.3298734426498413,0.0035821963101625443,0.5989644527435303,0.30747175216674805,-0.0020861248485744,0.5761159062385559,0.292366623878479,-0.00487901596352458,0.5601433515548706,0.2777264714241028,-0.007854912430047989,0.6334026455879211,0.33048179745674133,-0.004210369195789099,0.5765959024429321,0.3459508419036865,-0.012498155236244202,0.5810714364051819,0.37651753425598145,-0.010598370805382729,0.5958770513534546,0.38598716259002686,-0.00776639161631465,0.6280721426010132,0.3433186411857605,-0.011900346726179123,0.5773893594741821,0.3718027174472809,-0.019137704744935036,0.5863037705421448,0.40178635716438293,-0.013172518461942673,0.6016393303871155,0.4064735472202301,-0.008482173085212708,0.6224921941757202,0.3638570010662079,-0.019560853019356728,0.5840354561805725,0.3959934413433075,-0.02597375400364399,0.5901860594749451,0.4223805069923401,-0.023480618372559547,0.6031997203826904,0.4298027753829956,-0.020308230072259903,0,0,0,0,0,0,0,0,0,0,0,0,0,0,0,0,0,0,0,0,0,0,0,0,0,0,0,0,0,0,0,0,0,0,0,0,0,0,0,0,0,0,0,0,0,0,0,0,0,0,0,0,0,0,0,0,0,0,0,0,0,0,0,thinking
0.48486533761024475,0.43269723653793335,-0.920187771320343,0.5123413801193237,0.3696279227733612,-0.8661903142929077,0.5307173728942871,0.36686936020851135,-0.8660224080085754,0.5469167828559875,0.36392509937286377,-0.865660548210144,0.46264392137527466,0.36973878741264343,-0.8505876660346985,0.44822850823402405,0.3671306371688843,-0.8496615290641785,0.4375840127468109,0.3645797371864319,-0.8498611450195312,0.5736223459243774,0.3706147372722626,-0.4921722412109375,0.432908296585083,0.3766433298587799,-0.398429811000824,0.5212315917015076,0.4941399395465851,-0.7793301343917847,0.4581722617149353,0.4926755130290985,-0.7537291646003723,0.7416062355041504,0.6141214966773987,-0.3143053650856018,0.331742525100708,0.6879864931106567,-0.089632049202919,0.9871999025344849,0.772203803062439,-0.882961630821228,0.22802439332008362,1.0165525674819946,-0.01833050325512886,0.7112486958503723,0.4403632581233978,-1.4319775104522705,0.19787725806236267,1.3349260091781616,-0.4038233160972595,0.6373045444488525,0.37350785732269287,-1.5745675563812256,0.17971563339233398,1.4334208965301514,-0.47368288040161133,0.6210759282112122,0.3522759974002838,-1.4056041240692139,0.2072472870349884,1.4024518728256226,-0.551728367805481,0.6308488249778748,0.38023442029953003,-1.3851854801177979,0.21839697659015656,1.369905948638916,-0.4502609372138977,0.6902511119842529,1.4443906545639038,-0.1145024448633194,0.41685882210731506,1.4465562105178833,0.11958153545856476,0.6808232069015503,2.0849835872650146,-0.1528487205505371,0.423921674489975,2.0836338996887207,0.19215546548366547,0.6886412501335144,2.6324141025543213,0.3700817823410034,0.43448692560195923,2.6320128440856934,0.48265767097473145,0.7022208571434021,2.7114622592926025,0.39248335361480713,0.43221229314804077,2.711308717727661,0.4954107403755188,0.6369407773017883,2.810807704925537,-0.21725396811962128,0.47561612725257874,2.823293447494507,-0.12810906767845154,0.6950572729110718,0.42884767055511475,-1.577503496719146e-07,0.6645728349685669,0.42287302017211914,0.007404722739011049,0.6340886950492859,0.4091486930847168,0.006359092425554991,0.606442391872406,0.40880298614501953,0.0022717872634530067,0.585372805595398,0.41259849071502686,-0.0019505643285810947,0.6380743980407715,0.32807648181915283,0.005689587444067001,0.6001043319702148,0.3078922927379608,0.0013361605815589428,0.5780013203620911,0.2929527759552002,-0.0010691072093322873,0.5622493028640747,0.27839016914367676,-0.00403493270277977,0.6326026320457458,0.3295505940914154,-0.0021756135392934084,0.5765233039855957,0.3428828716278076,-0.009003089740872383,0.5807865262031555,0.3721866309642792,-0.0074454727582633495,0.5948963761329651,0.38224324584007263,-0.0051244450733065605,0.6264840960502625,0.3430142402648926,-0.00987323746085167,0.5772623419761658,0.37083470821380615,-0.01544740330427885,0.586005687713623,0.39998558163642883,-0.010232998058199883,0.6002823114395142,0.404989093542099,-0.006443265825510025,0.6203727722167969,0.3645113706588745,-0.017533937469124794,0.5836172699928284,0.39577606320381165,-0.022434383630752563,0.5894402265548706,0.42137235403060913,-0.020121654495596886,0.601285457611084,0.4290347099304199,-0.01747863180935383,0,0,0,0,0,0,0,0,0,0,0,0,0,0,0,0,0,0,0,0,0,0,0,0,0,0,0,0,0,0,0,0,0,0,0,0,0,0,0,0,0,0,0,0,0,0,0,0,0,0,0,0,0,0,0,0,0,0,0,0,0,0,0,thinking
0.48496413230895996,0.43259570002555847,-0.9140695333480835,0.512346625328064,0.3695915639400482,-0.8606710433959961,0.5307115316390991,0.36684268712997437,-0.8604755401611328,0.5469051003456116,0.36390921473503113,-0.8600406646728516,0.4627450406551361,0.3697066605091095,-0.8440597653388977,0.44828924536705017,0.3671153783798218,-0.8430973887443542,0.43760475516319275,0.3645724058151245,-0.843284010887146,0.573527455329895,0.37061402201652527,-0.49058443307876587,0.432882159948349,0.37662559747695923,-0.3935526907444,0.521227240562439,0.493998646736145,-0.7746909856796265,0.45819932222366333,0.49246248602867126,-0.7481421232223511,0.7415689826011658,0.6141164898872375,-0.31753164529800415,0.331091970205307,0.6887519955635071,-0.07641200721263885,0.9867194294929504,0.7734042406082153,-0.8945567011833191,0.2260390967130661,1.0164413452148438,0.017319142818450928,0.7090444564819336,0.43964383006095886,-1.431328296661377,0.20471569895744324,1.3342152833938599,-0.37912142276763916,0.6344449520111084,0.3731953501701355,-1.5734577178955078,0.19139569997787476,1.4334121942520142,-0.443624883890152,0.6195377707481384,0.35139694809913635,-1.3998992443084717,0.21851348876953125,1.4022055864334106,-0.5152172446250916,0.629782497882843,0.3795306086540222,-1.383263111114502,0.2279822826385498,1.369357705116272,-0.4241916239261627,0.6907850503921509,1.4434199333190918,-0.11743446439504623,0.416496217250824,1.4465709924697876,0.12280716747045517,0.6815094947814941,2.0848870277404785,-0.14416919648647308,0.42392224073410034,2.083777666091919,0.24154189229011536,0.68925940990448,2.632416248321533,0.41375741362571716,0.4346405863761902,2.6327710151672363,0.6371046304702759,0.7026509642601013,2.7114322185516357,0.44013509154319763,0.4324120581150055,2.711949348449707,0.6618812680244446,0.6379017233848572,2.812084436416626,-0.17798510193824768,0.4766259789466858,2.8252222537994385,0.024402206763625145,0.6932193636894226,0.4288223683834076,-1.512808864845283e-07,0.667031466960907,0.41085541248321533,0.009343849495053291,0.6369470357894897,0.3921501040458679,0.00905659794807434,0.6087104082107544,0.3901573121547699,0.0052080340683460236,0.5878423452377319,0.3954216539859772,0.0010682508582249284,0.6347814798355103,0.32675814628601074,0.006394094787538052,0.5968391299247742,0.30605626106262207,0.0012653694720938802,0.5740492939949036,0.2917918562889099,-0.0006127526867203414,0.5581315755844116,0.2777922749519348,-0.0029726701322942972,0.6297334432601929,0.32985299825668335,-0.0029086600989103317,0.5744076371192932,0.34639498591423035,-0.010886313393712044,0.5805667638778687,0.3753027021884918,-0.008291917853057384,0.596102237701416,0.3828611373901367,-0.004949717316776514,0.6247078776359558,0.34493017196655273,-0.01207705307751894,0.5763044953346252,0.3745003342628479,-0.01926920935511589,0.5861093401908875,0.4024108052253723,-0.013002284802496433,0.6009637713432312,0.4042290449142456,-0.008070176467299461,0.6201408505439758,0.3675347566604614,-0.020966611802577972,0.5827228426933289,0.39823010563850403,-0.026819586753845215,0.589878261089325,0.42263299226760864,-0.023788901045918465,0.6027346849441528,0.4275878071784973,-0.020462512969970703,0,0,0,0,0,0,0,0,0,0,0,0,0,0,0,0,0,0,0,0,0,0,0,0,0,0,0,0,0,0,0,0,0,0,0,0,0,0,0,0,0,0,0,0,0,0,0,0,0,0,0,0,0,0,0,0,0,0,0,0,0,0,0,thinking
0.4849456250667572,0.43250781297683716,-0.9103579521179199,0.5123475790023804,0.3695322871208191,-0.8570576906204224,0.5307073593139648,0.36681297421455383,-0.8568340539932251,0.5469037890434265,0.3638955354690552,-0.856369137763977,0.46275925636291504,0.3695985674858093,-0.8402993083000183,0.4483009874820709,0.36698582768440247,-0.8393324017524719,0.4376138746738434,0.36440977454185486,-0.8395153284072876,0.5735259652137756,0.3706238865852356,-0.48833465576171875,0.43286076188087463,0.37641075253486633,-0.3915928602218628,0.5211736559867859,0.49399125576019287,-0.7713109850883484,0.45817989110946655,0.4923187792301178,-0.7448771595954895,0.7416232824325562,0.6147649884223938,-0.3183957636356354,0.3287220299243927,0.6887618899345398,-0.07380004972219467,0.9866023063659668,0.7751710414886475,-0.8923513293266296,0.22271709144115448,1.0165220499038696,0.005777869839221239,0.7079448699951172,0.43953731656074524,-1.396677851676941,0.21213042736053467,1.3336563110351562,-0.4486057162284851,0.6328213214874268,0.37331169843673706,-1.5352323055267334,0.20227913558483124,1.4330487251281738,-0.5199686288833618,0.6186889410018921,0.35144200921058655,-1.356316328048706,0.23043735325336456,1.4002609252929688,-0.5836498141288757,0.6292288899421692,0.3795209527015686,-1.3458404541015625,0.23892226815223694,1.3673999309539795,-0.49285903573036194,0.6907746195793152,1.4433391094207764,-0.1174187883734703,0.4138917028903961,1.4467339515686035,0.1228078231215477,0.6815192103385925,2.0850913524627686,-0.11888893693685532,0.42221799492836,2.085062026977539,0.24413153529167175,0.6892271637916565,2.6338040828704834,0.46919283270835876,0.4333973824977875,2.635535955429077,0.6453364491462708,0.702572762966156,2.7129697799682617,0.4981955885887146,0.43121084570884705,2.715087413787842,0.6700161695480347,0.6379544734954834,2.8157975673675537,-0.11718746274709702,0.47608113288879395,2.8295974731445312,0.029538258910179138,0.6941970586776733,0.42939624190330505,-1.7053066869721079e-07,0.6675192713737488,0.4117826521396637,0.010112285614013672,0.6378659009933472,0.3931952714920044,0.01034287828952074,0.6099411249160767,0.39086997509002686,0.007041370961815119,0.5890374183654785,0.39605385065078735,0.0033342549577355385,0.6350014805793762,0.32735854387283325,0.006733658257871866,0.5967779755592346,0.3068060576915741,0.0025287801399827003,0.5741667747497559,0.29257598519325256,0.000757143716327846,0.5579826235771179,0.2780117988586426,-0.0018336321227252483,0.6296746134757996,0.33009031414985657,-0.002431635046377778,0.574691116809845,0.3464064598083496,-0.009433312341570854,0.5808830261230469,0.37448593974113464,-0.007155015133321285,0.5961692929267883,0.3830100893974304,-0.0044341785833239555,0.6243525147438049,0.34459224343299866,-0.011185864917933941,0.5755607485771179,0.3744535744190216,-0.016659684479236603,0.5861427783966064,0.4019269347190857,-0.0105771878734231,0.6015305519104004,0.40478500723838806,-0.006421235390007496,0.6197207570075989,0.3665749132633209,-0.0196574404835701,0.5819649696350098,0.3993890881538391,-0.02463800646364689,0.5898226499557495,0.42379137873649597,-0.021851347759366035,0.6032283306121826,0.42945852875709534,-0.01898861676454544,0,0,0,0,0,0,0,0,0,0,0,0,0,0,0,0,0,0,0,0,0,0,0,0,0,0,0,0,0,0,0,0,0,0,0,0,0,0,0,0,0,0,0,0,0,0,0,0,0,0,0,0,0,0,0,0,0,0,0,0,0,0,0,thinking
0.4843076169490814,0.4326021373271942,-0.9123607873916626,0.5121020078659058,0.3695983290672302,-0.85914146900177,0.5304290056228638,0.36699235439300537,-0.8589086532592773,0.5467272996902466,0.36422210931777954,-0.8584862947463989,0.4626252055168152,0.3697139024734497,-0.8420323133468628,0.44821175932884216,0.3672085702419281,-0.8410772085189819,0.4375437796115875,0.3646920323371887,-0.8412538766860962,0.5734915137290955,0.3716491162776947,-0.4898313581943512,0.43285951018333435,0.37661412358283997,-0.3921770751476288,0.5207017660140991,0.4947584867477417,-0.7732251882553101,0.45808786153793335,0.49300578236579895,-0.74632728099823,0.741320013999939,0.6274356842041016,-0.31844064593315125,0.32794395089149475,0.6883931756019592,-0.08723005652427673,0.9864996671676636,0.774593710899353,-0.8743209838867188,0.22060975432395935,1.0162827968597412,-0.0497683510184288,0.7079423666000366,0.43923065066337585,-1.350036859512329,0.1974986493587494,1.3297666311264038,-0.5375021696090698,0.6329485774040222,0.373189777135849,-1.4888026714324951,0.17718175053596497,1.4251896142959595,-0.6222772598266602,0.6186976432800293,0.3515249192714691,-1.3210912942886353,0.20634615421295166,1.394668698310852,-0.6948335766792297,0.6292179822921753,0.3795548379421234,-1.3035883903503418,0.21882426738739014,1.3629703521728516,-0.585991621017456,0.6795190572738647,1.4463255405426025,-0.11476622521877289,0.4030393660068512,1.4466973543167114,0.12013457715511322,0.6580393314361572,2.0859999656677246,-0.11284609884023666,0.39711713790893555,2.085045099258423,0.2417186051607132,0.6572881937026978,2.635272741317749,0.464078813791275,0.39845603704452515,2.635533332824707,0.6363494992256165,0.6686074733734131,2.7153260707855225,0.49229469895362854,0.39571577310562134,2.715289354324341,0.6607030630111694,0.6040651202201843,2.81614089012146,-0.11813431978225708,0.43298497796058655,2.8295185565948486,0.020529698580503464,0.6965603232383728,0.4307272732257843,-1.7017127618146333e-07,0.6614086031913757,0.43028098344802856,0.007813600823283195,0.6316652894020081,0.4153388738632202,0.006379223428666592,0.6061171293258667,0.410892516374588,0.0017837114864960313,0.5859850645065308,0.41146180033683777,-0.002915323944762349,0.6354804635047913,0.32785722613334656,0.0060198805294930935,0.5976982116699219,0.3098016381263733,0.0011928738094866276,0.5758044123649597,0.2949114143848419,-0.0019012211123481393,0.559990644454956,0.2798727750778198,-0.005433059297502041,0.6312693357467651,0.32867854833602905,-0.0025147574488073587,0.5746949911117554,0.34585678577423096,-0.009882675483822823,0.5808056592941284,0.37553149461746216,-0.008422059938311577,0.5960839986801147,0.38478824496269226,-0.006157988216727972,0.6262563467025757,0.3421790599822998,-0.010893896222114563,0.5761778354644775,0.37316247820854187,-0.017167046666145325,0.5868040919303894,0.40195274353027344,-0.01130696665495634,0.6024032235145569,0.4060399830341339,-0.007015708833932877,0.620997428894043,0.36384740471839905,-0.019258005544543266,0.5831682682037354,0.39736756682395935,-0.024798639118671417,0.5911908149719238,0.42335274815559387,-0.022017663344740868,0.6047376990318298,0.43033504486083984,-0.018931999802589417,0,0,0,0,0,0,0,0,0,0,0,0,0,0,0,0,0,0,0,0,0,0,0,0,0,0,0,0,0,0,0,0,0,0,0,0,0,0,0,0,0,0,0,0,0,0,0,0,0,0,0,0,0,0,0,0,0,0,0,0,0,0,0,thinking
0.4835323691368103,0.4326912462711334,-0.9215322732925415,0.5116111040115356,0.3696700930595398,-0.8689901232719421,0.5298824906349182,0.36712855100631714,-0.8688023686408997,0.5463074445724487,0.36441490054130554,-0.8684890866279602,0.46236762404441833,0.36987265944480896,-0.8474593162536621,0.44803768396377563,0.3674764037132263,-0.8464879989624023,0.43741974234580994,0.36501139402389526,-0.8466548919677734,0.5733305215835571,0.37197452783584595,-0.4937194883823395,0.4328538775444031,0.37669637799263,-0.3887496590614319,0.5200892686843872,0.4949081540107727,-0.780256450176239,0.4578457772731781,0.49318358302116394,-0.7482680678367615,0.7408267855644226,0.6278916597366333,-0.3236604630947113,0.3279035687446594,0.6860263347625732,-0.07486871629953384,0.9864963293075562,0.7732516527175903,-0.9105852842330933,0.22048930823802948,1.015170931816101,-0.08081410825252533,0.7080265283584595,0.4390679597854614,-1.4121696949005127,0.1899697333574295,1.2971218824386597,-0.6857956051826477,0.6330477595329285,0.3732542097568512,-1.556501030921936,0.1659027636051178,1.384333848953247,-0.7850229144096375,0.6186944842338562,0.3515942394733429,-1.3945839405059814,0.19592851400375366,1.3516936302185059,-0.8495267033576965,0.6292056441307068,0.37959420680999756,-1.3665788173675537,0.21082325279712677,1.3234835863113403,-0.7336979508399963,0.6772907972335815,1.4465240240097046,-0.11695677042007446,0.4012874960899353,1.4461205005645752,0.12225202471017838,0.6527027487754822,2.085858106613159,-0.11430082470178604,0.3904297947883606,2.0838613510131836,0.2408473938703537,0.6510258913040161,2.6348719596862793,0.4571309983730316,0.39269721508026123,2.63397479057312,0.6323291063308716,0.6626183390617371,2.714569330215454,0.4824690818786621,0.3906979560852051,2.7129244804382324,0.6582229137420654,0.5974823236465454,2.815244197845459,-0.14180615544319153,0.4287395477294922,2.8278472423553467,0.011855391785502434,0.6968753933906555,0.431645929813385,-1.6718357187528454e-07,0.6661840081214905,0.4245411157608032,0.007656185422092676,0.6352077722549438,0.40849921107292175,0.00670167850330472,0.6072871685028076,0.40555539727211,0.0024740034714341164,0.5860404372215271,0.4082779288291931,-0.0017676156712695956,0.6356437802314758,0.32794860005378723,0.0070922477170825005,0.5980370044708252,0.3092649281024933,0.0020473795011639595,0.5756453275680542,0.2945977747440338,-0.0006611580611206591,0.5599836707115173,0.280208557844162,-0.0037216858472675085,0.6308706998825073,0.32942914962768555,-0.0015181985218077898,0.5750625729560852,0.34529295563697815,-0.00973514374345541,0.5803221464157104,0.37526804208755493,-0.008335906080901623,0.5953923463821411,0.38484808802604675,-0.00561812799423933,0.6257213354110718,0.3433570861816406,-0.010186905041337013,0.5769387483596802,0.37342125177383423,-0.01767965778708458,0.5861721634864807,0.4031119644641876,-0.012437376193702221,0.6007703542709351,0.4066910743713379,-0.007951376959681511,0.620789647102356,0.3651295304298401,-0.01876254566013813,0.5833326578140259,0.39722350239753723,-0.024709155783057213,0.5904995799064636,0.42301034927368164,-0.022272923961281776,0.6035796999931335,0.42897263169288635,-0.019233383238315582,0,0,0,0,0,0,0,0,0,0,0,0,0,0,0,0,0,0,0,0,0,0,0,0,0,0,0,0,0,0,0,0,0,0,0,0,0,0,0,0,0,0,0,0,0,0,0,0,0,0,0,0,0,0,0,0,0,0,0,0,0,0,0,thinking
0.4827636182308197,0.4328600764274597,-0.9230735898017883,0.5110528469085693,0.36981186270713806,-0.8715375065803528,0.5292826294898987,0.3673210144042969,-0.871362030506134,0.5458521246910095,0.3646393418312073,-0.871092677116394,0.4620259702205658,0.3701724410057068,-0.8482118844985962,0.44780510663986206,0.36793506145477295,-0.8472204208374023,0.4372389316558838,0.3655560314655304,-0.8473823666572571,0.5731421113014221,0.37218987941741943,-0.4957572817802429,0.43284082412719727,0.3768750727176666,-0.3867771625518799,0.5195724964141846,0.49505817890167236,-0.7813790440559387,0.457594096660614,0.49337393045425415,-0.7491746544837952,0.740329921245575,0.6277425289154053,-0.3255988657474518,0.32791101932525635,0.6842510104179382,-0.0684860497713089,0.9864581227302551,0.7727432250976562,-0.9145370721817017,0.22049646079540253,1.0125724077224731,-0.05987982079386711,0.7080386877059937,0.4388677775859833,-1.4231793880462646,0.18411079049110413,1.3002756834030151,-0.593165934085846,0.6331867575645447,0.3733062148094177,-1.5690909624099731,0.15692494809627533,1.3913607597351074,-0.6822258234024048,0.6186844706535339,0.35166677832603455,-1.4077675342559814,0.18727190792560577,1.360744595527649,-0.7554048895835876,0.6291853785514832,0.37965086102485657,-1.3781875371932983,0.20327889919281006,1.3309617042541504,-0.6425691246986389,0.6755930185317993,1.4467822313308716,-0.11918362230062485,0.4003729224205017,1.4455666542053223,0.12442948669195175,0.6500951051712036,2.085817337036133,-0.134426087141037,0.3873560130596161,2.0829334259033203,0.24024698138237,0.6484402418136597,2.6348471641540527,0.4045155942440033,0.3907025456428528,2.633263349533081,0.600159227848053,0.6602604389190674,2.7144720554351807,0.4277966022491455,0.38900262117385864,2.711953639984131,0.6193305253982544,0.5946208238601685,2.814967155456543,-0.196099653840065,0.42741912603378296,2.826958656311035,-0.02220635861158371,0.6966030597686768,0.4321291148662567,-1.6756301590703515e-07,0.6657200455665588,0.4236043393611908,0.008024372160434723,0.6349474191665649,0.406617134809494,0.007253043353557587,0.6075558662414551,0.40321657061576843,0.0031152982264757156,0.5866163372993469,0.40543851256370544,-0.0010700644925236702,0.6353455781936646,0.3277229368686676,0.007145856507122517,0.5976793169975281,0.30898723006248474,0.002014282625168562,0.5753166079521179,0.2944945991039276,-0.0007055404712446034,0.5596093535423279,0.2802128791809082,-0.0037456154823303223,0.6307905316352844,0.32949796319007874,-0.0017237814608961344,0.5749892592430115,0.34544262290000916,-0.010149441659450531,0.5804829001426697,0.37516191601753235,-0.008822247385978699,0.5957162380218506,0.384724497795105,-0.006122749764472246,0.6257659792900085,0.3436899483203888,-0.010615370236337185,0.5770466327667236,0.37370365858078003,-0.018213821575045586,0.5863602161407471,0.403129518032074,-0.012923703528940678,0.6008833646774292,0.4067927896976471,-0.00838115718215704,0.6208975911140442,0.36558860540390015,-0.019385067746043205,0.5834195017814636,0.39722490310668945,-0.025405043736100197,0.5905925631523132,0.42284491658210754,-0.022865284234285355,0.6035772562026978,0.4290367364883423,-0.019734058529138565,0,0,0,0,0,0,0,0,0,0,0,0,0,0,0,0,0,0,0,0,0,0,0,0,0,0,0,0,0,0,0,0,0,0,0,0,0,0,0,0,0,0,0,0,0,0,0,0,0,0,0,0,0,0,0,0,0,0,0,0,0,0,0,thinking
0.4819450378417969,0.434075266122818,-0.9697418212890625,0.5104016065597534,0.3706691563129425,-0.9168890714645386,0.5286051034927368,0.3683570623397827,-0.9168174862861633,0.5453409552574158,0.36585551500320435,-0.9165196418762207,0.46158891916275024,0.3711167573928833,-0.8972794413566589,0.4475333094596863,0.36908090114593506,-0.8964002728462219,0.43703755736351013,0.3668169379234314,-0.89667147397995,0.5729339718818665,0.37306612730026245,-0.5287417769432068,0.43283677101135254,0.37742599844932556,-0.421886146068573,0.5189839005470276,0.49601078033447266,-0.8214651346206665,0.4572431147098541,0.4942047894001007,-0.7912455797195435,0.7403308749198914,0.6270307302474976,-0.3330714702606201,0.32791298627853394,0.6826034784317017,-0.07037129998207092,0.9852527379989624,0.76899254322052,-0.9357126355171204,0.221786767244339,1.0116158723831177,0.10690758377313614,0.7077812552452087,0.4384295642375946,-1.5409671068191528,0.18582813441753387,1.3239036798477173,-0.23332181572914124,0.633057713508606,0.37335649132728577,-1.69584059715271,0.16072840988636017,1.4262843132019043,-0.2963889539241791,0.6185840964317322,0.35170480608940125,-1.5430959463119507,0.19169530272483826,1.4046646356582642,-0.3872527480125427,0.6291101574897766,0.37940073013305664,-1.5023528337478638,0.20704980194568634,1.3706297874450684,-0.28290387988090515,0.6753296852111816,1.4459540843963623,-0.11902191489934921,0.4008238911628723,1.4442607164382935,0.1242026835680008,0.6519435048103333,2.0857057571411133,-0.15125367045402527,0.3879240155220032,2.079801082611084,0.1439296156167984,0.6515564322471619,2.634871244430542,0.3746947646141052,0.3920145332813263,2.631913423538208,0.45694565773010254,0.6634647250175476,2.7145066261291504,0.39599373936653137,0.39159485697746277,2.710527181625366,0.4696733355522156,0.5982570648193359,2.8147757053375244,-0.23386868834495544,0.42780131101608276,2.8247921466827393,-0.1780635416507721,0.6956290006637573,0.43193715810775757,-1.6406656300205213e-07,0.6707434058189392,0.4102083444595337,0.008627339266240597,0.6391811370849609,0.39160671830177307,0.008602158166468143,0.6100162863731384,0.3906264007091522,0.005268774926662445,0.5889765620231628,0.3968575894832611,0.001684232847765088,0.6368216872215271,0.32771238684654236,0.00669578043743968,0.5975340604782104,0.30791816115379333,0.0015659561613574624,0.5750460028648376,0.2938567101955414,-0.0007882087375037372,0.559040367603302,0.27974268794059753,-0.0036258322652429342,0.630918562412262,0.3310653567314148,-0.0021694148890674114,0.5757753849029541,0.3468049466609955,-0.01063533965498209,0.58220374584198,0.37550386786460876,-0.009141061455011368,0.5971805453300476,0.38385510444641113,-0.006535010412335396,0.624901294708252,0.34602728486061096,-0.010928748175501823,0.5766617655754089,0.374239981174469,-0.018134551122784615,0.5869053602218628,0.4021901488304138,-0.012472884729504585,0.6013209819793701,0.4044841527938843,-0.007977495901286602,0.6194677948951721,0.36849328875541687,-0.019462741911411285,0.5822036862373352,0.3978947401046753,-0.025419775396585464,0.590491771697998,0.42152613401412964,-0.02262377366423607,0.6038332581520081,0.42599475383758545,-0.019480695948004723,0,0,0,0,0,0,0,0,0,0,0,0,0,0,0,0,0,0,0,0,0,0,0,0,0,0,0,0,0,0,0,0,0,0,0,0,0,0,0,0,0,0,0,0,0,0,0,0,0,0,0,0,0,0,0,0,0,0,0,0,0,0,0,thinking
0.48163747787475586,0.4348818361759186,-0.9365335702896118,0.5101791620254517,0.37110579013824463,-0.8868867754936218,0.5284145474433899,0.3687201738357544,-0.8867617845535278,0.5452167987823486,0.36612436175346375,-0.8864697217941284,0.4613525867462158,0.3721156120300293,-0.8626049160957336,0.44735950231552124,0.3704577386379242,-0.8616501688957214,0.43695634603500366,0.3684278130531311,-0.8618439435958862,0.5729172825813293,0.37315264344215393,-0.5188375115394592,0.4328598976135254,0.378450483083725,-0.39006829261779785,0.5189160108566284,0.49655136466026306,-0.7975104451179504,0.45722994208335876,0.4953846335411072,-0.7608060240745544,0.7398573160171509,0.6244523525238037,-0.3333210349082947,0.3279464840888977,0.6827118396759033,-0.05291252210736275,0.9852997660636902,0.767294704914093,-0.9379068613052368,0.22181031107902527,1.0117483139038086,0.07917388528585434,0.708236813545227,0.43829086422920227,-1.5067315101623535,0.18825724720954895,1.3065723180770874,-0.2574135661125183,0.6340492963790894,0.37318047881126404,-1.6606600284576416,0.1662409007549286,1.3985320329666138,-0.31170982122421265,0.6189209818840027,0.35165032744407654,-1.5128238201141357,0.19612053036689758,1.370529055595398,-0.47387704253196716,0.6294187307357788,0.3792898952960968,-1.4678280353546143,0.2108670473098755,1.3412832021713257,-0.31457680463790894,0.6764079332351685,1.4461097717285156,-0.12035603821277618,0.4015616774559021,1.4451881647109985,0.12559710443019867,0.655767023563385,2.0862419605255127,-0.15098261833190918,0.39211878180503845,2.0819506645202637,0.19626297056674957,0.6619288325309753,2.6352121829986572,0.38019540905952454,0.4017733931541443,2.632836103439331,0.5554474592208862,0.6758127808570862,2.7145609855651855,0.40247291326522827,0.4016243815422058,2.710810661315918,0.5748896598815918,0.6094052195549011,2.8150782585144043,-0.2240617573261261,0.44115543365478516,2.8264811038970947,-0.06489389389753342,0.6962630748748779,0.43193769454956055,-1.7428341436698247e-07,0.6674037575721741,0.4243226647377014,0.009177152998745441,0.6370945572853088,0.40911686420440674,0.008731831796467304,0.608466625213623,0.40768858790397644,0.004753012675791979,0.5866234302520752,0.4115951955318451,0.0005505725857801735,0.6373661756515503,0.3286752700805664,0.00765261659398675,0.598449170589447,0.3089677095413208,0.003705533454194665,0.5754061341285706,0.2941976487636566,0.0017633313545957208,0.559053361415863,0.2797733247280121,-0.0010275072418153286,0.6319563388824463,0.33057135343551636,-0.001375530962832272,0.5759329795837402,0.3448369801044464,-0.008103781379759312,0.5812321305274963,0.37386995553970337,-0.00619096215814352,0.5961021184921265,0.3827587962150574,-0.00364022608846426,0.6262805461883545,0.3444768190383911,-0.010179135948419571,0.5768328309059143,0.37200114130973816,-0.015576226636767387,0.5863032937049866,0.4007072150707245,-0.009662904776632786,0.6009953022003174,0.40395477414131165,-0.005568428430706263,0.6206333637237549,0.3661186099052429,-0.018858162686228752,0.5834289193153381,0.3981558680534363,-0.02372032217681408,0.590675950050354,0.4228191673755646,-0.02115895226597786,0.6037585735321045,0.42832741141319275,-0.018432656303048134,0,0,0,0,0,0,0,0,0,0,0,0,0,0,0,0,0,0,0,0,0,0,0,0,0,0,0,0,0,0,0,0,0,0,0,0,0,0,0,0,0,0,0,0,0,0,0,0,0,0,0,0,0,0,0,0,0,0,0,0,0,0,0,thinking
0.4813712239265442,0.43543684482574463,-0.9282408952713013,0.5099793076515198,0.3714134395122528,-0.8789640665054321,0.5282372236251831,0.36897963285446167,-0.8788200616836548,0.5450955033302307,0.36632004380226135,-0.8785321116447449,0.46115654706954956,0.3727845847606659,-0.8539426922798157,0.4472154676914215,0.37135303020477295,-0.8529723882675171,0.43688327074050903,0.36944952607154846,-0.8531468510627747,0.5728908777236938,0.37322676181793213,-0.5153521299362183,0.4328746795654297,0.37913697957992554,-0.3810381293296814,0.5188177824020386,0.4968884587287903,-0.7908578515052795,0.45720523595809937,0.4961526095867157,-0.7528828382492065,0.7395590543746948,0.6230542659759521,-0.3340163826942444,0.32794898748397827,0.6828222274780273,-0.04789430648088455,0.9852862358093262,0.7655619978904724,-0.9399199485778809,0.22179003059864044,1.0118415355682373,0.062304627150297165,0.7084023952484131,0.43802160024642944,-1.4903467893600464,0.18893833458423615,1.300068736076355,-0.29066622257232666,0.6345449090003967,0.37289556860923767,-1.6402639150619507,0.1683696061372757,1.389153003692627,-0.3290923237800598,0.6190730333328247,0.35151392221450806,-1.487403154373169,0.19774922728538513,1.3593875169754028,-0.5110143423080444,0.6295529007911682,0.3791234791278839,-1.4484646320343018,0.21217747032642365,1.3312623500823975,-0.32058876752853394,0.676800012588501,1.4462908506393433,-0.12148573249578476,0.40173253417015076,1.4459410905838013,0.12675808370113373,0.6575825214385986,2.086760997772217,-0.14753574132919312,0.3942343294620514,2.0835087299346924,0.22773456573486328,0.6666514277458191,2.6355531215667725,0.3860696852207184,0.4067930579185486,2.633586883544922,0.6135298609733582,0.6812205910682678,2.71464467048645,0.4084942936897278,0.4067149758338928,2.711085557937622,0.6358219385147095,0.6144906282424927,2.815417766571045,-0.22223873436450958,0.4478105902671814,2.8277297019958496,-0.0039968183264136314,0.6963607668876648,0.4319424629211426,-1.6827465287860832e-07,0.6671678423881531,0.42420694231987,0.00858711451292038,0.6364846229553223,0.4092146158218384,0.008012061007320881,0.6077294945716858,0.40787363052368164,0.003944097086787224,0.5861243009567261,0.4116756319999695,-0.00024299923097714782,0.6373453140258789,0.3285476267337799,0.008064904250204563,0.5986831784248352,0.3089276850223541,0.003976940643042326,0.5757845640182495,0.2942826747894287,0.0020224549807608128,0.5597001314163208,0.28017252683639526,-0.0006566156516782939,0.6318426132202148,0.33048611879348755,-0.0007656440720893443,0.5758110284805298,0.3443487286567688,-0.007780580315738916,0.5809709429740906,0.3739110231399536,-0.005914619658142328,0.5958048105239868,0.3830685317516327,-0.003153820987790823,0.626171886920929,0.3442775011062622,-0.00954547617584467,0.5772435665130615,0.371792733669281,-0.015471302904188633,0.5862858891487122,0.4008577764034271,-0.009888391010463238,0.6006765961647034,0.4040079116821289,-0.005701911170035601,0.620498538017273,0.3658710718154907,-0.018219273537397385,0.5833145976066589,0.39715561270713806,-0.02308925986289978,0.5902201533317566,0.4218069314956665,-0.020544270053505898,0.6030978560447693,0.4270162582397461,-0.017745809629559517,0,0,0,0,0,0,0,0,0,0,0,0,0,0,0,0,0,0,0,0,0,0,0,0,0,0,0,0,0,0,0,0,0,0,0,0,0,0,0,0,0,0,0,0,0,0,0,0,0,0,0,0,0,0,0,0,0,0,0,0,0,0,0,thinking
0.4811701774597168,0.4358445405960083,-0.9213482737541199,0.5098263025283813,0.3716428577899933,-0.8726204037666321,0.5281065702438354,0.36917731165885925,-0.8724625706672668,0.5450071692466736,0.36647477746009827,-0.8721710443496704,0.46099987626075745,0.37326449155807495,-0.8470184206962585,0.44709673523902893,0.37198731303215027,-0.8460402488708496,0.4368166923522949,0.3701733350753784,-0.8461998105049133,0.5728678703308105,0.3732932209968567,-0.5123706459999084,0.43288397789001465,0.37964296340942383,-0.3735857307910919,0.5187405347824097,0.4971337616443634,-0.7851338386535645,0.45717954635620117,0.4967445135116577,-0.7461569905281067,0.7394159436225891,0.6221052408218384,-0.3355431854724884,0.32795292139053345,0.6830733418464661,-0.041994787752628326,0.9852754473686218,0.7641627788543701,-0.9484217762947083,0.22125279903411865,1.011930227279663,0.05035637691617012,0.7084393501281738,0.4377509653568268,-1.4865577220916748,0.18946808576583862,1.2865201234817505,-0.4143999218940735,0.6347417831420898,0.3725951015949249,-1.6319639682769775,0.16894495487213135,1.3695257902145386,-0.47506412863731384,0.6191104054450989,0.3513365387916565,-1.4718973636627197,0.1981099545955658,1.3385512828826904,-0.5653483867645264,0.6295724511146545,0.37893009185791016,-1.4410254955291748,0.21257975697517395,1.3129303455352783,-0.4443069100379944,0.6774882674217224,1.4464606046676636,-0.12269879877567291,0.4021604657173157,1.4466055631637573,0.12798333168029785,0.6593700647354126,2.087101936340332,-0.1451353132724762,0.3961419463157654,2.084587574005127,0.24306531250476837,0.6703202128410339,2.6357548236846924,0.3865393102169037,0.4108077585697174,2.6340527534484863,0.6326572299003601,0.6853018999099731,2.7146661281585693,0.4097151756286621,0.41084322333335876,2.7111878395080566,0.6552696228027344,0.6182945966720581,2.8156187534332275,-0.21686184406280518,0.4526750445365906,2.8287174701690674,0.016278712078928947,0.6960974335670471,0.4317268133163452,-1.6728816376598843e-07,0.6669272780418396,0.4233236312866211,0.008532716892659664,0.6364079713821411,0.4079309403896332,0.007910400629043579,0.6078448295593262,0.40627917647361755,0.0037601070944219828,0.5863574147224426,0.4100061357021332,-0.0005156623665243387,0.6370745301246643,0.32827475666999817,0.008002255111932755,0.5985339283943176,0.30871468782424927,0.0036701299250125885,0.5757119655609131,0.2941429913043976,0.0016236925730481744,0.5597454309463501,0.2801324129104614,-0.0010444832732900977,0.6317797899246216,0.33030465245246887,-0.0009234445751644671,0.5757845044136047,0.3443179130554199,-0.008257117122411728,0.5808632373809814,0.37407010793685913,-0.00644105626270175,0.5956793427467346,0.38333067297935486,-0.003623222466558218,0.6262500286102295,0.3441861867904663,-0.009836292825639248,0.5774704813957214,0.3716796338558197,-0.016201453283429146,0.5863593220710754,0.40092846751213074,-0.010635429993271828,0.6006792187690735,0.40420037508010864,-0.006301322486251593,0.6206585764884949,0.3658003807067871,-0.018627403303980827,0.5833932161331177,0.3965481221675873,-0.02375059202313423,0.5901575684547424,0.4212598204612732,-0.021133098751306534,0.6030012965202332,0.4265078902244568,-0.018201397731900215,0,0,0,0,0,0,0,0,0,0,0,0,0,0,0,0,0,0,0,0,0,0,0,0,0,0,0,0,0,0,0,0,0,0,0,0,0,0,0,0,0,0,0,0,0,0,0,0,0,0,0,0,0,0,0,0,0,0,0,0,0,0,0,thinking
0.4810749590396881,0.4359431564807892,-0.9426071047782898,0.5097225904464722,0.3716978430747986,-0.8908424377441406,0.5279932022094727,0.3692402243614197,-0.8907865285873413,0.5449020862579346,0.36655083298683167,-0.8905133008956909,0.46093711256980896,0.37340402603149414,-0.8675165176391602,0.44704514741897583,0.3722042441368103,-0.8666291236877441,0.43675661087036133,0.3704843521118164,-0.8668323755264282,0.572726309299469,0.37342414259910583,-0.5140924453735352,0.4328528940677643,0.3800615668296814,-0.38181203603744507,0.5186640620231628,0.49717557430267334,-0.7992576956748962,0.4571569561958313,0.49693262577056885,-0.7632824182510376,0.7394098043441772,0.6220588088035583,-0.3356395363807678,0.327708899974823,0.6832377910614014,-0.04228471219539642,0.9827659726142883,0.7636802196502686,-0.9483636021614075,0.22069525718688965,1.010155200958252,-0.008348328992724419,0.7084392309188843,0.4374038875102997,-1.5070892572402954,0.18933871388435364,1.2872878313064575,-0.5718724727630615,0.6347908973693848,0.37259626388549805,-1.6582586765289307,0.1671627163887024,1.3726184368133545,-0.6599853038787842,0.6191338896751404,0.3512874245643616,-1.499822974205017,0.19674080610275269,1.340794324874878,-0.7380379438400269,0.6296166181564331,0.3788014054298401,-1.463682770729065,0.21194949746131897,1.3154057264328003,-0.6194628477096558,0.6776491403579712,1.4463506937026978,-0.12335953861474991,0.4032776355743408,1.4465008974075317,0.12847815454006195,0.6599223017692566,2.086684465408325,-0.1501987874507904,0.39639267325401306,2.0843913555145264,0.19638437032699585,0.6698382496833801,2.6363015174865723,0.38079220056533813,0.4120074212551117,2.6344642639160156,0.5188072919845581,0.6841979026794434,2.715111255645752,0.40242576599121094,0.4125033915042877,2.7113940715789795,0.5331010818481445,0.61842280626297,2.815622568130493,-0.22554531693458557,0.45341062545776367,2.8287322521209717,-0.11675598472356796,0.696795642375946,0.4320469796657562,-1.747003608443265e-07,0.6692937612533569,0.41720837354660034,0.008643629029393196,0.6380617618560791,0.4007512927055359,0.008168552070856094,0.6091909408569336,0.39997774362564087,0.004431522451341152,0.5880920886993408,0.40488401055336,0.00045246529043652117,0.6384729743003845,0.3289470970630646,0.006268416531383991,0.5990203022956848,0.3099128305912018,0.0011276634177193046,0.5768850445747375,0.2950053811073303,-0.0013984349789097905,0.5610404014587402,0.27948516607284546,-0.004381865728646517,0.6329830288887024,0.33046939969062805,-0.002415173454210162,0.5763335227966309,0.3462938070297241,-0.010735342279076576,0.5831214785575867,0.3762330114841461,-0.009272748604416847,0.5989788174629211,0.3859271705150604,-0.006632257252931595,0.6269810199737549,0.3439182639122009,-0.010871048085391521,0.577378511428833,0.37393391132354736,-0.01789851114153862,0.5882763862609863,0.4038260281085968,-0.012309624813497066,0.6035425066947937,0.40795841813087463,-0.007827578112483025,0.6212922930717468,0.3649083971977234,-0.019108034670352936,0.5833914875984192,0.39716777205467224,-0.02506953291594982,0.5916555523872375,0.4233599603176117,-0.0224916972219944,0.6050202250480652,0.4300335645675659,-0.01941858045756817,0,0,0,0,0,0,0,0,0,0,0,0,0,0,0,0,0,0,0,0,0,0,0,0,0,0,0,0,0,0,0,0,0,0,0,0,0,0,0,0,0,0,0,0,0,0,0,0,0,0,0,0,0,0,0,0,0,0,0,0,0,0,0,thinking
0.4810057282447815,0.4360388517379761,-0.9509358406066895,0.5096473097801208,0.3717450797557831,-0.8982325792312622,0.5279158353805542,0.3692910969257355,-0.8981976509094238,0.5448310375213623,0.3666089177131653,-0.8979271650314331,0.46087607741355896,0.37352389097213745,-0.8760589361190796,0.44699105620384216,0.3723854720592499,-0.8751961588859558,0.43669453263282776,0.3707353472709656,-0.8754100799560547,0.5726208090782166,0.37350994348526,-0.5151076316833496,0.4328140616416931,0.3803817927837372,-0.3874351382255554,0.5186140537261963,0.497220516204834,-0.8053570985794067,0.4571387767791748,0.4970957338809967,-0.7709389925003052,0.7394064664840698,0.6219776272773743,-0.33572596311569214,0.3274518847465515,0.6833812594413757,-0.04361216723918915,0.981095016002655,0.7633765339851379,-0.9477190971374512,0.22012925148010254,1.009035348892212,-0.023596560582518578,0.7084416151046753,0.4371514320373535,-1.5108765363693237,0.18938253819942474,1.289608359336853,-0.5852938890457153,0.6348366141319275,0.37259441614151,-1.6626989841461182,0.16646504402160645,1.377541422843933,-0.6742576956748962,0.6191540956497192,0.35125234723091125,-1.5037038326263428,0.19626611471176147,1.342602252960205,-0.7499266862869263,0.629651665687561,0.3786979615688324,-1.4676510095596313,0.21176616847515106,1.3162477016448975,-0.6344963908195496,0.6777886152267456,1.4463330507278442,-0.12384818494319916,0.4040597975254059,1.4464930295944214,0.12885522842407227,0.6603485345840454,2.0865232944488525,-0.1517363041639328,0.3965872526168823,2.0843605995178223,0.18490883708000183,0.6695370078086853,2.6369028091430664,0.38069257140159607,0.4129979610443115,2.6349921226501465,0.5025079250335693,0.6835146546363831,2.7156295776367188,0.4021887183189392,0.41381779313087463,2.711733102798462,0.5165647268295288,0.6185246109962463,2.8156890869140625,-0.22526350617408752,0.4540649950504303,2.8288331031799316,-0.1325882077217102,0.697076141834259,0.43217772245407104,-1.7244867933641217e-07,0.6695969700813293,0.41733595728874207,0.008535168133676052,0.6382834315299988,0.4008341431617737,0.007999458350241184,0.6093382239341736,0.4003155529499054,0.004084274172782898,0.5881991982460022,0.40545693039894104,-1.5810846889507957e-05,0.6380542516708374,0.32898709177970886,0.0070679630152881145,0.5989319682121277,0.3100001811981201,0.0018706659320741892,0.5768188834190369,0.29531702399253845,-0.0006612674333155155,0.5611376762390137,0.2802388668060303,-0.003634937107563019,0.6327728033065796,0.33039385080337524,-0.0018043752061203122,0.5764408111572266,0.3467089831829071,-0.010439708828926086,0.5833141207695007,0.3767990171909332,-0.009218464605510235,0.5989168286323547,0.38623568415641785,-0.006613250821828842,0.6270800828933716,0.3437178134918213,-0.010569203644990921,0.5777776837348938,0.37421098351478577,-0.018099891021847725,0.5886745452880859,0.404060035943985,-0.012818979099392891,0.6035665273666382,0.4074665606021881,-0.008362374268472195,0.6216363906860352,0.3647458851337433,-0.019111651927232742,0.5837296843528748,0.3970332443714142,-0.025214768946170807,0.5922489166259766,0.42253926396369934,-0.022703222930431366,0.6057122349739075,0.42796117067337036,-0.019638190045952797,0,0,0,0,0,0,0,0,0,0,0,0,0,0,0,0,0,0,0,0,0,0,0,0,0,0,0,0,0,0,0,0,0,0,0,0,0,0,0,0,0,0,0,0,0,0,0,0,0,0,0,0,0,0,0,0,0,0,0,0,0,0,0,thinking
0.48070794343948364,0.43616899847984314,-1.0285855531692505,0.5096355676651001,0.37180131673812866,-0.9742959141731262,0.5279065370559692,0.36938393115997314,-0.9742720723152161,0.5448471307754517,0.3667404055595398,-0.9739087820053101,0.46086668968200684,0.37352558970451355,-0.9518140554428101,0.4469841420650482,0.37235862016677856,-0.9508967399597168,0.43668365478515625,0.37065187096595764,-0.9511682391166687,0.5730331540107727,0.37353187799453735,-0.5670557022094727,0.43298783898353577,0.38015228509902954,-0.441739946603775,0.5182791948318481,0.49742525815963745,-0.8740277290344238,0.4567983150482178,0.4970947206020355,-0.8392587900161743,0.73968106508255,0.6184673309326172,-0.3712626099586487,0.32777634263038635,0.6827839016914368,-0.05991841480135918,0.9815667867660522,0.765950620174408,-0.9960683584213257,0.2133941948413849,1.0546519756317139,0.11925659328699112,0.7083213925361633,0.43786194920539856,-1.6331008672714233,0.18616627156734467,1.3666489124298096,-0.24881255626678467,0.6347900629043579,0.3756394684314728,-1.797825813293457,0.16140326857566833,1.4821354150772095,-0.31282827258110046,0.6191316843032837,0.354006826877594,-1.6456491947174072,0.1929158866405487,1.4669101238250732,-0.4141389727592468,0.6295663118362427,0.37980517745018005,-1.5942745208740234,0.20901067554950714,1.4302375316619873,-0.30343061685562134,0.6824444532394409,1.4507508277893066,-0.12403348833322525,0.40479952096939087,1.4523581266403198,0.12905070185661316,0.669391393661499,2.09748911857605,-0.08916406333446503,0.4031035006046295,2.0952489376068115,0.199430450797081,0.6774535775184631,2.6466097831726074,0.5499916076660156,0.4229377210140228,2.647883892059326,0.6372429132461548,0.6902028322219849,2.726351261138916,0.5806991457939148,0.4234272539615631,2.725593328475952,0.6632656455039978,0.631820797920227,2.8282546997070312,-0.0699804276227951,0.4696660041809082,2.8432457447052,-0.01924801431596279,0.6988193988800049,0.4366205930709839,-1.7745439606642321e-07,0.6613795161247253,0.44028669595718384,0.005184900481253862,0.6318826079368591,0.4246310889720917,0.001926279510371387,0.6057190299034119,0.4183250665664673,-0.004041458014398813,0.5847118496894836,0.4160582423210144,-0.009936859831213951,0.6422474980354309,0.33095481991767883,0.0021597291342914104,0.6005641222000122,0.3102830648422241,-0.004205143544822931,0.5774877071380615,0.2961697578430176,-0.007931900210678577,0.5605581998825073,0.2819085717201233,-0.011633660644292831,0.6393309831619263,0.3326614499092102,-0.005941770039498806,0.5794709920883179,0.34795090556144714,-0.015522025525569916,0.5862866044044495,0.3797978162765503,-0.014781816862523556,0.602023184299469,0.3876112103462219,-0.0126425726339221,0.6341005563735962,0.3464241921901703,-0.0140158049762249,0.5806676745414734,0.3739396631717682,-0.02233697846531868,0.5913743376731873,0.402937650680542,-0.015966808423399925,0.6075446605682373,0.4051843583583832,-0.010784496553242207,0.6273346543312073,0.3682606816291809,-0.022244904190301895,0.586798906326294,0.39709481596946716,-0.0288477074354887,0.5952720642089844,0.42142677307128906,-0.025268765166401863,0.6103609204292297,0.4262116551399231,-0.02131701074540615,0,0,0,0,0,0,0,0,0,0,0,0,0,0,0,0,0,0,0,0,0,0,0,0,0,0,0,0,0,0,0,0,0,0,0,0,0,0,0,0,0,0,0,0,0,0,0,0,0,0,0,0,0,0,0,0,0,0,0,0,0,0,0,thinking
0.4807211756706238,0.43621981143951416,-1.0071439743041992,0.5104725360870361,0.3718007504940033,-0.9546758532524109,0.5289149880409241,0.3693925142288208,-0.9546496272087097,0.5459734797477722,0.36675557494163513,-0.9542369842529297,0.46188560128211975,0.37352028489112854,-0.930668830871582,0.44790714979171753,0.372346431016922,-0.9297256469726562,0.4372785687446594,0.3706422746181488,-0.929967999458313,0.5773171186447144,0.37523582577705383,-0.566672682762146,0.43548163771629333,0.38104310631752014,-0.3840765655040741,0.5184227824211121,0.49778902530670166,-0.8609954118728638,0.45697325468063354,0.4985600411891937,-0.8227254152297974,0.7529749274253845,0.6368552446365356,-0.3882836103439331,0.33544212579727173,0.6892917156219482,-0.051369715481996536,0.982873260974884,0.8513669967651367,-1.1206036806106567,0.24019455909729004,1.049000859260559,-0.2481597363948822,0.7281670570373535,0.5433071851730347,-1.7812767028808594,0.21578256785869598,1.192441701889038,-1.110917091369629,0.6515666246414185,0.4446645677089691,-1.9385969638824463,0.19693619012832642,1.2300810813903809,-1.2457784414291382,0.632036030292511,0.42280179262161255,-1.7820218801498413,0.2211468517780304,1.1846555471420288,-1.266493558883667,0.6419485807418823,0.4676731824874878,-1.7371532917022705,0.24052992463111877,1.1774451732635498,-1.1489245891571045,0.688663125038147,1.4594944715499878,-0.13791486620903015,0.405209481716156,1.4611918926239014,0.14292407035827637,0.6755186319351196,2.1024043560028076,-0.09687851369380951,0.41149336099624634,2.1068484783172607,0.2742365002632141,0.6909307241439819,2.6564149856567383,0.5034703016281128,0.43647462129592896,2.663822650909424,0.7584095001220703,0.704990029335022,2.7375128269195557,0.5301095247268677,0.4396386742591858,2.74251127243042,0.7885113954544067,0.6455342769622803,2.835582733154297,-0.10502175241708755,0.47621574997901917,2.8566598892211914,0.10071245580911636,0,0,0,0,0,0,0,0,0,0,0,0,0,0,0,0,0,0,0,0,0,0,0,0,0,0,0,0,0,0,0,0,0,0,0,0,0,0,0,0,0,0,0,0,0,0,0,0,0,0,0,0,0,0,0,0,0,0,0,0,0,0,0,0,0,0,0,0,0,0,0,0,0,0,0,0,0,0,0,0,0,0,0,0,0,0,0,0,0,0,0,0,0,0,0,0,0,0,0,0,0,0,0,0,0,0,0,0,0,0,0,0,0,0,0,0,0,0,0,0,0,0,0,0,0,0,thinking
0.4806346893310547,0.43623027205467224,-1.0259437561035156,0.510562539100647,0.3717699944972992,-0.9716091156005859,0.529141902923584,0.36938974261283875,-0.9715971946716309,0.5464943647384644,0.36676642298698425,-0.9710626602172852,0.4621204435825348,0.3734443485736847,-0.9412406086921692,0.4482060372829437,0.37225818634033203,-0.9404169321060181,0.43747130036354065,0.3705591857433319,-0.9406675100326538,0.5809229016304016,0.3767678439617157,-0.5768157243728638,0.4370613694190979,0.381234735250473,-0.3941895365715027,0.5184349417686462,0.4979742169380188,-0.8778368830680847,0.4569869041442871,0.49879756569862366,-0.8319720029830933,0.755804181098938,0.6370673775672913,-0.38234904408454895,0.336233913898468,0.6892424821853638,-0.07135029137134552,0.9828789830207825,0.8697040677070618,-1.0650570392608643,0.2511623501777649,1.0423328876495361,-0.19172385334968567,0.73912113904953,0.5636664032936096,-1.7023389339447021,0.25040748715400696,1.2265931367874146,-0.923176109790802,0.6628084182739258,0.47059866786003113,-1.8661009073257446,0.2374533861875534,1.2905644178390503,-1.0516859292984009,0.6397340297698975,0.4480348527431488,-1.714089035987854,0.26570433378219604,1.2553917169570923,-1.0989913940429688,0.6492990255355835,0.4916307032108307,-1.6622984409332275,0.2810540795326233,1.2366116046905518,-0.967635452747345,0.693798303604126,1.4591747522354126,-0.13715577125549316,0.4059517979621887,1.4613571166992188,0.14216789603233337,0.6831185221672058,2.102177381515503,-0.09631102532148361,0.4238082766532898,2.106046438217163,0.14323879778385162,0.6997231245040894,2.658395290374756,0.5260985493659973,0.4470779299736023,2.6677026748657227,0.6054508686065674,0.7122901082038879,2.7388739585876465,0.5519670248031616,0.45018139481544495,2.7483432292938232,0.6345988512039185,0.6567650437355042,2.8397791385650635,-0.1144050806760788,0.48628878593444824,2.8574585914611816,-0.09810985624790192,0,0,0,0,0,0,0,0,0,0,0,0,0,0,0,0,0,0,0,0,0,0,0,0,0,0,0,0,0,0,0,0,0,0,0,0,0,0,0,0,0,0,0,0,0,0,0,0,0,0,0,0,0,0,0,0,0,0,0,0,0,0,0,0,0,0,0,0,0,0,0,0,0,0,0,0,0,0,0,0,0,0,0,0,0,0,0,0,0,0,0,0,0,0,0,0,0,0,0,0,0,0,0,0,0,0,0,0,0,0,0,0,0,0,0,0,0,0,0,0,0,0,0,0,0,0,thinking
0.4805968701839447,0.436238557100296,-1.0296015739440918,0.5107730627059937,0.3717373013496399,-0.9727993011474609,0.5294780731201172,0.36938944458961487,-0.972786545753479,0.5470283627510071,0.36678746342658997,-0.972231388092041,0.46243220567703247,0.37333664298057556,-0.9412825703620911,0.44856172800064087,0.37213075160980225,-0.9404608607292175,0.43771982192993164,0.3704291582107544,-0.9406982660293579,0.5829336047172546,0.378249853849411,-0.5732851028442383,0.4382784366607666,0.38134467601776123,-0.3946153521537781,0.5184338092803955,0.49811747670173645,-0.8808125257492065,0.45698457956314087,0.4989061951637268,-0.8334088325500488,0.7564262747764587,0.6411548852920532,-0.37829267978668213,0.33665984869003296,0.6892045140266418,-0.0770106166601181,0.9835912585258484,0.8741495013237,-1.0684316158294678,0.25109902024269104,1.0407286882400513,-0.19581595063209534,0.7449160218238831,0.5675069093704224,-1.7370758056640625,0.25503650307655334,1.2431436777114868,-0.9277992248535156,0.6686223149299622,0.4786606729030609,-1.9064781665802002,0.24205848574638367,1.3146655559539795,-1.0545979738235474,0.6440871953964233,0.45645710825920105,-1.7530158758163452,0.2710162401199341,1.2752230167388916,-1.1002976894378662,0.6537854075431824,0.49826639890670776,-1.6977694034576416,0.2859063744544983,1.2543351650238037,-0.9712095260620117,0.6936786770820618,1.4604814052581787,-0.13727663457393646,0.40568843483924866,1.462323546409607,0.14228980243206024,0.6827394962310791,2.1036181449890137,-0.1004352793097496,0.42337268590927124,2.107161283493042,0.14468804001808167,0.6979613304138184,2.6623332500457764,0.5124719142913818,0.4454435706138611,2.671452522277832,0.5847183465957642,0.7106147408485413,2.7424702644348145,0.5372428297996521,0.44801491498947144,2.752244472503662,0.6111860275268555,0.6538587808609009,2.8431525230407715,-0.1264336109161377,0.4849928021430969,2.8594954013824463,-0.11256740987300873,0,0,0,0,0,0,0,0,0,0,0,0,0,0,0,0,0,0,0,0,0,0,0,0,0,0,0,0,0,0,0,0,0,0,0,0,0,0,0,0,0,0,0,0,0,0,0,0,0,0,0,0,0,0,0,0,0,0,0,0,0,0,0,0,0,0,0,0,0,0,0,0,0,0,0,0,0,0,0,0,0,0,0,0,0,0,0,0,0,0,0,0,0,0,0,0,0,0,0,0,0,0,0,0,0,0,0,0,0,0,0,0,0,0,0,0,0,0,0,0,0,0,0,0,0,0,thinking
0.4847428798675537,0.4372134208679199,-1.0288127660751343,0.5166173577308655,0.37298938632011414,-0.9753686785697937,0.534371018409729,0.371334433555603,-0.9755359888076782,0.551134467124939,0.36966466903686523,-0.9754001498222351,0.4685693681240082,0.3734707236289978,-0.954369068145752,0.45429348945617676,0.3721238672733307,-0.9536965489387512,0.44226914644241333,0.37026649713516235,-0.9539743661880493,0.5831588506698608,0.3814365267753601,-0.550589919090271,0.44091635942459106,0.38135626912117004,-0.41347652673721313,0.5195772051811218,0.498849093914032,-0.8712146878242493,0.46018052101135254,0.4990096688270569,-0.8306811451911926,0.7560805678367615,0.653635561466217,-0.24700085818767548,0.3306465148925781,0.6890028715133667,-0.12430685758590698,0.9471063613891602,0.9288660883903503,-0.6598508358001709,0.2232685089111328,1.0149645805358887,-0.6722175478935242,0.7931164503097534,0.9868158102035522,-1.4346047639846802,0.2670923173427582,0.9617023468017578,-1.8615878820419312,0.6919626593589783,0.9374100565910339,-1.5972312688827515,0.29270118474960327,0.883433997631073,-2.0713210105895996,0.6617211699485779,0.8881164193153381,-1.5746557712554932,0.28389647603034973,0.8413505554199219,-2.0482289791107178,0.6715966463088989,0.8887952566146851,-1.441620111465454,0.32528361678123474,0.8442840576171875,-1.880976915359497,0.6866558790206909,1.4443933963775635,-0.12169370800256729,0.4007774889469147,1.4422653913497925,0.12626276910305023,0.6772754788398743,2.082648277282715,-0.15372994542121887,0.41073471307754517,2.076059579849243,0.14682574570178986,0.6823458671569824,2.6472573280334473,0.34885019063949585,0.4267672896385193,2.647923707962036,0.5754900574684143,0.6893883943557739,2.725518226623535,0.35652628540992737,0.4262365400791168,2.7264318466186523,0.5997180938720703,0.6417291164398193,2.820498466491699,-0.32584136724472046,0.4533013701438904,2.828359365463257,-0.10945030301809311,0,0,0,0,0,0,0,0,0,0,0,0,0,0,0,0,0,0,0,0,0,0,0,0,0,0,0,0,0,0,0,0,0,0,0,0,0,0,0,0,0,0,0,0,0,0,0,0,0,0,0,0,0,0,0,0,0,0,0,0,0,0,0,0,0,0,0,0,0,0,0,0,0,0,0,0,0,0,0,0,0,0,0,0,0,0,0,0,0,0,0,0,0,0,0,0,0,0,0,0,0,0,0,0,0,0,0,0,0,0,0,0,0,0,0,0,0,0,0,0,0,0,0,0,0,0,thinking
0.48739832639694214,0.43765565752983093,-1.047824501991272,0.5198682546615601,0.3737383782863617,-0.992895781993866,0.5371883511543274,0.37255480885505676,-0.9931520223617554,0.5536405444145203,0.371491938829422,-0.9931654930114746,0.4719258248806,0.3735141158103943,-0.9799196124076843,0.45745405554771423,0.3720878064632416,-0.9793273210525513,0.44495120644569397,0.370063841342926,-0.9796494245529175,0.5834236145019531,0.38369861245155334,-0.5474399328231812,0.44232410192489624,0.38135942816734314,-0.4478164613246918,0.5207107663154602,0.4992694556713104,-0.8752768635749817,0.46238717436790466,0.49909353256225586,-0.8492291569709778,0.7559802532196045,0.6596765518188477,-0.22853314876556396,0.32472360134124756,0.6889733076095581,-0.1838790327310562,0.9334753155708313,0.9383366107940674,-0.6200910806655884,0.21195881068706512,0.9990280866622925,-0.7588885426521301,0.8085368871688843,1.0162711143493652,-1.3789825439453125,0.2738051116466522,0.9367430806159973,-1.9205245971679688,0.6961777210235596,0.9650452733039856,-1.5372227430343628,0.3172302842140198,0.8604754209518433,-2.1313138008117676,0.683143675327301,0.9097191095352173,-1.5164072513580322,0.3077300488948822,0.8248676657676697,-2.1039185523986816,0.6769942045211792,0.910257875919342,-1.3882588148117065,0.3289986848831177,0.8425740599632263,-1.9372392892837524,0.6844092607498169,1.436979055404663,-0.10252853482961655,0.39705389738082886,1.4344617128372192,0.10687887668609619,0.675382673740387,2.071737051010132,-0.12970034778118134,0.4049583971500397,2.063227653503418,0.15147434175014496,0.675571620464325,2.6331827640533447,0.37419870495796204,0.4181879460811615,2.6318414211273193,0.5976057648658752,0.6806629300117493,2.7102630138397217,0.39580079913139343,0.4167991280555725,2.708609104156494,0.6254032254219055,0.6364409923553467,2.804797410964966,-0.26798051595687866,0.44378000497817993,2.8111021518707275,-0.09412047266960144,0,0,0,0,0,0,0,0,0,0,0,0,0,0,0,0,0,0,0,0,0,0,0,0,0,0,0,0,0,0,0,0,0,0,0,0,0,0,0,0,0,0,0,0,0,0,0,0,0,0,0,0,0,0,0,0,0,0,0,0,0,0,0,0,0,0,0,0,0,0,0,0,0,0,0,0,0,0,0,0,0,0,0,0,0,0,0,0,0,0,0,0,0,0,0,0,0,0,0,0,0,0,0,0,0,0,0,0,0,0,0,0,0,0,0,0,0,0,0,0,0,0,0,0,0,0,thinking
0.5092800855636597,0.4376961290836334,-1.0447965860366821,0.5411447286605835,0.3744155168533325,-0.9862121343612671,0.5555238723754883,0.3737686276435852,-0.9863678216934204,0.5684947967529297,0.3733711242675781,-0.9864546656608582,0.4939269423484802,0.3735046684741974,-0.9692351222038269,0.4778839647769928,0.37180963158607483,-0.9687444567680359,0.46338969469070435,0.3689977824687958,-0.9690645933151245,0.5975097417831421,0.3848147690296173,-0.5387033820152283,0.4489380419254303,0.3797834813594818,-0.44042330980300903,0.5382188558578491,0.49928057193756104,-0.8758609890937805,0.4818422794342041,0.49828654527664185,-0.8495089411735535,0.7555005550384521,0.6664983630180359,-0.24608385562896729,0.3307102620601654,0.661663293838501,-0.16181060671806335,0.9066964983940125,0.9738103747367859,-0.373161256313324,0.1530289649963379,0.9183546900749207,-0.7444979548454285,0.8461357355117798,1.289439082145691,-0.7634159326553345,0.27011388540267944,0.6188153624534607,-1.7955042123794556,0.832223117351532,1.3731586933135986,-0.8701421022415161,0.2918435335159302,0.5127594470977783,-2.0049426555633545,0.7881699800491333,1.33501398563385,-0.8893634080886841,0.30180519819259644,0.48991578817367554,-1.9354979991912842,0.77440345287323,1.3136972188949585,-0.7839881181716919,0.31646081805229187,0.5208120942115784,-1.8001114130020142,0.6801321506500244,1.4374070167541504,-0.10497164726257324,0.39530178904533386,1.4298434257507324,0.10946987569332123,0.6564544439315796,2.0730700492858887,-0.25723913311958313,0.38800400495529175,2.060152530670166,0.1572667956352234,0.6308692693710327,2.6380844116210938,0.20761609077453613,0.3732602596282959,2.6289212703704834,0.611875593662262,0.6342262029647827,2.716876745223999,0.21419870853424072,0.3661712110042572,2.704725503921509,0.6409589648246765,0.5824816823005676,2.8054113388061523,-0.46609681844711304,0.39305004477500916,2.8104617595672607,-0.07014093548059464,0,0,0,0,0,0,0,0,0,0,0,0,0,0,0,0,0,0,0,0,0,0,0,0,0,0,0,0,0,0,0,0,0,0,0,0,0,0,0,0,0,0,0,0,0,0,0,0,0,0,0,0,0,0,0,0,0,0,0,0,0,0,0,0,0,0,0,0,0,0,0,0,0,0,0,0,0,0,0,0,0,0,0,0,0,0,0,0,0,0,0,0,0,0,0,0,0,0,0,0,0,0,0,0,0,0,0,0,0,0,0,0,0,0,0,0,0,0,0,0,0,0,0,0,0,0,thinking
0.5364720225334167,0.4358714818954468,-1.0112699270248413,0.5664845108985901,0.37453413009643555,-0.9391278028488159,0.5804077386856079,0.37416696548461914,-0.9391242861747742,0.5948828458786011,0.3743777573108673,-0.9394737482070923,0.5251669883728027,0.373071551322937,-0.9361559152603149,0.5093969106674194,0.3704591691493988,-0.9358717799186707,0.4941829741001129,0.3660200238227844,-0.9361904859542847,0.6214796900749207,0.38693901896476746,-0.47564396262168884,0.46680188179016113,0.3743925392627716,-0.4381881654262543,0.5590918660163879,0.4967365860939026,-0.8419657945632935,0.5073529481887817,0.48883968591690063,-0.835874080657959,0.7556041479110718,0.670068621635437,-0.21730151772499084,0.33649536967277527,0.6324933171272278,-0.20227353274822235,0.8802606463432312,0.9900005459785461,-0.2708725333213806,0.12266696989536285,0.8227497935295105,-0.8167386054992676,0.8425067067146301,1.3548634052276611,-0.5084569454193115,0.2938963770866394,0.4592803120613098,-1.6368051767349243,0.8408991694450378,1.4441684484481812,-0.5983869433403015,0.3444126844406128,0.3741893172264099,-1.8263194561004639,0.7954872846603394,1.4198262691497803,-0.6055895090103149,0.37035876512527466,0.3704991936683655,-1.7172787189483643,0.7801340222358704,1.3968234062194824,-0.526371955871582,0.37073972821235657,0.4107643663883209,-1.6222593784332275,0.6738469004631042,1.4271323680877686,-0.1020379289984703,0.39018234610557556,1.417747974395752,0.10597489774227142,0.6448543071746826,2.063563585281372,-0.21753191947937012,0.38205355405807495,2.0470588207244873,0.16937224566936493,0.6135135889053345,2.6328864097595215,0.29531171917915344,0.36203259229660034,2.6140716075897217,0.6777461767196655,0.6164430379867554,2.7104873657226562,0.3086922764778137,0.3534579277038574,2.6884565353393555,0.7152309417724609,0.564492404460907,2.802349328994751,-0.3557691276073456,0.38271066546440125,2.7951769828796387,0.02483345754444599,0,0,0,0,0,0,0,0,0,0,0,0,0,0,0,0,0,0,0,0,0,0,0,0,0,0,0,0,0,0,0,0,0,0,0,0,0,0,0,0,0,0,0,0,0,0,0,0,0,0,0,0,0,0,0,0,0,0,0,0,0,0,0,0,0,0,0,0,0,0,0,0,0,0,0,0,0,0,0,0,0,0,0,0,0,0,0,0,0,0,0,0,0,0,0,0,0,0,0,0,0,0,0,0,0,0,0,0,0,0,0,0,0,0,0,0,0,0,0,0,0,0,0,0,0,0,thinking
0.5413084030151367,0.4323631227016449,-1.0096617937088013,0.5724074244499207,0.3734011650085449,-0.9361168146133423,0.5860218405723572,0.3735615909099579,-0.9360893368721008,0.6015415787696838,0.37417271733283997,-0.9363986253738403,0.530259370803833,0.36850041151046753,-0.9333000183105469,0.5143985152244568,0.3635908365249634,-0.9331528544425964,0.49933162331581116,0.35741424560546875,-0.9335185885429382,0.6288036704063416,0.38691285252571106,-0.47493433952331543,0.4716706871986389,0.36574631929397583,-0.4352918565273285,0.5642033219337463,0.49394097924232483,-0.8405801057815552,0.5119367837905884,0.48271438479423523,-0.8335261344909668,0.7566336989402771,0.670951783657074,-0.21620936691761017,0.33741989731788635,0.6234695315361023,-0.20087997615337372,0.8798473477363586,0.9885338544845581,-0.23931971192359924,0.11253096908330917,0.8175642490386963,-0.8121134638786316,0.8501948118209839,1.3540745973587036,-0.47977215051651,0.29366761445999146,0.45125633478164673,-1.6583068370819092,0.8538303375244141,1.4486409425735474,-0.5658685564994812,0.34533268213272095,0.36802610754966736,-1.8546373844146729,0.8084887266159058,1.4262261390686035,-0.5846936106681824,0.37331488728523254,0.3598892092704773,-1.7378886938095093,0.7917910814285278,1.4007729291915894,-0.5016120672225952,0.37258270382881165,0.4003189504146576,-1.6418869495391846,0.6698494553565979,1.4223377704620361,-0.10029637813568115,0.38671356439590454,1.411766529083252,0.10395020246505737,0.6382226347923279,2.055983781814575,-0.20165236294269562,0.3777216374874115,2.036369800567627,0.17103801667690277,0.6048333048820496,2.625962734222412,0.3237857222557068,0.35443243384361267,2.599769353866577,0.6744817495346069,0.6073120832443237,2.703648567199707,0.3385651111602783,0.34476929903030396,2.6732823848724365,0.7107759714126587,0.5569871664047241,2.7952449321746826,-0.32107430696487427,0.3758721351623535,2.781196355819702,0.025226116180419922,0,0,0,0,0,0,0,0,0,0,0,0,0,0,0,0,0,0,0,0,0,0,0,0,0,0,0,0,0,0,0,0,0,0,0,0,0,0,0,0,0,0,0,0,0,0,0,0,0,0,0,0,0,0,0,0,0,0,0,0,0,0,0,0,0,0,0,0,0,0,0,0,0,0,0,0,0,0,0,0,0,0,0,0,0,0,0,0,0,0,0,0,0,0,0,0,0,0,0,0,0,0,0,0,0,0,0,0,0,0,0,0,0,0,0,0,0,0,0,0,0,0,0,0,0,0,thinking
0.5549560785293579,0.42903611063957214,-1.0540177822113037,0.5851354002952576,0.3728858530521393,-0.9776740074157715,0.6000345349311829,0.3732665479183197,-0.9776177406311035,0.6160727739334106,0.37405720353126526,-0.977877140045166,0.5451235771179199,0.3668121099472046,-0.9747638702392578,0.5298042297363281,0.3613561987876892,-0.9747666120529175,0.5143059492111206,0.35434669256210327,-0.9753133654594421,0.6429318189620972,0.3868957757949829,-0.4880314767360687,0.48514166474342346,0.36090561747550964,-0.47409582138061523,0.5752047300338745,0.49056774377822876,-0.8807843923568726,0.5258485078811646,0.4763908386230469,-0.8761497735977173,0.7652361392974854,0.6759892702102661,-0.22762171924114227,0.3498252034187317,0.6095400452613831,-0.2583644986152649,0.8805509805679321,1.016943335533142,-0.24883925914764404,0.12100547552108765,0.7776906490325928,-0.892614483833313,0.837757408618927,1.3886984586715698,-0.4583868086338043,0.33116739988327026,0.4316094219684601,-1.6730085611343384,0.8297468423843384,1.4888793230056763,-0.5361917614936829,0.40048933029174805,0.3534066081047058,-1.8636001348495483,0.7848588824272156,1.4610501527786255,-0.5462332963943481,0.4257597327232361,0.35238808393478394,-1.7363052368164062,0.7722201347351074,1.4295785427093506,-0.4755474925041199,0.42044830322265625,0.3884120583534241,-1.651599645614624,0.6689020395278931,1.4229542016983032,-0.09445853531360626,0.3865363299846649,1.4116642475128174,0.09789902716875076,0.6262861490249634,2.0576353073120117,-0.20844611525535583,0.36381861567497253,2.037175178527832,0.07703262567520142,0.5790417194366455,2.632236957550049,0.32106828689575195,0.3268355131149292,2.6034493446350098,0.47611862421035767,0.5790593028068542,2.7112808227539062,0.3361760079860687,0.3158874809741974,2.6781578063964844,0.5004206895828247,0.5294060111045837,2.8020730018615723,-0.3142932057380676,0.34519582986831665,2.7862915992736816,-0.18209519982337952,0,0,0,0,0,0,0,0,0,0,0,0,0,0,0,0,0,0,0,0,0,0,0,0,0,0,0,0,0,0,0,0,0,0,0,0,0,0,0,0,0,0,0,0,0,0,0,0,0,0,0,0,0,0,0,0,0,0,0,0,0,0,0,0,0,0,0,0,0,0,0,0,0,0,0,0,0,0,0,0,0,0,0,0,0,0,0,0,0,0,0,0,0,0,0,0,0,0,0,0,0,0,0,0,0,0,0,0,0,0,0,0,0,0,0,0,0,0,0,0,0,0,0,0,0,0,thinking
0.5594046711921692,0.4288162291049957,-1.073345422744751,0.5898072719573975,0.3729436993598938,-1.002687931060791,0.6041384339332581,0.3733825981616974,-1.002539038658142,0.619806706905365,0.3742469251155853,-1.0028313398361206,0.5501786470413208,0.36685025691986084,-0.9985721707344055,0.5349162817001343,0.3614286184310913,-0.9982911944389343,0.5200179219245911,0.354461133480072,-0.9986894726753235,0.6468822956085205,0.38699963688850403,-0.5162192583084106,0.49161821603775024,0.3599106967449188,-0.4966431260108948,0.5795608758926392,0.4903944730758667,-0.8996782302856445,0.530256450176239,0.47589656710624695,-0.8928565979003906,0.7677566409111023,0.6750633120536804,-0.2366701364517212,0.35438716411590576,0.604758083820343,-0.27654901146888733,0.881280779838562,1.010445237159729,-0.21550318598747253,0.12426861375570297,0.7746418118476868,-0.8777238726615906,0.8356543779373169,1.3800219297409058,-0.376076877117157,0.3346204459667206,0.4292498826980591,-1.654097318649292,0.8294546008110046,1.478324055671692,-0.4483867585659027,0.4016045033931732,0.3511655926704407,-1.8441638946533203,0.7842472195625305,1.45356285572052,-0.46161264181137085,0.42851266264915466,0.3500881493091583,-1.724368691444397,0.7717198729515076,1.4241820573806763,-0.39379194378852844,0.4246395230293274,0.38732483983039856,-1.6347109079360962,0.6646323204040527,1.4237236976623535,-0.08916346728801727,0.38150835037231445,1.4064956903457642,0.09260755777359009,0.6163498759269714,2.057959794998169,-0.17067041993141174,0.35435885190963745,2.0304954051971436,0.10445979982614517,0.5650714039802551,2.627690315246582,0.3907236158847809,0.31146863102912903,2.592914581298828,0.5504515767097473,0.5652543902397156,2.705451726913452,0.40906086564064026,0.2995367646217346,2.6676690578460693,0.5889321565628052,0.510852038860321,2.8003792762756348,-0.2431073635816574,0.32941940426826477,2.7785580158233643,-0.10979729890823364,0,0,0,0,0,0,0,0,0,0,0,0,0,0,0,0,0,0,0,0,0,0,0,0,0,0,0,0,0,0,0,0,0,0,0,0,0,0,0,0,0,0,0,0,0,0,0,0,0,0,0,0,0,0,0,0,0,0,0,0,0,0,0,0,0,0,0,0,0,0,0,0,0,0,0,0,0,0,0,0,0,0,0,0,0,0,0,0,0,0,0,0,0,0,0,0,0,0,0,0,0,0,0,0,0,0,0,0,0,0,0,0,0,0,0,0,0,0,0,0,0,0,0,0,0,0,thinking
0.560329794883728,0.42884722352027893,-1.02775239944458,0.5924120545387268,0.3729642331600189,-0.9620350003242493,0.6061103343963623,0.3734603822231293,-0.961776614189148,0.6216269135475159,0.37437304854393005,-0.9622365236282349,0.5520724058151245,0.3668842613697052,-0.9597201347351074,0.5370840430259705,0.3615087866783142,-0.9592739939689636,0.5226877331733704,0.354646235704422,-0.9596313238143921,0.6485249996185303,0.387295126914978,-0.5001969337463379,0.496056467294693,0.36008453369140625,-0.4857996106147766,0.5812415480613708,0.4904352128505707,-0.8599861860275269,0.5313137173652649,0.47601333260536194,-0.8547468185424805,0.7690006494522095,0.674525260925293,-0.2301972657442093,0.3566921353340149,0.6055530905723572,-0.25786224007606506,0.8822810053825378,1.0059207677841187,-0.23782531917095184,0.12651027739048004,0.777386486530304,-0.8578041195869446,0.8377536535263062,1.3698393106460571,-0.39460664987564087,0.3372262418270111,0.4252816140651703,-1.5998481512069702,0.8351930379867554,1.4637343883514404,-0.4680120050907135,0.4020625948905945,0.34431183338165283,-1.7823734283447266,0.7901359796524048,1.4420427083969116,-0.4686676859855652,0.42967090010643005,0.3386031687259674,-1.666284203529358,0.7768304347991943,1.4150131940841675,-0.4083339273929596,0.4267613887786865,0.37873226404190063,-1.5797672271728516,0.660108745098114,1.424370527267456,-0.08808804303407669,0.37594810128211975,1.406341791152954,0.09158994257450104,0.6112591028213501,2.058699607849121,-0.07712964713573456,0.3493238389492035,2.0300707817077637,0.17752286791801453,0.5628392100334167,2.6234662532806396,0.5279409289360046,0.3086572289466858,2.5893537998199463,0.7305958867073059,0.5632604360580444,2.699777841567993,0.5523786544799805,0.2975253462791443,2.6636362075805664,0.7748762369155884,0.5073137283325195,2.800260066986084,-0.08266876637935638,0.3273380696773529,2.778155565261841,0.09372121095657349,0,0,0,0,0,0,0,0,0,0,0,0,0,0,0,0,0,0,0,0,0,0,0,0,0,0,0,0,0,0,0,0,0,0,0,0,0,0,0,0,0,0,0,0,0,0,0,0,0,0,0,0,0,0,0,0,0,0,0,0,0,0,0,0,0,0,0,0,0,0,0,0,0,0,0,0,0,0,0,0,0,0,0,0,0,0,0,0,0,0,0,0,0,0,0,0,0,0,0,0,0,0,0,0,0,0,0,0,0,0,0,0,0,0,0,0,0,0,0,0,0,0,0,0,0,0,thinking
0.5667935609817505,0.4267195165157318,-1.0213384628295898,0.5970513820648193,0.37256351113319397,-0.9540521502494812,0.6103923916816711,0.3731573522090912,-0.9538189768791199,0.625943124294281,0.37410497665405273,-0.9543322324752808,0.5583562850952148,0.36624377965927124,-0.9474861025810242,0.543913722038269,0.36075541377067566,-0.9469707608222961,0.5304054617881775,0.3538130223751068,-0.9473235011100769,0.6526802182197571,0.38690251111984253,-0.4963977336883545,0.5043354034423828,0.3580533266067505,-0.4478437304496765,0.5867143869400024,0.4878956973552704,-0.8551810383796692,0.5379433631896973,0.4717540144920349,-0.8443098068237305,0.7739455699920654,0.6754213571548462,-0.2354627549648285,0.36551567912101746,0.606916069984436,-0.24073544144630432,0.8854589462280273,1.011010766029358,-0.28437405824661255,0.12686684727668762,0.77519690990448,-0.8446992635726929,0.846747100353241,1.3833811283111572,-0.44130295515060425,0.3531777262687683,0.4383959472179413,-1.6083005666732788,0.848066508769989,1.4818154573440552,-0.5171329975128174,0.40836429595947266,0.36188018321990967,-1.7973358631134033,0.7998036742210388,1.4674586057662964,-0.5207905173301697,0.4339365065097809,0.358097642660141,-1.67995285987854,0.7862029075622559,1.4382132291793823,-0.45505303144454956,0.43144407868385315,0.3925544023513794,-1.5910093784332275,0.6599892377853394,1.4287432432174683,-0.08822983503341675,0.37470871210098267,1.4076036214828491,0.09183359146118164,0.6097438335418701,2.059589385986328,-0.04433491453528404,0.346932590007782,2.0318920612335205,0.2922932207584381,0.5608648657798767,2.622927188873291,0.5983067750930786,0.3020554482936859,2.5902886390686035,0.9399091601371765,0.5616129636764526,2.6988205909729004,0.6268030405044556,0.2904917895793915,2.665072202682495,0.9921110272407532,0.5028679966926575,2.800417423248291,-0.02124479040503502,0.32100874185562134,2.779723882675171,0.3032046854496002,0,0,0,0,0,0,0,0,0,0,0,0,0,0,0,0,0,0,0,0,0,0,0,0,0,0,0,0,0,0,0,0,0,0,0,0,0,0,0,0,0,0,0,0,0,0,0,0,0,0,0,0,0,0,0,0,0,0,0,0,0,0,0,0.3498251140117645,0.4413488209247589,-6.360988180631466e-08,0.405163049697876,0.44905734062194824,0.003732991637662053,0.4380299746990204,0.4374161660671234,-0.003952331375330687,0.4610753059387207,0.43372565507888794,-0.01709464192390442,0.4711402654647827,0.43587493896484375,-0.030186323449015617,0.432659387588501,0.3394339382648468,-0.0008321928908117115,0.4720320403575897,0.3120673596858978,-0.012212351895868778,0.49525001645088196,0.2971326410770416,-0.019996151328086853,0.5130765438079834,0.2820918560028076,-0.02647634968161583,0.42166978120803833,0.34107130765914917,-0.013718970119953156,0.4796346426010132,0.3676915764808655,-0.032585255801677704,0.4680591821670532,0.40120548009872437,-0.035589322447776794,0.4511812925338745,0.40734222531318665,-0.034699879586696625,0.4151582717895508,0.357962429523468,-0.026935316622257233,0.4685194492340088,0.3903922438621521,-0.04196148365736008,0.456356942653656,0.41801393032073975,-0.035516157746315,0.4400522708892822,0.4218507409095764,-0.02889765240252018,0.41229477524757385,0.3835700452327728,-0.04070752486586571,0.45420318841934204,0.40998706221580505,-0.04511956125497818,0.4486779570579529,0.4304630756378174,-0.03740519657731056,0.4385340213775635,0.43448421359062195,-0.031459540128707886,thinking
0.5689285397529602,0.4262184500694275,-0.9360982179641724,0.601708173751831,0.37251919507980347,-0.8822764158248901,0.6150268316268921,0.3731602728366852,-0.8818971514701843,0.6303136348724365,0.37417173385620117,-0.8823224902153015,0.562612771987915,0.3654542565345764,-0.8720670938491821,0.5487837195396423,0.3592354357242584,-0.8715060949325562,0.5363616943359375,0.3517015874385834,-0.8717803955078125,0.6570149660110474,0.3869013488292694,-0.4730915129184723,0.5128551721572876,0.3537110984325409,-0.41552385687828064,0.5881900191307068,0.48698970675468445,-0.7863770723342896,0.5387139320373535,0.4687960743904114,-0.7703448534011841,0.7755189538002014,0.6764066219329834,-0.22519782185554504,0.36964645981788635,0.5923401117324829,-0.25548848509788513,0.8861600756645203,1.0168306827545166,-0.2383815050125122,0.1341160088777542,0.7649604082107544,-0.8647665977478027,0.8674328923225403,1.3878952264785767,-0.39847442507743835,0.36212316155433655,0.434597909450531,-1.6083805561065674,0.8811650276184082,1.484904408454895,-0.47016358375549316,0.4101168215274811,0.3520403802394867,-1.7952289581298828,0.8365022540092468,1.47114098072052,-0.49039578437805176,0.4378589689731598,0.34800925850868225,-1.6877473592758179,0.8178247213363647,1.4417654275894165,-0.420877069234848,0.43686240911483765,0.38599592447280884,-1.5938557386398315,0.6566067934036255,1.4283030033111572,-0.07085993885993958,0.37326914072036743,1.3997899293899536,0.0746067464351654,0.6058161854743958,2.053804397583008,0.03420305624604225,0.3446168303489685,2.0179834365844727,0.2605293393135071,0.5543489456176758,2.6088778972625732,0.6454005241394043,0.2955423891544342,2.573276996612549,0.8517575263977051,0.5545607805252075,2.6829330921173096,0.6733537912368774,0.2819654941558838,2.646833658218384,0.8992096185684204,0.4954155385494232,2.789353847503662,0.07459287345409393,0.3157658278942108,2.7655017375946045,0.24276497960090637,0,0,0,0,0,0,0,0,0,0,0,0,0,0,0,0,0,0,0,0,0,0,0,0,0,0,0,0,0,0,0,0,0,0,0,0,0,0,0,0,0,0,0,0,0,0,0,0,0,0,0,0,0,0,0,0,0,0,0,0,0,0,0,0.3505321145057678,0.4544573724269867,1.5067733727391897e-08,0.40013599395751953,0.4537125527858734,0.009249361231923103,0.43260911107063293,0.437538206577301,0.005660009570419788,0.45544421672821045,0.43465113639831543,-0.003601795295253396,0.47060543298721313,0.4404542148113251,-0.012800060212612152,0.4300464689731598,0.34423011541366577,0.006211405154317617,0.4677940905094147,0.3233014941215515,-0.0019713500514626503,0.4919474720954895,0.3071327805519104,-0.00943092443048954,0.5108533501625061,0.29120317101478577,-0.01614437811076641,0.42190635204315186,0.347686231136322,-0.008450785651803017,0.4795989990234375,0.3730197548866272,-0.02329322323203087,0.4688960909843445,0.40188828110694885,-0.027752667665481567,0.45119401812553406,0.40662482380867004,-0.028062643483281136,0.4173034131526947,0.3662468492984772,-0.022685110569000244,0.4699152112007141,0.392350971698761,-0.032850757241249084,0.45926734805107117,0.4163736402988434,-0.027136169373989105,0.44301530718803406,0.4194062054157257,-0.021652517840266228,0.4156618118286133,0.3924260437488556,-0.037092361599206924,0.45562976598739624,0.4128607511520386,-0.03926955536007881,0.4503333866596222,0.43146806955337524,-0.031399957835674286,0.4387740194797516,0.43553194403648376,-0.025408390909433365,thinking
0.5686463117599487,0.4256119430065155,-0.8299721479415894,0.6017306447029114,0.3723558187484741,-0.7810600996017456,0.6147921681404114,0.3731311559677124,-0.7806500196456909,0.6292315721511841,0.37416937947273254,-0.7809286117553711,0.5611745119094849,0.3649328052997589,-0.7646058797836304,0.5477089285850525,0.35883960127830505,-0.7640573978424072,0.5347165465354919,0.3515736758708954,-0.764308750629425,0.657638669013977,0.3869766294956207,-0.4216639995574951,0.5142872929573059,0.35369130969047546,-0.33218085765838623,0.5896002650260925,0.4857824146747589,-0.699559211730957,0.538847804069519,0.46716371178627014,-0.6744917631149292,0.7762291431427002,0.6781010031700134,-0.2091655433177948,0.3748399615287781,0.5957080721855164,-0.2453676164150238,0.8882916569709778,1.017935872077942,-0.2496049404144287,0.1379154622554779,0.7714191675186157,-0.818487823009491,0.8962437510490417,1.3833953142166138,-0.3935524523258209,0.3662954270839691,0.4278506934642792,-1.5147192478179932,0.9172270894050598,1.476299524307251,-0.4647822380065918,0.4174409806728363,0.3480982780456543,-1.696443796157837,0.8713294863700867,1.464130163192749,-0.4764403700828552,0.44542908668518066,0.3379353880882263,-1.5511479377746582,0.8499552607536316,1.437031626701355,-0.4138873219490051,0.4439474046230316,0.37865501642227173,-1.484771728515625,0.6555464267730713,1.4297960996627808,-0.0689794272184372,0.37199920415878296,1.4010764360427856,0.07295341789722443,0.6069321632385254,2.054649829864502,0.004779329523444176,0.34611931443214417,2.020195245742798,0.28948134183883667,0.5591411590576172,2.608731746673584,0.5925596952438354,0.3014223873615265,2.5735270977020264,0.8973197937011719,0.5599055290222168,2.6832633018493652,0.6183872818946838,0.2877458930015564,2.6466052532196045,0.9488615989685059,0.5030549168586731,2.7887532711029053,0.025991803035140038,0.3254376947879791,2.7665507793426514,0.31877487897872925,0,0,0,0,0,0,0,0,0,0,0,0,0,0,0,0,0,0,0,0,0,0,0,0,0,0,0,0,0,0,0,0,0,0,0,0,0,0,0,0,0,0,0,0,0,0,0,0,0,0,0,0,0,0,0,0,0,0,0,0,0,0,0,0.35652124881744385,0.427924245595932,-1.4353611277329037e-07,0.40485191345214844,0.42948025465011597,0.0029637974221259356,0.4408380389213562,0.42157769203186035,-0.005772430915385485,0.4669027030467987,0.42290157079696655,-0.019274981692433357,0.48023122549057007,0.43087995052337646,-0.03357589244842529,0.4430553615093231,0.32733020186424255,-0.005569750443100929,0.48305657505989075,0.2964247465133667,-0.013341059908270836,0.5040226578712463,0.2922913730144501,-0.01837749592959881,0.518716037273407,0.2861439883708954,-0.02326374687254429,0.4315165877342224,0.3324087858200073,-0.01689767837524414,0.48622459173202515,0.3598095178604126,-0.030299533158540726,0.4734828472137451,0.3969009518623352,-0.03326227143406868,0.4544592499732971,0.4040866494178772,-0.034582506865262985,0.42384153604507446,0.3534901738166809,-0.027837863191962242,0.4753097891807556,0.38439399003982544,-0.0391833633184433,0.46222734451293945,0.41423988342285156,-0.034199003130197525,0.4431736171245575,0.4188377559185028,-0.030311938375234604,0.41796624660491943,0.3798431158065796,-0.038902647793293,0.4602457582950592,0.4065902531147003,-0.04168165102601051,0.45583999156951904,0.4295002520084381,-0.03374731168150902,0.44331514835357666,0.4358729422092438,-0.028212767094373703,thinking
0.5698862075805664,0.4248775541782379,-0.8416017293930054,0.6030957698822021,0.37203249335289,-0.7911568880081177,0.6163148283958435,0.372954785823822,-0.790786623954773,0.6301276087760925,0.37405925989151,-0.7910712957382202,0.5613868832588196,0.3643186688423157,-0.7721959352493286,0.5482130646705627,0.35850316286087036,-0.7716892957687378,0.5346354246139526,0.3515336215496063,-0.7719884514808655,0.6584745645523071,0.3867590129375458,-0.422260046005249,0.5153689384460449,0.3538946509361267,-0.3186296224594116,0.5919566750526428,0.48484936356544495,-0.7075875997543335,0.5403653979301453,0.4661601781845093,-0.6790138483047485,0.7788386344909668,0.6815957427024841,-0.207993745803833,0.37647074460983276,0.5986360311508179,-0.20316004753112793,0.8896239995956421,1.0221223831176758,-0.24645563960075378,0.1403346061706543,0.78189617395401,-0.7973546385765076,0.8858674168586731,1.3788474798202515,-0.37991419434547424,0.3652951717376709,0.43613797426223755,-1.458533525466919,0.8949934244155884,1.4684028625488281,-0.44564858078956604,0.4168429970741272,0.35555920004844666,-1.636613130569458,0.8503899574279785,1.4528688192367554,-0.4469883441925049,0.44365864992141724,0.3495546877384186,-1.4976881742477417,0.8332314491271973,1.4269697666168213,-0.39385902881622314,0.4421815872192383,0.385851114988327,-1.4317846298217773,0.6543806791305542,1.43293297290802,-0.07185663282871246,0.37016600370407104,1.4020392894744873,0.07583718001842499,0.6043063402175903,2.0552804470062256,-0.006367986556142569,0.3415882885456085,2.021590232849121,0.3312646746635437,0.5546295642852783,2.609896421432495,0.603239119052887,0.29300254583358765,2.5754103660583496,0.9817430377006531,0.5546661615371704,2.684654474258423,0.6317120790481567,0.27885252237319946,2.648606061935425,1.0373767614364624,0.49948516488075256,2.7896029949188232,0.029706448316574097,0.31713205575942993,2.76816463470459,0.3930700421333313,0,0,0,0,0,0,0,0,0,0,0,0,0,0,0,0,0,0,0,0,0,0,0,0,0,0,0,0,0,0,0,0,0,0,0,0,0,0,0,0,0,0,0,0,0,0,0,0,0,0,0,0,0,0,0,0,0,0,0,0,0,0,0,0.3485652506351471,0.4560387134552002,-3.43154162862902e-08,0.39958107471466064,0.45654407143592834,0.010264665819704533,0.4334241449832916,0.4406305253505707,0.007284961175173521,0.45746341347694397,0.4368998408317566,-0.0015726162819191813,0.4712955951690674,0.441566526889801,-0.01015893928706646,0.4343472421169281,0.3455488383769989,0.007120619993656874,0.470244437456131,0.32593435049057007,-0.0006463921163231134,0.49384766817092896,0.30940765142440796,-0.007635046262294054,0.5120498538017273,0.2919526696205139,-0.014090359210968018,0.42417338490486145,0.34624794125556946,-0.007587726693600416,0.47932150959968567,0.3716926872730255,-0.021712569519877434,0.4700600504875183,0.4030556380748749,-0.02559536322951317,0.4542686343193054,0.40778619050979614,-0.025775985792279243,0.4186061918735504,0.36378276348114014,-0.021691307425498962,0.47105714678764343,0.3905692994594574,-0.032350849360227585,0.46096524596214294,0.41683027148246765,-0.02589527890086174,0.44430267810821533,0.4194299280643463,-0.019601525738835335,0.4156172275543213,0.3896358609199524,-0.03579610213637352,0.45821940898895264,0.4111490249633789,-0.03753896802663803,0.4527004361152649,0.43150627613067627,-0.028430482372641563,0.43984532356262207,0.43704360723495483,-0.02145248092710972,thinking
0.5683062076568604,0.4247073829174042,-0.8289414644241333,0.6021440029144287,0.37184807658195496,-0.7815669178962708,0.616045355796814,0.3728734850883484,-0.781193733215332,0.6291667819023132,0.3740427792072296,-0.781426191329956,0.5600430369377136,0.3638812005519867,-0.7597228288650513,0.546433687210083,0.35830771923065186,-0.759209394454956,0.5325710773468018,0.3515082895755768,-0.7594687342643738,0.6575226783752441,0.38674065470695496,-0.4240872859954834,0.5147055387496948,0.35399749875068665,-0.3081054091453552,0.590684711933136,0.4848328232765198,-0.6995428800582886,0.5384573936462402,0.466486394405365,-0.6671339273452759,0.7794446349143982,0.6830015182495117,-0.21334397792816162,0.37667134404182434,0.6007542014122009,-0.17955154180526733,0.890179455280304,1.0223268270492554,-0.2672305107116699,0.14833387732505798,0.7887232303619385,-0.7796244621276855,0.8855482339859009,1.388842225074768,-0.40450745820999146,0.36542263627052307,0.43801945447921753,-1.4382075071334839,0.8964262008666992,1.480432391166687,-0.47452688217163086,0.41636228561401367,0.35805004835128784,-1.615433692932129,0.8500057458877563,1.4661060571670532,-0.4765912592411041,0.4436732828617096,0.3496618866920471,-1.4907801151275635,0.83147794008255,1.439125895500183,-0.4190933108329773,0.4420998990535736,0.38510650396347046,-1.4181089401245117,0.65399169921875,1.4335594177246094,-0.07634159177541733,0.3704192042350769,1.4026877880096436,0.08041190356016159,0.6039000749588013,2.055891990661621,-0.015533270314335823,0.34352269768714905,2.0225157737731934,0.3406171202659607,0.55374675989151,2.6098439693450928,0.6020298004150391,0.29552987217903137,2.57578444480896,0.9872329831123352,0.5536599159240723,2.684173107147217,0.6315038800239563,0.2814989686012268,2.6491174697875977,1.0425554513931274,0.49785107374191284,2.789780378341675,0.034682534635066986,0.31741851568222046,2.7678139209747314,0.4072950780391693,0,0,0,0,0,0,0,0,0,0,0,0,0,0,0,0,0,0,0,0,0,0,0,0,0,0,0,0,0,0,0,0,0,0,0,0,0,0,0,0,0,0,0,0,0,0,0,0,0,0,0,0,0,0,0,0,0,0,0,0,0,0,0,0.35838544368743896,0.43295568227767944,-1.0871175959437096e-07,0.41196829080581665,0.44052180647850037,0.004777366295456886,0.44189876317977905,0.4330417215824127,-0.0037348978221416473,0.4635181427001953,0.43103593587875366,-0.018506517633795738,0.47459399700164795,0.43004879355430603,-0.033543661236763,0.4394676089286804,0.3334310054779053,0.001173745607957244,0.4756726026535034,0.3053745627403259,-0.009066914208233356,0.49677741527557373,0.29492470622062683,-0.016780681908130646,0.5122716426849365,0.282202810049057,-0.02339274063706398,0.4267483651638031,0.3350077271461487,-0.012685272842645645,0.4839901030063629,0.36358729004859924,-0.030362524092197418,0.4723811149597168,0.40030795335769653,-0.03453713655471802,0.45427536964416504,0.4068978428840637,-0.03489150106906891,0.4199824631214142,0.3526016175746918,-0.02677668072283268,0.473447322845459,0.38631755113601685,-0.04059193655848503,0.46062198281288147,0.4162232279777527,-0.03454699367284775,0.44108524918556213,0.4187127351760864,-0.02883845567703247,0.41765734553337097,0.37819501757621765,-0.04141874611377716,0.4590480923652649,0.40831661224365234,-0.045697055757045746,0.4517722427845001,0.42970412969589233,-0.0381673127412796,0.4378106892108917,0.43184715509414673,-0.03254004940390587,thinking
0.5669263005256653,0.4258745014667511,-0.8426738977432251,0.6018005609512329,0.3723522126674652,-0.7964950203895569,0.6162617802619934,0.3735373914241791,-0.7961606383323669,0.628993809223175,0.37495434284210205,-0.796410083770752,0.5590184926986694,0.36397016048431396,-0.7722458839416504,0.5451692938804626,0.35848578810691833,-0.7717689275741577,0.5311561226844788,0.35180947184562683,-0.7720757126808167,0.6567329168319702,0.3873867392539978,-0.43330278992652893,0.5149215459823608,0.3541460633277893,-0.3081316649913788,0.5896532535552979,0.4865115284919739,-0.7110928297042847,0.5370383858680725,0.46796196699142456,-0.6757206320762634,0.7800838947296143,0.6840924620628357,-0.21654638648033142,0.3779665529727936,0.601806104183197,-0.15808403491973877,0.8897220492362976,1.0243463516235352,-0.20610597729682922,0.15262886881828308,0.7928831577301025,-0.7302489280700684,0.8804742097854614,1.3862696886062622,-0.26614850759506226,0.367252916097641,0.4353732764720917,-1.4148399829864502,0.8877850770950317,1.4796156883239746,-0.3187384009361267,0.41585516929626465,0.3560484051704407,-1.5929731130599976,0.8434321284294128,1.4663968086242676,-0.32918715476989746,0.44366201758384705,0.3462778329849243,-1.4725505113601685,0.8260301351547241,1.4389102458953857,-0.2811312675476074,0.44285982847213745,0.3827439546585083,-1.397608995437622,0.6539685726165771,1.4350545406341553,-0.08124648034572601,0.37073400616645813,1.4031479358673096,0.0851208046078682,0.6035027503967285,2.056347370147705,-0.016659466549754143,0.3443501889705658,2.0232350826263428,0.35108664631843567,0.5536360144615173,2.609638214111328,0.6165217161178589,0.2962767481803894,2.575946092605591,1.0177419185638428,0.5534054636955261,2.683579444885254,0.6477351188659668,0.2825385332107544,2.6490988731384277,1.0753214359283447,0.4983167052268982,2.7894911766052246,0.04649515822529793,0.3168306052684784,2.7667956352233887,0.43181124329566956,0,0,0,0,0,0,0,0,0,0,0,0,0,0,0,0,0,0,0,0,0,0,0,0,0,0,0,0,0,0,0,0,0,0,0,0,0,0,0,0,0,0,0,0,0,0,0,0,0,0,0,0,0,0,0,0,0,0,0,0,0,0,0,0.3487105667591095,0.45380061864852905,-2.39342545782506e-10,0.399535596370697,0.45687615871429443,0.00865993183106184,0.432351678609848,0.441354364156723,0.005664428696036339,0.4554036855697632,0.43887001276016235,-0.002860975218936801,0.4688836336135864,0.44058796763420105,-0.01115713082253933,0.4299461543560028,0.3461529612541199,0.006712526548653841,0.46596604585647583,0.32444384694099426,-0.0014610686339437962,0.4898567795753479,0.307313472032547,-0.009128733538091183,0.5084723830223083,0.29004597663879395,-0.01597137749195099,0.42136532068252563,0.34705865383148193,-0.007101451512426138,0.4768367409706116,0.3728596568107605,-0.022289518266916275,0.46786603331565857,0.40367254614830017,-0.02729005552828312,0.4510629177093506,0.4091282784938812,-0.027818184345960617,0.41692954301834106,0.3639863133430481,-0.02048581838607788,0.4692583978176117,0.39189088344573975,-0.03087814524769783,0.459280788898468,0.41768503189086914,-0.025183314457535744,0.4427775740623474,0.42022791504859924,-0.019515972584486008,0.4150356948375702,0.3892471194267273,-0.03408677130937576,0.4559099078178406,0.41226857900619507,-0.03599326312541962,0.4489903151988983,0.43126845359802246,-0.02785647287964821,0.43601709604263306,0.4344455301761627,-0.021596305072307587,thinking
0.5645886659622192,0.4246892035007477,-0.8553044199943542,0.6012781858444214,0.3716769516468048,-0.8088628053665161,0.6158238649368286,0.3729575574398041,-0.8085830807685852,0.6283544898033142,0.3744390308856964,-0.8088288307189941,0.5571792125701904,0.36319634318351746,-0.7816540002822876,0.5434319972991943,0.3579005300998688,-0.7811333537101746,0.5299307107925415,0.35159918665885925,-0.7814899682998657,0.6562730669975281,0.38718381524086,-0.43852996826171875,0.5138782262802124,0.35421431064605713,-0.2946404218673706,0.5868555307388306,0.48597267270088196,-0.7207035422325134,0.5325899720191956,0.4669751226902008,-0.6810142397880554,0.7797744274139404,0.6839368343353271,-0.2156633883714676,0.38138192892074585,0.6010606288909912,-0.12209079414606094,0.8895004987716675,1.0217041969299316,-0.1807786226272583,0.15625795722007751,0.7956740260124207,-0.6717953085899353,0.8782744407653809,1.3726767301559448,-0.26700925827026367,0.36591464281082153,0.4441274404525757,-1.402168869972229,0.8816182017326355,1.463844656944275,-0.3134300112724304,0.4136955738067627,0.36295774579048157,-1.578057050704956,0.8372696042060852,1.4485077857971191,-0.32754141092300415,0.4410514831542969,0.3526018261909485,-1.4585769176483154,0.8208525776863098,1.4228594303131104,-0.281191349029541,0.4407586455345154,0.3891749978065491,-1.3849756717681885,0.6541675925254822,1.4323735237121582,-0.08757976442575455,0.37093839049339294,1.400052785873413,0.09127939492464066,0.6045057773590088,2.0523104667663574,-0.021518388763070107,0.3452812731266022,2.020035743713379,0.3488486111164093,0.5564298033714294,2.6039035320281982,0.5936717987060547,0.29917478561401367,2.573824167251587,1.022871732711792,0.5566330552101135,2.676405429840088,0.6224199533462524,0.28604191541671753,2.6459929943084717,1.0807664394378662,0.5014728307723999,2.7823798656463623,0.010757462121546268,0.3199297785758972,2.762866973876953,0.4172333776950836,0,0,0,0,0,0,0,0,0,0,0,0,0,0,0,0,0,0,0,0,0,0,0,0,0,0,0,0,0,0,0,0,0,0,0,0,0,0,0,0,0,0,0,0,0,0,0,0,0,0,0,0,0,0,0,0,0,0,0,0,0,0,0,0.3468693494796753,0.4587906002998352,7.65491634524551e-08,0.3978622853755951,0.4577445387840271,0.007099789101630449,0.42966926097869873,0.44284555315971375,0.002565596019849181,0.4519471824169159,0.4386875331401825,-0.00720996456220746,0.4624333679676056,0.43925487995147705,-0.016734255477786064,0.4224127531051636,0.3474310040473938,0.0049243648536503315,0.45889756083488464,0.3240470290184021,-0.004031210672110319,0.48341578245162964,0.3068634569644928,-0.011510388925671577,0.5014780759811401,0.29100069403648376,-0.017776796594262123,0.4152604341506958,0.349137544631958,-0.008668207563459873,0.473137229681015,0.3733147084712982,-0.024185404181480408,0.4650755524635315,0.4051050543785095,-0.027552686631679535,0.4488331377506256,0.412882924079895,-0.026608355343341827,0.4114742875099182,0.3653544485569,-0.022241132333874702,0.46435943245887756,0.39414405822753906,-0.03318284451961517,0.4556097984313965,0.42023900151252747,-0.026662806048989296,0.4410512149333954,0.4257062077522278,-0.02008705399930477,0.4103088676929474,0.3900885283946991,-0.0362577959895134,0.45027706027030945,0.4131268858909607,-0.0386667475104332,0.44670212268829346,0.43282783031463623,-0.030447131022810936,0.43697014451026917,0.43813595175743103,-0.023879198357462883,thinking
0.5639360547065735,0.42459097504615784,-0.8669559359550476,0.6000708341598511,0.3716799020767212,-0.8187726140022278,0.6146570444107056,0.37299343943595886,-0.8185234069824219,0.6274921298027039,0.3745325803756714,-0.8187664151191711,0.5562652349472046,0.36317911744117737,-0.7928953170776367,0.5425018072128296,0.3579099476337433,-0.7923699021339417,0.5289231538772583,0.3517281413078308,-0.7927402257919312,0.6554004549980164,0.38782835006713867,-0.4409569799900055,0.5138678550720215,0.3544940650463104,-0.29813891649246216,0.5864803791046143,0.4859963655471802,-0.7286756634712219,0.5323306918144226,0.46705150604248047,-0.6904377937316895,0.7796080112457275,0.6834631562232971,-0.20780964195728302,0.3820074200630188,0.6017208099365234,-0.11758504807949066,0.8894830942153931,1.0177711248397827,-0.14079909026622772,0.15848807990550995,0.795484721660614,-0.671138346195221,0.8768953084945679,1.3629146814346313,-0.2138417661190033,0.36911895871162415,0.4432186782360077,-1.4140136241912842,0.8804597854614258,1.4536610841751099,-0.25360074639320374,0.41836991906166077,0.363262802362442,-1.590486764907837,0.8404359817504883,1.4374351501464844,-0.27415186166763306,0.44448238611221313,0.3547825813293457,-1.4719130992889404,0.8240510821342468,1.4121791124343872,-0.22960348427295685,0.4435602128505707,0.38966429233551025,-1.397127389907837,0.6547977924346924,1.4299684762954712,-0.0925741046667099,0.3715750575065613,1.3987464904785156,0.09615764021873474,0.6054905652999878,2.04754376411438,-0.04347093030810356,0.3470548987388611,2.0160398483276367,0.34322646260261536,0.5583418011665344,2.5972678661346436,0.5675607919692993,0.29962390661239624,2.5695040225982666,1.013305425643921,0.5581623315811157,2.668876886367798,0.5947641134262085,0.2865568995475769,2.640658140182495,1.0705020427703857,0.5051193833351135,2.77449893951416,-0.037527162581682205,0.32110482454299927,2.755600929260254,0.40325474739074707,0,0,0,0,0,0,0,0,0,0,0,0,0,0,0,0,0,0,0,0,0,0,0,0,0,0,0,0,0,0,0,0,0,0,0,0,0,0,0,0,0,0,0,0,0,0,0,0,0,0,0,0,0,0,0,0,0,0,0,0,0,0,0,0.3550829291343689,0.43741002678871155,-8.107168270043985e-08,0.405123233795166,0.4428175091743469,0.0054749357514083385,0.4337320923805237,0.4337664246559143,-0.002412854228168726,0.45487454533576965,0.4294947683811188,-0.01606149412691593,0.46316927671432495,0.4295021891593933,-0.030171213671565056,0.43321362137794495,0.337134450674057,-0.00033917519613169134,0.4689099192619324,0.3097822070121765,-0.009843677282333374,0.4901271462440491,0.2995319962501526,-0.016112804412841797,0.5053239464759827,0.2886769771575928,-0.021495921537280083,0.4216553568840027,0.33741316199302673,-0.01346402708441019,0.47937503457069397,0.36487653851509094,-0.029373394325375557,0.4691920280456543,0.40253835916519165,-0.03127647563815117,0.4521741569042206,0.41044795513153076,-0.030191389843821526,0.41573476791381836,0.355110764503479,-0.0266766045242548,0.4691922664642334,0.3888132572174072,-0.03947241231799126,0.45797625184059143,0.4188540279865265,-0.033390630036592484,0.4403476417064667,0.4225587248802185,-0.027687538415193558,0.41326355934143066,0.3811352252960205,-0.04015035927295685,0.4547455310821533,0.4110162854194641,-0.043287575244903564,0.4492001533508301,0.43274950981140137,-0.03586668521165848,0.43704327940940857,0.4367040991783142,-0.030408814549446106,thinking
0.5634279251098633,0.4250335097312927,-0.920008659362793,0.5992018580436707,0.37186601758003235,-0.8675630688667297,0.6140442490577698,0.3733123242855072,-0.86737060546875,0.6270911693572998,0.3749672472476959,-0.8677009344100952,0.5557278990745544,0.36322858929634094,-0.842413604259491,0.5422203540802002,0.35801616311073303,-0.8418526649475098,0.5287997722625732,0.35201066732406616,-0.8422389030456543,0.6548576354980469,0.3888862431049347,-0.46130886673927307,0.513569176197052,0.35477274656295776,-0.31820741295814514,0.5864001512527466,0.48721498250961304,-0.770734429359436,0.5313860177993774,0.46801069378852844,-0.7341026067733765,0.7776714563369751,0.6832247972488403,-0.20992843806743622,0.3802599608898163,0.6021068692207336,-0.12700869143009186,0.8880610466003418,1.0151032209396362,-0.12053288519382477,0.15376673638820648,0.7943592667579651,-0.67535001039505,0.8774167895317078,1.366612195968628,-0.18230460584163666,0.3670896291732788,0.44443702697753906,-1.4417665004730225,0.882972240447998,1.464856743812561,-0.22288990020751953,0.4151533246040344,0.36101511120796204,-1.626518964767456,0.8430697321891785,1.4511827230453491,-0.25179150700569153,0.4413899779319763,0.3535667061805725,-1.496996521949768,0.8269484639167786,1.4226863384246826,-0.20225849747657776,0.4407897889614105,0.388894647359848,-1.4228699207305908,0.6542294025421143,1.4299125671386719,-0.09377865493297577,0.369291752576828,1.3987668752670288,0.0973784327507019,0.6052089929580688,2.0473241806030273,-0.04384622722864151,0.34341633319854736,2.0151610374450684,0.37134313583374023,0.5594980120658875,2.596019983291626,0.5887624025344849,0.2976779043674469,2.5666134357452393,1.0956041812896729,0.5594940781593323,2.6682145595550537,0.6179603338241577,0.28501975536346436,2.637425661087036,1.158339500427246,0.5064641833305359,2.7733969688415527,-0.02897147461771965,0.32158809900283813,2.7537121772766113,0.4750185012817383,0,0,0,0,0,0,0,0,0,0,0,0,0,0,0,0,0,0,0,0,0,0,0,0,0,0,0,0,0,0,0,0,0,0,0,0,0,0,0,0,0,0,0,0,0,0,0,0,0,0,0,0,0,0,0,0,0,0,0,0,0,0,0,0.34171709418296814,0.45856162905693054,1.2064490739760458e-08,0.3920532464981079,0.46013975143432617,0.008559071458876133,0.4234656095504761,0.44499891996383667,0.004804886411875486,0.44614365696907043,0.44091156125068665,-0.004375253338366747,0.4595590829849243,0.44024449586868286,-0.013358012773096561,0.4208257496356964,0.3492714762687683,0.004646112211048603,0.45506006479263306,0.32495132088661194,-0.004302094224840403,0.4787716567516327,0.3065224885940552,-0.012317810207605362,0.49669507145881653,0.289267897605896,-0.019018499180674553,0.41142040491104126,0.35037481784820557,-0.009127797558903694,0.4677382707595825,0.37388527393341064,-0.023855723440647125,0.4602411389350891,0.40592706203460693,-0.028326096013188362,0.4442257285118103,0.4128227233886719,-0.028516197577118874,0.40650278329849243,0.36713457107543945,-0.022404253482818604,0.45984435081481934,0.3923999071121216,-0.03321368247270584,0.451507031917572,0.41963493824005127,-0.02699274569749832,0.43516090512275696,0.4246273934841156,-0.020558122545480728,0.4040127992630005,0.3922138214111328,-0.03580677509307861,0.4464358389377594,0.41085875034332275,-0.03834927827119827,0.44365209341049194,0.4319204092025757,-0.02959454618394375,0.4328918755054474,0.4393593668937683,-0.022350987419486046,thinking
0.563181459903717,0.42572078108787537,-0.9453508257865906,0.5985754728317261,0.3721889555454254,-0.892706036567688,0.6135622262954712,0.37379351258277893,-0.8925415873527527,0.6267604231834412,0.3755733370780945,-0.8929171562194824,0.5554158687591553,0.363350510597229,-0.8681266903877258,0.5421077013015747,0.3582132160663605,-0.8675971031188965,0.5284944772720337,0.3524009883403778,-0.8679890632629395,0.6545466184616089,0.3899601697921753,-0.47735151648521423,0.5134453773498535,0.3550229072570801,-0.33832886815071106,0.5860522985458374,0.488643079996109,-0.7926066517829895,0.5304161906242371,0.4691491723060608,-0.7570334672927856,0.7758413553237915,0.6830216646194458,-0.21053104102611542,0.3789839446544647,0.6020147204399109,-0.13150957226753235,0.8867095708847046,1.0114587545394897,-0.10808277130126953,0.152848482131958,0.7921788692474365,-0.682024359703064,0.8760364651679993,1.3643882274627686,-0.158787339925766,0.3659919798374176,0.44525083899497986,-1.4520890712738037,0.8810790181159973,1.4638848304748535,-0.19779370725154877,0.4131046235561371,0.36053088307380676,-1.6377553939819336,0.8415176272392273,1.4502599239349365,-0.22966089844703674,0.4394835829734802,0.35292571783065796,-1.5124657154083252,0.8256993293762207,1.4211678504943848,-0.17953762412071228,0.43900689482688904,0.3883100748062134,-1.4344873428344727,0.652441680431366,1.4295254945755005,-0.09557497501373291,0.3674069941043854,1.398081660270691,0.099112868309021,0.6033788919448853,2.0454297065734863,-0.04305874556303024,0.3401370346546173,2.011392116546631,0.36847442388534546,0.5582576990127563,2.592806100845337,0.6024067997932434,0.29443249106407166,2.5607850551605225,1.0875608921051025,0.5581156015396118,2.6649978160858154,0.6327455639839172,0.281887948513031,2.6311841011047363,1.149369478225708,0.5057650208473206,2.769975185394287,-0.016422424465417862,0.31912150979042053,2.7472455501556396,0.4638400673866272,0,0,0,0,0,0,0,0,0,0,0,0,0,0,0,0,0,0,0,0,0,0,0,0,0,0,0,0,0,0,0,0,0,0,0,0,0,0,0,0,0,0,0,0,0,0,0,0,0,0,0,0,0,0,0,0,0,0,0,0,0,0,0,0.34172022342681885,0.458721786737442,6.020523812821921e-08,0.3935740292072296,0.45871588587760925,0.007539896294474602,0.4256841242313385,0.4444808065891266,0.003108155680820346,0.44799885153770447,0.4408111572265625,-0.006533571518957615,0.45979487895965576,0.43962299823760986,-0.015930339694023132,0.4187139868736267,0.3491758108139038,0.004381469916552305,0.4545961916446686,0.3257952034473419,-0.00449287099763751,0.47829365730285645,0.3073882460594177,-0.012171586975455284,0.49564051628112793,0.28987085819244385,-0.018721474334597588,0.410451203584671,0.3502240478992462,-0.009372898377478123,0.46917226910591125,0.37618711590766907,-0.025149349123239517,0.4605010151863098,0.4077826142311096,-0.02941354364156723,0.4429897964000702,0.41451865434646606,-0.029138905927538872,0.4056547284126282,0.36660289764404297,-0.02283906377851963,0.4589080810546875,0.39544564485549927,-0.0340576209127903,0.450126051902771,0.4215644598007202,-0.028248324990272522,0.43490108847618103,0.42559054493904114,-0.022192271426320076,0.40377140045166016,0.3913716971874237,-0.0365372896194458,0.4435800611972809,0.4130181074142456,-0.03936612606048584,0.43918710947036743,0.4319421052932739,-0.031301725655794144,0.4281514585018158,0.43551915884017944,-0.024800937622785568,thinking
0.5565768480300903,0.42449766397476196,-0.7062380313873291,0.5940984487533569,0.37114450335502625,-0.6746016144752502,0.610287070274353,0.37283116579055786,-0.674359917640686,0.6248603463172913,0.3746836483478546,-0.6747277975082397,0.5486940145492554,0.3625895082950592,-0.636030375957489,0.5353764295578003,0.3577473759651184,-0.635513186454773,0.5225265026092529,0.3522190451622009,-0.6358709931373596,0.6527832746505737,0.3899396061897278,-0.3792732357978821,0.5128059387207031,0.35509973764419556,-0.1796245127916336,0.5817275643348694,0.488453209400177,-0.5991575121879578,0.5253884196281433,0.46870049834251404,-0.5439784526824951,0.7757675647735596,0.6829007863998413,-0.21679195761680603,0.37884321808815,0.603972852230072,-0.00655542965978384,0.8882850408554077,1.011255145072937,-0.23556990921497345,0.15271340310573578,0.7927811741828918,-0.5085979700088501,0.8756976127624512,1.3730703592300415,-0.16714613139629364,0.3649260103702545,0.4437350034713745,-1.1439406871795654,0.8796488046646118,1.473712682723999,-0.24427430331707,0.41181784868240356,0.361016184091568,-1.2975910902023315,0.8411787748336792,1.459285855293274,-0.29054200649261475,0.43823084235191345,0.3521757125854492,-1.1557896137237549,0.8252766728401184,1.4308711290359497,-0.2067205011844635,0.4381607472896576,0.3864372968673706,-1.1183247566223145,0.6531307101249695,1.4301753044128418,-0.11352896690368652,0.36761507391929626,1.3981400728225708,0.11700105667114258,0.6038142442703247,2.0456717014312744,-0.08103354275226593,0.34024563431739807,2.011979579925537,0.43200501799583435,0.5584656596183777,2.593458652496338,0.49169546365737915,0.29552942514419556,2.561781167984009,1.1141760349273682,0.5589844584465027,2.66591477394104,0.5178460478782654,0.2830422818660736,2.6325135231018066,1.1741437911987305,0.5063048601150513,2.7703635692596436,-0.082990862429142,0.31980717182159424,2.7475664615631104,0.5504246950149536,0,0,0,0,0,0,0,0,0,0,0,0,0,0,0,0,0,0,0,0,0,0,0,0,0,0,0,0,0,0,0,0,0,0,0,0,0,0,0,0,0,0,0,0,0,0,0,0,0,0,0,0,0,0,0,0,0,0,0,0,0,0,0,0.34025534987449646,0.4609981179237366,6.456171774971153e-08,0.39139869809150696,0.45972418785095215,0.007282937411218882,0.4229118824005127,0.4445536136627197,0.00299817998893559,0.44471317529678345,0.43973612785339355,-0.006614326033741236,0.45661461353302,0.43955928087234497,-0.01598656177520752,0.41559842228889465,0.3496718108654022,0.005844267085194588,0.4503074288368225,0.32680946588516235,-0.003208957379683852,0.47384965419769287,0.3084230124950409,-0.010923506692051888,0.4914321005344391,0.291969895362854,-0.017432445660233498,0.40799158811569214,0.3500235378742218,-0.007845736108720303,0.466167688369751,0.3754507303237915,-0.024301042780280113,0.45757347345352173,0.4069710373878479,-0.02850683219730854,0.44030311703681946,0.4148980379104614,-0.027783391997218132,0.4037802219390869,0.36533963680267334,-0.021517496556043625,0.4564502239227295,0.39478567242622375,-0.03323563188314438,0.44742274284362793,0.4207659065723419,-0.02750815451145172,0.4325042963027954,0.42560210824012756,-0.021183574572205544,0.40203312039375305,0.3895151913166046,-0.0355491079390049,0.44129112362861633,0.4129115343093872,-0.03863789886236191,0.4370732605457306,0.43168458342552185,-0.031048839911818504,0.42675861716270447,0.43550610542297363,-0.0247197225689888,thinking
0.5522662401199341,0.4238651990890503,-0.6795714497566223,0.5907716751098633,0.3706682324409485,-0.6483970880508423,0.6076744794845581,0.3723702132701874,-0.6481564044952393,0.6231666207313538,0.3742310702800751,-0.6485052108764648,0.5445021986961365,0.36229413747787476,-0.6099002957344055,0.5312701463699341,0.35760894417762756,-0.6093942523002625,0.5188913941383362,0.35221466422080994,-0.609752357006073,0.6513458490371704,0.38993531465530396,-0.35857218503952026,0.5125426054000854,0.3552139401435852,-0.15804412961006165,0.5787472128868103,0.48837441205978394,-0.573898434638977,0.5222681760787964,0.46851152181625366,-0.5185897350311279,0.7757100462913513,0.6828040480613708,-0.21785800158977509,0.3783852458000183,0.6058444976806641,0.0068817464634776115,0.889335036277771,1.0108389854431152,-0.2630298137664795,0.15283599495887756,0.7931469082832336,-0.501312255859375,0.8752029538154602,1.3752272129058838,-0.17409200966358185,0.3641849160194397,0.4425524175167084,-1.139980673789978,0.878433108329773,1.475522518157959,-0.2800115942955017,0.41084808111190796,0.35926687717437744,-1.2945942878723145,0.8398739099502563,1.4608358144760132,-0.3258278965950012,0.4370914101600647,0.35034096240997314,-1.1545048952102661,0.8242217898368835,1.4328036308288574,-0.23102250695228577,0.437068372964859,0.38435760140419006,-1.115004062652588,0.6542321443557739,1.4306163787841797,-0.1200730949640274,0.3676762878894806,1.3982409238815308,0.12351182848215103,0.603945791721344,2.045912504196167,-0.09228204190731049,0.3407047688961029,2.0124101638793945,0.44346752762794495,0.5600554943084717,2.5939853191375732,0.47044986486434937,0.29646679759025574,2.5624454021453857,1.119860053062439,0.5615578889846802,2.666621446609497,0.4959699511528015,0.2840577960014343,2.6334266662597656,1.1796820163726807,0.5075560212135315,2.7707529067993164,-0.09932726621627808,0.3205413222312927,2.7483532428741455,0.5627099275588989,0,0,0,0,0,0,0,0,0,0,0,0,0,0,0,0,0,0,0,0,0,0,0,0,0,0,0,0,0,0,0,0,0,0,0,0,0,0,0,0,0,0,0,0,0,0,0,0,0,0,0,0,0,0,0,0,0,0,0,0,0,0,0,0.33989375829696655,0.4604068994522095,8.588847322243964e-08,0.39158520102500916,0.4592379033565521,0.0068015605211257935,0.42267701029777527,0.44462549686431885,0.0020361037459224463,0.4447551965713501,0.44082310795783997,-0.007906810380518436,0.45686984062194824,0.44102680683135986,-0.0176162701100111,0.4152548313140869,0.3495085537433624,0.004541916307061911,0.45139166712760925,0.32601433992385864,-0.004307682625949383,0.47496238350868225,0.30740833282470703,-0.01190936379134655,0.4923340380191803,0.2905157804489136,-0.018229816108942032,0.40767377614974976,0.3499724268913269,-0.00861852802336216,0.4655971825122833,0.37449005246162415,-0.023494170978665352,0.45834410190582275,0.4048948585987091,-0.027375919744372368,0.4420829713344574,0.41198113560676575,-0.027003254741430283,0.4032538831233978,0.3661549389362335,-0.02164151892066002,0.45587679743766785,0.39287254214286804,-0.032355137169361115,0.44795989990234375,0.41855108737945557,-0.026731794700026512,0.4332822263240814,0.42355844378471375,-0.020871862769126892,0.40154021978378296,0.3910965323448181,-0.03498612344264984,0.441176176071167,0.41348737478256226,-0.03769989311695099,0.43732714653015137,0.4324648380279541,-0.02994418516755104,0.4265068769454956,0.4370807409286499,-0.023556839674711227,thinking
0.549349308013916,0.4231724441051483,-0.6679734587669373,0.5879577994346619,0.37017303705215454,-0.6364779472351074,0.6050623655319214,0.3718436658382416,-0.636364758014679,0.6210761666297913,0.37365689873695374,-0.6367505788803101,0.5414247512817383,0.3621320128440857,-0.5987628102302551,0.5280834436416626,0.3576011061668396,-0.5982508063316345,0.5159339308738708,0.3523067831993103,-0.5986500978469849,0.6493467688560486,0.3899371027946472,-0.3437895178794861,0.5115903615951538,0.35661324858665466,-0.1469677984714508,0.5761862993240356,0.4879085123538971,-0.5605694055557251,0.5197334289550781,0.46847501397132874,-0.5063847899436951,0.7753228545188904,0.6827272772789001,-0.21667811274528503,0.37802374362945557,0.6098704934120178,0.008493027649819851,0.889328122138977,1.0087409019470215,-0.25759875774383545,0.15293453633785248,0.7929579615592957,-0.5066013336181641,0.880940318107605,1.3781342506408691,-0.25236621499061584,0.36418136954307556,0.4451204836368561,-1.1396321058273315,0.8919395208358765,1.4800770282745361,-0.3230453133583069,0.41086530685424805,0.3619953691959381,-1.2891076803207397,0.8511905670166016,1.4642205238342285,-0.34779122471809387,0.4372042119503021,0.35134509205818176,-1.1492297649383545,0.8332475423812866,1.4359005689620972,-0.2822608947753906,0.4369138181209564,0.38615983724594116,-1.112740159034729,0.6557512283325195,1.4323406219482422,-0.12083175033330917,0.3686607778072357,1.399802803993225,0.12422039359807968,0.6068680882453918,2.0468661785125732,-0.11202828586101532,0.34365835785865784,2.0131709575653076,0.43899521231651306,0.566365122795105,2.594787120819092,0.42278534173965454,0.302844762802124,2.5627596378326416,1.1032447814941406,0.5688146352767944,2.667017936706543,0.4453484117984772,0.290436327457428,2.634031057357788,1.1625490188598633,0.5132035613059998,2.7727372646331787,-0.14436446130275726,0.327120840549469,2.7514541149139404,0.55336594581604,0,0,0,0,0,0,0,0,0,0,0,0,0,0,0,0,0,0,0,0,0,0,0,0,0,0,0,0,0,0,0,0,0,0,0,0,0,0,0,0,0,0,0,0,0,0,0,0,0,0,0,0,0,0,0,0,0,0,0,0,0,0,0,0.3440590500831604,0.4437619745731354,-6.730419954692479e-08,0.39605408906936646,0.44976362586021423,0.0036604744382202625,0.4265463650226593,0.4388357102870941,-0.004322708584368229,0.44778767228126526,0.43487825989723206,-0.017636729404330254,0.4570634663105011,0.4376905560493469,-0.0310935340821743,0.4229218363761902,0.3434949815273285,-0.0015432978980243206,0.4585351049900055,0.31249886751174927,-0.011655276641249657,0.4796757400035858,0.2982887625694275,-0.018289944157004356,0.49647197127342224,0.284720778465271,-0.024105887860059738,0.411436527967453,0.3443611264228821,-0.014048086479306221,0.4694487452507019,0.36714690923690796,-0.031626246869564056,0.4590063989162445,0.4023953676223755,-0.034245118498802185,0.44228219985961914,0.4105989336967468,-0.03331268951296806,0.4054437279701233,0.3608472943305969,-0.026781393215060234,0.4589845538139343,0.38963109254837036,-0.040464505553245544,0.4480208158493042,0.41808125376701355,-0.034198906272649765,0.4318262040615082,0.42299017310142517,-0.028123315423727036,0.4027528166770935,0.38570836186408997,-0.04000352695584297,0.4452838599681854,0.4095635712146759,-0.043901555240154266,0.44018423557281494,0.4303041398525238,-0.036571014672517776,0.4292428493499756,0.43532779812812805,-0.03107716701924801,thinking
0.5476482510566711,0.42267629504203796,-0.6550926566123962,0.5862466096878052,0.3698154389858246,-0.6242244839668274,0.6034293174743652,0.3714674115180969,-0.6241202354431152,0.6197137236595154,0.37325337529182434,-0.6245067119598389,0.5396209955215454,0.362014502286911,-0.5863398909568787,0.5262000560760498,0.3575975298881531,-0.585841178894043,0.5141122341156006,0.3523969352245331,-0.586256742477417,0.6479665040969849,0.3899449110031128,-0.33473140001296997,0.5108710527420044,0.357643723487854,-0.13848839700222015,0.5745890736579895,0.48757073283195496,-0.5489391088485718,0.5181692242622375,0.4684543013572693,-0.4948101043701172,0.7750241160392761,0.6826845407485962,-0.21308986842632294,0.37775659561157227,0.6125015616416931,0.018138272687792778,0.8892855644226074,1.0073319673538208,-0.25242841243743896,0.15301400423049927,0.7927598357200623,-0.48691868782043457,0.8834519386291504,1.3803728818893433,-0.2687109112739563,0.3641349971294403,0.446689248085022,-1.1098792552947998,0.8967270851135254,1.4834208488464355,-0.31947556138038635,0.41077929735183716,0.363310307264328,-1.2575141191482544,0.8551162481307983,1.466997504234314,-0.3397822082042694,0.43715959787368774,0.35158199071884155,-1.117906928062439,0.8366276025772095,1.4383537769317627,-0.2875903248786926,0.4367234706878662,0.3868357539176941,-1.0830134153366089,0.6565457582473755,1.4336647987365723,-0.12104370445013046,0.3690966069698334,1.4009621143341064,0.12442120164632797,0.6081405282020569,2.047783136367798,-0.11972533166408539,0.34486475586891174,2.013796091079712,0.42918625473976135,0.5680533647537231,2.5954670906066895,0.4133559763431549,0.3045803904533386,2.5629615783691406,1.086060881614685,0.5706676840782166,2.667416572570801,0.43595242500305176,0.292127400636673,2.6344120502471924,1.1446282863616943,0.5144889950752258,2.77419376373291,-0.15128304064273834,0.32833653688430786,2.7527613639831543,0.5368712544441223,0,0,0,0,0,0,0,0,0,0,0,0,0,0,0,0,0,0,0,0,0,0,0,0,0,0,0,0,0,0,0,0,0,0,0,0,0,0,0,0,0,0,0,0,0,0,0,0,0,0,0,0,0,0,0,0,0,0,0,0,0,0,0,0.3403182625770569,0.4608737826347351,1.50567647239086e-08,0.38912227749824524,0.45832541584968567,0.009216692298650742,0.42132824659347534,0.44152140617370605,0.005643418058753014,0.44419753551483154,0.4379386007785797,-0.0036539004649966955,0.4566047191619873,0.43889740109443665,-0.012806829065084457,0.41866451501846313,0.3499867916107178,0.006609744857996702,0.4516681730747223,0.3240531086921692,-0.0022931955754756927,0.47426286339759827,0.3050777316093445,-0.010348493233323097,0.4916112422943115,0.28694289922714233,-0.017261365428566933,0.40871670842170715,0.35043299198150635,-0.007834233343601227,0.4645005464553833,0.3729887902736664,-0.023004569113254547,0.4560284912586212,0.40475988388061523,-0.027497000992298126,0.4390784204006195,0.41142815351486206,-0.027595965191721916,0.4030112028121948,0.3672853708267212,-0.021920736879110336,0.4558859169483185,0.3921370804309845,-0.032847724854946136,0.4472527503967285,0.41887497901916504,-0.02684258483350277,0.4309745728969574,0.42205074429512024,-0.020848771557211876,0.40048789978027344,0.3924388587474823,-0.03612608090043068,0.44316086173057556,0.41480571031570435,-0.038640957325696945,0.4373554587364197,0.4348563551902771,-0.030241789296269417,0.42422205209732056,0.4377673864364624,-0.02372802421450615,thinking
0.5473411679267883,0.4222846031188965,-0.7428243160247803,0.5858982801437378,0.3695029616355896,-0.7068843841552734,0.6031482815742493,0.37117496132850647,-0.7067412734031677,0.6195246577262878,0.37296563386917114,-0.7071201205253601,0.5387966632843018,0.36171701550483704,-0.6725789904594421,0.5251042246818542,0.35739341378211975,-0.6721140146255493,0.5128541588783264,0.3523406684398651,-0.6725389361381531,0.6473118662834167,0.38994017243385315,-0.3849223554134369,0.509177029132843,0.35769546031951904,-0.20901569724082947,0.5739470720291138,0.48712778091430664,-0.6240188479423523,0.5174712538719177,0.4683230221271515,-0.5754170417785645,0.7732350826263428,0.6825783848762512,-0.22212620079517365,0.37517982721328735,0.6125306487083435,-0.042540889233350754,0.8892137408256531,1.0051041841506958,-0.23130440711975098,0.15044014155864716,0.7926515340805054,-0.5589269399642944,0.8830355405807495,1.379839301109314,-0.27871429920196533,0.3640339970588684,0.4480971693992615,-1.1993870735168457,0.8963268399238586,1.4811886548995972,-0.32653123140335083,0.41033798456192017,0.3647285997867584,-1.3518308401107788,0.8550410270690918,1.4662747383117676,-0.3475843071937561,0.43611589074134827,0.35261762142181396,-1.215476155281067,0.8364886045455933,1.4379101991653442,-0.29649850726127625,0.4354979395866394,0.387509822845459,-1.173084020614624,0.6564342379570007,1.432957410812378,-0.1189485639333725,0.3690780997276306,1.4006366729736328,0.12229932844638824,0.6080543398857117,2.0468668937683105,-0.07364779710769653,0.34428155422210693,2.013375759124756,0.4175240993499756,0.5678943991661072,2.5935773849487305,0.5410396456718445,0.30320364236831665,2.561999797821045,1.0881292819976807,0.5703319311141968,2.6654319763183594,0.5717860460281372,0.29079389572143555,2.6329121589660645,1.1489276885986328,0.5142949223518372,2.772460460662842,-0.03184419497847557,0.3272707462310791,2.751865863800049,0.5188736915588379,0,0,0,0,0,0,0,0,0,0,0,0,0,0,0,0,0,0,0,0,0,0,0,0,0,0,0,0,0,0,0,0,0,0,0,0,0,0,0,0,0,0,0,0,0,0,0,0,0,0,0,0,0,0,0,0,0,0,0,0,0,0,0,0.3383002281188965,0.46181172132492065,6.571496413698696e-08,0.39044246077537537,0.460048109292984,0.008230659179389477,0.4216678738594055,0.4452343285083771,0.004029982723295689,0.44345492124557495,0.4407216012477875,-0.0056734848767519,0.453732430934906,0.43929922580718994,-0.015211684629321098,0.4130622148513794,0.3496071398258209,0.005483157467097044,0.44855234026908875,0.32586365938186646,-0.0034261010587215424,0.47252506017684937,0.30737483501434326,-0.010906080715358257,0.4902796447277069,0.2911747097969055,-0.017194198444485664,0.4056449830532074,0.35082900524139404,-0.008806685917079449,0.4648520350456238,0.3758813738822937,-0.02460532635450363,0.45716145634651184,0.40839794278144836,-0.028157241642475128,0.4403986632823944,0.41774338483810425,-0.027219315990805626,0.40132251381874084,0.3670244514942169,-0.02298426441848278,0.4546842873096466,0.3949071168899536,-0.03419800102710724,0.4465343952178955,0.42129868268966675,-0.027946485206484795,0.4316442906856537,0.4271303415298462,-0.021435879170894623,0.39952772855758667,0.3918726146221161,-0.0374431274831295,0.43928053975105286,0.41228604316711426,-0.04028475284576416,0.4365933835506439,0.4304327666759491,-0.03227768465876579,0.4267677366733551,0.4344932436943054,-0.025710875168442726,thinking
0.5473073720932007,0.4221242070198059,-0.8387819528579712,0.5857972502708435,0.3693549931049347,-0.7967768907546997,0.6030849814414978,0.3710351586341858,-0.796607255935669,0.6194995641708374,0.37283194065093994,-0.7969319224357605,0.538568377494812,0.36157968640327454,-0.766039252281189,0.5247727036476135,0.3572947382926941,-0.7655532360076904,0.5124145746231079,0.3523308336734772,-0.7659486532211304,0.6470280885696411,0.3899388015270233,-0.44039782881736755,0.5083910226821899,0.3577497899532318,-0.28139182925224304,0.5737442970275879,0.4869060218334198,-0.7072831392288208,0.5172642469406128,0.46829015016555786,-0.6635791063308716,0.7720873355865479,0.6824930310249329,-0.2336248904466629,0.37383952736854553,0.6124097108840942,-0.09712948650121689,0.8891183733940125,1.0028975009918213,-0.21404775977134705,0.14822593331336975,0.792672336101532,-0.6334881782531738,0.8840419054031372,1.379376769065857,-0.28119343519210815,0.3633568286895752,0.4490903615951538,-1.336523413658142,0.8982024192810059,1.4793477058410645,-0.3285408318042755,0.4090483784675598,0.36524543166160583,-1.5051186084747314,0.8579394221305847,1.4654299020767212,-0.35153862833976746,0.4347382187843323,0.3528003394603729,-1.3774303197860718,0.8389052152633667,1.4373739957809448,-0.29972440004348755,0.4340398907661438,0.387545645236969,-1.3155992031097412,0.6557189226150513,1.4315801858901978,-0.11577612161636353,0.3686380982398987,1.3995240926742554,0.11912237107753754,0.6073282957077026,2.0456361770629883,-0.04112463444471359,0.34367042779922485,2.012676239013672,0.41070088744163513,0.5670634508132935,2.5913262367248535,0.6069096326828003,0.3016509711742401,2.560889482498169,1.1103876829147339,0.5691314339637756,2.662997007369995,0.6398258209228516,0.28930845856666565,2.6314897537231445,1.1740696430206299,0.5133703947067261,2.770430564880371,0.022372830659151077,0.32566118240356445,2.7503039836883545,0.5256208181381226,0,0,0,0,0,0,0,0,0,0,0,0,0,0,0,0,0,0,0,0,0,0,0,0,0,0,0,0,0,0,0,0,0,0,0,0,0,0,0,0,0,0,0,0,0,0,0,0,0,0,0,0,0,0,0,0,0,0,0,0,0,0,0,0.3394068479537964,0.46081608533859253,8.387667804754528e-08,0.3907952308654785,0.45920130610466003,0.0073759667575359344,0.4215694069862366,0.4451442062854767,0.002652773167937994,0.44340717792510986,0.44112706184387207,-0.007507285103201866,0.4551921784877777,0.440377414226532,-0.017615126445889473,0.4140443205833435,0.34986412525177,0.0047006565146148205,0.44956153631210327,0.3248119354248047,-0.0043614269234240055,0.47357794642448425,0.3055558204650879,-0.012020636349916458,0.4914105534553528,0.2882953882217407,-0.018333857879042625,0.4067769944667816,0.3505884110927582,-0.00900519173592329,0.4653182029724121,0.3744598925113678,-0.02448880858719349,0.45793578028678894,0.4059516489505768,-0.028474610298871994,0.4411028027534485,0.41380953788757324,-0.028024781495332718,0.40253835916519165,0.36680126190185547,-0.022537056356668472,0.4554441571235657,0.3930279612541199,-0.03394458070397377,0.44758886098861694,0.41943496465682983,-0.028141357004642487,0.43260881304740906,0.42469531297683716,-0.021923022344708443,0.40074488520622253,0.3915610611438751,-0.03631863743066788,0.4414617121219635,0.41198742389678955,-0.03927930071949959,0.43867021799087524,0.4314221739768982,-0.031094033271074295,0.4283864498138428,0.4367695450782776,-0.0243193581700325,thinking
0.5470665097236633,0.42213261127471924,-0.7818715572357178,0.5854424834251404,0.36939021944999695,-0.7456737756729126,0.6027690768241882,0.37108543515205383,-0.7454339861869812,0.6192505955696106,0.3729005455970764,-0.745697557926178,0.5382858514785767,0.3615764081478119,-0.7123435735702515,0.5244656801223755,0.3573015630245209,-0.7117728590965271,0.5121305584907532,0.3523831069469452,-0.7121172547340393,0.6466009616851807,0.3901767134666443,-0.41798728704452515,0.507952868938446,0.357879638671875,-0.24636399745941162,0.5731637477874756,0.4869069755077362,-0.6620125770568848,0.5169240832328796,0.4683949649333954,-0.614241898059845,0.7711975574493408,0.6824209094047546,-0.21718759834766388,0.37516382336616516,0.6122943758964539,-0.09038661420345306,0.8881529569625854,1.0026556253433228,-0.1815369427204132,0.15368670225143433,0.7935922741889954,-0.6247596144676208,0.883813738822937,1.3781883716583252,-0.22796782851219177,0.3638826608657837,0.4497978091239929,-1.3261516094207764,0.8970445394515991,1.4774903059005737,-0.2684250771999359,0.408796489238739,0.3651456832885742,-1.4948619604110718,0.8565431833267212,1.4633859395980835,-0.28938329219818115,0.43452930450439453,0.3516883850097656,-1.3750261068344116,0.8379886746406555,1.435514211654663,-0.24438610672950745,0.43380221724510193,0.38673922419548035,-1.308355450630188,0.6556148529052734,1.4313308000564575,-0.11152525991201401,0.3687032163143158,1.3992689847946167,0.11495111137628555,0.6073894500732422,2.0452795028686523,-0.06444711238145828,0.3445446789264679,2.012758255004883,0.3867969512939453,0.5671300292015076,2.5912859439849854,0.514732301235199,0.3018656373023987,2.561187744140625,1.044687032699585,0.5691714882850647,2.663001537322998,0.5396231412887573,0.2893584370613098,2.631819009780884,1.1033401489257812,0.5135174989700317,2.7702817916870117,-0.05829140543937683,0.32601261138916016,2.7504799365997314,0.47209078073501587,0,0,0,0,0,0,0,0,0,0,0,0,0,0,0,0,0,0,0,0,0,0,0,0,0,0,0,0,0,0,0,0,0,0,0,0,0,0,0,0,0,0,0,0,0,0,0,0,0,0,0,0,0,0,0,0,0,0,0,0,0,0,0,0.3384687900543213,0.4601439833641052,7.04075162616391e-08,0.39046403765678406,0.4600943922996521,0.008872322738170624,0.42162224650382996,0.44541430473327637,0.005337054841220379,0.4436734914779663,0.44205570220947266,-0.0037537768948823214,0.4550008177757263,0.44143146276474,-0.012795723974704742,0.4133788049221039,0.3500642776489258,0.0060156346298754215,0.4485253393650055,0.32566070556640625,-0.0019560642540454865,0.4719618856906891,0.30664822459220886,-0.008686773478984833,0.4890022575855255,0.28904497623443604,-0.014545629732310772,0.40573209524154663,0.3501794934272766,-0.008077571168541908,0.4654846489429474,0.37437325716018677,-0.022356176748871803,0.4582942724227905,0.4064546823501587,-0.02555537037551403,0.44147607684135437,0.4141744375228882,-0.024729523807764053,0.40138158202171326,0.3662717640399933,-0.02187339775264263,0.45521408319473267,0.3940708041191101,-0.032329581677913666,0.44715577363967896,0.4208937883377075,-0.026447881013154984,0.43199315667152405,0.42578035593032837,-0.020384520292282104,0.3997434377670288,0.39118584990501404,-0.035761237144470215,0.44096100330352783,0.41279372572898865,-0.038066063076257706,0.4376859664916992,0.43222036957740784,-0.02994457446038723,0.42679688334465027,0.4369122385978699,-0.02343093603849411,thinking
0.5468968152999878,0.42213910818099976,-0.7495512366294861,0.5851770639419556,0.3694073557853699,-0.7152215242385864,0.60252445936203,0.3711102306842804,-0.7149672508239746,0.619049608707428,0.37293359637260437,-0.71522057056427,0.5380805730819702,0.3615698516368866,-0.6808892488479614,0.5242452621459961,0.35730239748954773,-0.6803089380264282,0.5119286775588989,0.3524119257926941,-0.6806440949440002,0.6462978720664978,0.3903047740459442,-0.39968788623809814,0.5076634287834167,0.35793858766555786,-0.2217468023300171,0.5727394819259644,0.486905962228775,-0.6338709592819214,0.5166970491409302,0.4684775173664093,-0.5845068693161011,0.7706214189529419,0.6823428273200989,-0.20742681622505188,0.3762977123260498,0.6121048331260681,-0.07740902900695801,0.8875706791877747,1.0024031400680542,-0.17372260987758636,0.1576673686504364,0.7939479947090149,-0.6065677404403687,0.883132815361023,1.3778539896011353,-0.21642184257507324,0.3642823398113251,0.45033857226371765,-1.295562982559204,0.8965339660644531,1.476478934288025,-0.2558540105819702,0.40858274698257446,0.3647107183933258,-1.461044430732727,0.8563934564590454,1.4624544382095337,-0.27451640367507935,0.4343307614326477,0.3503589332103729,-1.3416788578033447,0.8376032710075378,1.4347859621047974,-0.23160836100578308,0.43362313508987427,0.38565292954444885,-1.2778784036636353,0.655526876449585,1.4309842586517334,-0.10946054756641388,0.3687576651573181,1.3988958597183228,0.1129036545753479,0.6074444055557251,2.0447158813476562,-0.07889053970575333,0.3454383611679077,2.012666940689087,0.3767562508583069,0.5671793818473816,2.591036081314087,0.47811517119407654,0.30231794714927673,2.5613272190093994,1.0196270942687988,0.5692087411880493,2.6627349853515625,0.501299262046814,0.2896028161048889,2.63198184967041,1.0766022205352783,0.5137401819229126,2.7699646949768066,-0.09289988875389099,0.32659533619880676,2.7504639625549316,0.4502995014190674,0,0,0,0,0,0,0,0,0,0,0,0,0,0,0,0,0,0,0,0,0,0,0,0,0,0,0,0,0,0,0,0,0,0,0,0,0,0,0,0,0,0,0,0,0,0,0,0,0,0,0,0,0,0,0,0,0,0,0,0,0,0,0,0.3387109637260437,0.45968860387802124,7.429166970496226e-08,0.39059731364250183,0.4602058529853821,0.009023874998092651,0.4215332269668579,0.4454908072948456,0.00556546775624156,0.44377145171165466,0.4420517683029175,-0.0034432411193847656,0.4555119276046753,0.4414646029472351,-0.012393709272146225,0.41343390941619873,0.3504025936126709,0.0058983806520700455,0.44806718826293945,0.32538604736328125,-0.002071578288450837,0.47148653864860535,0.30638399720191956,-0.008839758113026619,0.4883904755115509,0.28878629207611084,-0.01469546090811491,0.40578460693359375,0.3500780761241913,-0.00813022069633007,0.46511420607566833,0.3737315535545349,-0.022201020270586014,0.4585096836090088,0.40604111552238464,-0.025363042950630188,0.44210678339004517,0.41383466124534607,-0.024551009759306908,0.40156233310699463,0.36594611406326294,-0.021810080856084824,0.45491158962249756,0.39297857880592346,-0.03215912729501724,0.44758257269859314,0.4204196333885193,-0.026227513328194618,0.43273577094078064,0.4258100986480713,-0.020132696256041527,0.4000891447067261,0.3906272053718567,-0.035556066781282425,0.4412006437778473,0.41254284977912903,-0.03782099485397339,0.4381170868873596,0.43245598673820496,-0.029633399099111557,0.4273148775100708,0.437643826007843,-0.02304374985396862,thinking
0.5464513897895813,0.42213746905326843,-0.6724293828010559,0.584805428981781,0.36942005157470703,-0.6436557173728943,0.6021820306777954,0.3711492717266083,-0.6434897184371948,0.6187676191329956,0.37301990389823914,-0.6438048481941223,0.5377510190010071,0.36156463623046875,-0.6062203645706177,0.5239246487617493,0.3573160767555237,-0.6056979894638062,0.5116690397262573,0.3525177538394928,-0.6060612797737122,0.6460505127906799,0.3909105062484741,-0.358894944190979,0.5075701475143433,0.3585473895072937,-0.1645388901233673,0.5722038149833679,0.4871159493923187,-0.5674131512641907,0.5162076950073242,0.46868619322776794,-0.5137761831283569,0.7706442475318909,0.682260274887085,-0.20842225849628448,0.37622693181037903,0.6149723529815674,-0.005073069594800472,0.8876363635063171,1.0020925998687744,-0.1803506314754486,0.15813614428043365,0.7940658926963806,-0.4935854971408844,0.8779624104499817,1.3770803213119507,-0.21450570225715637,0.3643378019332886,0.4499768614768982,-1.1073659658432007,0.8901340365409851,1.4755444526672363,-0.2529844343662262,0.408497154712677,0.36323967576026917,-1.254965901374817,0.8495286107063293,1.4613430500030518,-0.2668722867965698,0.43429678678512573,0.34821775555610657,-1.124464750289917,0.8317116498947144,1.433851718902588,-0.22701671719551086,0.43375295400619507,0.38397446274757385,-1.0849997997283936,0.6557489037513733,1.4310076236724854,-0.11787716299295425,0.3696734309196472,1.3989195823669434,0.12127554416656494,0.6081534624099731,2.0447163581848145,-0.1233421340584755,0.34814155101776123,2.01247501373291,0.37785375118255615,0.5672365427017212,2.591200113296509,0.41246503591537476,0.30353695154190063,2.5613670349121094,0.9997369647026062,0.5694993734359741,2.6628286838531494,0.43480604887008667,0.2907816767692566,2.632166862487793,1.0539535284042358,0.5131799578666687,2.77001690864563,-0.1432146281003952,0.3266867995262146,2.7503838539123535,0.4478987753391266,0,0,0,0,0,0,0,0,0,0,0,0,0,0,0,0,0,0,0,0,0,0,0,0,0,0,0,0,0,0,0,0,0,0,0,0,0,0,0,0,0,0,0,0,0,0,0,0,0,0,0,0,0,0,0,0,0,0,0,0,0,0,0,0.3397563695907593,0.46114593744277954,5.602123209769161e-08,0.39019346237182617,0.46164998412132263,0.00875873863697052,0.4215972423553467,0.44606339931488037,0.005935308523476124,0.4433964192867279,0.442684531211853,-0.002297581173479557,0.4579472243785858,0.44247424602508545,-0.010408260859549046,0.4133340120315552,0.35088932514190674,0.006769072264432907,0.4483450949192047,0.32653090357780457,-0.0006418132688850164,0.47173699736595154,0.30710285902023315,-0.007154352031648159,0.4886808693408966,0.28891152143478394,-0.012879188172519207,0.406537264585495,0.3513490855693817,-0.006854566279798746,0.4660290777683258,0.3766254782676697,-0.021078357473015785,0.4577418863773346,0.4067517817020416,-0.024926837533712387,0.4398205876350403,0.41266947984695435,-0.02441253513097763,0.40315258502960205,0.3673071265220642,-0.020080646499991417,0.4563571810722351,0.39633071422576904,-0.03043069876730442,0.44727855920791626,0.42169898748397827,-0.025199197232723236,0.43137070536613464,0.4251441955566406,-0.019541338086128235,0.4022955894470215,0.39157411456108093,-0.033341169357299805,0.44249096512794495,0.4151005446910858,-0.03573702275753021,0.437233030796051,0.4342230558395386,-0.028017137199640274,0.4250383675098419,0.4377526044845581,-0.021715180948376656,thinking
0.5461941957473755,0.4221530258655548,-0.6702014803886414,0.584548830986023,0.36945676803588867,-0.6417452096939087,0.6019505858421326,0.37121719121932983,-0.6415906548500061,0.6185757517814636,0.37313568592071533,-0.6419037580490112,0.5375285744667053,0.36156895756721497,-0.6041567921638489,0.5237089991569519,0.3573416471481323,-0.603632390499115,0.5114947557449341,0.352631539106369,-0.6039928197860718,0.6458827257156372,0.39135265350341797,-0.35676902532577515,0.5074991583824158,0.35900190472602844,-0.16187749803066254,0.5718706846237183,0.4873332381248474,-0.5648686289787292,0.5159227252006531,0.46895015239715576,-0.5111027359962463,0.770653486251831,0.6821964979171753,-0.21008889377117157,0.3761637806892395,0.6164999008178711,0.003275509923696518,0.8876959681510925,1.0015453100204468,-0.19293026626110077,0.15836802124977112,0.7941654920578003,-0.479367196559906,0.8755289316177368,1.3769515752792358,-0.2177734375,0.36439409852027893,0.4491691291332245,-1.0882782936096191,0.8872238993644714,1.474982738494873,-0.2561732828617096,0.4084259569644928,0.3620511293411255,-1.235335350036621,0.8465411067008972,1.4609569311141968,-0.269281804561615,0.43425625562667847,0.34668630361557007,-1.1041336059570312,0.8290334939956665,1.4332257509231567,-0.22985294461250305,0.43382182717323303,0.3826635181903839,-1.0656360387802124,0.6558821201324463,1.4309608936309814,-0.12166376411914825,0.3701474070549011,1.3989278078079224,0.12506572902202606,0.6086632013320923,2.0444717407226562,-0.12924519181251526,0.34976130723953247,2.0119802951812744,0.377889484167099,0.5672742128372192,2.59108304977417,0.4127054810523987,0.30397242307662964,2.5610251426696777,0.993050217628479,0.5695905685424805,2.6624443531036377,0.4357798099517822,0.291138231754303,2.6320862770080566,1.04696786403656,0.5127250552177429,2.7701992988586426,-0.14351971447467804,0.3266673684120178,2.749702215194702,0.44521546363830566,0,0,0,0,0,0,0,0,0,0,0,0,0,0,0,0,0,0,0,0,0,0,0,0,0,0,0,0,0,0,0,0,0,0,0,0,0,0,0,0,0,0,0,0,0,0,0,0,0,0,0,0,0,0,0,0,0,0,0,0,0,0,0,0.3398002088069916,0.46141985058784485,5.67762867831334e-08,0.39016303420066833,0.461944043636322,0.008485419675707817,0.42168766260147095,0.4465198516845703,0.0056251524947583675,0.44341498613357544,0.4431435763835907,-0.002664603292942047,0.45852577686309814,0.44205713272094727,-0.010793058201670647,0.4126511216163635,0.35116612911224365,0.00739084230735898,0.44794875383377075,0.3268428444862366,-8.778437768341973e-05,0.47156113386154175,0.3072930872440338,-0.006669694557785988,0.48855793476104736,0.28916609287261963,-0.012389910407364368,0.4064628481864929,0.35146716237068176,-0.006126377731561661,0.46591806411743164,0.3774290680885315,-0.02075829543173313,0.4575459361076355,0.407512366771698,-0.024966614320874214,0.439387708902359,0.4132448732852936,-0.024532869458198547,0.4035469889640808,0.36702191829681396,-0.019327182322740555,0.4565874934196472,0.39702916145324707,-0.03006754256784916,0.4472651481628418,0.42258980870246887,-0.02514394372701645,0.4312122166156769,0.4259515106678009,-0.019519507884979248,0.40301313996315,0.39101946353912354,-0.03258226066827774,0.44301387667655945,0.41556113958358765,-0.03526423126459122,0.437486857175827,0.4348379969596863,-0.027780422940850258,0.42510831356048584,0.43830662965774536,-0.021527625620365143,thinking
0.544540524482727,0.42215496301651,-0.6642261743545532,0.5826320052146912,0.369451105594635,-0.633111834526062,0.6001964807510376,0.37120601534843445,-0.6328616738319397,0.6169677376747131,0.37312644720077515,-0.6331344246864319,0.5358558297157288,0.36159953474998474,-0.5967308282852173,0.5221625566482544,0.35750558972358704,-0.596213698387146,0.5103074908256531,0.3530299961566925,-0.5965896844863892,0.6448284387588501,0.3914901912212372,-0.34716734290122986,0.5059937238693237,0.3599082827568054,-0.1566956788301468,0.5701967477798462,0.48733729124069214,-0.559234619140625,0.5144443511962891,0.469143271446228,-0.5064343214035034,0.7702733278274536,0.6833263635635376,-0.1973811686038971,0.3761395215988159,0.618176281452179,-0.011307954788208008,0.8865841627120972,1.0023151636123657,-0.19536109268665314,0.1664172112941742,0.7950220108032227,-0.5092405676841736,0.864845871925354,1.3795350790023804,-0.22734396159648895,0.3674600124359131,0.4493948221206665,-1.148268461227417,0.8736736178398132,1.479622483253479,-0.26656994223594666,0.411431223154068,0.3622582256793976,-1.302638292312622,0.8320841789245605,1.4640806913375854,-0.279015451669693,0.4354502260684967,0.3468085825443268,-1.174518346786499,0.815880298614502,1.4354010820388794,-0.23985648155212402,0.4348887503147125,0.38288643956184387,-1.1270289421081543,0.6548969745635986,1.4334346055984497,-0.11470144987106323,0.36863449215888977,1.3992047309875488,0.1182301864027977,0.604554295539856,2.04766845703125,-0.12385644763708115,0.3429725170135498,2.0125765800476074,0.3340771496295929,0.5592924952507019,2.595320463180542,0.4122646450996399,0.29456451535224915,2.562741279602051,0.9038658142089844,0.5615584850311279,2.667250633239746,0.4340895712375641,0.28166016936302185,2.634082317352295,0.9523699879646301,0.5045710802078247,2.774259328842163,-0.1452232301235199,0.31769299507141113,2.7534587383270264,0.3435916304588318,0,0,0,0,0,0,0,0,0,0,0,0,0,0,0,0,0,0,0,0,0,0,0,0,0,0,0,0,0,0,0,0,0,0,0,0,0,0,0,0,0,0,0,0,0,0,0,0,0,0,0,0,0,0,0,0,0,0,0,0,0,0,0,0.34035277366638184,0.4618819057941437,6.491456616686264e-08,0.3920184075832367,0.46329185366630554,0.008655092678964138,0.4224487841129303,0.44780194759368896,0.005449621006846428,0.444157212972641,0.443067729473114,-0.0030279725324362516,0.4581378698348999,0.4443225860595703,-0.01141591276973486,0.4131161570549011,0.3525198698043823,0.004873217083513737,0.4492633044719696,0.32743531465530396,-0.0020754842553287745,0.47285354137420654,0.30785849690437317,-0.00788109004497528,0.49011388421058655,0.2902028262615204,-0.013129141181707382,0.4063616096973419,0.35292455554008484,-0.008482261560857296,0.4658870995044708,0.37842389941215515,-0.021103110164403915,0.45854130387306213,0.40798419713974,-0.023582307621836662,0.4423052668571472,0.41423776745796204,-0.022714734077453613,0.4029960036277771,0.3696516752243042,-0.021335242316126823,0.45676389336586,0.39868882298469543,-0.030384821817278862,0.44905316829681396,0.42354726791381836,-0.024391278624534607,0.4346976578235626,0.4282172620296478,-0.018726928159594536,0.4025837779045105,0.3948785662651062,-0.034267157316207886,0.44292163848876953,0.4163837432861328,-0.03579210862517357,0.4405878484249115,0.43570733070373535,-0.027718765661120415,0.4313865303993225,0.44192802906036377,-0.021423544734716415,thinking
0.5432915091514587,0.42215681076049805,-0.6633113026618958,0.5811569690704346,0.3694455325603485,-0.6314684748649597,0.5988152027130127,0.3711921274662018,-0.6312018036842346,0.6156569719314575,0.3731103539466858,-0.6314862370491028,0.5345329642295837,0.3616296052932739,-0.59569251537323,0.5209366083145142,0.3576384484767914,-0.595171332359314,0.5093327164649963,0.35333797335624695,-0.5955482125282288,0.6439617872238159,0.3915491998195648,-0.34429097175598145,0.5047565698623657,0.3605281412601471,-0.15680380165576935,0.5689323544502258,0.48733755946159363,-0.5581866502761841,0.5133379697799683,0.469289094209671,-0.5060723423957825,0.7699750065803528,0.6841077208518982,-0.19205893576145172,0.37610694766044617,0.6189276576042175,-0.018780162557959557,0.8857985734939575,1.0024657249450684,-0.1964857578277588,0.16987304389476776,0.7950934171676636,-0.5227751135826111,0.8598020672798157,1.3813611268997192,-0.2283063679933548,0.3698667883872986,0.44941282272338867,-1.1667892932891846,0.8678262829780579,1.4827779531478882,-0.2656204402446747,0.4137954115867615,0.3625345528125763,-1.3225605487823486,0.8260935544967651,1.466401219367981,-0.2785755693912506,0.436565101146698,0.3471812307834625,-1.195688009262085,0.810250461101532,1.4370752573013306,-0.2409670352935791,0.43585920333862305,0.3832271993160248,-1.1462702751159668,0.6538357734680176,1.4345377683639526,-0.10831131041049957,0.3673178553581238,1.3992289304733276,0.11188101768493652,0.6014464497566223,2.0488529205322266,-0.11982864141464233,0.3382250666618347,2.0126192569732666,0.3086468577384949,0.553887665271759,2.5970754623413086,0.41319289803504944,0.2885516881942749,2.563023090362549,0.8632012605667114,0.5561069250106812,2.6693532466888428,0.4345059394836426,0.2756246328353882,2.6344330310821533,0.9099330902099609,0.49914970993995667,2.77575421333313,-0.14376899600028992,0.31220677495002747,2.7546398639678955,0.2999735176563263,0,0,0,0,0,0,0,0,0,0,0,0,0,0,0,0,0,0,0,0,0,0,0,0,0,0,0,0,0,0,0,0,0,0,0,0,0,0,0,0,0,0,0,0,0,0,0,0,0,0,0,0,0,0,0,0,0,0,0,0,0,0,0,0.3402101993560791,0.4623572826385498,6.652515338601006e-08,0.3916914165019989,0.46396371722221375,0.008287765085697174,0.4222695827484131,0.44806814193725586,0.005059202667325735,0.4439197778701782,0.44317030906677246,-0.00342575297690928,0.4580945670604706,0.4445675015449524,-0.011800038628280163,0.41285189986228943,0.3525233268737793,0.005253546871244907,0.4488537907600403,0.3271234333515167,-0.00180443050339818,0.4726352095603943,0.3075873851776123,-0.007666591089218855,0.49007272720336914,0.2901717722415924,-0.012930471450090408,0.40621790289878845,0.35295581817626953,-0.007986164651811123,0.4661649465560913,0.3785477876663208,-0.0211885217577219,0.4583875238895416,0.40817078948020935,-0.023904453963041306,0.4416791498661041,0.4142865836620331,-0.02295759879052639,0.4030378460884094,0.36944958567619324,-0.020815230906009674,0.45708727836608887,0.3992731273174286,-0.030250750482082367,0.44909408688545227,0.4240334928035736,-0.024375801905989647,0.43458184599876404,0.4283384084701538,-0.018632391467690468,0.40266987681388855,0.39449259638786316,-0.03376685082912445,0.44318777322769165,0.41708463430404663,-0.03544630855321884,0.4403343200683594,0.4363478124141693,-0.027470121160149574,0.4308162033557892,0.4419110417366028,-0.021190740168094635,thinking
0.5474041700363159,0.4195164740085602,-0.763971209526062,0.5838692784309387,0.36739444732666016,-0.7184001803398132,0.6010961532592773,0.3691636621952057,-0.7181718945503235,0.6173568964004517,0.37103986740112305,-0.7182920575141907,0.5372833609580994,0.35980311036109924,-0.698140561580658,0.523261547088623,0.35605305433273315,-0.6975600719451904,0.5106579065322876,0.3518766760826111,-0.6978309750556946,0.6440694332122803,0.38948094844818115,-0.3748663067817688,0.5047338604927063,0.35972821712493896,-0.25429633259773254,0.5718561410903931,0.48455914855003357,-0.6369016170501709,0.5157285332679749,0.4674247205257416,-0.6044238209724426,0.7701085805892944,0.6832050085067749,-0.1942012906074524,0.37419000267982483,0.6269906759262085,-0.15890982747077942,0.886391818523407,1.0023902654647827,-0.21175456047058105,0.16994266211986542,0.8372982740402222,-0.7904355525970459,0.8932591676712036,1.3816845417022705,-0.34422722458839417,0.3701934814453125,0.45340949296951294,-1.5460169315338135,0.9154747724533081,1.4820327758789062,-0.4036695957183838,0.41932353377342224,0.36319372057914734,-1.7258116006851196,0.8727545738220215,1.4661462306976318,-0.4184417724609375,0.441535621881485,0.34922754764556885,-1.6071460247039795,0.8489264249801636,1.4377567768096924,-0.362502783536911,0.43966683745384216,0.38602715730667114,-1.5278942584991455,0.6621315479278564,1.4367281198501587,-0.09212017804384232,0.3707810342311859,1.4087387323379517,0.0962526872754097,0.6211384534835815,2.053234577178955,-0.04525924474000931,0.3586742877960205,2.032634973526001,0.42479461431503296,0.5860962867736816,2.600682258605957,0.562134861946106,0.3267150819301605,2.5806164741516113,1.167202115058899,0.587118923664093,2.674114942550659,0.5901411771774292,0.3155028820037842,2.652693271636963,1.2343394756317139,0.5393982529640198,2.7800633907318115,-0.009577934630215168,0.3562012314796448,2.774880886077881,0.6102005839347839,0,0,0,0,0,0,0,0,0,0,0,0,0,0,0,0,0,0,0,0,0,0,0,0,0,0,0,0,0,0,0,0,0,0,0,0,0,0,0,0,0,0,0,0,0,0,0,0,0,0,0,0,0,0,0,0,0,0,0,0,0,0,0,0,0,0,0,0,0,0,0,0,0,0,0,0,0,0,0,0,0,0,0,0,0,0,0,0,0,0,0,0,0,0,0,0,0,0,0,0,0,0,0,0,0,0,0,0,0,0,0,0,0,0,0,0,0,0,0,0,0,0,0,0,0,0,thinking
0.549885630607605,0.417962908744812,-0.7999011278152466,0.5855718851089478,0.3660697340965271,-0.751806378364563,0.6025698781013489,0.3678607940673828,-0.7516043186187744,0.618499755859375,0.3697141408920288,-0.7517278790473938,0.5389477610588074,0.35859715938568115,-0.7329717874526978,0.5246730446815491,0.35499492287635803,-0.7323853373527527,0.511501669883728,0.35090726613998413,-0.7326521873474121,0.6441500186920166,0.38808149099349976,-0.39155247807502747,0.5046865344047546,0.3591729402542114,-0.28144925832748413,0.5737543106079102,0.48295867443084717,-0.6678047180175781,0.5173239707946777,0.4663698971271515,-0.6374772787094116,0.770307719707489,0.6824110746383667,-0.19561977684497833,0.3723459839820862,0.6320998668670654,-0.18386313319206238,0.8870738744735718,1.0023291110992432,-0.2165101021528244,0.16888359189033508,0.8512371182441711,-0.8227092027664185,0.9032309651374817,1.3823521137237549,-0.36493781208992004,0.3703001141548157,0.455724835395813,-1.5910693407058716,0.9268272519111633,1.4815243482589722,-0.4255518317222595,0.42171716690063477,0.3636954426765442,-1.7727339267730713,0.883958637714386,1.4663021564483643,-0.44079938530921936,0.44365447759628296,0.35088613629341125,-1.654845952987671,0.8591641187667847,1.438754677772522,-0.3834611177444458,0.4413088858127594,0.38811004161834717,-1.5731637477874756,0.6677632927894592,1.438480257987976,-0.08540624380111694,0.3736647367477417,1.414859414100647,0.08969251066446304,0.6315102577209473,2.0566956996917725,-0.021464016288518906,0.3688204288482666,2.0427000522613525,0.45281878113746643,0.6008032560348511,2.6037886142730713,0.6025939583778381,0.34237685799598694,2.5900018215179443,1.2132940292358398,0.6017372012138367,2.6779258251190186,0.6320504546165466,0.3317546248435974,2.6621124744415283,1.281977891921997,0.5555822253227234,2.7835652828216553,0.027096401900053024,0.3724976181983948,2.785416603088379,0.6528282165527344,0,0,0,0,0,0,0,0,0,0,0,0,0,0,0,0,0,0,0,0,0,0,0,0,0,0,0,0,0,0,0,0,0,0,0,0,0,0,0,0,0,0,0,0,0,0,0,0,0,0,0,0,0,0,0,0,0,0,0,0,0,0,0,0,0,0,0,0,0,0,0,0,0,0,0,0,0,0,0,0,0,0,0,0,0,0,0,0,0,0,0,0,0,0,0,0,0,0,0,0,0,0,0,0,0,0,0,0,0,0,0,0,0,0,0,0,0,0,0,0,0,0,0,0,0,0,thinking
0.5535318851470947,0.4139566421508789,-0.7870946526527405,0.5898638367652893,0.361567884683609,-0.7428915500640869,0.6065680980682373,0.36392340064048767,-0.7426851987838745,0.6216225624084473,0.36642953753471375,-0.7428517937660217,0.5446909666061401,0.3519233763217926,-0.7221344709396362,0.5316191911697388,0.34688952565193176,-0.7215951681137085,0.5191793441772461,0.34188076853752136,-0.7219870090484619,0.6470228433609009,0.3847902715206146,-0.3915490508079529,0.5129216909408569,0.3530753552913666,-0.28009623289108276,0.5774412155151367,0.4771750271320343,-0.6586290597915649,0.5218268632888794,0.4618843197822571,-0.6246877908706665,0.7731196880340576,0.6824659109115601,-0.2186078131198883,0.3795926570892334,0.6329777836799622,-0.17202846705913544,0.8884502649307251,1.0076568126678467,-0.23989281058311462,0.17555706202983856,0.8871378302574158,-0.8147633671760559,0.8996281623840332,1.3975975513458252,-0.3654302954673767,0.35456985235214233,0.53150874376297,-1.4600034952163696,0.9200595021247864,1.4960309267044067,-0.429701566696167,0.3990495502948761,0.43177127838134766,-1.6317691802978516,0.8787336349487305,1.480760931968689,-0.4421260952949524,0.4234793782234192,0.41805994510650635,-1.5234754085540771,0.8555719256401062,1.453515887260437,-0.3818838596343994,0.42531219124794006,0.4569583535194397,-1.4447119235992432,0.6703137159347534,1.4385392665863037,-0.10032717138528824,0.3788725733757019,1.4145220518112183,0.1045839935541153,0.6324124336242676,2.0639989376068115,-0.05466419458389282,0.3735830783843994,2.047697067260742,0.44089141488075256,0.6031700372695923,2.6191914081573486,0.5690906047821045,0.34781190752983093,2.602673292160034,1.1451658010482788,0.6059321761131287,2.6931746006011963,0.5963397026062012,0.33771002292633057,2.6734931468963623,1.2072923183441162,0.5532017350196838,2.796290159225464,0.013338160701096058,0.36957234144210815,2.797618865966797,0.5775557160377502,0,0,0,0,0,0,0,0,0,0,0,0,0,0,0,0,0,0,0,0,0,0,0,0,0,0,0,0,0,0,0,0,0,0,0,0,0,0,0,0,0,0,0,0,0,0,0,0,0,0,0,0,0,0,0,0,0,0,0,0,0,0,0,0,0,0,0,0,0,0,0,0,0,0,0,0,0,0,0,0,0,0,0,0,0,0,0,0,0,0,0,0,0,0,0,0,0,0,0,0,0,0,0,0,0,0,0,0,0,0,0,0,0,0,0,0,0,0,0,0,0,0,0,0,0,0,thinking
0.5559345483779907,0.4111361801624298,-0.782040536403656,0.5931910276412964,0.35820287466049194,-0.7395642995834351,0.6098334193229675,0.3608614206314087,-0.7393497228622437,0.6243236064910889,0.3637382388114929,-0.7395387887954712,0.5486428141593933,0.34765905141830444,-0.7133848667144775,0.5362324714660645,0.3421541750431061,-0.7128266096115112,0.5240929126739502,0.33681026101112366,-0.7131496667861938,0.6495365500450134,0.3823971152305603,-0.3996911644935608,0.5178693532943726,0.3498121201992035,-0.2662818729877472,0.5798304677009583,0.47336897253990173,-0.659540593624115,0.524569034576416,0.4587551951408386,-0.6184449195861816,0.7758389115333557,0.6832292079925537,-0.23638029396533966,0.38398247957229614,0.6328684091567993,-0.15598471462726593,0.8894721865653992,1.0172340869903564,-0.2632250189781189,0.175590381026268,0.8950564861297607,-0.7901114225387573,0.8975546956062317,1.407907485961914,-0.390408992767334,0.3478247821331024,0.5512790083885193,-1.4408372640609741,0.9165131449699402,1.5059081315994263,-0.46016019582748413,0.3893747925758362,0.4508466124534607,-1.6139423847198486,0.878247082233429,1.4897818565368652,-0.4695472717285156,0.4160379469394684,0.43719255924224854,-1.510631799697876,0.854472279548645,1.4625858068466187,-0.40591126680374146,0.41898617148399353,0.4767402112483978,-1.4273967742919922,0.6705219745635986,1.440253734588623,-0.10871164500713348,0.38004714250564575,1.4145153760910034,0.11296127736568451,0.6310703158378601,2.0728321075439453,-0.0638822466135025,0.372770756483078,2.0519251823425293,0.4330424666404724,0.6001812815666199,2.6308674812316895,0.5506003499031067,0.3446870446205139,2.609092950820923,1.1220476627349854,0.6031285524368286,2.7049672603607178,0.5772799253463745,0.3342593312263489,2.6794328689575195,1.1826270818710327,0.5493860840797424,2.8065316677093506,-0.011910212226212025,0.365249365568161,2.8040497303009033,0.5506070852279663,0,0,0,0,0,0,0,0,0,0,0,0,0,0,0,0,0,0,0,0,0,0,0,0,0,0,0,0,0,0,0,0,0,0,0,0,0,0,0,0,0,0,0,0,0,0,0,0,0,0,0,0,0,0,0,0,0,0,0,0,0,0,0,0.31752100586891174,0.5295252799987793,6.576647137990221e-08,0.3477281332015991,0.4876772463321686,0.007439247332513332,0.38354137539863586,0.45565277338027954,0.0031944250222295523,0.412070095539093,0.45132970809936523,-0.005616177339106798,0.4309459924697876,0.4555031359195709,-0.014653080143034458,0.4011440873146057,0.40670856833457947,-0.0029429495334625244,0.4399617314338684,0.3718371093273163,-0.014509733766317368,0.46113699674606323,0.3618287742137909,-0.022477583959698677,0.4737526774406433,0.3542850613594055,-0.02784142829477787,0.39535361528396606,0.4239351451396942,-0.01601370982825756,0.44512394070625305,0.4105908274650574,-0.026054849848151207,0.45556989312171936,0.42129573225975037,-0.030403874814510345,0.45619648694992065,0.42555248737335205,-0.033767081797122955,0.3885568678379059,0.45055410265922546,-0.02871132269501686,0.43714389204978943,0.4753668010234833,-0.036306653171777725,0.42971572279930115,0.49339616298675537,-0.033348631113767624,0.41534659266471863,0.49355238676071167,-0.03143835440278053,0.3829349875450134,0.4831468462944031,-0.0415571965277195,0.42389583587646484,0.5058194994926453,-0.04120555520057678,0.4178805351257324,0.5190478563308716,-0.034604862332344055,0.40557870268821716,0.5177998542785645,-0.030522897839546204,thinking
0.5559242963790894,0.4017828404903412,-0.7678013443946838,0.5938130617141724,0.35162657499313354,-0.7189716100692749,0.6105862259864807,0.3549196422100067,-0.7187879681587219,0.625229001045227,0.35868942737579346,-0.7188596129417419,0.548843264579773,0.3405476212501526,-0.6924632787704468,0.5364011526107788,0.3354620933532715,-0.6919447779655457,0.5241008996963501,0.330880731344223,-0.6922107934951782,0.6506302952766418,0.37988582253456116,-0.387954443693161,0.5192671418190002,0.348270982503891,-0.2496204823255539,0.5802941918373108,0.4630546569824219,-0.6526559591293335,0.5245274901390076,0.4489160180091858,-0.6121436953544617,0.7762154340744019,0.6832676529884338,-0.23478654026985168,0.38477954268455505,0.6390505433082581,-0.14249828457832336,0.8882137537002563,1.018955945968628,-0.307655394077301,0.17513738572597504,0.9027003645896912,-0.7608975172042847,0.8925458788871765,1.4130804538726807,-0.4723576009273529,0.34802576899528503,0.5749637484550476,-1.4162503480911255,0.9112289547920227,1.5125564336776733,-0.5482717156410217,0.3911375105381012,0.4804822504520416,-1.5854548215866089,0.8653507232666016,1.4957499504089355,-0.5526002645492554,0.4173749089241028,0.4695826470851898,-1.4757055044174194,0.8439846038818359,1.4680920839309692,-0.48750796914100647,0.419867604970932,0.5118522644042969,-1.400077223777771,0.6777189373970032,1.4435521364212036,-0.10863308608531952,0.38744503259658813,1.4186736345291138,0.112869992852211,0.6388508677482605,2.079784631729126,-0.12067767232656479,0.38033586740493774,2.0586907863616943,0.3931726813316345,0.6108277440071106,2.638871431350708,0.44736891984939575,0.35783129930496216,2.6144859790802,1.0168592929840088,0.616142988204956,2.714071750640869,0.4671400189399719,0.3476792573928833,2.6838598251342773,1.069980502128601,0.5575838088989258,2.8110125064849854,-0.13665007054805756,0.38122066855430603,2.8090474605560303,0.4443110525608063,0,0,0,0,0,0,0,0,0,0,0,0,0,0,0,0,0,0,0,0,0,0,0,0,0,0,0,0,0,0,0,0,0,0,0,0,0,0,0,0,0,0,0,0,0,0,0,0,0,0,0,0,0,0,0,0,0,0,0,0,0,0,0,0.32122376561164856,0.5876743793487549,-2.3375884339316144e-08,0.34559157490730286,0.532351016998291,0.008809179998934269,0.38318854570388794,0.49428197741508484,0.005805731751024723,0.4149942398071289,0.4871017038822174,-0.001611426705494523,0.4385732114315033,0.4978273808956146,-0.00893859937787056,0.39680755138397217,0.4593695104122162,-0.002077533630654216,0.4397924542427063,0.428106427192688,-0.01112050749361515,0.46565431356430054,0.41170549392700195,-0.01631598360836506,0.4855973720550537,0.4010152518749237,-0.01990322954952717,0.39753612875938416,0.47647523880004883,-0.01407480239868164,0.4531596601009369,0.4995094835758209,-0.026231788098812103,0.449957937002182,0.5243030190467834,-0.027743929997086525,0.4386623799800873,0.533475935459137,-0.026679320260882378,0.39782002568244934,0.5040324926376343,-0.025206726044416428,0.44986721873283386,0.5302766561508179,-0.03330405801534653,0.445446640253067,0.5498272180557251,-0.027512507513165474,0.43356624245643616,0.5546512007713318,-0.02231777086853981,0.3964747190475464,0.5351567268371582,-0.03621303662657738,0.44042831659317017,0.5590430498123169,-0.03580088913440704,0.43885737657546997,0.5750818848609924,-0.02742437645792961,0.4294099509716034,0.5787531137466431,-0.020971257239580154,thinking
0.5559825897216797,0.39711564779281616,-0.7567987442016602,0.5943206548690796,0.34796470403671265,-0.7066322565078735,0.6111586093902588,0.35153695940971375,-0.7064397931098938,0.6259168386459351,0.35571733117103577,-0.7065070867538452,0.5490175485610962,0.3365226686000824,-0.6809741854667664,0.5365017652511597,0.3315775990486145,-0.6804660558700562,0.5240520238876343,0.3272821307182312,-0.6806906461715698,0.6514631509780884,0.37821483612060547,-0.38009899854660034,0.5197213888168335,0.34689968824386597,-0.24523112177848816,0.5806039571762085,0.4582277536392212,-0.6449663639068604,0.5244729518890381,0.44406330585479736,-0.6064384579658508,0.7766812443733215,0.6832542419433594,-0.23317153751850128,0.3848992586135864,0.6421145796775818,-0.13075250387191772,0.8861963152885437,1.0206971168518066,-0.3095798194408417,0.17497022449970245,0.9052897691726685,-0.7326542735099792,0.8866270184516907,1.4159075021743774,-0.4747675061225891,0.348105788230896,0.5836631655693054,-1.4066052436828613,0.9046533703804016,1.5166466236114502,-0.5522359013557434,0.3923216462135315,0.49074023962020874,-1.5777287483215332,0.8537257313728333,1.4989310503005981,-0.5581456422805786,0.4183272421360016,0.479900985956192,-1.4610695838928223,0.8341588973999023,1.4706346988677979,-0.49070557951927185,0.420492559671402,0.5223570466041565,-1.3902231454849243,0.6800814867019653,1.446717619895935,-0.1083085685968399,0.3902972340583801,1.4212316274642944,0.11261016130447388,0.6404929161071777,2.0856940746307373,-0.14364047348499298,0.3818907141685486,2.0631420612335205,0.3550053536891937,0.6116892695426941,2.6464085578918457,0.4048006534576416,0.3591184616088867,2.618938446044922,0.9424537420272827,0.6176139116287231,2.722564935684204,0.4225253462791443,0.34882852435112,2.687938928604126,0.9916709065437317,0.5570909380912781,2.8163492679595947,-0.17979761958122253,0.3826002776622772,2.814124584197998,0.369395911693573,0,0,0,0,0,0,0,0,0,0,0,0,0,0,0,0,0,0,0,0,0,0,0,0,0,0,0,0,0,0,0,0,0,0,0,0,0,0,0,0,0,0,0,0,0,0,0,0,0,0,0,0,0,0,0,0,0,0,0,0,0,0,0,0.3198583126068115,0.5984935760498047,6.079241643419664e-08,0.341610848903656,0.5410072207450867,0.012627740390598774,0.3782462477684021,0.5006143450737,0.012077396735548973,0.41081780195236206,0.49165117740631104,0.006561075337231159,0.43614113330841064,0.5002499222755432,0.0010133652249351144,0.39447468519210815,0.4635854661464691,0.006661836989223957,0.43608254194259644,0.4343975782394409,0.0014363430673256516,0.46284064650535583,0.415836364030838,-0.0019412015099078417,0.48270463943481445,0.4029359221458435,-0.004657247103750706,0.3963507413864136,0.4783874452114105,-0.005971957463771105,0.4511542320251465,0.5006809830665588,-0.014036194421350956,0.4475073516368866,0.525681734085083,-0.015119289048016071,0.43556657433509827,0.5336757302284241,-0.01417054608464241,0.39732596278190613,0.5050037503242493,-0.017557460814714432,0.44714611768722534,0.5314525961875916,-0.021150575950741768,0.4434128999710083,0.5511083602905273,-0.015391583554446697,0.43213847279548645,0.5547922849655151,-0.011208374984562397,0.39668557047843933,0.536010205745697,-0.028863107785582542,0.43906867504119873,0.5599238872528076,-0.02545669861137867,0.4371722638607025,0.5759233832359314,-0.017136244103312492,0.4275694489479065,0.5793454051017761,-0.011184187605977058,thinking
0.5559614896774292,0.3947593867778778,-0.7423112988471985,0.5946110486984253,0.3458944261074066,-0.6920918822288513,0.6115068197250366,0.3495641350746155,-0.6918666958808899,0.6263926029205322,0.3538958430290222,-0.6919325590133667,0.5490413308143616,0.33440497517585754,-0.6668193936347961,0.5364283919334412,0.3295082151889801,-0.6663203239440918,0.5238807797431946,0.32533344626426697,-0.6665240526199341,0.6521276235580444,0.3770785331726074,-0.3697352111339569,0.5197917819023132,0.34601500630378723,-0.2355889081954956,0.5807018280029297,0.4560318887233734,-0.6324986219406128,0.5243862867355347,0.44200554490089417,-0.5947352647781372,0.7772942185401917,0.6833696961402893,-0.23016348481178284,0.3847769796848297,0.6437040567398071,-0.12319602072238922,0.8853068351745605,1.0248051881790161,-0.3055698573589325,0.17476177215576172,0.9084166288375854,-0.7228661179542542,0.8836864233016968,1.4234174489974976,-0.472648561000824,0.3483791947364807,0.5870335102081299,-1.398985743522644,0.9016814231872559,1.5262339115142822,-0.5492544174194336,0.3931041359901428,0.4938456416130066,-1.5694419145584106,0.8480325937271118,1.5085828304290771,-0.5554800033569336,0.4190296530723572,0.48291417956352234,-1.452303409576416,0.829258918762207,1.47914719581604,-0.4890196919441223,0.4209529757499695,0.5250423550605774,-1.3823693990707397,0.6814435124397278,1.4495933055877686,-0.10536789894104004,0.3913438618183136,1.4236088991165161,0.10981299728155136,0.642022430896759,2.089613676071167,-0.14646552503108978,0.3824058175086975,2.066038131713867,0.33364298939704895,0.6123670339584351,2.6505396366119385,0.3989703059196472,0.3588774800300598,2.6218156814575195,0.91259765625,0.6183642148971558,2.7270267009735107,0.41664552688598633,0.34828490018844604,2.6908767223358154,0.9607757329940796,0.5574581623077393,2.8203108310699463,-0.18384546041488647,0.38381025195121765,2.818112850189209,0.33985498547554016,0,0,0,0,0,0,0,0,0,0,0,0,0,0,0,0,0,0,0,0,0,0,0,0,0,0,0,0,0,0,0,0,0,0,0,0,0,0,0,0,0,0,0,0,0,0,0,0,0,0,0,0,0,0,0,0,0,0,0,0,0,0,0,0.3185677230358124,0.5981602668762207,7.213127872773839e-08,0.3409416079521179,0.5428294539451599,0.013119242154061794,0.37744423747062683,0.5020414590835571,0.012705196626484394,0.40943068265914917,0.4920431971549988,0.007137339562177658,0.43455004692077637,0.49801361560821533,0.0014765484957024455,0.39414820075035095,0.4636329710483551,0.006991297472268343,0.43537193536758423,0.43340596556663513,0.0016309345373883843,0.4628308117389679,0.41538822650909424,-0.0016265446320176125,0.4826185405254364,0.40362805128097534,-0.004127906635403633,0.39550912380218506,0.4781697988510132,-0.005930026993155479,0.4514714479446411,0.5006757974624634,-0.014435967430472374,0.4491387605667114,0.5264189839363098,-0.015452549792826176,0.4374808967113495,0.5344038605690002,-0.014356782659888268,0.39623355865478516,0.5044485926628113,-0.017850715667009354,0.4479215443134308,0.5316928029060364,-0.022469447925686836,0.44627511501312256,0.5528997778892517,-0.017062073573470116,0.4359615445137024,0.5574095249176025,-0.012885255739092827,0.39552000164985657,0.5352411866188049,-0.02936350367963314,0.43920859694480896,0.5603175163269043,-0.02700389362871647,0.43794649839401245,0.576666533946991,-0.01909688115119934,0.4282735288143158,0.5797948241233826,-0.01328419242054224,thinking
0.5559567213058472,0.3780254125595093,-0.8529938459396362,0.5949422121047974,0.3297218084335327,-0.7924217581748962,0.6120535135269165,0.3347279131412506,-0.7922457456588745,0.627028226852417,0.3402543365955353,-0.7923008799552917,0.549441933631897,0.3179547190666199,-0.7713435888290405,0.5366331338882446,0.31403252482414246,-0.770765483379364,0.5240620374679565,0.31053173542022705,-0.7710307836532593,0.6531397104263306,0.37073859572410583,-0.41102853417396545,0.520455002784729,0.33574625849723816,-0.29212185740470886,0.5813096761703491,0.4397833049297333,-0.7206940054893494,0.524318516254425,0.42597147822380066,-0.6877015829086304,0.7773018479347229,0.6824694871902466,-0.22972890734672546,0.38498976826667786,0.6406661868095398,-0.19609346985816956,0.8863115310668945,1.0242873430252075,-0.2822059094905853,0.17788580060005188,0.9192923903465271,-0.8143585324287415,0.8976436853408813,1.4309405088424683,-0.44955676794052124,0.3611595034599304,0.6071459650993347,-1.6347911357879639,0.9176639318466187,1.541090726852417,-0.5143076181411743,0.4108109474182129,0.5199218392372131,-1.8227335214614868,0.8619781732559204,1.5287562608718872,-0.520955502986908,0.43475541472435,0.5081604719161987,-1.715349555015564,0.8419321775436401,1.496707797050476,-0.46205011010169983,0.43458184599876404,0.5459795594215393,-1.6175696849822998,0.6828792691230774,1.448621153831482,-0.10130448639392853,0.39108893275260925,1.4233368635177612,0.1057875007390976,0.6442850828170776,2.088560104370117,-0.09298048913478851,0.3827393352985382,2.0678226947784424,0.40268707275390625,0.6188080310821533,2.6481199264526367,0.5606147050857544,0.36514151096343994,2.6221580505371094,1.1412731409072876,0.6237622499465942,2.7243120670318604,0.5874942541122437,0.3564191460609436,2.691737651824951,1.2064002752304077,0.5662485957145691,2.8190433979034424,-0.050258755683898926,0.3901076912879944,2.81803035736084,0.5428902506828308,0,0,0,0,0,0,0,0,0,0,0,0,0,0,0,0,0,0,0,0,0,0,0,0,0,0,0,0,0,0,0,0,0,0,0,0,0,0,0,0,0,0,0,0,0,0,0,0,0,0,0,0,0,0,0,0,0,0,0,0,0,0,0,0.34139519929885864,0.6093348264694214,1.3386800112868968e-08,0.3671994209289551,0.5537205934524536,0.015294536016881466,0.4036879539489746,0.5179676413536072,0.014023476280272007,0.43409407138824463,0.5085355639457703,0.007183158304542303,0.45801934599876404,0.5126659870147705,-0.0002004315610975027,0.4163917005062103,0.4837023615837097,0.0018843798898160458,0.4543441832065582,0.45159274339675903,-0.005416946951299906,0.47939568758010864,0.43474727869033813,-0.009051104076206684,0.4984639585018158,0.4231058955192566,-0.011768373660743237,0.4168311655521393,0.49941208958625793,-0.013841865584254265,0.477674663066864,0.5215320587158203,-0.024064015597105026,0.47144752740859985,0.5488495230674744,-0.023041516542434692,0.45680123567581177,0.5530210733413696,-0.020587045699357986,0.41734421253204346,0.5271386504173279,-0.028155019506812096,0.4741271138191223,0.5543208122253418,-0.034660324454307556,0.46617642045021057,0.5738130211830139,-0.025936009362339973,0.451883465051651,0.5733553171157837,-0.019468208774924278,0.4162308871746063,0.5581377744674683,-0.04177171736955643,0.4613730013370514,0.5782611966133118,-0.04034128785133362,0.4561200439929962,0.5941434502601624,-0.029506174847483635,0.4441467523574829,0.5947562456130981,-0.021774476394057274,thinking
0.5511477589607239,0.37426507472991943,-0.8463821411132812,0.5909147262573242,0.32597586512565613,-0.7951028943061829,0.6085311770439148,0.3304533362388611,-0.7948850393295288,0.6247878074645996,0.3360893428325653,-0.7949134111404419,0.5468853712081909,0.31592273712158203,-0.7693521976470947,0.5348014831542969,0.312400221824646,-0.7687305212020874,0.5232136249542236,0.3093341588973999,-0.7689789533615112,0.6529170870780945,0.3684031665325165,-0.4367276132106781,0.5203456282615662,0.335084468126297,-0.2958708107471466,0.5787538290023804,0.43579062819480896,-0.7208791375160217,0.5223892331123352,0.422002911567688,-0.6810019016265869,0.7766048908233643,0.6824359893798828,-0.24311311542987823,0.38694536685943604,0.6393052339553833,-0.20875605940818787,0.8862104415893555,1.0239245891571045,-0.28811898827552795,0.18630853295326233,0.9287863373756409,-0.8274275660514832,0.9086524248123169,1.4332562685012817,-0.4402366280555725,0.3693649172782898,0.6251490712165833,-1.653741478919983,0.9368478655815125,1.5420441627502441,-0.5079694986343384,0.4196835458278656,0.538924515247345,-1.8331489562988281,0.8832705616950989,1.5325064659118652,-0.5195522308349609,0.4420490860939026,0.5192332863807678,-1.7325365543365479,0.8589876294136047,1.5013898611068726,-0.4576166570186615,0.44056448340415955,0.5545865297317505,-1.6380456686019897,0.6824210286140442,1.4480754137039185,-0.10008152574300766,0.39100703597068787,1.4219905138015747,0.10463527590036392,0.6434752941131592,2.087785243988037,-0.08778589218854904,0.3819778859615326,2.0666048526763916,0.40090155601501465,0.6169956922531128,2.6464741230010986,0.5442840456962585,0.3626253008842468,2.620718479156494,1.1038978099822998,0.6216461062431335,2.7224669456481934,0.5689380168914795,0.353478342294693,2.690452814102173,1.1646469831466675,0.5658921599388123,2.8181135654449463,-0.05696583911776543,0.3892555236816406,2.816330671310425,0.5174244046211243,0,0,0,0,0,0,0,0,0,0,0,0,0,0,0,0,0,0,0,0,0,0,0,0,0,0,0,0,0,0,0,0,0,0,0,0,0,0,0,0,0,0,0,0,0,0,0,0,0,0,0,0,0,0,0,0,0,0,0,0,0,0,0,0.34580445289611816,0.6136077046394348,-1.2568153628933487e-08,0.37149885296821594,0.5602145195007324,0.014303214848041534,0.4090954661369324,0.5264304280281067,0.012552473694086075,0.44023397564888,0.5185641050338745,0.005998957436531782,0.46535032987594604,0.5214689373970032,-0.0010369470110163093,0.41866692900657654,0.49666827917099,-0.0015790812904015183,0.4587193429470062,0.4649413824081421,-0.009725880809128284,0.482907235622406,0.44562751054763794,-0.013298372738063335,0.5012998580932617,0.42884570360183716,-0.015994107350707054,0.42066246271133423,0.5137296915054321,-0.01646396331489086,0.4785352349281311,0.532420814037323,-0.027096189558506012,0.46871867775917053,0.5557281970977783,-0.025704482570290565,0.45193418860435486,0.5567924976348877,-0.023043883964419365,0.421855628490448,0.5426965355873108,-0.02969040721654892,0.47403132915496826,0.5631261467933655,-0.035748086869716644,0.46421346068382263,0.5810965299606323,-0.025621559470891953,0.44993525743484497,0.5799993276596069,-0.018428852781653404,0.4217541217803955,0.5749688148498535,-0.04225518926978111,0.464792937040329,0.5895783305168152,-0.039750199764966965,0.4570184648036957,0.6045626997947693,-0.02784484624862671,0.4445604681968689,0.605339527130127,-0.019642146304249763,thinking
0.5483115911483765,0.3725248873233795,-0.848224937915802,0.5884445309638977,0.3241918385028839,-0.7988306283950806,0.6063036918640137,0.32838714122772217,-0.7986061573028564,0.6232675909996033,0.33401376008987427,-0.7986224889755249,0.5451810956001282,0.31497374176979065,-0.7721729278564453,0.5335028767585754,0.3116395175457001,-0.7715402841567993,0.522549033164978,0.30878910422325134,-0.7717859745025635,0.65272057056427,0.3670068085193634,-0.44514673948287964,0.5202478170394897,0.33470314741134644,-0.2991108000278473,0.5770328044891357,0.4339408874511719,-0.7235680222511292,0.5210356712341309,0.42017704248428345,-0.6822624206542969,0.7761132717132568,0.6823744177818298,-0.24768657982349396,0.38799989223480225,0.6383945345878601,-0.21334481239318848,0.8861886262893677,1.023776888847351,-0.2910170257091522,0.19010286033153534,0.9319320917129517,-0.8327661752700806,0.9129295349121094,1.4331567287445068,-0.4413177967071533,0.37326493859291077,0.6298763751983643,-1.6632816791534424,0.9426488876342773,1.5409996509552002,-0.510793924331665,0.4238113760948181,0.5437881946563721,-1.8427093029022217,0.8901525735855103,1.5321999788284302,-0.5240253210067749,0.4455181062221527,0.5220583081245422,-1.7431678771972656,0.8650121688842773,1.5016179084777832,-0.4606074392795563,0.4434730112552643,0.5568903684616089,-1.6479326486587524,0.6820355653762817,1.4473135471343994,-0.09880620241165161,0.39090225100517273,1.420756459236145,0.10340861231088638,0.6427732706069946,2.087162494659424,-0.0841713473200798,0.3814409077167511,2.0656967163085938,0.39988189935684204,0.6155235171318054,2.645460605621338,0.5411846041679382,0.36075836420059204,2.6197311878204346,1.0919309854507446,0.6200569868087769,2.7212724685668945,0.565199613571167,0.3513196110725403,2.68953275680542,1.1519856452941895,0.5647474527359009,2.8174424171447754,-0.058606285601854324,0.3877992033958435,2.815140724182129,0.5074273347854614,0,0,0,0,0,0,0,0,0,0,0,0,0,0,0,0,0,0,0,0,0,0,0,0,0,0,0,0,0,0,0,0,0,0,0,0,0,0,0,0,0,0,0,0,0,0,0,0,0,0,0,0,0,0,0,0,0,0,0,0,0,0,0,0.34723007678985596,0.6144462823867798,1.3635688134172597e-08,0.37116533517837524,0.561651885509491,0.012238191440701485,0.4073314666748047,0.5289837718009949,0.009498707950115204,0.4385871887207031,0.5240346789360046,0.0024528636131435633,0.4635922312736511,0.531992495059967,-0.004905181471258402,0.41747382283210754,0.49806883931159973,-0.0032124530989676714,0.45670801401138306,0.46501266956329346,-0.011853588744997978,0.4811908006668091,0.4455997347831726,-0.015856634825468063,0.49981701374053955,0.4301861822605133,-0.018787579610943794,0.42090097069740295,0.5147742629051208,-0.017210982739925385,0.47889697551727295,0.532608151435852,-0.028117485344409943,0.4684155285358429,0.5556208491325378,-0.026086322963237762,0.45125460624694824,0.557562530040741,-0.022688427940011024,0.42290881276130676,0.5430959463119507,-0.029859459027647972,0.47416409850120544,0.5646389722824097,-0.03579113259911537,0.4627166986465454,0.5808764100074768,-0.025235820561647415,0.447758287191391,0.5786923170089722,-0.017761897295713425,0.42281198501586914,0.5754153728485107,-0.042082615196704865,0.4643041491508484,0.5912787914276123,-0.03976691886782646,0.45386698842048645,0.6040425896644592,-0.02775750681757927,0.4395918548107147,0.6023722887039185,-0.019488954916596413,thinking
0.5465146899223328,0.37158870697021484,-0.8569756746292114,0.5868516564369202,0.3232598602771759,-0.8074929118156433,0.6048299074172974,0.32729750871658325,-0.8072737455368042,0.622204601764679,0.3328939974308014,-0.8072901964187622,0.5440046191215515,0.31447234749794006,-0.7807751297950745,0.5325654745101929,0.31123825907707214,-0.7801347374916077,0.5220338702201843,0.3085078001022339,-0.7803812026977539,0.6525459289550781,0.36614540219306946,-0.45133280754089355,0.5201705694198608,0.33445677161216736,-0.3045671880245209,0.5757879614830017,0.43295103311538696,-0.7309690713882446,0.5200324654579163,0.41923561692237854,-0.6895276308059692,0.7755060195922852,0.6823026537895203,-0.24946129322052002,0.3887174427509308,0.6375998258590698,-0.2176542729139328,0.8861052393913269,1.0235751867294312,-0.290204793214798,0.19223839044570923,0.9331058859825134,-0.8392202258110046,0.914572536945343,1.4326984882354736,-0.44102922081947327,0.3750479817390442,0.6311021447181702,-1.6795543432235718,0.9444876909255981,1.5399717092514038,-0.5115950703620911,0.42561087012290955,0.545246958732605,-1.8610105514526367,0.8927234411239624,1.5314515829086304,-0.5264240503311157,0.44708147644996643,0.5225800275802612,-1.7636537551879883,0.8673912286758423,1.5011425018310547,-0.4613724648952484,0.4448167681694031,0.5572479367256165,-1.6651976108551025,0.681830883026123,1.446107029914856,-0.09759989380836487,0.39071565866470337,1.4190627336502075,0.10222061723470688,0.6423434019088745,2.086972236633301,-0.07995079457759857,0.3810421824455261,2.065263509750366,0.3990823030471802,0.6147871017456055,2.6451385021209717,0.546561598777771,0.3597028851509094,2.6194441318511963,1.090124487876892,0.6193773150444031,2.7210841178894043,0.5706304311752319,0.3500855565071106,2.6891963481903076,1.1505388021469116,0.564282238483429,2.8173108100891113,-0.0551573745906353,0.38756996393203735,2.8147292137145996,0.5035853981971741,0,0,0,0,0,0,0,0,0,0,0,0,0,0,0,0,0,0,0,0,0,0,0,0,0,0,0,0,0,0,0,0,0,0,0,0,0,0,0,0,0,0,0,0,0,0,0,0,0,0,0,0,0,0,0,0,0,0,0,0,0,0,0,0.3476821482181549,0.6132649779319763,1.773603308663496e-08,0.37218281626701355,0.5609471201896667,0.012667032890021801,0.40809378027915955,0.5287593603134155,0.010003102011978626,0.438861221075058,0.5235643982887268,0.0030764900147914886,0.463551789522171,0.5307278633117676,-0.004237311892211437,0.41767868399620056,0.49785739183425903,-0.003676135092973709,0.4564403295516968,0.4650576114654541,-0.012427106499671936,0.4806593656539917,0.4454382061958313,-0.016522010788321495,0.49903595447540283,0.4299257695674896,-0.019433114677667618,0.4209761917591095,0.5142620205879211,-0.01770426332950592,0.47933685779571533,0.5324695110321045,-0.028163399547338486,0.4693707823753357,0.5560168027877808,-0.02573169767856598,0.4524811804294586,0.5582841634750366,-0.022155441343784332,0.4228644073009491,0.5427273511886597,-0.03031328320503235,0.4746054410934448,0.5646591782569885,-0.03609682619571686,0.46364444494247437,0.5811675786972046,-0.025528917089104652,0.4488521218299866,0.5792327523231506,-0.018060555681586266,0.4228360652923584,0.5752636194229126,-0.04239685833454132,0.46449023485183716,0.5911005139350891,-0.04009437561035156,0.45460084080696106,0.6042392253875732,-0.028054246678948402,0.4407104551792145,0.602936863899231,-0.01974230632185936,thinking
0.5431010723114014,0.3726024329662323,-0.8723961710929871,0.5854690074920654,0.32385843992233276,-0.8221991658210754,0.6036273837089539,0.3277641832828522,-0.8219897150993347,0.6211476922035217,0.33323705196380615,-0.8219648599624634,0.5417044162750244,0.3150688707828522,-0.7972204089164734,0.5302088260650635,0.31187745928764343,-0.7965803742408752,0.5204065442085266,0.30911508202552795,-0.7968471646308899,0.6515839695930481,0.36623919010162354,-0.4596007764339447,0.519875168800354,0.3345438838005066,-0.32199278473854065,0.572750449180603,0.43362459540367126,-0.7430664300918579,0.5175672173500061,0.420296847820282,-0.7044841051101685,0.7733983397483826,0.6825659275054932,-0.24847117066383362,0.3879638910293579,0.6377705931663513,-0.2262943983078003,0.8839617967605591,1.0232905149459839,-0.25731730461120605,0.19272634387016296,0.9345600605010986,-0.8315705060958862,0.9102414846420288,1.4396470785140991,-0.38485822081565857,0.3745822310447693,0.6322218179702759,-1.6630922555923462,0.9428143501281738,1.5488542318344116,-0.4502459168434143,0.42484116554260254,0.5470635890960693,-1.8447332382202148,0.8907899856567383,1.541216492652893,-0.47058290243148804,0.4467783570289612,0.5234455466270447,-1.7508478164672852,0.8638523817062378,1.5096169710159302,-0.4074708819389343,0.44441747665405273,0.5583707690238953,-1.6511003971099854,0.6793579459190369,1.4460352659225464,-0.09546197205781937,0.3878651559352875,1.4190289974212646,0.10008601099252701,0.6399491429328918,2.086536169052124,-0.059597957879304886,0.3798506259918213,2.065168857574463,0.39583128690719604,0.6121532320976257,2.644974946975708,0.6069445013999939,0.3580647110939026,2.6188294887542725,1.088366150856018,0.6161907911300659,2.720946788787842,0.636321485042572,0.3490518629550934,2.6888773441314697,1.1499103307724,0.5613180994987488,2.8169217109680176,0.01596028357744217,0.382367342710495,2.814108371734619,0.5013168454170227,0,0,0,0,0,0,0,0,0,0,0,0,0,0,0,0,0,0,0,0,0,0,0,0,0,0,0,0,0,0,0,0,0,0,0,0,0,0,0,0,0,0,0,0,0,0,0,0,0,0,0,0,0,0,0,0,0,0,0,0,0,0,0,0.34115445613861084,0.6190180778503418,1.4292909911173268e-10,0.3655768632888794,0.5656225681304932,0.015826592221856117,0.4004676640033722,0.5337250232696533,0.014690517447888851,0.42934751510620117,0.5285307765007019,0.008409896865487099,0.4528079330921173,0.5365540385246277,0.0013189153978601098,0.4107719659805298,0.5026352405548096,0.00012590570258907974,0.4499881863594055,0.46763598918914795,-0.006854071747511625,0.47450974583625793,0.4460722804069519,-0.010155780240893364,0.4925124943256378,0.4292258024215698,-0.012734515592455864,0.41394898295402527,0.516566276550293,-0.014787204563617706,0.4713181257247925,0.5313758254051208,-0.022381193935871124,0.46468979120254517,0.5580355525016785,-0.019720926880836487,0.449248343706131,0.5638019442558289,-0.016635596752166748,0.41650447249412537,0.5441349744796753,-0.02799256332218647,0.4687034785747528,0.562800943851471,-0.030994173139333725,0.4610278606414795,0.5827311277389526,-0.020606454461812973,0.4463619887828827,0.5839822888374329,-0.013986402191221714,0.4169953763484955,0.5766757130622864,-0.04051322117447853,0.45984160900115967,0.5916103720664978,-0.03695154935121536,0.4523332715034485,0.6069055795669556,-0.02518804557621479,0.4382863938808441,0.6079713106155396,-0.01730854995548725,thinking
0.5410233736038208,0.37324491143226624,-0.8817368745803833,0.5844676494598389,0.32408252358436584,-0.8311594724655151,0.6027534604072571,0.32790449261665344,-0.8309410810470581,0.6203733682632446,0.3334358036518097,-0.8309121131896973,0.5400651693344116,0.31536826491355896,-0.8068353533744812,0.5285199880599976,0.3122459948062897,-0.8061922192573547,0.5191017985343933,0.3094857335090637,-0.8064584732055664,0.6508362293243408,0.36647292971611023,-0.4646512567996979,0.5195276737213135,0.33478134870529175,-0.33055752515792847,0.5708654522895813,0.43384215235710144,-0.7506859302520752,0.5158786773681641,0.42089107632637024,-0.7131245732307434,0.7719845771789551,0.6828221678733826,-0.2478364259004593,0.38722819089889526,0.6379998326301575,-0.23236782848834991,0.8825349807739258,1.023084282875061,-0.23923572897911072,0.19351857900619507,0.9345929622650146,-0.8365821838378906,0.9073578715324402,1.4437228441238403,-0.35785800218582153,0.3742935359477997,0.6323956251144409,-1.6735512018203735,0.9414089322090149,1.5541412830352783,-0.4214242994785309,0.42424923181533813,0.5472724437713623,-1.8564447164535522,0.8894153833389282,1.5468093156814575,-0.44337400794029236,0.4465547502040863,0.523501455783844,-1.764336347579956,0.8615375757217407,1.514526128768921,-0.3807399868965149,0.4441604018211365,0.558712363243103,-1.6625254154205322,0.6781936287879944,1.4460054636001587,-0.09346818178892136,0.386668860912323,1.4193342924118042,0.09807707369327545,0.6391693353652954,2.0861895084381104,-0.05204591155052185,0.3796667754650116,2.065485954284668,0.39520758390426636,0.611466646194458,2.6447067260742188,0.6163157224655151,0.35785341262817383,2.6186208724975586,1.0929309129714966,0.615167498588562,2.7207248210906982,0.6458479762077332,0.34843897819519043,2.6889970302581787,1.1556785106658936,0.5610660314559937,2.8165647983551025,0.02563421055674553,0.3807486891746521,2.8134772777557373,0.5042262077331543,0,0,0,0,0,0,0,0,0,0,0,0,0,0,0,0,0,0,0,0,0,0,0,0,0,0,0,0,0,0,0,0,0,0,0,0,0,0,0,0,0,0,0,0,0,0,0,0,0,0,0,0,0,0,0,0,0,0,0,0,0,0,0,0.34157073497772217,0.6173869371414185,2.2170189240000582e-08,0.3659602999687195,0.563913106918335,0.013788694515824318,0.4019888639450073,0.5307756662368774,0.011609837412834167,0.43272268772125244,0.5241748690605164,0.005198146682232618,0.45738720893859863,0.5291544795036316,-0.0017475888598710299,0.41200658679008484,0.49955570697784424,-0.0044036200270056725,0.4513685703277588,0.4667605459690094,-0.012448335997760296,0.4755917489528656,0.44663792848587036,-0.016014786437153816,0.49359652400016785,0.4302122890949249,-0.018541300669312477,0.41434913873672485,0.515868067741394,-0.018259979784488678,0.47301408648490906,0.5335493087768555,-0.02713209018111229,0.4661908745765686,0.5601837038993835,-0.024177782237529755,0.4514012038707733,0.5649593472480774,-0.020771216601133347,0.4161146879196167,0.5447989702224731,-0.030393734574317932,0.4700368344783783,0.5654162764549255,-0.03536176308989525,0.4622770845890045,0.5854223966598511,-0.02484581619501114,0.4482043981552124,0.5864394307136536,-0.017667781561613083,0.416753351688385,0.5772703289985657,-0.04177642613649368,0.4601117670536041,0.5922860503196716,-0.03922336921095848,0.452388733625412,0.6076003313064575,-0.027342502027750015,0.4391598105430603,0.6081595420837402,-0.019220858812332153,thinking
0.5385560989379883,0.3739202618598938,-0.868651270866394,0.5823391675949097,0.3246609568595886,-0.8200752139091492,0.6007410287857056,0.32837584614753723,-0.8198649287223816,0.6187209486961365,0.3338027000427246,-0.819854736328125,0.538336455821991,0.3160724639892578,-0.7943087816238403,0.5270484685897827,0.3128986358642578,-0.7936954498291016,0.5180031061172485,0.31007444858551025,-0.7939654588699341,0.650402843952179,0.3666057586669922,-0.4634324908256531,0.5194878578186035,0.3350057899951935,-0.3219411373138428,0.5685348510742188,0.43457546830177307,-0.7410063147544861,0.5141156911849976,0.4216824471950531,-0.7014902830123901,0.7719818353652954,0.6828464269638062,-0.24754372239112854,0.38668856024742126,0.6379784941673279,-0.22510795295238495,0.8824983835220337,1.0229241847991943,-0.24123260378837585,0.19537897408008575,0.9361886978149414,-0.8187931776046753,0.8987990617752075,1.4455572366714478,-0.3645927309989929,0.3740171194076538,0.6320506930351257,-1.6462526321411133,0.9276350736618042,1.5560986995697021,-0.4289795756340027,0.4241348206996918,0.5461024045944214,-1.8268285989761353,0.87615567445755,1.5475246906280518,-0.4483756124973297,0.4458322525024414,0.5215908288955688,-1.735174536705017,0.8502475619316101,1.5150021314620972,-0.3861914277076721,0.44364672899246216,0.5569818615913391,-1.634894609451294,0.6778916716575623,1.4443999528884888,-0.09116645157337189,0.3863159716129303,1.4170117378234863,0.09565100073814392,0.6369162201881409,2.0856618881225586,-0.05456572026014328,0.37893563508987427,2.0650296211242676,0.36087653040885925,0.607427716255188,2.6445579528808594,0.5959315896034241,0.356112003326416,2.6182620525360107,1.0284463167190552,0.6110752820968628,2.7205100059509277,0.623516321182251,0.347013920545578,2.6886956691741943,1.0870935916900635,0.5561614632606506,2.8163628578186035,0.006734728813171387,0.37740209698677063,2.8129703998565674,0.43307605385780334,0,0,0,0,0,0,0,0,0,0,0,0,0,0,0,0,0,0,0,0,0,0,0,0,0,0,0,0,0,0,0,0,0,0,0,0,0,0,0,0,0,0,0,0,0,0,0,0,0,0,0,0,0,0,0,0,0,0,0,0,0,0,0,0.3416074514389038,0.6171178817749023,1.807934424391533e-08,0.36638975143432617,0.5649546384811401,0.013974958099424839,0.4017726480960846,0.5321187973022461,0.011526609770953655,0.43237602710723877,0.5249708294868469,0.004736307542771101,0.45739901065826416,0.5290492177009583,-0.002459027571603656,0.41219326853752136,0.5004760026931763,-0.004723133984953165,0.4513412415981293,0.4666552245616913,-0.013034533709287643,0.4755246043205261,0.44627630710601807,-0.016190767288208008,0.4936750829219818,0.4304773509502411,-0.018321054056286812,0.4145243167877197,0.5162172913551331,-0.018895559012889862,0.4727934002876282,0.5322598218917847,-0.028565285727381706,0.46640148758888245,0.5591541528701782,-0.025326645001769066,0.45203474164009094,0.5654180645942688,-0.021421605721116066,0.4160081148147583,0.5443387031555176,-0.03138508275151253,0.4689958095550537,0.5652701258659363,-0.03711729124188423,0.4615315794944763,0.5855117440223694,-0.02645186148583889,0.4480150043964386,0.587288498878479,-0.018860207870602608,0.41622358560562134,0.5764403939247131,-0.04307181388139725,0.4595555365085602,0.5910625457763672,-0.04079128056764603,0.45235976576805115,0.6062414050102234,-0.028815217316150665,0.4394981265068054,0.6073532700538635,-0.020509719848632812,thinking
0.5377975702285767,0.3745155334472656,-0.8344303369522095,0.5814595222473145,0.325307697057724,-0.7863410711288452,0.5998021960258484,0.3289946913719177,-0.7862381935119629,0.6178556680679321,0.334315687417984,-0.7862805724143982,0.5375648736953735,0.31664785742759705,-0.7621825337409973,0.5262631177902222,0.31338784098625183,-0.7616143822669983,0.517252504825592,0.3105015158653259,-0.7619482278823853,0.6498135328292847,0.366730660200119,-0.43855971097946167,0.5192247033119202,0.33517885208129883,-0.3036723732948303,0.5676659941673279,0.4355444014072418,-0.7108827829360962,0.5131327509880066,0.422143816947937,-0.6733915209770203,0.7704656720161438,0.6826574206352234,-0.23295219242572784,0.38602378964424133,0.6380693912506104,-0.2178156077861786,0.8793018460273743,1.0227409601211548,-0.20219559967517853,0.19639310240745544,0.9357689023017883,-0.8095824122428894,0.8921133279800415,1.4465864896774292,-0.2716190218925476,0.3747938275337219,0.6299846172332764,-1.6363399028778076,0.9180204272270203,1.559079647064209,-0.3252105414867401,0.424743115901947,0.5435001254081726,-1.8188669681549072,0.8681811094284058,1.5502853393554688,-0.3446987271308899,0.4455682337284088,0.5191225409507751,-1.7182013988494873,0.8439527750015259,1.5170077085494995,-0.29154181480407715,0.44351881742477417,0.5550721883773804,-1.6233888864517212,0.6778486967086792,1.4425088167190552,-0.08950755000114441,0.3861425817012787,1.4162635803222656,0.09380705654621124,0.6369408965110779,2.0843002796173096,-0.06524594128131866,0.37974825501441956,2.064889907836914,0.3536331355571747,0.6074569821357727,2.6441802978515625,0.5602994561195374,0.3568824529647827,2.618124485015869,1.011435866355896,0.6110788583755493,2.720227003097534,0.5843079686164856,0.347606897354126,2.6886417865753174,1.0695445537567139,0.5562598705291748,2.8160605430603027,-0.025981619954109192,0.3780003488063812,2.8126490116119385,0.4216178059577942,0,0,0,0,0,0,0,0,0,0,0,0,0,0,0,0,0,0,0,0,0,0,0,0,0,0,0,0,0,0,0,0,0,0,0,0,0,0,0,0,0,0,0,0,0,0,0,0,0,0,0,0,0,0,0,0,0,0,0,0,0,0,0,0.34382063150405884,0.6140750050544739,2.255449693677747e-08,0.3690580129623413,0.5604655742645264,0.014761061407625675,0.4042477309703827,0.5279577970504761,0.012922077439725399,0.4342837631702423,0.520177960395813,0.006535865366458893,0.4582000970840454,0.5234673023223877,-0.00025449879467487335,0.4143106937408447,0.49794283509254456,-0.002853075973689556,0.45326974987983704,0.4647611975669861,-0.010382656939327717,0.47774049639701843,0.44491517543792725,-0.013289601542055607,0.4958920180797577,0.42869603633880615,-0.015294943004846573,0.41687342524528503,0.5136010646820068,-0.017282404005527496,0.47639936208724976,0.5301921963691711,-0.02635558694601059,0.4688566327095032,0.5564979910850525,-0.02301967889070511,0.4529484808444977,0.5611497163772583,-0.018927307799458504,0.41876107454299927,0.5413151383399963,-0.02998466230928898,0.4722224473953247,0.5621766448020935,-0.03505532443523407,0.4637223184108734,0.5816155076026917,-0.024364668875932693,0.4492306113243103,0.582252562046051,-0.016767708584666252,0.41946253180503845,0.5726200938224792,-0.0418764092028141,0.4632387161254883,0.5878403782844543,-0.039124030619859695,0.4554521143436432,0.6029614210128784,-0.02704070322215557,0.441837340593338,0.6037489771842957,-0.018667466938495636,thinking
0.5370967388153076,0.3748994469642639,-0.8103934526443481,0.5806988477706909,0.3258409798145294,-0.763053834438324,0.598995566368103,0.3295220732688904,-0.7629629373550415,0.6171137094497681,0.3347603976726532,-0.7630276679992676,0.5368567705154419,0.31708765029907227,-0.7385889887809753,0.5255560874938965,0.31374460458755493,-0.738025963306427,0.5165712237358093,0.31080955266952515,-0.7383711338043213,0.6492961645126343,0.36684179306030273,-0.4212283492088318,0.5189706683158875,0.3353230059146881,-0.2849726676940918,0.5669338703155518,0.43622490763664246,-0.6892344951629639,0.5122988224029541,0.4224051237106323,-0.651244044303894,0.7695808410644531,0.6824284195899963,-0.22343115508556366,0.38537701964378357,0.6380706429481506,-0.2137860506772995,0.877727210521698,1.0225948095321655,-0.18869391083717346,0.19671542942523956,0.9356475472450256,-0.8013943433761597,0.888436496257782,1.4479155540466309,-0.2496618777513504,0.3752345144748688,0.6289199590682983,-1.6065738201141357,0.9127069711685181,1.561975121498108,-0.3021889328956604,0.42511242628097534,0.5418698191642761,-1.782898187637329,0.8632917404174805,1.5530669689178467,-0.32063236832618713,0.44540196657180786,0.5175175666809082,-1.6879990100860596,0.8400852084159851,1.519249439239502,-0.26890993118286133,0.44344034790992737,0.5539569854736328,-1.593693494796753,0.677708625793457,1.4419264793395996,-0.08904485404491425,0.3858256936073303,1.4160569906234741,0.09327414631843567,0.6368880271911621,2.084009885787964,-0.07654066383838654,0.3800581097602844,2.064636707305908,0.3513299822807312,0.6074875593185425,2.6435227394104004,0.5376690030097961,0.35733526945114136,2.6181347370147705,1.0046688318252563,0.6111175417900085,2.7195327281951904,0.5606380701065063,0.34796780347824097,2.688725233078003,1.0624860525131226,0.5562931299209595,2.8160159587860107,-0.04720623046159744,0.37831228971481323,2.812506914138794,0.4180077910423279,0,0,0,0,0,0,0,0,0,0,0,0,0,0,0,0,0,0,0,0,0,0,0,0,0,0,0,0,0,0,0,0,0,0,0,0,0,0,0,0,0,0,0,0,0,0,0,0,0,0,0,0,0,0,0,0,0,0,0,0,0,0,0,0.3437509834766388,0.6145085096359253,1.7575871424924117e-08,0.36888426542282104,0.5622785091400146,0.013759725727140903,0.40479516983032227,0.5304540991783142,0.011259631253778934,0.43587565422058105,0.5240414142608643,0.004353182390332222,0.4610738754272461,0.5286121368408203,-0.0029194988310337067,0.41400831937789917,0.4995149075984955,-0.0038379356265068054,0.45293715596199036,0.4659445881843567,-0.012422414496541023,0.4774188995361328,0.4457820653915405,-0.016015058383345604,0.495726615190506,0.42962318658828735,-0.018459469079971313,0.4170920252799988,0.5148720145225525,-0.018130622804164886,0.47597843408584595,0.5312332510948181,-0.028154900297522545,0.4684584140777588,0.5574901103973389,-0.025207260623574257,0.45289283990859985,0.5618613362312317,-0.021321330219507217,0.4193105399608612,0.5421813726425171,-0.030860109254717827,0.4719451069831848,0.5638571381568909,-0.036404043436050415,0.4633113741874695,0.5830589532852173,-0.025627361610531807,0.44924548268318176,0.5830039381980896,-0.017978783696889877,0.4199836850166321,0.5734121799468994,-0.04292197525501251,0.4626781642436981,0.5892866253852844,-0.04033484309911728,0.45464858412742615,0.604175865650177,-0.028239741921424866,0.4414116442203522,0.604243278503418,-0.019891904667019844,thinking
0.5366149544715881,0.3752053380012512,-0.7975756525993347,0.5801360607147217,0.3262235224246979,-0.7505388855934143,0.5983896851539612,0.3298920691013336,-0.750441312789917,0.6165284514427185,0.33506760001182556,-0.7505139112472534,0.5363150835037231,0.3174183666706085,-0.725935161113739,0.5250139832496643,0.3140231668949127,-0.7253714203834534,0.5160237550735474,0.31105461716651917,-0.7257147431373596,0.6488295793533325,0.36691993474960327,-0.41068753600120544,0.5187265276908875,0.3354358375072479,-0.2735360264778137,0.5664162039756775,0.43673449754714966,-0.6770417094230652,0.5116822719573975,0.42263615131378174,-0.6387957334518433,0.7689430117607117,0.6821433901786804,-0.21705849468708038,0.38479533791542053,0.6380437016487122,-0.20671653747558594,0.8767569661140442,1.0225433111190796,-0.1838453710079193,0.19677427411079407,0.935404896736145,-0.789902925491333,0.8865134119987488,1.4486043453216553,-0.24630291759967804,0.3754628598690033,0.6281090974807739,-1.583899736404419,0.9098669290542603,1.563647985458374,-0.2997172176837921,0.42530855536460876,0.5407679677009583,-1.7583013772964478,0.8604248762130737,1.5546070337295532,-0.31779956817626953,0.4452676773071289,0.5164251327514648,-1.6651060581207275,0.8378289341926575,1.5204604864120483,-0.265481561422348,0.4433688521385193,0.5531740784645081,-1.5711063146591187,0.6775178909301758,1.4415096044540405,-0.08888836950063705,0.38551872968673706,1.4159412384033203,0.09308294951915741,0.636903703212738,2.0837302207946777,-0.0828508585691452,0.38040691614151,2.0644288063049316,0.3522421419620514,0.6076862215995789,2.6430165767669678,0.5281361937522888,0.35795170068740845,2.618149757385254,1.006123423576355,0.611291766166687,2.718979835510254,0.5510908961296082,0.34856805205345154,2.688831090927124,1.064082384109497,0.5566306710243225,2.8159871101379395,-0.056168265640735626,0.37885135412216187,2.8123791217803955,0.4213244915008545,0,0,0,0,0,0,0,0,0,0,0,0,0,0,0,0,0,0,0,0,0,0,0,0,0,0,0,0,0,0,0,0,0,0,0,0,0,0,0,0,0,0,0,0,0,0,0,0,0,0,0,0,0,0,0,0,0,0,0,0,0,0,0,0.34425783157348633,0.6147947311401367,1.8348373487242498e-08,0.3688385784626007,0.5620958209037781,0.01439233124256134,0.40399083495140076,0.5301017761230469,0.012034236453473568,0.4344191253185272,0.5235881209373474,0.005153004080057144,0.4588501751422882,0.5279529690742493,-0.002200371352955699,0.4141220152378082,0.49956679344177246,-0.0037352743092924356,0.45346376299858093,0.4661606550216675,-0.012049136683344841,0.47809791564941406,0.4457225799560547,-0.015407922677695751,0.49609971046447754,0.4292406737804413,-0.01765369437634945,0.41693487763404846,0.5148069262504578,-0.018175888806581497,0.4759896695613861,0.53058922290802,-0.027561558410525322,0.4677969813346863,0.5560973882675171,-0.023972054943442345,0.45170751214027405,0.5598064661026001,-0.01973670721054077,0.41907379031181335,0.5422308444976807,-0.03097827546298504,0.47208958864212036,0.5626223087310791,-0.03602350130677223,0.462632954120636,0.581238329410553,-0.024779008701443672,0.4480559527873993,0.5809199213981628,-0.016965771093964577,0.4197557866573334,0.5738311409950256,-0.04304928332567215,0.46264129877090454,0.5889601707458496,-0.040113985538482666,0.4536575675010681,0.6032646894454956,-0.027638588100671768,0.43973565101623535,0.6030206084251404,-0.019111601635813713,thinking
0.5360461473464966,0.37544992566108704,-0.8544695973396301,0.5794984102249146,0.3263668119907379,-0.8029013872146606,0.5977519154548645,0.33010536432266235,-0.8027358055114746,0.6159368753433228,0.3353172540664673,-0.8027837872505188,0.5355953574180603,0.31750383973121643,-0.7777748703956604,0.5242603421211243,0.31408536434173584,-0.777161180973053,0.5152667760848999,0.3111305832862854,-0.7774731516838074,0.6484301686286926,0.36700400710105896,-0.438457727432251,0.5185714960098267,0.33547791838645935,-0.2992929518222809,0.5657652020454407,0.43710023164749146,-0.7248831987380981,0.5111299753189087,0.4228563904762268,-0.6860364675521851,0.7679760456085205,0.6822294592857361,-0.21784083545207977,0.38481155037879944,0.6374359130859375,-0.2225375473499298,0.8771907687187195,1.0223370790481567,-0.18474377691745758,0.19730091094970703,0.9347293972969055,-0.8148322105407715,0.8961432576179504,1.4503711462020874,-0.26964735984802246,0.37699273228645325,0.6268577575683594,-1.6327022314071655,0.9246760606765747,1.5642374753952026,-0.32314592599868774,0.42576509714126587,0.5395039319992065,-1.8139346837997437,0.87593013048172,1.556984543800354,-0.34622833132743835,0.44549307227134705,0.5154579877853394,-1.720206618309021,0.850989043712616,1.5230109691619873,-0.29121315479278564,0.4438369870185852,0.5522588491439819,-1.6210333108901978,0.6757509112358093,1.4399172067642212,-0.08667667955160141,0.3845233917236328,1.4146804809570312,0.09097842127084732,0.6365201473236084,2.082310914993286,-0.08715242892503738,0.380229115486145,2.063969373703003,0.35120055079460144,0.6075612306594849,2.6414990425109863,0.5253669023513794,0.3579772114753723,2.618056297302246,1.00958251953125,0.6111816167831421,2.718029737472534,0.5481906533241272,0.3488892912864685,2.688748598098755,1.0678850412368774,0.5564479827880859,2.8138909339904785,-0.07628504186868668,0.3796510100364685,2.8123064041137695,0.4236852526664734,0,0,0,0,0,0,0,0,0,0,0,0,0,0,0,0,0,0,0,0,0,0,0,0,0,0,0,0,0,0,0,0,0,0,0,0,0,0,0,0,0,0,0,0,0,0,0,0,0,0,0,0,0,0,0,0,0,0,0,0,0,0,0,0.3458714783191681,0.6131337285041809,1.6249277479118973e-08,0.370676189661026,0.5612102150917053,0.015445711091160774,0.4043956398963928,0.5290074348449707,0.013251502998173237,0.43371689319610596,0.5219931602478027,0.006418630480766296,0.45706790685653687,0.5265336036682129,-0.001006493461318314,0.4159984290599823,0.497747004032135,-0.004622839856892824,0.45506682991981506,0.4645823836326599,-0.012690466828644276,0.4795803427696228,0.44498568773269653,-0.015799032524228096,0.4975228011608124,0.42882198095321655,-0.017893927171826363,0.4182033836841583,0.5125872492790222,-0.0194737259298563,0.47755396366119385,0.5295761227607727,-0.028046095743775368,0.4694645404815674,0.5566819906234741,-0.023747442290186882,0.4535694420337677,0.560705304145813,-0.019316934049129486,0.4197050631046295,0.5400225520133972,-0.03246612474322319,0.4731561243534088,0.5606788396835327,-0.03733532503247261,0.4638979732990265,0.5804314017295837,-0.025963151827454567,0.44918525218963623,0.5807732343673706,-0.01813555881381035,0.41991448402404785,0.5718532204627991,-0.04452161863446236,0.4636572599411011,0.5873021483421326,-0.04183944687247276,0.45582371950149536,0.6024583578109741,-0.02934412471950054,0.44229674339294434,0.6031150817871094,-0.020703906193375587,thinking
0.5355059504508972,0.3756449818611145,-0.8688685297966003,0.5788782835006714,0.32649388909339905,-0.8169856071472168,0.59712153673172,0.3302905261516571,-0.8167968988418579,0.6153653860092163,0.3355269432067871,-0.8168398141860962,0.5349146127700806,0.317599892616272,-0.7914032936096191,0.5235692858695984,0.3141697943210602,-0.7907803058624268,0.5145959258079529,0.3112378418445587,-0.7910842299461365,0.6480568051338196,0.367073118686676,-0.4490331709384918,0.5184065103530884,0.33555442094802856,-0.3078765869140625,0.5651854276657104,0.43737855553627014,-0.7383316159248352,0.5106410384178162,0.42302024364471436,-0.6988978385925293,0.7673273682594299,0.6823709011077881,-0.21856431663036346,0.38486289978027344,0.6369506120681763,-0.22795481979846954,0.8775718808174133,1.0222338438034058,-0.1830708533525467,0.19756104052066803,0.9342215657234192,-0.8219429850578308,0.9002863168716431,1.452202320098877,-0.27277958393096924,0.3778776526451111,0.6259636282920837,-1.642499327659607,0.9301180839538574,1.5653365850448608,-0.32397976517677307,0.4259984493255615,0.5385543704032898,-1.8243181705474854,0.8815335035324097,1.5593035221099854,-0.3511067032814026,0.44561171531677246,0.5147174596786499,-1.7300440073013306,0.8560752868652344,1.5254026651382446,-0.2961716055870056,0.4441226124763489,0.5516310334205627,-1.6308170557022095,0.6744741797447205,1.4390145540237427,-0.08505752682685852,0.38380300998687744,1.4139630794525146,0.08942107856273651,0.6362231969833374,2.0814497470855713,-0.09022034704685211,0.3801054060459137,2.0637125968933105,0.34848564863204956,0.6074663400650024,2.6405904293060303,0.5222235321998596,0.35802462697029114,2.6179726123809814,1.0138671398162842,0.6111000776290894,2.7174978256225586,0.5448710322380066,0.3491433262825012,2.688720226287842,1.0722715854644775,0.5563398003578186,2.81260085105896,-0.08584551513195038,0.38016846776008606,2.8121964931488037,0.4205244481563568,0,0,0,0,0,0,0,0,0,0,0,0,0,0,0,0,0,0,0,0,0,0,0,0,0,0,0,0,0,0,0,0,0,0,0,0,0,0,0,0,0,0,0,0,0,0,0,0,0,0,0,0,0,0,0,0,0,0,0,0,0,0,0,0.34599968791007996,0.6118606328964233,5.672954106472616e-09,0.37099674344062805,0.559781014919281,0.015251507051289082,0.4054275453090668,0.5286673903465271,0.013077844865620136,0.43534788489341736,0.5224418640136719,0.006280419882386923,0.45966899394989014,0.5273300409317017,-0.0011122857686132193,0.41643044352531433,0.4979379177093506,-0.0036646334920078516,0.4552520513534546,0.4643210470676422,-0.0115554453805089,0.4792272746562958,0.444105863571167,-0.014519869349896908,0.49691182374954224,0.4275720715522766,-0.016588889062404633,0.41907355189323425,0.5127370953559875,-0.018543608486652374,0.4779481291770935,0.5298133492469788,-0.027462515980005264,0.46907278895378113,0.5558238625526428,-0.023408150300383568,0.4526471495628357,0.5592488646507263,-0.01898893713951111,0.4206549823284149,0.539915144443512,-0.03166327625513077,0.47262734174728394,0.5617817640304565,-0.03629566356539726,0.46261703968048096,0.5801836252212524,-0.024858133867383003,0.44795042276382446,0.5790097117424011,-0.017065174877643585,0.4204435646533966,0.5715410113334656,-0.04393140599131584,0.4624134600162506,0.5870590209960938,-0.04053492099046707,0.4535202085971832,0.6008434891700745,-0.02771364338696003,0.43949782848358154,0.5999084711074829,-0.01903075911104679,thinking
0.5355455279350281,0.37576988339424133,-0.8377127647399902,0.5788325071334839,0.32674601674079895,-0.7894688248634338,0.5970989465713501,0.3305244743824005,-0.7893122434616089,0.6153313517570496,0.335738867521286,-0.789417564868927,0.5347431898117065,0.3178456425666809,-0.7649272084236145,0.5233357548713684,0.31437933444976807,-0.7643415331840515,0.5143567323684692,0.3114219307899475,-0.7646344900131226,0.6479061245918274,0.367117315530777,-0.4348805844783783,0.5182129740715027,0.3355787992477417,-0.2956892251968384,0.5651942491531372,0.4375733733177185,-0.7111303210258484,0.5106005072593689,0.4231290817260742,-0.672763466835022,0.7673302888870239,0.6822478175163269,-0.21917793154716492,0.3844599425792694,0.6367090344429016,-0.22580167651176453,0.8776324391365051,1.0218348503112793,-0.18865051865577698,0.19745460152626038,0.9318289160728455,-0.816336452960968,0.9001076817512512,1.4523476362228394,-0.2639370560646057,0.3795000910758972,0.625349760055542,-1.6320444345474243,0.9298959970474243,1.5665886402130127,-0.3160051703453064,0.427598774433136,0.5378203988075256,-1.8125404119491577,0.8812170028686523,1.559948444366455,-0.3381114602088928,0.4462836682796478,0.5141988396644592,-1.71746826171875,0.8557963371276855,1.52568519115448,-0.2848956882953644,0.4447694718837738,0.5512458086013794,-1.6199032068252563,0.6749319434165955,1.4390372037887573,-0.08592548966407776,0.38402822613716125,1.4141592979431152,0.09023424983024597,0.6385537385940552,2.081366539001465,-0.0908074900507927,0.38258832693099976,2.063608407974243,0.38982659578323364,0.6106410622596741,2.6402502059936523,0.5187906622886658,0.3632473647594452,2.6179349422454834,1.079242467880249,0.6145592331886292,2.717034101486206,0.5414282083511353,0.35471197962760925,2.6886982917785645,1.1408727169036865,0.5593634843826294,2.8125991821289062,-0.08247189223766327,0.3853253722190857,2.8125998973846436,0.5047755837440491,0,0,0,0,0,0,0,0,0,0,0,0,0,0,0,0,0,0,0,0,0,0,0,0,0,0,0,0,0,0,0,0,0,0,0,0,0,0,0,0,0,0,0,0,0,0,0,0,0,0,0,0,0,0,0,0,0,0,0,0,0,0,0,0.3479708433151245,0.6102373003959656,1.9658852323800602e-08,0.37294328212738037,0.5579091310501099,0.015150710940361023,0.40749916434288025,0.5265588760375977,0.013010013848543167,0.437338262796402,0.5201795101165771,0.006363969296216965,0.4613860547542572,0.5249653458595276,-0.0008182746823877096,0.41714727878570557,0.4976746737957001,-0.004491428378969431,0.4564451575279236,0.46312496066093445,-0.012906747870147228,0.48119303584098816,0.4425223469734192,-0.01585802249610424,0.4992634057998657,0.42599472403526306,-0.017675960436463356,0.4192604720592499,0.5125555396080017,-0.019051507115364075,0.4795896112918854,0.5289990901947021,-0.0286235511302948,0.47102856636047363,0.5547473430633545,-0.02436293475329876,0.4543376564979553,0.5579719543457031,-0.01949119195342064,0.4207996726036072,0.539771318435669,-0.031825900077819824,0.4741121530532837,0.5615057945251465,-0.037394702434539795,0.46426862478256226,0.5797666907310486,-0.025940805673599243,0.4494026303291321,0.5786248445510864,-0.017703181132674217,0.42102259397506714,0.571344792842865,-0.043650832027196884,0.4640895128250122,0.5870870351791382,-0.04076983779668808,0.45499083399772644,0.6009716391563416,-0.02790938876569271,0.4408051073551178,0.6000233888626099,-0.019017374143004417,thinking
0.5367705821990967,0.3759232461452484,-0.8398953676223755,0.5792991518974304,0.32732295989990234,-0.7915312647819519,0.5976422429084778,0.3311181962490082,-0.791378378868103,0.6156042814254761,0.33614397048950195,-0.7914442420005798,0.5350591540336609,0.31825512647628784,-0.7662266492843628,0.523534893989563,0.31469348073005676,-0.7656166553497314,0.5143850445747375,0.3116098940372467,-0.7659127116203308,0.6478646993637085,0.36715421080589294,-0.4361674189567566,0.51814204454422,0.335661381483078,-0.2954421043395996,0.5661307573318481,0.43756887316703796,-0.7131580710411072,0.5110256671905518,0.42313119769096375,-0.6739803552627563,0.7671287059783936,0.6809731125831604,-0.2208242416381836,0.385539174079895,0.6364946365356445,-0.2241518199443817,0.8775364756584167,1.0190770626068115,-0.19358216226100922,0.19749101996421814,0.9315112233161926,-0.8129779696464539,0.8981887698173523,1.4467002153396606,-0.2804168164730072,0.38082292675971985,0.6249621510505676,-1.6294912099838257,0.9264117479324341,1.5596908330917358,-0.3396565318107605,0.4276748299598694,0.5373936295509338,-1.8098859786987305,0.8784980773925781,1.5513179302215576,-0.3571966290473938,0.44677287340164185,0.5140120983123779,-1.7148268222808838,0.853580117225647,1.5178906917572021,-0.3005654215812683,0.4457205832004547,0.5514337420463562,-1.6171070337295532,0.6746993660926819,1.438508152961731,-0.0868465006351471,0.3836973011493683,1.4131444692611694,0.09114567935466766,0.6368483901023865,2.0809507369995117,-0.08971789479255676,0.3807111382484436,2.0629289150238037,0.38701605796813965,0.608544111251831,2.6397392749786377,0.5288656949996948,0.3604802191257477,2.6172502040863037,1.0718586444854736,0.6120926141738892,2.7163186073303223,0.5524390339851379,0.35172781348228455,2.6878247261047363,1.1326370239257812,0.5578463673591614,2.812351942062378,-0.07440812885761261,0.38232478499412537,2.811511754989624,0.49605536460876465,0,0,0,0,0,0,0,0,0,0,0,0,0,0,0,0,0,0,0,0,0,0,0,0,0,0,0,0,0,0,0,0,0,0,0,0,0,0,0,0,0,0,0,0,0,0,0,0,0,0,0,0,0,0,0,0,0,0,0,0,0,0,0,0.3482101857662201,0.6088558435440063,1.8980248484012918e-08,0.3736060559749603,0.5584240555763245,0.015437251888215542,0.4085303843021393,0.5271552205085754,0.013746925629675388,0.4384348392486572,0.5208967328071594,0.007404933217912912,0.46244680881500244,0.5254883170127869,0.0005764458328485489,0.418086439371109,0.497131884098053,-0.0030158343724906445,0.4572984576225281,0.4626101851463318,-0.01145554706454277,0.4823837876319885,0.4423576295375824,-0.014624467119574547,0.5009260177612305,0.4260596036911011,-0.016664188355207443,0.4203694462776184,0.511010468006134,-0.017753619700670242,0.4809861481189728,0.5259490013122559,-0.027277380228042603,0.4724462926387787,0.5521857738494873,-0.023059507831931114,0.45590606331825256,0.5556753277778625,-0.01819891482591629,0.42209428548812866,0.5373533964157104,-0.03083161823451519,0.47558295726776123,0.5589520931243896,-0.03591756150126457,0.46549156308174133,0.577489972114563,-0.024272209033370018,0.4506191611289978,0.575959324836731,-0.01604290120303631,0.4222574830055237,0.5683581233024597,-0.04305454343557358,0.4652230441570282,0.5844516158103943,-0.03979627415537834,0.4557611048221588,0.5981242656707764,-0.02695559523999691,0.44132527709007263,0.5964069366455078,-0.018197419121861458,thinking
0.53767991065979,0.3760450780391693,-0.8405672311782837,0.5796796083450317,0.3277783691883087,-0.7921434640884399,0.5980711579322815,0.33157163858413696,-0.7919906377792358,0.6158226132392883,0.3364473581314087,-0.7920398712158203,0.5353225469589233,0.31861066818237305,-0.7665483951568604,0.5237046480178833,0.3149752616882324,-0.7659295797348022,0.5144119262695312,0.31178954243659973,-0.7662273645401001,0.6478296518325806,0.3671903908252716,-0.43662959337234497,0.5180791616439819,0.3357352614402771,-0.29525408148765564,0.5668212175369263,0.43754497170448303,-0.7138635516166687,0.5113648772239685,0.42312175035476685,-0.6743764877319336,0.7669426798820496,0.680004894733429,-0.22154387831687927,0.3862702250480652,0.6363043189048767,-0.22206854820251465,0.8774768114089966,1.0169093608856201,-0.19534984230995178,0.1975061297416687,0.9311606287956238,-0.8109949827194214,0.8970163464546204,1.443153738975525,-0.2868124842643738,0.3815668225288391,0.624667763710022,-1.628387451171875,0.9243871569633484,1.5554860830307007,-0.34876829385757446,0.42770615220069885,0.5371049046516418,-1.8088096380233765,0.8769647479057312,1.5463597774505615,-0.3647514879703522,0.4470800757408142,0.5138084888458252,-1.7138566970825195,0.852313220500946,1.5133144855499268,-0.3066834807395935,0.44630542397499084,0.5514777302742004,-1.61592698097229,0.6744939088821411,1.4379584789276123,-0.08726098388433456,0.3834041953086853,1.4122281074523926,0.09154856950044632,0.6356302499771118,2.0803933143615723,-0.08825841546058655,0.37934789061546326,2.062211513519287,0.3850286602973938,0.6069904565811157,2.6391313076019287,0.5349475145339966,0.3583057224750519,2.6165974140167236,1.0682872533798218,0.6102843880653381,2.7155325412750244,0.5589746832847595,0.3493621349334717,2.687037467956543,1.128836989402771,0.5566824674606323,2.8120839595794678,-0.06842310726642609,0.38008323311805725,2.8105995655059814,0.4880032539367676,0,0,0,0,0,0,0,0,0,0,0,0,0,0,0,0,0,0,0,0,0,0,0,0,0,0,0,0,0,0,0,0,0,0,0,0,0,0,0,0,0,0,0,0,0,0,0,0,0,0,0,0,0,0,0,0,0,0,0,0,0,0,0,0.34876567125320435,0.6086384057998657,1.5978649514636345e-08,0.37414467334747314,0.5583499670028687,0.01518524345010519,0.4090591073036194,0.5272577404975891,0.013367997482419014,0.4387485384941101,0.5209901928901672,0.006942059379070997,0.4626724421977997,0.5259141325950623,3.804218795266934e-05,0.4183938205242157,0.4971063733100891,-0.0034551045391708612,0.4571763277053833,0.4623008966445923,-0.011944405734539032,0.4821227192878723,0.44203609228134155,-0.015143308788537979,0.5005346536636353,0.4259568452835083,-0.017214827239513397,0.4208153784275055,0.5109242796897888,-0.018168339505791664,0.4812418222427368,0.5267484188079834,-0.027858015149831772,0.47247517108917236,0.5527319312095642,-0.023803535848855972,0.45572149753570557,0.5558415055274963,-0.01904734969139099,0.4225342273712158,0.5372549295425415,-0.031208861619234085,0.47565189003944397,0.5592912435531616,-0.03635715693235397,0.46524369716644287,0.5775911211967468,-0.024775251746177673,0.45030921697616577,0.5758103728294373,-0.01661093160510063,0.4225921630859375,0.5683507919311523,-0.04341745004057884,0.4654250741004944,0.5847610831260681,-0.04018230736255646,0.45570215582847595,0.5983457565307617,-0.027309978380799294,0.4411415159702301,0.5965569615364075,-0.018546631559729576,thinking
0.538312554359436,0.3761433959007263,-0.8412616848945618,0.579964816570282,0.3281782567501068,-0.7928541898727417,0.5983909368515015,0.33198508620262146,-0.7926987409591675,0.615989625453949,0.3367439806461334,-0.7927365303039551,0.5355163216590881,0.3188856542110443,-0.7670336365699768,0.5238300561904907,0.3151836693286896,-0.7664076089859009,0.5144292116165161,0.31191200017929077,-0.7667070031166077,0.6477992534637451,0.36721450090408325,-0.4371342062950134,0.5180273056030273,0.33577948808670044,-0.29519322514533997,0.5672695636749268,0.4375481605529785,-0.7145334482192993,0.5115994811058044,0.42312556505203247,-0.6748038530349731,0.7666924595832825,0.679297149181366,-0.2222297191619873,0.38685494661331177,0.636098325252533,-0.21993975341320038,0.8773704767227173,1.0152850151062012,-0.19704192876815796,0.19755342602729797,0.9307299852371216,-0.8108630180358887,0.8958765864372253,1.4407362937927246,-0.2925652265548706,0.3822430968284607,0.6244316697120667,-1.6318762302398682,0.9224855303764343,1.5527434349060059,-0.3559705913066864,0.4277699589729309,0.5370140075683594,-1.8127540349960327,0.8754576444625854,1.5432008504867554,-0.37141937017440796,0.4473434090614319,0.513600766658783,-1.7183818817138672,0.8510715365409851,1.5103137493133545,-0.31231489777565,0.4467781186103821,0.5514041185379028,-1.6195684671401978,0.6742205619812012,1.4375498294830322,-0.08752144128084183,0.3830927312374115,1.411438226699829,0.09179728478193283,0.6342230439186096,2.0797629356384277,-0.08657266944646835,0.37777307629585266,2.061462163925171,0.38511520624160767,0.6049280166625977,2.6383793354034424,0.5387691259384155,0.3555127680301666,2.615969657897949,1.0715302228927612,0.6079380512237549,2.7145841121673584,0.5630216002464294,0.34634917974472046,2.686312198638916,1.13248872756958,0.55489182472229,2.811746835708618,-0.06436874717473984,0.377030611038208,2.8098092079162598,0.484344482421875,0,0,0,0,0,0,0,0,0,0,0,0,0,0,0,0,0,0,0,0,0,0,0,0,0,0,0,0,0,0,0,0,0,0,0,0,0,0,0,0,0,0,0,0,0,0,0,0,0,0,0,0,0,0,0,0,0,0,0,0,0,0,0,0.3492838442325592,0.6085866093635559,1.646395553223101e-08,0.3746984601020813,0.5582645535469055,0.015266305766999722,0.40936994552612305,0.5272951722145081,0.013358796015381813,0.438738077878952,0.520850658416748,0.0068557546474039555,0.46250784397125244,0.5256415605545044,-0.00012543472985271364,0.4185311198234558,0.4971456527709961,-0.003876553615555167,0.45739033818244934,0.46211034059524536,-0.012690666131675243,0.48242852091789246,0.4415658116340637,-0.016248587518930435,0.5009692907333374,0.4252477288246155,-0.01855948194861412,0.42086261510849,0.5110049247741699,-0.01867121458053589,0.4814227223396301,0.5266391038894653,-0.02834632620215416,0.4727056324481964,0.5524625182151794,-0.024250082671642303,0.4559328556060791,0.5556463599205017,-0.019548935815691948,0.4225490391254425,0.5373846888542175,-0.03177856653928757,0.4758762717247009,0.5591202974319458,-0.036743756383657455,0.4653622508049011,0.5772352814674377,-0.02496664598584175,0.4503931403160095,0.5754431486129761,-0.016792286187410355,0.4225752353668213,0.5685623288154602,-0.04407058656215668,0.46545207500457764,0.5847630500793457,-0.04071606695652008,0.4554583430290222,0.598102867603302,-0.02770572528243065,0.4407130479812622,0.5961534976959229,-0.01890808902680874,thinking
0.5387987494468689,0.3752896189689636,-0.9057588577270508,0.5800212621688843,0.3270188271999359,-0.8523770570755005,0.5984456539154053,0.3308331072330475,-0.8521503210067749,0.6160299777984619,0.33569279313087463,-0.8521654009819031,0.5357040166854858,0.31784746050834656,-0.8261601328849792,0.5240605473518372,0.3141935169696808,-0.8254849314689636,0.5145829916000366,0.31093814969062805,-0.825818657875061,0.6477771997451782,0.36623653769493103,-0.4701380133628845,0.5180984735488892,0.3350563645362854,-0.3273709714412689,0.5681452751159668,0.4362962543964386,-0.7696415185928345,0.5120497941970825,0.4220464527606964,-0.7294976711273193,0.7674618363380432,0.6792674660682678,-0.23032967746257782,0.38806018233299255,0.6346185803413391,-0.23590323328971863,0.8771093487739563,1.0203092098236084,-0.20325200259685516,0.19756723940372467,0.9301266074180603,-0.8515412211418152,0.8950422406196594,1.4407325983047485,-0.3303956389427185,0.3832300305366516,0.6256617307662964,-1.7032209634780884,0.9207190275192261,1.552390456199646,-0.39539816975593567,0.428898423910141,0.5382574796676636,-1.8910634517669678,0.8737972378730774,1.5429205894470215,-0.41472363471984863,0.44974517822265625,0.5176948308944702,-1.7974735498428345,0.8496941328048706,1.5101746320724487,-0.35194122791290283,0.4493172764778137,0.5542833805084229,-1.6910779476165771,0.6732693314552307,1.436104655265808,-0.08752036094665527,0.3814772367477417,1.406986951828003,0.0918041542172432,0.6293341517448425,2.077023506164551,-0.05617263913154602,0.36921852827072144,2.05568265914917,0.3903699219226837,0.5965884327888489,2.631817102432251,0.6191090941429138,0.34148484468460083,2.6099295616149902,1.1176387071609497,0.5991958975791931,2.7075536251068115,0.6480287313461304,0.33223283290863037,2.6806800365448,1.1819649934768677,0.544009804725647,2.805070400238037,0.004763610195368528,0.3601329028606415,2.8024678230285645,0.5056020021438599,0,0,0,0,0,0,0,0,0,0,0,0,0,0,0,0,0,0,0,0,0,0,0,0,0,0,0,0,0,0,0,0,0,0,0,0,0,0,0,0,0,0,0,0,0,0,0,0,0,0,0,0,0,0,0,0,0,0,0,0,0,0,0,0.351418137550354,0.6073984503746033,1.6893434207077007e-08,0.37755632400512695,0.5581278204917908,0.015095541253685951,0.4121602773666382,0.5283648371696472,0.012926684692502022,0.4415538012981415,0.5216301083564758,0.006108912639319897,0.4651021659374237,0.5255233645439148,-0.00114514643792063,0.4204460382461548,0.4962305426597595,-0.0035901865921914577,0.45921313762664795,0.4619051516056061,-0.012399936094880104,0.48379087448120117,0.44100844860076904,-0.015947196632623672,0.5020309686660767,0.4240450859069824,-0.018202293664216995,0.42209866642951965,0.509921133518219,-0.018289994448423386,0.4814727306365967,0.525827944278717,-0.027843628078699112,0.47310689091682434,0.5523668527603149,-0.023719044402241707,0.457053542137146,0.5566938519477844,-0.01902398094534874,0.4233550727367401,0.5362430214881897,-0.03136361390352249,0.47635552287101746,0.5579841732978821,-0.03666649013757706,0.46627435088157654,0.5770771503448486,-0.024995451793074608,0.4517342746257782,0.5765573978424072,-0.016757545992732048,0.42335134744644165,0.5673823356628418,-0.043620023876428604,0.46612662076950073,0.5840767621994019,-0.04048231989145279,0.45665082335472107,0.5978826880455017,-0.027632921934127808,0.4424131214618683,0.5965405702590942,-0.018883973360061646,thinking
0.5392152070999146,0.3751004636287689,-0.9253919720649719,0.5800760984420776,0.3267206847667694,-0.8717638254165649,0.5985040068626404,0.3304971754550934,-0.8715381622314453,0.6160870790481567,0.3353326618671417,-0.8715392351150513,0.53582364320755,0.3176209628582001,-0.8456605672836304,0.5241885185241699,0.3139553666114807,-0.8449913263320923,0.5146572589874268,0.3106967508792877,-0.8453259468078613,0.6477740406990051,0.36562320590019226,-0.4853419363498688,0.5180668830871582,0.3347789943218231,-0.3434517979621887,0.5688509941101074,0.43577563762664795,-0.7879544496536255,0.5124338269233704,0.4215894043445587,-0.7480105757713318,0.7681517601013184,0.6792617440223694,-0.23504599928855896,0.38874948024749756,0.6333976984024048,-0.24362735450267792,0.8768011331558228,1.0235669612884521,-0.2061036378145218,0.1976189911365509,0.9300538897514343,-0.8560909032821655,0.8924088478088379,1.4407289028167725,-0.34823864698410034,0.38340824842453003,0.6285091042518616,-1.7096240520477295,0.9164000749588013,1.5521504878997803,-0.41268953680992126,0.4290871024131775,0.5404887795448303,-1.8974281549453735,0.8697100877761841,1.542575478553772,-0.43405309319496155,0.4507220387458801,0.5212539434432983,-1.8041245937347412,0.8462833166122437,1.5099385976791382,-0.37059009075164795,0.4504958987236023,0.5569906830787659,-1.6971410512924194,0.6725786924362183,1.433555006980896,-0.08637161552906036,0.3801882863044739,1.4018504619598389,0.09069649875164032,0.6261451244354248,2.074610948562622,-0.050080735236406326,0.3644523024559021,2.050886869430542,0.38519343733787537,0.5915780663490295,2.6273112297058105,0.6213539838790894,0.33459290862083435,2.605872392654419,1.1042145490646362,0.5944777131080627,2.702786684036255,0.649520218372345,0.32530343532562256,2.676854133605957,1.1669738292694092,0.5364343523979187,2.800858974456787,0.006846355739980936,0.3522576689720154,2.798262119293213,0.49387723207473755,0,0,0,0,0,0,0,0,0,0,0,0,0,0,0,0,0,0,0,0,0,0,0,0,0,0,0,0,0,0,0,0,0,0,0,0,0,0,0,0,0,0,0,0,0,0,0,0,0,0,0,0,0,0,0,0,0,0,0,0,0,0,0,0.35127273201942444,0.6083928346633911,7.554807446297218e-09,0.3773789405822754,0.5593418478965759,0.015905320644378662,0.41255810856819153,0.5301251411437988,0.014073471538722515,0.4422908425331116,0.5236008167266846,0.007328218314796686,0.4659826159477234,0.527393102645874,2.941379716503434e-05,0.42052093148231506,0.4971384108066559,-0.0019420976750552654,0.45877230167388916,0.46233657002449036,-0.010550722479820251,0.4829927086830139,0.4412856698036194,-0.01423945277929306,0.501029372215271,0.4241946339607239,-0.016657894477248192,0.42239415645599365,0.5095964074134827,-0.017018401995301247,0.48095014691352844,0.5268481373786926,-0.026103772222995758,0.47301986813545227,0.5543488264083862,-0.022256705909967422,0.4574489891529083,0.5587539672851562,-0.01787416636943817,0.42364969849586487,0.5351618528366089,-0.030469641089439392,0.47575995326042175,0.5586766004562378,-0.03543326258659363,0.46616804599761963,0.5788430571556091,-0.023999515920877457,0.4520842432975769,0.5784391164779663,-0.01602296531200409,0.4234313368797302,0.56583571434021,-0.043059613555669785,0.4658292829990387,0.5839473605155945,-0.03975825756788254,0.456646203994751,0.598958432674408,-0.026910236105322838,0.44267404079437256,0.5981874465942383,-0.018172604963183403,thinking
0.5394827127456665,0.37513405084609985,-0.9381888508796692,0.5801458954811096,0.32684606313705444,-0.8832877278327942,0.5986071825027466,0.33064645528793335,-0.8830417394638062,0.6161523461341858,0.33541661500930786,-0.8830177187919617,0.5358623266220093,0.31767797470092773,-0.8609191179275513,0.5242160558700562,0.3140014708042145,-0.8603419065475464,0.5146689414978027,0.31074032187461853,-0.8606206774711609,0.6477585434913635,0.365639328956604,-0.49200645089149475,0.5180418491363525,0.33484211564064026,-0.3682520389556885,0.5691747069358826,0.43581390380859375,-0.798396646976471,0.5126749277114868,0.4216103255748749,-0.7635489106178284,0.768182635307312,0.6791471242904663,-0.23538346588611603,0.38867369294166565,0.6340404152870178,-0.2761000990867615,0.8790479898452759,1.0210440158843994,-0.2093774378299713,0.1975228637456894,0.9259440302848816,-0.9071451425552368,0.9044421315193176,1.4337061643600464,-0.38038739562034607,0.38339656591415405,0.6283916234970093,-1.7754032611846924,0.932391345500946,1.5423251390457153,-0.44970178604125977,0.4293014407157898,0.5402247905731201,-1.9694175720214844,0.8848046064376831,1.5346176624298096,-0.4794705808162689,0.45093268156051636,0.5215739607810974,-1.8776699304580688,0.8598294258117676,1.503353476524353,-0.40709051489830017,0.4505542814731598,0.5573925375938416,-1.7632821798324585,0.6743170022964478,1.4317570924758911,-0.07508162409067154,0.38189202547073364,1.4015178680419922,0.07946848124265671,0.6297925710678101,2.072368621826172,-0.01584007777273655,0.36877238750457764,2.05035662651062,0.3756648004055023,0.5973621606826782,2.624674081802368,0.6478264927864075,0.3430580794811249,2.6052160263061523,1.0991601943969727,0.6003183126449585,2.700730323791504,0.6760464906692505,0.3341864049434662,2.67602276802063,1.1612987518310547,0.5440528988838196,2.7969980239868164,0.04255730286240578,0.3649791479110718,2.7979307174682617,0.4876032769680023,0,0,0,0,0,0,0,0,0,0,0,0,0,0,0,0,0,0,0,0,0,0,0,0,0,0,0,0,0,0,0,0,0,0,0,0,0,0,0,0,0,0,0,0,0,0,0,0,0,0,0,0,0,0,0,0,0,0,0,0,0,0,0,0.34979015588760376,0.6036009192466736,2.14160547074016e-08,0.37516579031944275,0.5538225173950195,0.015891635790467262,0.41019222140312195,0.5240417122840881,0.013947646133601665,0.43965864181518555,0.5195806622505188,0.007035288494080305,0.463206946849823,0.5268135666847229,-0.0006375614320859313,0.4199639558792114,0.49420490860939026,-0.002392473863437772,0.4595020115375519,0.4600885510444641,-0.010677983984351158,0.48467427492141724,0.43972861766815186,-0.014300770126283169,0.5034639835357666,0.4234413504600525,-0.016753392294049263,0.4219932556152344,0.5070328116416931,-0.01737852580845356,0.480804979801178,0.5243582129478455,-0.025798847898840904,0.47251200675964355,0.5514909625053406,-0.021754631772637367,0.4566381275653839,0.5557239651679993,-0.017444603145122528,0.42340412735939026,0.532961905002594,-0.030634839087724686,0.476367324590683,0.5558940172195435,-0.03482816368341446,0.4660577178001404,0.575602114200592,-0.023202067241072655,0.4511941075325012,0.5751079320907593,-0.015333780087530613,0.42336541414260864,0.5636575818061829,-0.04308537021279335,0.4659365713596344,0.5820687413215637,-0.03962869569659233,0.4565054476261139,0.596730649471283,-0.026843629777431488,0.44220778346061707,0.5958352088928223,-0.018168576061725616,thinking
0.5397351980209351,0.3751566708087921,-0.9372758865356445,0.5801660418510437,0.32690000534057617,-0.8825890421867371,0.5986259579658508,0.33072641491889954,-0.8823517560958862,0.6161621809005737,0.3355102837085724,-0.8823235630989075,0.5358754396438599,0.31785959005355835,-0.859514594078064,0.5242241024971008,0.3142335116863251,-0.858944296836853,0.5146631002426147,0.31102415919303894,-0.8592265248298645,0.6477453112602234,0.36561837792396545,-0.49467143416404724,0.5179842710494995,0.33513063192367554,-0.368137389421463,0.5696766972541809,0.43584147095680237,-0.7994360327720642,0.513022243976593,0.42168235778808594,-0.7638554573059082,0.769560694694519,0.6804459691047668,-0.2413516491651535,0.3882061839103699,0.6352049708366394,-0.2680731415748596,0.8790391683578491,1.0222092866897583,-0.22065472602844238,0.1971803605556488,0.9253453016281128,-0.8872345685958862,0.905014157295227,1.433642029762268,-0.38569146394729614,0.38384830951690674,0.6283571720123291,-1.738926649093628,0.9314658045768738,1.5418241024017334,-0.45532816648483276,0.4295886158943176,0.5399964451789856,-1.9286149740219116,0.8835152387619019,1.5337178707122803,-0.47965461015701294,0.4511578679084778,0.5222336649894714,-1.8331701755523682,0.8590942621231079,1.5026180744171143,-0.4098789095878601,0.4508107304573059,0.5582466721534729,-1.7257020473480225,0.6759783029556274,1.432071566581726,-0.07546909153461456,0.3830499053001404,1.4028639793395996,0.07984206825494766,0.6320966482162476,2.0724663734436035,-0.015070023946464062,0.3710751533508301,2.051121234893799,0.37648528814315796,0.5989996194839478,2.6246869564056396,0.653687059879303,0.3443944752216339,2.605468273162842,1.103430151939392,0.6022341251373291,2.700713872909546,0.6828534603118896,0.33546584844589233,2.6763181686401367,1.1665594577789307,0.5444359183311462,2.7970480918884277,0.0499001108109951,0.366354763507843,2.798140048980713,0.49362415075302124,0,0,0,0,0,0,0,0,0,0,0,0,0,0,0,0,0,0,0,0,0,0,0,0,0,0,0,0,0,0,0,0,0,0,0,0,0,0,0,0,0,0,0,0,0,0,0,0,0,0,0,0,0,0,0,0,0,0,0,0,0,0,0,0.3498576283454895,0.6045556664466858,1.4540947113061975e-08,0.376495361328125,0.55559241771698,0.016273802146315575,0.41047266125679016,0.5254338383674622,0.014965534210205078,0.4383567273616791,0.519650936126709,0.008630185388028622,0.46101805567741394,0.5249237418174744,0.00167301285546273,0.42055442929267883,0.49561652541160583,-0.00204462930560112,0.45921507477760315,0.460982084274292,-0.01044604741036892,0.483951210975647,0.4404599964618683,-0.013600531034171581,0.5022190809249878,0.42465025186538696,-0.01551232673227787,0.4221518337726593,0.5076541900634766,-0.01711845025420189,0.4819316267967224,0.5246987342834473,-0.026393700391054153,0.4744678735733032,0.5515122413635254,-0.022296730428934097,0.45903003215789795,0.5560007691383362,-0.017488425597548485,0.4232288897037506,0.5329009294509888,-0.030486447736620903,0.4764482378959656,0.5557721257209778,-0.03583560511469841,0.46679961681365967,0.5750218629837036,-0.024702053517103195,0.452378511428833,0.5742454528808594,-0.016614902764558792,0.42289695143699646,0.5634819269180298,-0.04286598786711693,0.46631962060928345,0.5810730457305908,-0.0398823544383049,0.4570772349834442,0.5950411558151245,-0.027155611664056778,0.44258520007133484,0.5938175916671753,-0.01830579899251461,thinking
0.5399261713027954,0.3752160370349884,-0.9368100166320801,0.5801891088485718,0.3270241320133209,-0.8819629549980164,0.5986486673355103,0.3308098614215851,-0.8817335367202759,0.616174578666687,0.33555200695991516,-0.8817025423049927,0.5358849763870239,0.3181162476539612,-0.8587063550949097,0.5242307782173157,0.3145245313644409,-0.8581417202949524,0.5146511793136597,0.3113522231578827,-0.8584192991256714,0.6477335095405579,0.36561623215675354,-0.49488338828086853,0.5178982615470886,0.3354073762893677,-0.36723336577415466,0.570036768913269,0.4358938932418823,-0.7994545698165894,0.5132603049278259,0.4217856824398041,-0.7635939121246338,0.7703875303268433,0.6811171174049377,-0.24364261329174042,0.3878268599510193,0.6360347270965576,-0.2663653492927551,0.879039466381073,1.0225582122802734,-0.22778518497943878,0.1969611644744873,0.9249927997589111,-0.8832912445068359,0.9058720469474792,1.4329086542129517,-0.3928838074207306,0.3841395378112793,0.6283544301986694,-1.7336347103118896,0.9316273927688599,1.5403106212615967,-0.4633845388889313,0.4297637939453125,0.5398165583610535,-1.923790693283081,0.8832392692565918,1.5318527221679688,-0.48663273453712463,0.45130905508995056,0.5226810574531555,-1.8267364501953125,0.8591006994247437,1.5010764598846436,-0.41667622327804565,0.450996458530426,0.5589004755020142,-1.7198480367660522,0.677208423614502,1.432083010673523,-0.07543317973613739,0.38393253087997437,1.403266429901123,0.07979373633861542,0.6339505910873413,2.072483539581299,-0.010967642068862915,0.37341398000717163,2.051459550857544,0.37845224142074585,0.6012363433837891,2.6246917247772217,0.6610934734344482,0.3470029830932617,2.605628252029419,1.1098542213439941,0.604735255241394,2.7007031440734863,0.6904870271682739,0.338077574968338,2.6764519214630127,1.1735496520996094,0.5459100008010864,2.7971746921539307,0.056558895856142044,0.36926910281181335,2.7983946800231934,0.49975576996803284,0,0,0,0,0,0,0,0,0,0,0,0,0,0,0,0,0,0,0,0,0,0,0,0,0,0,0,0,0,0,0,0,0,0,0,0,0,0,0,0,0,0,0,0,0,0,0,0,0,0,0,0,0,0,0,0,0,0,0,0,0,0,0,0.35011082887649536,0.6047548651695251,1.443794861444303e-08,0.3767499327659607,0.5553039312362671,0.01631707139313221,0.4107322096824646,0.5249064564704895,0.014982051216065884,0.43859460949897766,0.5188649892807007,0.008613151498138905,0.46121519804000854,0.5241610407829285,0.0015754714841023088,0.42061319947242737,0.49511826038360596,-0.002162051387131214,0.4594685733318329,0.4605202078819275,-0.01049214880913496,0.48417970538139343,0.4397006928920746,-0.013680403120815754,0.5023325681686401,0.42340803146362305,-0.015651963651180267,0.4223436117172241,0.5074477195739746,-0.017251264303922653,0.4818981885910034,0.5245431661605835,-0.02637091837823391,0.47423335909843445,0.5512853860855103,-0.02224881760776043,0.4584991931915283,0.5556401014328003,-0.01748540624976158,0.4235561788082123,0.5331147909164429,-0.030602559447288513,0.47685301303863525,0.5555940270423889,-0.0357787050306797,0.4669479429721832,0.5749555230140686,-0.024496177211403847,0.45233237743377686,0.5743553042411804,-0.01637415774166584,0.423290491104126,0.564098596572876,-0.042976755648851395,0.46679916977882385,0.5814995765686035,-0.039966460317373276,0.45741117000579834,0.5955320596694946,-0.027176138013601303,0.4428672194480896,0.5945405960083008,-0.018277155235409737,thinking
0.5400640964508057,0.3752720057964325,-0.9345323443412781,0.5802063941955566,0.3271711468696594,-0.8795674443244934,0.5986651182174683,0.330917626619339,-0.8793374300003052,0.6161830425262451,0.3355999290943146,-0.8793025016784668,0.5358952283859253,0.31838035583496094,-0.856176495552063,0.5242370963096619,0.31481632590293884,-0.8556164503097534,0.5146403908729553,0.31167516112327576,-0.8558991551399231,0.647722065448761,0.36562106013298035,-0.4934336543083191,0.517830491065979,0.33566948771476746,-0.3649393916130066,0.5703107118606567,0.43595895171165466,-0.7976619005203247,0.5134421586990356,0.4219001531600952,-0.7615980505943298,0.7710543274879456,0.681668221950531,-0.2439683973789215,0.3875298798084259,0.6366825699806213,-0.26447832584381104,0.8790923357009888,1.0228708982467651,-0.23138029873371124,0.19678087532520294,0.924687385559082,-0.8790618777275085,0.9061766862869263,1.43214750289917,-0.396255224943161,0.38443857431411743,0.6283062696456909,-1.7252237796783447,0.9313589334487915,1.5389574766159058,-0.4663781523704529,0.42994752526283264,0.539699137210846,-1.9146041870117188,0.882763683795929,1.5301779508590698,-0.48883944749832153,0.4514937400817871,0.5228971838951111,-1.8169374465942383,0.8588556051254272,1.4996211528778076,-0.4197041392326355,0.4512093961238861,0.5592782497406006,-1.71114182472229,0.6779419183731079,1.4321308135986328,-0.07522905617952347,0.3844781517982483,1.4036023616790771,0.07958094775676727,0.6348270773887634,2.0725595951080322,-0.013080963864922523,0.3745255768299103,2.051734209060669,0.37775593996047974,0.6021597981452942,2.624732494354248,0.6540250182151794,0.3482397794723511,2.6058244705200195,1.1052963733673096,0.6058005094528198,2.7007462978363037,0.6827425360679626,0.3393031656742096,2.676593542098999,1.1684153079986572,0.5464107394218445,2.797236204147339,0.048609569668769836,0.3708033859729767,2.798793315887451,0.49816837906837463,0,0,0,0,0,0,0,0,0,0,0,0,0,0,0,0,0,0,0,0,0,0,0,0,0,0,0,0,0,0,0,0,0,0,0,0,0,0,0,0,0,0,0,0,0,0,0,0,0,0,0,0,0,0,0,0,0,0,0,0,0,0,0,0.35006338357925415,0.6054359078407288,1.4311998697280615e-08,0.3767054080963135,0.5558480620384216,0.01688702218234539,0.41073527932167053,0.5255562663078308,0.015781663358211517,0.4383551776409149,0.5195822715759277,0.009531158953905106,0.4609125852584839,0.5248821377754211,0.0026019844226539135,0.4208005964756012,0.4951774477958679,-0.001592235523276031,0.4595688283443451,0.46048641204833984,-0.009653165936470032,0.4842463731765747,0.4397537410259247,-0.012609332799911499,0.5023946166038513,0.4237814247608185,-0.014402556233108044,0.42239198088645935,0.5072320103645325,-0.01686733588576317,0.4821244478225708,0.5248082280158997,-0.025665344670414925,0.47468435764312744,0.5517744421958923,-0.021399972960352898,0.4592452347278595,0.5564073920249939,-0.016578979790210724,0.4235205054283142,0.5327679514884949,-0.030361270532011986,0.47698140144348145,0.555901825428009,-0.03518078848719597,0.4672638177871704,0.5753933787345886,-0.023885365575551987,0.45274606347084045,0.5749609470367432,-0.01582949608564377,0.4231838583946228,0.5636608600616455,-0.04283582419157028,0.4666678309440613,0.5814804434776306,-0.03941107913851738,0.4573034346103668,0.5955650210380554,-0.026510965079069138,0.4427482485771179,0.5945993065834045,-0.0176059752702713,thinking
0.5405437350273132,0.373600572347641,-0.8813155293464661,0.5805486440658569,0.3253422975540161,-0.8276990056037903,0.5989351868629456,0.32906684279441833,-0.8275309801101685,0.6163425445556641,0.3339446187019348,-0.827538788318634,0.5363118052482605,0.3170475363731384,-0.8044702410697937,0.5245110988616943,0.31370633840560913,-0.8038871884346008,0.5148321390151978,0.31081607937812805,-0.8041925430297852,0.6477330327033997,0.36483728885650635,-0.4539843201637268,0.5178267359733582,0.3352814316749573,-0.32351821660995483,0.5706300735473633,0.4337861239910126,-0.7494416236877441,0.5136634707450867,0.42018115520477295,-0.7131539583206177,0.7702586054801941,0.6810089349746704,-0.23861201107501984,0.38753741979599,0.6364005208015442,-0.24714449048042297,0.8795088529586792,1.0193160772323608,-0.2319793403148651,0.19676369428634644,0.923705518245697,-0.8771031498908997,0.905838668346405,1.4306368827819824,-0.3795301616191864,0.38444140553474426,0.6263972520828247,-1.7221739292144775,0.9312828183174133,1.5389175415039062,-0.4482603967189789,0.4312822222709656,0.5395709276199341,-1.9098169803619385,0.8825033903121948,1.5299593210220337,-0.4633878171443939,0.4527047276496887,0.5228355526924133,-1.8118270635604858,0.8586114645004272,1.499104619026184,-0.3992113471031189,0.4516134262084961,0.5587759017944336,-1.7077964544296265,0.6783485412597656,1.4321372509002686,-0.07675343751907349,0.38458338379859924,1.4041820764541626,0.0810280293226242,0.637862503528595,2.0722594261169434,-0.018857335671782494,0.376975953578949,2.052150249481201,0.43788251280784607,0.6086094975471497,2.624669313430786,0.6365373730659485,0.3555522561073303,2.6059212684631348,1.191274881362915,0.6117768287658691,2.700669765472412,0.6640499830245972,0.34698233008384705,2.676635265350342,1.258734107017517,0.5574530363082886,2.7973432540893555,0.03319273144006729,0.3787018656730652,2.799600124359131,0.6019036173820496,0,0,0,0,0,0,0,0,0,0,0,0,0,0,0,0,0,0,0,0,0,0,0,0,0,0,0,0,0,0,0,0,0,0,0,0,0,0,0,0,0,0,0,0,0,0,0,0,0,0,0,0,0,0,0,0,0,0,0,0,0,0,0,0.3510678708553314,0.6037086844444275,1.5631167471497065e-08,0.37756016850471497,0.5548623204231262,0.016174642369151115,0.41173550486564636,0.5251615047454834,0.014793750829994678,0.4403436481952667,0.5198982357978821,0.008399391546845436,0.46342965960502625,0.525345504283905,0.0013741307193413377,0.4217909574508667,0.49499741196632385,-0.0014741105260327458,0.4605640470981598,0.4607836902141571,-0.010043121874332428,0.4852829575538635,0.4404427409172058,-0.013645417056977749,0.5039342045783997,0.4245339632034302,-0.015911173075437546,0.42372483015060425,0.5077069997787476,-0.016581157222390175,0.48345711827278137,0.5259820222854614,-0.026209136471152306,0.47466301918029785,0.5513386726379395,-0.02255408838391304,0.4581531882286072,0.5542008280754089,-0.017963776364922523,0.42495477199554443,0.5333203077316284,-0.030026398599147797,0.4776989221572876,0.5573357343673706,-0.03549916669726372,0.46734827756881714,0.5753819942474365,-0.024529200047254562,0.4528129994869232,0.5736802220344543,-0.016526391729712486,0.42462339997291565,0.5639135837554932,-0.04251154512166977,0.4668111801147461,0.5820519924163818,-0.039313871413469315,0.45724114775657654,0.5958232879638672,-0.026478132233023643,0.44320201873779297,0.5947127342224121,-0.017564920708537102,thinking
0.5409786701202393,0.3724149763584137,-0.8664470911026001,0.5808601379394531,0.32406944036483765,-0.8131827116012573,0.5991925001144409,0.3277854323387146,-0.8130226135253906,0.616500973701477,0.33277833461761475,-0.8130367994308472,0.536668598651886,0.316079705953598,-0.7899778485298157,0.5247516632080078,0.3128853142261505,-0.7893868088722229,0.5150031447410583,0.31016361713409424,-0.7896939516067505,0.6477521657943726,0.3642430603504181,-0.4417327046394348,0.5178282856941223,0.3349689543247223,-0.31106215715408325,0.5709397196769714,0.43232086300849915,-0.7353403568267822,0.5138762593269348,0.41899439692497253,-0.6990453004837036,0.769746720790863,0.6804713606834412,-0.23500756919384003,0.3875668942928314,0.6361070871353149,-0.2397991120815277,0.8797839283943176,1.0167202949523926,-0.2318127453327179,0.1967337727546692,0.922868013381958,-0.8759922981262207,0.905547022819519,1.4294283390045166,-0.3689950108528137,0.3844453990459442,0.6250474452972412,-1.7202727794647217,0.9308336973190308,1.5387462377548218,-0.4365077018737793,0.4323057234287262,0.5394676923751831,-1.9070556163787842,0.8820711970329285,1.5296388864517212,-0.44990429282188416,0.45362457633018494,0.5227731466293335,-1.8090133666992188,0.8582245111465454,1.498559832572937,-0.38762086629867554,0.4519518315792084,0.5583934783935547,-1.7057958841323853,0.6787019968032837,1.432086706161499,-0.07755937427282333,0.3847309947013855,1.4043723344802856,0.08179281651973724,0.6397543549537659,2.071864128112793,-0.025202658027410507,0.3787389397621155,2.0522940158843994,0.44360214471817017,0.6118476986885071,2.6245858669281006,0.6204851269721985,0.3594919443130493,2.6059556007385254,1.1909363269805908,0.6147946119308472,2.700582265853882,0.646929919719696,0.3510267734527588,2.6766817569732666,1.2577403783798218,0.5624575018882751,2.7973990440368652,0.017023403197526932,0.38285866379737854,2.800042152404785,0.6006528735160828,0,0,0,0,0,0,0,0,0,0,0,0,0,0,0,0,0,0,0,0,0,0,0,0,0,0,0,0,0,0,0,0,0,0,0,0,0,0,0,0,0,0,0,0,0,0,0,0,0,0,0,0,0,0,0,0,0,0,0,0,0,0,0,0.35172614455223083,0.6034489870071411,1.6709032379935707e-08,0.378572016954422,0.5550789833068848,0.015377486124634743,0.41274502873420715,0.525206983089447,0.01348345261067152,0.4411434829235077,0.5199311375617981,0.006816772744059563,0.46423912048339844,0.5258677005767822,-0.0004322665627114475,0.42230144143104553,0.4950372874736786,-0.0030092026572674513,0.46093788743019104,0.461154580116272,-0.012316618114709854,0.485556960105896,0.4404211640357971,-0.016547761857509613,0.5039693117141724,0.4238710105419159,-0.019268231466412544,0.42392343282699585,0.5078306198120117,-0.017880313098430634,0.4837695360183716,0.5263233780860901,-0.027761690318584442,0.47503751516342163,0.5522012114524841,-0.024130087345838547,0.4585513770580292,0.5551424026489258,-0.019701868295669556,0.4249457120895386,0.533336877822876,-0.031142769381403923,0.47785043716430664,0.5574590563774109,-0.03676395118236542,0.46736302971839905,0.5756902694702148,-0.025562282651662827,0.4527866840362549,0.5739700198173523,-0.01751314476132393,0.4245460629463196,0.5639808177947998,-0.04353052377700806,0.4666687846183777,0.5822652578353882,-0.04067334160208702,0.45708540081977844,0.5960816740989685,-0.027856901288032532,0.443172425031662,0.5947475433349609,-0.01899389550089836,thinking
0.542019784450531,0.3720146417617798,-0.9620111584663391,0.5817188024520874,0.32387903332710266,-0.9014724493026733,0.5999971628189087,0.3276001513004303,-0.901278018951416,0.6170388460159302,0.33254915475845337,-0.9012414216995239,0.5375133156776428,0.3159976005554199,-0.8794282674789429,0.5254427194595337,0.3128506541252136,-0.8787967562675476,0.5154579877853394,0.3101555407047272,-0.8791148066520691,0.6479315757751465,0.3641538619995117,-0.49123406410217285,0.5180057287216187,0.3349829316139221,-0.36823809146881104,0.5717942714691162,0.4319099187850952,-0.81730717420578,0.5146936774253845,0.41855576634407043,-0.7830451726913452,0.7697198390960693,0.680511474609375,-0.24421146512031555,0.38865211606025696,0.6360952258110046,-0.2722703814506531,0.8783441781997681,1.0167235136032104,-0.21315114200115204,0.1967872679233551,0.9201594591140747,-0.9098415374755859,0.9026503562927246,1.4336920976638794,-0.33343589305877686,0.38371461629867554,0.622779130935669,-1.7773621082305908,0.9287295341491699,1.5442290306091309,-0.3985110819339752,0.43379807472229004,0.5392321944236755,-1.9730602502822876,0.8807803988456726,1.537549376487732,-0.42712098360061646,0.4546114504337311,0.5222746133804321,-1.8834896087646484,0.8566001057624817,1.5052604675292969,-0.3589717745780945,0.45202431082725525,0.5569426417350769,-1.7677786350250244,0.6764605641365051,1.4309598207473755,-0.07818523049354553,0.3833779990673065,1.4027550220489502,0.08243028819561005,0.6340253949165344,2.07010817527771,-0.018381232395768166,0.3751106858253479,2.050600290298462,0.42299532890319824,0.5998016595840454,2.6225454807281494,0.6821657419204712,0.3485027551651001,2.604879140853882,1.1694499254226685,0.6018512845039368,2.698289394378662,0.7131812572479248,0.3394070565700531,2.6760549545288086,1.2343686819076538,0.5474759340286255,2.795539379119873,0.06133343651890755,0.3677186369895935,2.797131299972534,0.5670145750045776,0,0,0,0,0,0,0,0,0,0,0,0,0,0,0,0,0,0,0,0,0,0,0,0,0,0,0,0,0,0,0,0,0,0,0,0,0,0,0,0,0,0,0,0,0,0,0,0,0,0,0,0,0,0,0,0,0,0,0,0,0,0,0,0.3545859158039093,0.6028845310211182,2.4307940549306295e-08,0.37992459535598755,0.5539096593856812,0.014866729266941547,0.41444075107574463,0.5239078998565674,0.01314982958137989,0.44388577342033386,0.517880380153656,0.006880827713757753,0.4682053029537201,0.5228697061538696,0.00010554569598753005,0.42422541975975037,0.4937889277935028,-0.003564292099326849,0.4636921286582947,0.4602775573730469,-0.011663069948554039,0.48854541778564453,0.4404449164867401,-0.014412549324333668,0.5070051550865173,0.42442256212234497,-0.016124432906508446,0.4265897870063782,0.5066355466842651,-0.017825046554207802,0.4860072135925293,0.5238549709320068,-0.02697739750146866,0.47832414507865906,0.5505602955818176,-0.022846180945634842,0.46246451139450073,0.5548619031906128,-0.01806800812482834,0.427992582321167,0.5321367383003235,-0.03040262684226036,0.4805327355861664,0.5565072298049927,-0.03594120591878891,0.4704808294773102,0.5761851668357849,-0.02497466653585434,0.45591041445732117,0.5755774974822998,-0.016997162252664566,0.42775633931159973,0.5626347064971924,-0.04208943992853165,0.47048598527908325,0.5827953219413757,-0.03972620517015457,0.46127748489379883,0.5976358652114868,-0.027631372213363647,0.44699999690055847,0.596781849861145,-0.019129667431116104,thinking
0.5421527624130249,0.3724094033241272,-0.8814049959182739,0.5822125673294067,0.32422083616256714,-0.8268003463745117,0.6005162000656128,0.3279779851436615,-0.8265548944473267,0.6174728870391846,0.3328431248664856,-0.8265659213066101,0.5379372239112854,0.31628087162971497,-0.8049256205558777,0.5259321928024292,0.31318342685699463,-0.8043330311775208,0.5157763361930847,0.3104628920555115,-0.8046563267707825,0.648145854473114,0.3644675612449646,-0.4504851698875427,0.5183361172676086,0.3351507782936096,-0.3282613456249237,0.5718656778335571,0.4333226978778839,-0.7493337392807007,0.5148218870162964,0.41952523589134216,-0.7150368690490723,0.7699170112609863,0.6814948916435242,-0.22697754204273224,0.3886399269104004,0.6358431577682495,-0.2590321898460388,0.8781794309616089,1.0170940160751343,-0.2041376531124115,0.19640177488327026,0.9201319217681885,-0.8769605755805969,0.8934251666069031,1.4380302429199219,-0.31203070282936096,0.3831879198551178,0.6224632263183594,-1.6860240697860718,0.9167848825454712,1.550904631614685,-0.3730391263961792,0.4347987771034241,0.5396935343742371,-1.8659822940826416,0.8675247430801392,1.5431017875671387,-0.3937113881111145,0.45532065629959106,0.5222169160842896,-1.7719614505767822,0.8453904390335083,1.5094293355941772,-0.33443892002105713,0.4520419239997864,0.5567352175712585,-1.6717151403427124,0.673702597618103,1.4326797723770142,-0.07833771407604218,0.3810250163078308,1.4034006595611572,0.08258365094661713,0.6292634010314941,2.0710349082946777,-0.05912579968571663,0.3714114725589752,2.0508971214294434,0.37233561277389526,0.5911563634872437,2.6242589950561523,0.5723536610603333,0.34068605303764343,2.605410575866699,1.0495223999023438,0.5930116176605225,2.699906349182129,0.5969915986061096,0.3304482102394104,2.6767385005950928,1.10866117477417,0.5378313064575195,2.79864501953125,-0.028396233916282654,0.3587694764137268,2.797703742980957,0.45014485716819763,0,0,0,0,0,0,0,0,0,0,0,0,0,0,0,0,0,0,0,0,0,0,0,0,0,0,0,0,0,0,0,0,0,0,0,0,0,0,0,0,0,0,0,0,0,0,0,0,0,0,0,0,0,0,0,0,0,0,0,0,0,0,0,0.3558661937713623,0.6038953065872192,1.5639669115330435e-08,0.3820975720882416,0.5545228719711304,0.016956038773059845,0.41614460945129395,0.5255341529846191,0.015918374061584473,0.44420522451400757,0.5211079716682434,0.009833058342337608,0.46694859862327576,0.5269636511802673,0.0030540782026946545,0.42607662081718445,0.4952965974807739,-0.0017329469555988908,0.46505188941955566,0.46074971556663513,-0.010120724327862263,0.48990559577941895,0.43990370631217957,-0.013598740100860596,0.5082024931907654,0.4234912097454071,-0.015764953568577766,0.4280603528022766,0.5077371597290039,-0.016930505633354187,0.4875350594520569,0.524816632270813,-0.02521706372499466,0.4803455173969269,0.5517598986625671,-0.02082119695842266,0.4651097357273102,0.5561811923980713,-0.016213947907090187,0.4292921721935272,0.5334225296974182,-0.030380364507436752,0.48234397172927856,0.5563510060310364,-0.035064682364463806,0.4723844826221466,0.575860857963562,-0.02373420260846615,0.45793092250823975,0.574665904045105,-0.015862680971622467,0.42907243967056274,0.5645903944969177,-0.04277821630239487,0.47242215275764465,0.5827467441558838,-0.039270009845495224,0.4627103805541992,0.5968799591064453,-0.026215119287371635,0.44779181480407715,0.5951001048088074,-0.01736541837453842,thinking
0.5423181056976318,0.372683048248291,-0.8477910757064819,0.5826565027236938,0.32444897294044495,-0.7949368357658386,0.6009752750396729,0.3282463848590851,-0.7946613430976868,0.6178457736968994,0.33305782079696655,-0.7946645617485046,0.5383733510971069,0.3164438009262085,-0.7728090286254883,0.5264347791671753,0.31338268518447876,-0.7722139954566956,0.5161224603652954,0.3106386959552765,-0.772525429725647,0.6483410000801086,0.364713191986084,-0.4299169182777405,0.5186814069747925,0.33526208996772766,-0.3070683777332306,0.5719678401947021,0.43426352739334106,-0.7195897102355957,0.5149826407432556,0.4201332926750183,-0.684969425201416,0.7699733376502991,0.6825307607650757,-0.2155177891254425,0.3886265754699707,0.6356983184814453,-0.2462078034877777,0.8775659799575806,1.0176485776901245,-0.196475550532341,0.19590725004673004,0.9201982021331787,-0.8488633036613464,0.8869407773017883,1.444461703300476,-0.2995836138725281,0.3828653395175934,0.6223189830780029,-1.6374568939208984,0.9094526171684265,1.5590951442718506,-0.3588709831237793,0.43543320894241333,0.5401715040206909,-1.8138840198516846,0.8594862222671509,1.5511842966079712,-0.3772919774055481,0.4558047354221344,0.5222146511077881,-1.7172895669937134,0.8380371332168579,1.516364574432373,-0.3211836814880371,0.4520599842071533,0.5566599369049072,-1.6216709613800049,0.6715019345283508,1.4344929456710815,-0.07845384627580643,0.3792327642440796,1.4042069911956787,0.08270175755023956,0.6255939602851868,2.0726563930511475,-0.08302117139101028,0.368421345949173,2.051772117614746,0.3409994840621948,0.5852619409561157,2.6270973682403564,0.5250192284584045,0.3345142602920532,2.606917142868042,0.9915186762809753,0.587256669998169,2.702746629714966,0.5477137565612793,0.3234919607639313,2.678539752960205,1.0482912063598633,0.5308247804641724,2.8029043674468994,-0.07202015817165375,0.3518770933151245,2.7993507385253906,0.3912896513938904,0,0,0,0,0,0,0,0,0,0,0,0,0,0,0,0,0,0,0,0,0,0,0,0,0,0,0,0,0,0,0,0,0,0,0,0,0,0,0,0,0,0,0,0,0,0,0,0,0,0,0,0,0,0,0,0,0,0,0,0,0,0,0,0.35539692640304565,0.6049709320068359,1.5702314115628724e-08,0.38153931498527527,0.5553963780403137,0.0170492772012949,0.4157226085662842,0.52603679895401,0.016001379117369652,0.4437333643436432,0.5210063457489014,0.009808788076043129,0.4663853049278259,0.5264906883239746,0.0028565910179167986,0.42588934302330017,0.49579548835754395,-0.0011822720989584923,0.46489477157592773,0.4608636498451233,-0.009083821438252926,0.4897746741771698,0.43944600224494934,-0.012400895357131958,0.5080191493034363,0.4227955937385559,-0.014550359919667244,0.4285637438297272,0.5079052448272705,-0.016367176547646523,0.4878092408180237,0.5258283019065857,-0.024090886116027832,0.48027360439300537,0.552321195602417,-0.019659362733364105,0.46477407217025757,0.5565076470375061,-0.01505549717694521,0.4301423132419586,0.5333507657051086,-0.02976924553513527,0.48263296484947205,0.5578266382217407,-0.033451147377491,0.4722948670387268,0.5764932036399841,-0.021994145587086678,0.4576959013938904,0.5751658082008362,-0.014264403842389584,0.42984965443611145,0.5642045140266418,-0.042210228741168976,0.4725022315979004,0.5836808681488037,-0.03817654028534889,0.46277520060539246,0.5973088145256042,-0.02520158886909485,0.44805780053138733,0.5955103635787964,-0.016417616978287697,thinking
0.5424327254295349,0.37286993861198425,-0.839293360710144,0.5829542279243469,0.3246343731880188,-0.7871459722518921,0.6012970209121704,0.32846853137016296,-0.7868822813034058,0.6181157231330872,0.33323967456817627,-0.7868999242782593,0.5386711955070496,0.31657302379608154,-0.7640588879585266,0.5267888903617859,0.31354448199272156,-0.7634589076042175,0.5163766741752625,0.3107892572879791,-0.7637759447097778,0.6485131978988647,0.3649275004863739,-0.4241388440132141,0.5189560651779175,0.33537232875823975,-0.2970140874385834,0.5720585584640503,0.43493935465812683,-0.7115346193313599,0.515108585357666,0.42054542899131775,-0.6756683588027954,0.7699979543685913,0.6832267642021179,-0.21283920109272003,0.38861793279647827,0.6355275511741638,-0.2343929260969162,0.8770980834960938,1.0178227424621582,-0.1955021470785141,0.19570328295230865,0.9202021956443787,-0.8360363245010376,0.8826891183853149,1.4480328559875488,-0.29583072662353516,0.3826139569282532,0.6219149231910706,-1.6289459466934204,0.9044255018234253,1.5635885000228882,-0.35470372438430786,0.4359143376350403,0.5403953194618225,-1.8058850765228271,0.8544710874557495,1.555564045906067,-0.3723987936973572,0.45622509717941284,0.5221768021583557,-1.708805799484253,0.8334969282150269,1.5202690362930298,-0.3169500231742859,0.4520859718322754,0.5564478039741516,-1.6130796670913696,0.6702633500099182,1.4359699487686157,-0.07900349050760269,0.3784269690513611,1.4050003290176392,0.08323295414447784,0.6238435506820679,2.073920726776123,-0.08987834304571152,0.3669882118701935,2.0525476932525635,0.33778494596481323,0.5833396911621094,2.629112720489502,0.5190528631210327,0.33233383297920227,2.608161449432373,0.991258978843689,0.5854873657226562,2.704693555831909,0.5419410467147827,0.321233868598938,2.6799066066741943,1.0484561920166016,0.5285333395004272,2.805969715118408,-0.07858418673276901,0.34924501180648804,2.800680637359619,0.39055365324020386,0,0,0,0,0,0,0,0,0,0,0,0,0,0,0,0,0,0,0,0,0,0,0,0,0,0,0,0,0,0,0,0,0,0,0,0,0,0,0,0,0,0,0,0,0,0,0,0,0,0,0,0,0,0,0,0,0,0,0,0,0,0,0,0.35490626096725464,0.6057771444320679,1.4124788449976222e-08,0.3814479112625122,0.5560765862464905,0.017548400908708572,0.4156947731971741,0.526462733745575,0.016620434820652008,0.4437340497970581,0.521119236946106,0.010421273298561573,0.466417133808136,0.5265851020812988,0.0034513974096626043,0.42565202713012695,0.49578043818473816,-0.0006229046266525984,0.4646945297718048,0.46128663420677185,-0.008186839520931244,0.4895842373371124,0.4402362108230591,-0.011198644526302814,0.5078087449073792,0.4238526225090027,-0.01315325777977705,0.4282563328742981,0.5076509714126587,-0.016029857099056244,0.48750585317611694,0.525671660900116,-0.02343679964542389,0.47999030351638794,0.5526849627494812,-0.01882767863571644,0.46457284688949585,0.5572234392166138,-0.014136897400021553,0.4298913776874542,0.5330363512039185,-0.029607340693473816,0.482662558555603,0.5576762557029724,-0.03301713615655899,0.4723433256149292,0.5769599676132202,-0.021440450102090836,0.4577083885669708,0.5761130452156067,-0.013683334924280643,0.42977195978164673,0.5639117360115051,-0.042195506393909454,0.47264450788497925,0.5839263796806335,-0.037996336817741394,0.4629805386066437,0.5979597568511963,-0.024996846914291382,0.44833552837371826,0.5964491963386536,-0.016210556030273438,thinking
0.54290771484375,0.37281906604766846,-0.9733250737190247,0.5837138295173645,0.32467493414878845,-0.9077824354171753,0.6021308302879333,0.3285283148288727,-0.9075927734375,0.618744969367981,0.3332853317260742,-0.9075862169265747,0.5390492081642151,0.31654319167137146,-0.8887099027633667,0.5269747972488403,0.31349337100982666,-0.8880941271781921,0.5164636373519897,0.3107225298881531,-0.8884211778640747,0.648712158203125,0.364930123090744,-0.4807434678077698,0.5189621448516846,0.3353336453437805,-0.3718135356903076,0.572457492351532,0.43489164113998413,-0.8232461810112,0.515265166759491,0.42046356201171875,-0.7929660081863403,0.7699640989303589,0.6832563877105713,-0.21833059191703796,0.38775354623794556,0.6355307698249817,-0.2800004482269287,0.8766614198684692,1.0177112817764282,-0.18686585128307343,0.19463682174682617,0.9202105402946472,-0.9201868772506714,0.8945707082748413,1.4494478702545166,-0.29664725065231323,0.3823550343513489,0.6219044327735901,-1.7990081310272217,0.9226605296134949,1.5638915300369263,-0.36119359731674194,0.43692153692245483,0.5406950116157532,-1.997607946395874,0.8741353750228882,1.5568346977233887,-0.3984929919242859,0.4568496346473694,0.5223141312599182,-1.9065113067626953,0.8497524261474609,1.522079586982727,-0.32693803310394287,0.45233067870140076,0.5564081072807312,-1.7885942459106445,0.6702394485473633,1.4338114261627197,-0.07908964157104492,0.3780704140663147,1.4045116901397705,0.08332325518131256,0.6249724626541138,2.0731451511383057,-0.06765193492174149,0.36743807792663574,2.0525877475738525,0.3444910943508148,0.589645504951477,2.6286938190460205,0.6219234466552734,0.3379048705101013,2.608382225036621,1.0542995929718018,0.5920789241790771,2.704570770263672,0.6501864194869995,0.3281024098396301,2.680431365966797,1.1172986030578613,0.5372173190116882,2.804975748062134,-0.011222722940146923,0.35682564973831177,2.8006815910339355,0.39980798959732056,0,0,0,0,0,0,0,0,0,0,0,0,0,0,0,0,0,0,0,0,0,0,0,0,0,0,0,0,0,0,0,0,0,0,0,0,0,0,0,0,0,0,0,0,0,0,0,0,0,0,0,0,0,0,0,0,0,0,0,0,0,0,0,0.3527064323425293,0.6039571166038513,7.95606869274934e-09,0.37905579805374146,0.5543122887611389,0.017525937408208847,0.41310763359069824,0.5256081819534302,0.016469739377498627,0.44095656275749207,0.5211687088012695,0.009893200360238552,0.46345430612564087,0.5275449156761169,0.002480757189914584,0.4239814579486847,0.49382323026657104,0.0008477512164972723,0.4631747007369995,0.4605827331542969,-0.006070285104215145,0.4879569411277771,0.43976709246635437,-0.009003081358969212,0.5060250163078308,0.4233264923095703,-0.0111711909994483,0.4270624816417694,0.505545437335968,-0.014899938367307186,0.48535850644111633,0.5250416398048401,-0.021980348974466324,0.4764685034751892,0.5511509776115417,-0.01770397461950779,0.45999059081077576,0.5545628666877747,-0.013334788382053375,0.4289095103740692,0.5309797525405884,-0.028883615508675575,0.4807657301425934,0.5560357570648193,-0.031798508018255234,0.46973907947540283,0.5749300718307495,-0.020318642258644104,0.4547157883644104,0.5739157795906067,-0.012814580462872982,0.4286048412322998,0.5619972944259644,-0.042016226798295975,0.471140593290329,0.5827100276947021,-0.03790704905986786,0.4613904356956482,0.5968536138534546,-0.02513214386999607,0.4467886686325073,0.5960860848426819,-0.016487013548612595,thinking
0.5432271957397461,0.3728155195713043,-0.9927669763565063,0.5842834115028381,0.3247247636318207,-0.9266986846923828,0.6027542948722839,0.32858335971832275,-0.9265168905258179,0.6192137002944946,0.3333280682563782,-0.926511287689209,0.5393399000167847,0.31654924154281616,-0.907889187335968,0.5271255373954773,0.3134809136390686,-0.907270610332489,0.5165354609489441,0.3106922507286072,-0.9075995683670044,0.6488818526268005,0.3649393916130066,-0.4945145547389984,0.5189676284790039,0.335310161113739,-0.3875754177570343,0.5726861953735352,0.4348878562450409,-0.8413551449775696,0.5153541564941406,0.4204372465610504,-0.8114523887634277,0.76992267370224,0.6832550168037415,-0.2195431888103485,0.38713714480400085,0.6355159282684326,-0.2911553382873535,0.8763141632080078,1.0176033973693848,-0.18152686953544617,0.19392992556095123,0.9202281832695007,-0.9350435137748718,0.9008305668830872,1.4496104717254639,-0.2987160086631775,0.3821815252304077,0.621894121170044,-1.8193451166152954,0.9309098124504089,1.5635541677474976,-0.3671030104160309,0.437363862991333,0.5407668948173523,-2.0187125205993652,0.8830074071884155,1.5567246675491333,-0.4128444790840149,0.45712709426879883,0.5223214030265808,-1.9279756546020508,0.8576450347900391,1.5222506523132324,-0.3348363935947418,0.45245248079299927,0.55637127161026,-1.8092129230499268,0.6701945066452026,1.4317023754119873,-0.0790763720870018,0.37776267528533936,1.403717041015625,0.0833311453461647,0.6257309913635254,2.071934938430786,-0.06256245076656342,0.3676978349685669,2.0523648262023926,0.34842759370803833,0.5931020379066467,2.627880334854126,0.63178950548172,0.34085679054260254,2.6084110736846924,1.067295789718628,0.5956470966339111,2.7041280269622803,0.6597381830215454,0.33159956336021423,2.680466890335083,1.1309564113616943,0.5417348146438599,2.8035473823547363,-0.004423269536346197,0.36092206835746765,2.8003311157226562,0.4190986156463623,0,0,0,0,0,0,0,0,0,0,0,0,0,0,0,0,0,0,0,0,0,0,0,0,0,0,0,0,0,0,0,0,0,0,0,0,0,0,0,0,0,0,0,0,0,0,0,0,0,0,0,0,0,0,0,0,0,0,0,0,0,0,0,0.3538956344127655,0.6032346487045288,1.0140829509452942e-08,0.3811531662940979,0.5545686483383179,0.016330143436789513,0.41565001010894775,0.5253856182098389,0.014778142794966698,0.44457191228866577,0.5195018649101257,0.00818469375371933,0.467953622341156,0.523614764213562,0.0010753899114206433,0.4253983795642853,0.4940132200717926,-0.0018298262730240822,0.46446552872657776,0.4608432948589325,-0.009895563125610352,0.4891560971736908,0.44011038541793823,-0.013212589547038078,0.5075651407241821,0.4234328269958496,-0.015449020080268383,0.427517831325531,0.5063751935958862,-0.0170200876891613,0.48675090074539185,0.5247202515602112,-0.025383125990629196,0.4780782461166382,0.5509714484214783,-0.020939787849783897,0.46183598041534424,0.5549346804618835,-0.016231710091233253,0.42856913805007935,0.5319613218307495,-0.03049864061176777,0.48119455575942993,0.5561352372169495,-0.034823738038539886,0.47029122710227966,0.5748839974403381,-0.023115115240216255,0.45525363087654114,0.5739260911941528,-0.015072016976773739,0.4279927611351013,0.5629544854164124,-0.04311850666999817,0.47118380665779114,0.5830144882202148,-0.03972947970032692,0.4614209234714508,0.5964385867118835,-0.026950115337967873,0.44660186767578125,0.5948869585990906,-0.01821364462375641,thinking
0.5435479879379272,0.37269148230552673,-0.9667451977729797,0.5846315622329712,0.32462888956069946,-0.8976022005081177,0.603122353553772,0.3285335600376129,-0.8972875475883484,0.6194671988487244,0.3332948088645935,-0.8972781300544739,0.5395984649658203,0.31639042496681213,-0.8833902478218079,0.5273160338401794,0.31330567598342896,-0.8827023506164551,0.5166692137718201,0.3104645907878876,-0.8830050230026245,0.6490134000778198,0.36494535207748413,-0.4720706343650818,0.5189856290817261,0.3350229263305664,-0.3809671700000763,0.5728487372398376,0.43451112508773804,-0.8158353567123413,0.5154697895050049,0.4201943576335907,-0.7935241460800171,0.7692452669143677,0.6832102537155151,-0.21297447383403778,0.38712891936302185,0.6354485750198364,-0.28635334968566895,0.8734618425369263,1.020721673965454,-0.173325777053833,0.19402356445789337,0.9195312261581421,-0.9224815368652344,0.8964746594429016,1.4494938850402832,-0.29154446721076965,0.3821689784526825,0.6214113235473633,-1.8032941818237305,0.9241465330123901,1.563342571258545,-0.35400471091270447,0.43729376792907715,0.5400063991546631,-1.9993431568145752,0.8769190907478333,1.5565134286880493,-0.39069870114326477,0.4570953845977783,0.5212199687957764,-1.9023563861846924,0.8528391122817993,1.5221431255340576,-0.32169440388679504,0.45245614647865295,0.5555285811424255,-1.7911837100982666,0.6686633825302124,1.4316216707229614,-0.07685503363609314,0.3768043518066406,1.4035249948501587,0.08110825717449188,0.6243788003921509,2.070998191833496,-0.06133437156677246,0.3655455410480499,2.0512101650238037,0.3258257806301117,0.5889760255813599,2.626542091369629,0.6149788498878479,0.3345188498497009,2.607908010482788,1.0023049116134644,0.591006875038147,2.702521562576294,0.6405361890792847,0.3243347704410553,2.6801998615264893,1.05992591381073,0.5371049642562866,2.8022687435150146,-0.01108622644096613,0.35344868898391724,2.7988367080688477,0.3746829926967621,0,0,0,0,0,0,0,0,0,0,0,0,0,0,0,0,0,0,0,0,0,0,0,0,0,0,0,0,0,0,0,0,0,0,0,0,0,0,0,0,0,0,0,0,0,0,0,0,0,0,0,0,0,0,0,0,0,0,0,0,0,0,0,0.35210132598876953,0.6063553690910339,8.554009056638279e-09,0.3790130913257599,0.5573636889457703,0.01618165895342827,0.4143272638320923,0.5283063650131226,0.01458320114761591,0.44362038373947144,0.5228946805000305,0.007771871518343687,0.46706247329711914,0.5283896923065186,0.0003636125475168228,0.42306023836135864,0.495650976896286,-0.00041829427937045693,0.46235838532447815,0.46120885014533997,-0.008743931539356709,0.48739632964134216,0.43985238671302795,-0.012504085898399353,0.5057058334350586,0.42303574085235596,-0.015031732618808746,0.42542847990989685,0.5077518224716187,-0.015803620219230652,0.4842257797718048,0.5259211659431458,-0.024755625054240227,0.47570401430130005,0.5526869893074036,-0.02119535021483898,0.45927199721336365,0.5566359758377075,-0.016942376270890236,0.4269059896469116,0.5331258773803711,-0.0296033825725317,0.47967132925987244,0.5565926432609558,-0.03446673974394798,0.4691472053527832,0.5767592787742615,-0.02306455373764038,0.45423874258995056,0.576668918132782,-0.015051070600748062,0.4266926348209381,0.5640354752540588,-0.042587123811244965,0.47000956535339355,0.5827924013137817,-0.039505377411842346,0.46038568019866943,0.5979529619216919,-0.026664162054657936,0.44588345289230347,0.5976402163505554,-0.017797965556383133,thinking
0.5437156558036804,0.3726913034915924,-0.938860297203064,0.5847259759902954,0.3246445655822754,-0.8757645487785339,0.6032118797302246,0.32856258749961853,-0.8754693269729614,0.6195363998413086,0.3333200216293335,-0.8754404187202454,0.5396934747695923,0.3162935674190521,-0.8567273020744324,0.5274001359939575,0.3131440579891205,-0.8560951352119446,0.5167255401611328,0.310200959444046,-0.8564343452453613,0.6490298509597778,0.3649272918701172,-0.4681410789489746,0.5189630389213562,0.3347637951374054,-0.3631817102432251,0.5728842616081238,0.43443313241004944,-0.7966961860656738,0.5155229568481445,0.42010462284088135,-0.7680476307868958,0.7702323198318481,0.6827653646469116,-0.21397705376148224,0.3870481550693512,0.6354615688323975,-0.2578440010547638,0.8735171556472778,1.0211880207061768,-0.1891927272081375,0.19397276639938354,0.9200078248977661,-0.8733119964599609,0.8954857587814331,1.440355658531189,-0.3382169008255005,0.38218194246292114,0.6218649744987488,-1.7221095561981201,0.9194771647453308,1.5504711866378784,-0.4033627510070801,0.4368399679660797,0.5398995280265808,-1.9095932245254517,0.8716080784797668,1.540872573852539,-0.4245399534702301,0.45708879828453064,0.5212250351905823,-1.8071712255477905,0.8493242263793945,1.5088963508605957,-0.36046868562698364,0.4526618421077728,0.5556204319000244,-1.705540657043457,0.6704604029655457,1.4315897226333618,-0.07691259682178497,0.3779553771018982,1.4034571647644043,0.08117280900478363,0.6251209378242493,2.0709517002105713,-0.04963202401995659,0.36569398641586304,2.0507924556732178,0.3312522768974304,0.5895459055900574,2.626152992248535,0.6170753240585327,0.3349619507789612,2.6072418689727783,1.0196099281311035,0.5917338728904724,2.702037811279297,0.6435545086860657,0.3248719274997711,2.6792192459106445,1.0788238048553467,0.5372285842895508,2.801868200302124,0.0034841694869101048,0.3540574014186859,2.798363208770752,0.3955063223838806,0,0,0,0,0,0,0,0,0,0,0,0,0,0,0,0,0,0,0,0,0,0,0,0,0,0,0,0,0,0,0,0,0,0,0,0,0,0,0,0,0,0,0,0,0,0,0,0,0,0,0,0,0,0,0,0,0,0,0,0,0,0,0,0.35053569078445435,0.6089709997177124,8.13920131292889e-09,0.3775694668292999,0.5586751699447632,0.017795773223042488,0.41178542375564575,0.5290372371673584,0.016779445111751556,0.4398316442966461,0.5242283344268799,0.010458298958837986,0.4626820981502533,0.5298950672149658,0.0033818217925727367,0.42212173342704773,0.4971561133861542,-0.000993036199361086,0.46131205558776855,0.4626660943031311,-0.008640133775770664,0.48595982789993286,0.4414989948272705,-0.011600887402892113,0.5041242241859436,0.42486444115638733,-0.013574246317148209,0.42444586753845215,0.5095169544219971,-0.016787178814411163,0.4842444956302643,0.5260725021362305,-0.024432340636849403,0.476904034614563,0.5534673929214478,-0.019872359931468964,0.4615885615348816,0.5582806468009949,-0.015243410132825375,0.4257333278656006,0.5353962779045105,-0.030691180378198624,0.4793068766593933,0.5574998259544373,-0.034589044749736786,0.46978992223739624,0.5775450468063354,-0.02313312701880932,0.455363392829895,0.5775018930435181,-0.015362357720732689,0.42526817321777344,0.5669431686401367,-0.04350017011165619,0.46946486830711365,0.5841633081436157,-0.03964129090309143,0.4606807231903076,0.5992641448974609,-0.026491593569517136,0.44623875617980957,0.5993180871009827,-0.017587637528777122,thinking
0.5437350869178772,0.37268200516700745,-0.9367384910583496,0.584744393825531,0.3246373236179352,-0.8745651245117188,0.603225827217102,0.32857611775398254,-0.874258816242218,0.6195505857467651,0.3333374261856079,-0.8741974830627441,0.5397113561630249,0.3161510229110718,-0.8543013334274292,0.5274171233177185,0.3129236400127411,-0.8536787033081055,0.516737163066864,0.3098836839199066,-0.8540440797805786,0.6490455269813538,0.3649088144302368,-0.46783310174942017,0.5189304351806641,0.3344205617904663,-0.3606099486351013,0.5729139447212219,0.4343404173851013,-0.7954853177070618,0.5155532360076904,0.4199824333190918,-0.7653406262397766,0.7709881663322449,0.6823950409889221,-0.2146894633769989,0.38682693243026733,0.6354510188102722,-0.25093919038772583,0.8735491633415222,1.0214767456054688,-0.19828996062278748,0.19387532770633698,0.920268714427948,-0.863848865032196,0.8944435119628906,1.4352072477340698,-0.3604181706905365,0.3821834921836853,0.6221755743026733,-1.7095485925674438,0.9156481623649597,1.5435806512832642,-0.4263927936553955,0.43653178215026855,0.5398607850074768,-1.89641535282135,0.8676139116287231,1.532764196395874,-0.44369691610336304,0.457086980342865,0.5212312340736389,-1.7943642139434814,0.8464977145195007,1.5017640590667725,-0.3808545470237732,0.45283183455467224,0.555676281452179,-1.6926584243774414,0.6717557311058044,1.4314398765563965,-0.07689426839351654,0.3786830008029938,1.4032500982284546,0.08115236461162567,0.6258363723754883,2.070687770843506,-0.04036816954612732,0.3658090829849243,2.050178050994873,0.335720032453537,0.5902316570281982,2.6253066062927246,0.6238183975219727,0.335317462682724,2.606358289718628,1.028293251991272,0.592507004737854,2.701117992401123,0.651116132736206,0.32525771856307983,2.6780898571014404,1.088043451309204,0.5374255180358887,2.8009448051452637,0.015230719931423664,0.3544543385505676,2.797625780105591,0.4076089859008789,0,0,0,0,0,0,0,0,0,0,0,0,0,0,0,0,0,0,0,0,0,0,0,0,0,0,0,0,0,0,0,0,0,0,0,0,0,0,0,0,0,0,0,0,0,0,0,0,0,0,0,0,0,0,0,0,0,0,0,0,0,0,0,0.3513542711734772,0.6082618236541748,1.403579030778701e-08,0.37884023785591125,0.5590507984161377,0.017175598070025444,0.4126603901386261,0.5291568040847778,0.016031088307499886,0.4403584897518158,0.5231629610061646,0.00965165812522173,0.46290239691734314,0.5278083682060242,0.0025895859580487013,0.42238596081733704,0.4966341555118561,-0.0012726272689178586,0.4614802598953247,0.4625280201435089,-0.008755090646445751,0.48605597019195557,0.44179725646972656,-0.011472984217107296,0.5040964484214783,0.42544659972190857,-0.013248033821582794,0.42436790466308594,0.508569598197937,-0.016722379252314568,0.48383647203445435,0.5261312127113342,-0.024488728493452072,0.47629913687705994,0.5536354780197144,-0.02009691670536995,0.4611569344997406,0.5586603283882141,-0.015479713678359985,0.4256504476070404,0.5342249274253845,-0.030308455228805542,0.4789786636829376,0.5573282241821289,-0.034610770642757416,0.46902939677238464,0.5778487920761108,-0.023440856486558914,0.4545254111289978,0.5784167647361755,-0.015689104795455933,0.4254966676235199,0.5653218030929565,-0.04285454750061035,0.4692338705062866,0.5847115516662598,-0.03968701511621475,0.4606030583381653,0.6002004742622375,-0.02713044360280037,0.4466160833835602,0.6003792881965637,-0.018431061878800392,thinking
0.5437663793563843,0.3725869953632355,-0.9294223785400391,0.5847662687301636,0.32450002431869507,-0.8687139749526978,0.6032443642616272,0.3284962475299835,-0.8684037923812866,0.6195655465126038,0.3332981765270233,-0.8683117032051086,0.5397329926490784,0.31577032804489136,-0.8473610877990723,0.5274377465248108,0.3124372661113739,-0.8467499017715454,0.5167502760887146,0.30929073691368103,-0.847131609916687,0.6490679383277893,0.36486196517944336,-0.4663389325141907,0.5188988447189331,0.3338439166545868,-0.3549458384513855,0.572938859462738,0.43414899706840515,-0.7896032929420471,0.5155825614929199,0.4197252690792084,-0.7579249143600464,0.7714912295341492,0.6817443370819092,-0.21446721255779266,0.38647282123565674,0.6353763341903687,-0.24613194167613983,0.8735793828964233,1.0216833353042603,-0.20033375918865204,0.193553626537323,0.9203876852989197,-0.8589342832565308,0.8928734064102173,1.4313228130340576,-0.3630748689174652,0.3821249306201935,0.6223494410514832,-1.7016077041625977,0.9117110371589661,1.538663387298584,-0.4285695552825928,0.4362752437591553,0.5398494005203247,-1.8878650665283203,0.8637534976005554,1.527227759361267,-0.44482421875,0.4570869505405426,0.5212317109107971,-1.7863454818725586,0.8435031771659851,1.496720790863037,-0.38303089141845703,0.4529286324977875,0.555695652961731,-1.6847431659698486,0.6726412177085876,1.4310611486434937,-0.07673351466655731,0.379063218832016,1.4027855396270752,0.08099153637886047,0.6263145208358765,2.0701611042022705,-0.03413516655564308,0.36590591073036194,2.0493855476379395,0.3386474847793579,0.5906351804733276,2.6242964267730713,0.6304198503494263,0.3355872333049774,2.605431318283081,1.031726598739624,0.5929457545280457,2.700044870376587,0.6582935452461243,0.32557299733161926,2.6769819259643555,1.091468095779419,0.537584662437439,2.7999699115753174,0.02464032545685768,0.35478895902633667,2.7968809604644775,0.4134495258331299,0,0,0,0,0,0,0,0,0,0,0,0,0,0,0,0,0,0,0,0,0,0,0,0,0,0,0,0,0,0,0,0,0,0,0,0,0,0,0,0,0,0,0,0,0,0,0,0,0,0,0,0,0,0,0,0,0,0,0,0,0,0,0,0.3512028157711029,0.6073060035705566,1.4659498503988289e-08,0.37850984930992126,0.5576236248016357,0.01717798225581646,0.4128037095069885,0.5276562571525574,0.015975750982761383,0.4406376779079437,0.5219828486442566,0.009632821194827557,0.46327468752861023,0.5268761515617371,0.002662979532033205,0.4226144552230835,0.4961684048175812,-0.0017900055972859263,0.4616423547267914,0.46178874373435974,-0.009403599426150322,0.48625844717025757,0.4411033093929291,-0.012087439186871052,0.5044519305229187,0.42500945925712585,-0.013770753517746925,0.42455849051475525,0.5084618330001831,-0.01719069480895996,0.4844498634338379,0.5266960859298706,-0.025057170540094376,0.4765687584877014,0.5539194345474243,-0.02035710960626602,0.4610861837863922,0.5584920048713684,-0.015476634725928307,0.4258236289024353,0.5343794226646423,-0.030722003430128098,0.4791904389858246,0.5583126544952393,-0.034843236207962036,0.4690442383289337,0.5781294703483582,-0.023415394127368927,0.454430490732193,0.5778515934944153,-0.015532098710536957,0.42565351724624634,0.5656431913375854,-0.043216221034526825,0.46928757429122925,0.5849630236625671,-0.039499811828136444,0.46025967597961426,0.5998614430427551,-0.02658725529909134,0.44600000977516174,0.5993519425392151,-0.017744237557053566,thinking
0.5436330437660217,0.37258800864219666,-0.8997214436531067,0.5847063660621643,0.3245099186897278,-0.8425825238227844,0.6031943559646606,0.3285371959209442,-0.8423269391059875,0.6195390224456787,0.33337655663490295,-0.8422874212265015,0.5396382212638855,0.3156048357486725,-0.822135329246521,0.5273365378379822,0.31214621663093567,-0.8215476274490356,0.5166845917701721,0.3089074492454529,-0.8219097852706909,0.6489863395690918,0.36488404870033264,-0.45003971457481384,0.51872718334198,0.33308902382850647,-0.33792200684547424,0.5728490352630615,0.43399932980537415,-0.7616493701934814,0.5154460668563843,0.41942933201789856,-0.7298858165740967,0.7706960439682007,0.682429850101471,-0.2111046016216278,0.38415244221687317,0.6338205337524414,-0.24619123339653015,0.8711816072463989,1.022823452949524,-0.20122690498828888,0.19276770949363708,0.920448362827301,-0.8732894659042358,0.8780915141105652,1.431028127670288,-0.3606240153312683,0.38239625096321106,0.6236153841018677,-1.731972336769104,0.8942488431930542,1.5391207933425903,-0.4276946187019348,0.436300665140152,0.5416924953460693,-1.9185272455215454,0.846397876739502,1.5277626514434814,-0.4435123801231384,0.4571349620819092,0.5225715041160583,-1.8270223140716553,0.8272467851638794,1.4966298341751099,-0.38089248538017273,0.453041136264801,0.5567352771759033,-1.7178068161010742,0.6691254377365112,1.4310050010681152,-0.07564149796962738,0.37512272596359253,1.4023487567901611,0.07981966435909271,0.6246194243431091,2.0689077377319336,-0.02708594501018524,0.3643578886985779,2.048313617706299,0.36315709352493286,0.5890059471130371,2.622433662414551,0.6386877298355103,0.33456405997276306,2.603835105895996,1.0791665315628052,0.5906586050987244,2.697657585144043,0.6671969294548035,0.3244810700416565,2.6751744747161865,1.1425979137420654,0.5373252630233765,2.7991273403167725,0.038779355585575104,0.3537406325340271,2.7957918643951416,0.47236984968185425,0,0,0,0,0,0,0,0,0,0,0,0,0,0,0,0,0,0,0,0,0,0,0,0,0,0,0,0,0,0,0,0,0,0,0,0,0,0,0,0,0,0,0,0,0,0,0,0,0,0,0,0,0,0,0,0,0,0,0,0,0,0,0,0.3508910536766052,0.6083833575248718,1.2965907458806214e-08,0.37663033604621887,0.5581459403038025,0.01664549671113491,0.41071760654449463,0.5286090970039368,0.01497372891753912,0.4392242729663849,0.5247821807861328,0.008093318901956081,0.46210959553718567,0.5316450595855713,0.0005534845986403525,0.4216378629207611,0.49586501717567444,-0.0011225059861317277,0.46100640296936035,0.461410790681839,-0.00879659317433834,0.4859445095062256,0.44045817852020264,-0.011894161812961102,0.5043424963951111,0.42415639758110046,-0.014039942994713783,0.4242619276046753,0.5083559155464172,-0.016551313921809196,0.483756959438324,0.5259444713592529,-0.024661611765623093,0.47424978017807007,0.552129864692688,-0.02004293166100979,0.4574732482433319,0.5559184551239014,-0.015234620310366154,0.4257737398147583,0.5341229438781738,-0.030259687453508377,0.47867682576179504,0.5572389364242554,-0.03393128141760826,0.4671128988265991,0.5757274627685547,-0.021987566724419594,0.45168542861938477,0.5746297836303711,-0.014015857130289078,0.42546021938323975,0.5654688477516174,-0.04313483461737633,0.4681462347507477,0.5842518210411072,-0.03913217782974243,0.457996129989624,0.5977535843849182,-0.026022758334875107,0.4431746304035187,0.5962899327278137,-0.01718628965318203,thinking
0.5434199571609497,0.37260210514068604,-0.878140926361084,0.5845640897750854,0.3245282471179962,-0.8231051564216614,0.6030576825141907,0.32858142256736755,-0.8228661417961121,0.619452714920044,0.33343902230262756,-0.822846531867981,0.5394383668899536,0.31555941700935364,-0.8009169697761536,0.5271363854408264,0.3120438754558563,-0.8003458976745605,0.5165339708328247,0.3087696135044098,-0.8006985783576965,0.6489143371582031,0.36490440368652344,-0.44146427512168884,0.5185673832893372,0.332748681306839,-0.3197607696056366,0.572766125202179,0.4339604377746582,-0.74383544921875,0.5153086185455322,0.4193152189254761,-0.7092781066894531,0.7704642415046692,0.6840770840644836,-0.21147644519805908,0.38310664892196655,0.6331523060798645,-0.24267201125621796,0.8702112436294556,1.0247896909713745,-0.2064017951488495,0.19130776822566986,0.9205800890922546,-0.8764742016792297,0.8762219548225403,1.4330114126205444,-0.35928136110305786,0.3824233412742615,0.6238847374916077,-1.7326990365982056,0.8930280804634094,1.5427708625793457,-0.42637062072753906,0.43628787994384766,0.5420850515365601,-1.9187037944793701,0.8449042439460754,1.5310026407241821,-0.4420807957649231,0.4571368098258972,0.5228869915008545,-1.82572340965271,0.8253464698791504,1.4989992380142212,-0.3794885575771332,0.4530652165412903,0.5569606423377991,-1.7182443141937256,0.6677950620651245,1.4316340684890747,-0.07561210542917252,0.37354257702827454,1.4024487733840942,0.07977215200662613,0.6234716176986694,2.0688998699188232,-0.017119329422712326,0.3630795180797577,2.0483171939849854,0.39650553464889526,0.5882163047790527,2.6220970153808594,0.657820463180542,0.3337603211402893,2.60365629196167,1.1314356327056885,0.5897091627120972,2.697185516357422,0.688058614730835,0.3236871361732483,2.6748859882354736,1.1973073482513428,0.5371885299682617,2.799015998840332,0.0644439160823822,0.35308292508125305,2.7957983016967773,0.5342226028442383,0,0,0,0,0,0,0,0,0,0,0,0,0,0,0,0,0,0,0,0,0,0,0,0,0,0,0,0,0,0,0,0,0,0,0,0,0,0,0,0,0,0,0,0,0,0,0,0,0,0,0,0,0,0,0,0,0,0,0,0,0,0,0,0.3513285517692566,0.6073861122131348,1.1311495740073951e-08,0.3779985010623932,0.5587932467460632,0.016792498528957367,0.41165995597839355,0.5298866033554077,0.01505292672663927,0.4397614002227783,0.5265716314315796,0.008112994953989983,0.46231091022491455,0.534083366394043,0.000529629469383508,0.4224430024623871,0.4956652522087097,-0.0019408544758334756,0.4614715278148651,0.46106693148612976,-0.009697950445115566,0.4861713945865631,0.44058823585510254,-0.012691016308963299,0.5044398307800293,0.42442041635513306,-0.014735555276274681,0.42418304085731506,0.50839763879776,-0.017512738704681396,0.48380887508392334,0.5261847376823425,-0.02608780935406685,0.47446635365486145,0.5523108243942261,-0.021564608439803123,0.4577680826187134,0.555813193321228,-0.016789330169558525,0.425160676240921,0.5345083475112915,-0.0312630832195282,0.4785565733909607,0.5573726892471313,-0.03556639701128006,0.4672750234603882,0.5758840441703796,-0.023779911920428276,0.45189106464385986,0.5745945572853088,-0.015754560008645058,0.42471304535865784,0.566175103187561,-0.0440700389444828,0.46808087825775146,0.5841003060340881,-0.04024244099855423,0.4581837058067322,0.5975624322891235,-0.02697676047682762,0.44335341453552246,0.5961788296699524,-0.018026825040578842,thinking
0.543444812297821,0.37279558181762695,-0.8783591985702515,0.5846006274223328,0.32551485300064087,-0.8245889544487,0.6031486988067627,0.32939612865448,-0.8243241310119629,0.619493842124939,0.3339325487613678,-0.8242613673210144,0.5394198894500732,0.3166225254535675,-0.8034318685531616,0.5270932912826538,0.3130370080471039,-0.80287104845047,0.5164440274238586,0.30968353152275085,-0.8031760454177856,0.6489163637161255,0.3649178445339203,-0.4457332491874695,0.5182617902755737,0.3328569531440735,-0.32934340834617615,0.5727633833885193,0.4340069890022278,-0.7447978258132935,0.5153217911720276,0.4195811152458191,-0.7117167711257935,0.768984854221344,0.6836754679679871,-0.2115527093410492,0.384406715631485,0.6302005052566528,-0.2563064694404602,0.8665026426315308,1.0224686861038208,-0.18066969513893127,0.19197611510753632,0.9208285808563232,-0.8797942996025085,0.8755196332931519,1.4334579706192017,-0.28633344173431396,0.3820835053920746,0.6218410134315491,-1.7304213047027588,0.8942478895187378,1.542850136756897,-0.34242627024650574,0.4355538487434387,0.5412917733192444,-1.9166181087493896,0.8457501530647278,1.5324480533599854,-0.36960870027542114,0.4555409848690033,0.51921546459198,-1.824214220046997,0.826257050037384,1.500446081161499,-0.31163692474365234,0.45141854882240295,0.5529200434684753,-1.7178294658660889,0.6677874326705933,1.4273244142532349,-0.07350032031536102,0.37467390298843384,1.3999024629592896,0.07766053825616837,0.623506486415863,2.0644845962524414,-0.01537137757986784,0.3657149374485016,2.046934127807617,0.3561640977859497,0.5892609357833862,2.6197330951690674,0.6554640531539917,0.34108203649520874,2.6033949851989746,1.0350801944732666,0.5910767316818237,2.6950466632843018,0.6850651502609253,0.3322027325630188,2.674636125564575,1.0941658020019531,0.5391629934310913,2.795459032058716,0.06220502778887749,0.36090323328971863,2.795093297958374,0.42608770728111267,0,0,0,0,0,0,0,0,0,0,0,0,0,0,0,0,0,0,0,0,0,0,0,0,0,0,0,0,0,0,0,0,0,0,0,0,0,0,0,0,0,0,0,0,0,0,0,0,0,0,0,0,0,0,0,0,0,0,0,0,0,0,0,0.35330262780189514,0.6055982708930969,1.0772696512617586e-08,0.38022661209106445,0.5549861192703247,0.01634174771606922,0.41464075446128845,0.5235535502433777,0.01543243508785963,0.44285738468170166,0.5174214839935303,0.009263160638511181,0.4653409421443939,0.5231807827949524,0.0024418567772954702,0.4236340820789337,0.49327021837234497,0.0004071278963238001,0.46142247319221497,0.4581374228000641,-0.007355234585702419,0.4851745367050171,0.4367203116416931,-0.010830288752913475,0.5032397508621216,0.41935306787490845,-0.013236216269433498,0.4262215495109558,0.5061397552490234,-0.015030712820589542,0.4857556223869324,0.5226833820343018,-0.02378677763044834,0.47629091143608093,0.5484700202941895,-0.020153464749455452,0.4593423008918762,0.5522512793540955,-0.01575087010860443,0.427822470664978,0.5316458940505981,-0.02889944054186344,0.4805746376514435,0.5549074411392212,-0.03389247506856918,0.4691782295703888,0.5732485055923462,-0.02320171892642975,0.4538194537162781,0.5720049142837524,-0.015549383126199245,0.4280959963798523,0.562130868434906,-0.04190036654472351,0.4720709025859833,0.581078827381134,-0.03913533687591553,0.4621194005012512,0.5953143835067749,-0.026844540610909462,0.44697538018226624,0.5942956805229187,-0.01831013709306717,thinking
0.5434249043464661,0.3726244270801544,-0.8928458094596863,0.5844548344612122,0.32550516724586487,-0.8364163637161255,0.6030032634735107,0.32940399646759033,-0.8361725807189941,0.6194040775299072,0.33394622802734375,-0.8361603617668152,0.5393655300140381,0.3165814280509949,-0.8139902353286743,0.52706378698349,0.31300219893455505,-0.8133825063705444,0.5164194703102112,0.3096683919429779,-0.8136776089668274,0.6488105058670044,0.36485710740089417,-0.45223361253738403,0.5182204842567444,0.3329368531703949,-0.3306848704814911,0.5727197527885437,0.4339044392108917,-0.7581512928009033,0.5153222680091858,0.41953787207603455,-0.723011314868927,0.7689849138259888,0.6834806203842163,-0.21560077369213104,0.384766548871994,0.6306446194648743,-0.25638362765312195,0.8678019642829895,1.0224642753601074,-0.18925201892852783,0.19246745109558105,0.9216657876968384,-0.8820477724075317,0.8909827470779419,1.434203028678894,-0.31308165192604065,0.3821038603782654,0.6214602589607239,-1.730309247970581,0.9156985282897949,1.5431395769119263,-0.3740662634372711,0.43521612882614136,0.5401705503463745,-1.9173457622528076,0.8672634363174438,1.5335255861282349,-0.4042348265647888,0.4551812708377838,0.5185738801956177,-1.8239405155181885,0.8445976972579956,1.5019268989562988,-0.3401363790035248,0.4512448310852051,0.5526890158653259,-1.7175452709197998,0.6697474718093872,1.4272722005844116,-0.07497650384902954,0.37712615728378296,1.3999449014663696,0.07919517904520035,0.6266053915023804,2.064462900161743,-0.03513264283537865,0.36765366792678833,2.046970844268799,0.373150110244751,0.5953878164291382,2.6197004318237305,0.6227952837944031,0.34468984603881836,2.6033952236175537,1.0870964527130127,0.5983689427375793,2.69504714012146,0.6498969197273254,0.33610671758651733,2.6746201515197754,1.149958848953247,0.5442692041397095,2.795163154602051,0.01177138276398182,0.3658123314380646,2.7950971126556396,0.47593626379966736,0,0,0,0,0,0,0,0,0,0,0,0,0,0,0,0,0,0,0,0,0,0,0,0,0,0,0,0,0,0,0,0,0,0,0,0,0,0,0,0,0,0,0,0,0,0,0,0,0,0,0,0,0,0,0,0,0,0,0,0,0,0,0,0.3584707975387573,0.6052218675613403,7.822992920125671e-09,0.3837127387523651,0.554017961025238,0.017417114228010178,0.4166907072067261,0.5222916007041931,0.016566304489970207,0.44436219334602356,0.5148385763168335,0.01039894763380289,0.46665653586387634,0.5188437700271606,0.0035503434482961893,0.4275285601615906,0.4909805357456207,2.7057538318331353e-05,0.46443307399749756,0.455917626619339,-0.0072052073664963245,0.4879266917705536,0.434710294008255,-0.010441665537655354,0.5053880214691162,0.4174351990222931,-0.012702452018857002,0.4305834472179413,0.503881573677063,-0.015609277412295341,0.4889984726905823,0.5208545923233032,-0.023031027987599373,0.4812510013580322,0.5471310019493103,-0.019003363326191902,0.46520087122917175,0.5513108968734741,-0.014811915345489979,0.43257755041122437,0.5302727818489075,-0.029453063383698463,0.4847913682460785,0.5526043176651001,-0.033733390271663666,0.4744465947151184,0.5716454386711121,-0.02309591695666313,0.4591906666755676,0.5709853768348694,-0.015805283561348915,0.43354007601737976,0.5618656873703003,-0.04225831851363182,0.47794705629348755,0.5810063481330872,-0.0395304374396801,0.4683280885219574,0.5959189534187317,-0.027411293238401413,0.45287561416625977,0.5955287218093872,-0.01902606151998043,thinking
0.5434115529060364,0.3725264370441437,-0.9109610319137573,0.5843778848648071,0.3255082666873932,-0.8526718020439148,0.6029355525970459,0.32941630482673645,-0.8524547815322876,0.6193660497665405,0.3339610993862152,-0.8524688482284546,0.5393186807632446,0.31656885147094727,-0.8295672535896301,0.5270251035690308,0.3129919469356537,-0.8289468884468079,0.5163815021514893,0.3096652328968048,-0.8292397260665894,0.6487232446670532,0.3648226857185364,-0.461752325296402,0.5181227922439575,0.33301886916160583,-0.33542895317077637,0.572677493095398,0.4338628947734833,-0.7739566564559937,0.5153118371963501,0.41952380537986755,-0.737766444683075,0.768997311592102,0.6833522319793701,-0.22110486030578613,0.38484424352645874,0.6310886144638062,-0.2575069069862366,0.8694249391555786,1.0223087072372437,-0.19485117495059967,0.19271476566791534,0.9222460985183716,-0.8911665081977844,0.9012261629104614,1.4342453479766846,-0.3237631320953369,0.3821048438549042,0.620979368686676,-1.7486625909805298,0.9282625913619995,1.5433213710784912,-0.3862214684486389,0.43491125106811523,0.5390947461128235,-1.9386065006256104,0.8799837827682495,1.5337096452713013,-0.41640710830688477,0.45487603545188904,0.5178626775741577,-1.8435866832733154,0.8559200167655945,1.5023823976516724,-0.3507581055164337,0.4510692059993744,0.5523483753204346,-1.7360645532608032,0.6719185709953308,1.427294373512268,-0.07683204859495163,0.3794723451137543,1.4005593061447144,0.08107822388410568,0.6305137872695923,2.0644614696502686,-0.03639950603246689,0.37058553099632263,2.0473005771636963,0.40948420763015747,0.6025003790855408,2.619528293609619,0.6239773631095886,0.35041001439094543,2.6033995151519775,1.1668682098388672,0.6059545278549194,2.694962501525879,0.6514425277709961,0.34231579303741455,2.674609899520874,1.234214186668396,0.5518245697021484,2.79465389251709,0.012439525686204433,0.3731522560119629,2.795104503631592,0.558505654335022,0,0,0,0,0,0,0,0,0,0,0,0,0,0,0,0,0,0,0,0,0,0,0,0,0,0,0,0,0,0,0,0,0,0,0,0,0,0,0,0,0,0,0,0,0,0,0,0,0,0,0,0,0,0,0,0,0,0,0,0,0,0,0,0.35660281777381897,0.6050112247467041,-4.968419009543368e-09,0.3821119964122772,0.5550546646118164,0.017085008323192596,0.41614681482315063,0.5238618850708008,0.01621459797024727,0.44419997930526733,0.5180878043174744,0.009954461827874184,0.46719256043434143,0.5229975581169128,0.002946286927908659,0.42708879709243774,0.49218282103538513,0.0008477196097373962,0.46460023522377014,0.45652318000793457,-0.006027135066688061,0.4878906309604645,0.43393129110336304,-0.008860443718731403,0.5047957897186279,0.41608473658561707,-0.011006842367351055,0.430448979139328,0.5042410492897034,-0.01480117253959179,0.48948153853416443,0.521751880645752,-0.02227565087378025,0.4806915521621704,0.5478744506835938,-0.01825166679918766,0.4640747904777527,0.5510165095329285,-0.014057456515729427,0.43288344144821167,0.5299949645996094,-0.028743227943778038,0.4860479533672333,0.5535683035850525,-0.032383210957050323,0.47447413206100464,0.572258710861206,-0.02127351425588131,0.45872482657432556,0.5701847672462463,-0.01401622872799635,0.4333633780479431,0.5616481900215149,-0.04181413725018501,0.4769343137741089,0.581321120262146,-0.03844008594751358,0.4657524526119232,0.595413863658905,-0.02603049948811531,0.44948717951774597,0.5931991934776306,-0.01769128628075123,thinking
0.5433914661407471,0.3723999559879303,-0.9107639193534851,0.5843125581741333,0.32548341155052185,-0.852602481842041,0.6028763055801392,0.32940924167633057,-0.8523826599121094,0.6193372011184692,0.3339618146419525,-0.8523988723754883,0.5392712354660034,0.3165116608142853,-0.8294480443000793,0.5269758105278015,0.3129340708255768,-0.8288286328315735,0.5163376331329346,0.3096308410167694,-0.8291228413581848,0.6486655473709106,0.3647571802139282,-0.46245354413986206,0.5179976224899292,0.33304646611213684,-0.3353545069694519,0.5726367831230164,0.43379709124565125,-0.7740828990936279,0.5152889490127563,0.4194950759410858,-0.7377394437789917,0.7690637111663818,0.6832025647163391,-0.2232997715473175,0.38485583662986755,0.6313038468360901,-0.2574555277824402,0.8706156015396118,1.0223151445388794,-0.20592650771141052,0.19301959872245789,0.9231545329093933,-0.8913809061050415,0.9062492251396179,1.434327244758606,-0.34572532773017883,0.38208144903182983,0.6206875443458557,-1.7471504211425781,0.9341447949409485,1.5434528589248657,-0.41059979796409607,0.4345248341560364,0.5382387042045593,-1.9368187189102173,0.885608971118927,1.5338351726531982,-0.4375266134738922,0.4545268416404724,0.5173136591911316,-1.8413903713226318,0.8611036539077759,1.5025513172149658,-0.37143197655677795,0.4508460462093353,0.5521191954612732,-1.7343788146972656,0.6729732751846313,1.4274283647537231,-0.07807357609272003,0.3805052638053894,1.4010703563690186,0.08235428482294083,0.6318310499191284,2.064573287963867,-0.04102149233222008,0.37116554379463196,2.0476810932159424,0.41857290267944336,0.6044242978096008,2.6195554733276367,0.6182923316955566,0.3509487509727478,2.603461265563965,1.1719568967819214,0.6080881953239441,2.6950533390045166,0.6455338001251221,0.3427714705467224,2.6746230125427246,1.2385599613189697,0.5533899068832397,2.79463529586792,0.0041342731565237045,0.37399375438690186,2.7953898906707764,0.5658083558082581,0,0,0,0,0,0,0,0,0,0,0,0,0,0,0,0,0,0,0,0,0,0,0,0,0,0,0,0,0,0,0,0,0,0,0,0,0,0,0,0,0,0,0,0,0,0,0,0,0,0,0,0,0,0,0,0,0,0,0,0,0,0,0,0.3574894368648529,0.6063773036003113,7.707647298182962e-10,0.3829486668109894,0.5563547611236572,0.01751904934644699,0.4163491129875183,0.5246604084968567,0.016786711290478706,0.44405069947242737,0.5173466801643372,0.010583567433059216,0.46655744314193726,0.5211948156356812,0.0036477847024798393,0.4261171519756317,0.49253571033477783,0.0005718711763620377,0.4641280174255371,0.4563651978969574,-0.006650473922491074,0.48809608817100525,0.434073805809021,-0.009389967657625675,0.5055980682373047,0.41661927103996277,-0.011272610165178776,0.42955684661865234,0.5043464303016663,-0.015206311829388142,0.4891515374183655,0.5200759172439575,-0.022985702380537987,0.48062998056411743,0.5467244982719421,-0.018618403002619743,0.46418216824531555,0.5508394241333008,-0.013922094367444515,0.43230000138282776,0.5297452807426453,-0.02925085835158825,0.4856375455856323,0.5528249144554138,-0.03330052271485329,0.4741821587085724,0.5718470215797424,-0.02208748459815979,0.45851385593414307,0.5704728960990906,-0.014439191669225693,0.433400958776474,0.5610169768333435,-0.04233815521001816,0.47750329971313477,0.5808495879173279,-0.039176229387521744,0.46689826250076294,0.5953390598297119,-0.026760386303067207,0.4510236084461212,0.5937800407409668,-0.018228424713015556,thinking
0.5434256792068481,0.3724553883075714,-0.8448731303215027,0.5843212008476257,0.32585063576698303,-0.7916963696479797,0.6028880476951599,0.32978555560112,-0.7915646433830261,0.6193422079086304,0.3342442810535431,-0.7915957570075989,0.5393065810203552,0.3167968690395355,-0.767507016658783,0.5270278453826904,0.3132222890853882,-0.7669302225112915,0.5163614153862,0.30992448329925537,-0.7672547101974487,0.6486636996269226,0.3648306131362915,-0.42878207564353943,0.5180519819259644,0.3334517478942871,-0.29492872953414917,0.5726407766342163,0.4339766204357147,-0.717503011226654,0.5153307914733887,0.41957855224609375,-0.6801568269729614,0.7690610885620117,0.6831826567649841,-0.22016926109790802,0.38486286997795105,0.6319024562835693,-0.22849754989147186,0.8722853660583496,1.023126482963562,-0.21042616665363312,0.19304633140563965,0.9231565594673157,-0.8596183061599731,0.9051671028137207,1.4343971014022827,-0.33865779638290405,0.3826862871646881,0.6206024885177612,-1.6808640956878662,0.9322169423103333,1.5435081720352173,-0.4022901952266693,0.43500956892967224,0.5381850004196167,-1.8627045154571533,0.8838513493537903,1.534067153930664,-0.4233728349208832,0.45506882667541504,0.5174411535263062,-1.7617260217666626,0.8596700429916382,1.5027278661727905,-0.361702561378479,0.4514637887477875,0.5522554516792297,-1.6649150848388672,0.6735634207725525,1.4279818534851074,-0.07864059507846832,0.38095396757125854,1.4015527963638306,0.08290935307741165,0.633971095085144,2.0661091804504395,-0.055005401372909546,0.374459832906723,2.0487277507781982,0.40896597504615784,0.6075561046600342,2.621800422668457,0.5793840289115906,0.357699990272522,2.604428291320801,1.101048469543457,0.6111748814582825,2.6974172592163086,0.6051459908485413,0.349626362323761,2.675251007080078,1.1626489162445068,0.55704665184021,2.797288656234741,-0.01678667590022087,0.38114792108535767,2.797590732574463,0.520654559135437,0,0,0,0,0,0,0,0,0,0,0,0,0,0,0,0,0,0,0,0,0,0,0,0,0,0,0,0,0,0,0,0,0,0,0,0,0,0,0,0,0,0,0,0,0,0,0,0,0,0,0,0,0,0,0,0,0,0,0,0,0,0,0,0.3582932651042938,0.6041739583015442,3.995788588895266e-09,0.38393741846084595,0.5536847114562988,0.017789103090763092,0.41782283782958984,0.5226184725761414,0.017404800280928612,0.4456157386302948,0.5161007642745972,0.011424263007938862,0.46845531463623047,0.5212441682815552,0.004613571334630251,0.4280330240726471,0.4913662374019623,0.002179113682359457,0.46554234623908997,0.45639172196388245,-0.0048752338625490665,0.4894120395183563,0.43505430221557617,-0.007851122878491879,0.5070843696594238,0.4179335832595825,-0.009966551326215267,0.43140092492103577,0.503389835357666,-0.013770918361842632,0.49049365520477295,0.5188499093055725,-0.021440932527184486,0.48195308446884155,0.5450074076652527,-0.01752510666847229,0.46544113755226135,0.5486668944358826,-0.01316495519131422,0.43376001715660095,0.5291115641593933,-0.028050292283296585,0.4865628480911255,0.5515903234481812,-0.032136060297489166,0.47526052594184875,0.5702118277549744,-0.021337304264307022,0.45968425273895264,0.5682069659233093,-0.01393856480717659,0.4342368245124817,0.5604519844055176,-0.041349150240421295,0.4776555597782135,0.5795795321464539,-0.038047149777412415,0.4670443832874298,0.5937389135360718,-0.025683874264359474,0.45115748047828674,0.5917083621025085,-0.017251404002308846,thinking
0.543455958366394,0.372477263212204,-0.827203631401062,0.5843285322189331,0.326073557138443,-0.774878740310669,0.6028976440429688,0.33001822233200073,-0.7747474908828735,0.6193467378616333,0.3344205617904663,-0.7747835516929626,0.539338231086731,0.3169693946838379,-0.7505249977111816,0.5270752310752869,0.3134027421474457,-0.7499550580978394,0.5163852572441101,0.3101159334182739,-0.7502816915512085,0.6486625671386719,0.36487510800361633,-0.41705521941185,0.5181010961532593,0.33375391364097595,-0.2819313406944275,0.5726473927497864,0.4340914785861969,-0.7012729048728943,0.51537024974823,0.4196319580078125,-0.6637995839118958,0.7690627574920654,0.6831694841384888,-0.21782740950584412,0.38486945629119873,0.6325194239616394,-0.21727828681468964,0.8737131953239441,1.0237737894058228,-0.21261493861675262,0.19306780397891998,0.9231633543968201,-0.8467426300048828,0.9046154022216797,1.4344621896743774,-0.33456626534461975,0.3831616938114166,0.6205394268035889,-1.6613861322402954,0.931084930896759,1.5435694456100464,-0.3976353406906128,0.4354088306427002,0.538112223148346,-1.8421484231948853,0.882595419883728,1.5342392921447754,-0.4166087508201599,0.4555150866508484,0.5175331830978394,-1.7407852411270142,0.8587168455123901,1.5028690099716187,-0.35651853680610657,0.4519597887992859,0.552378237247467,-1.6450878381729126,0.6739485263824463,1.428656816482544,-0.07891523838043213,0.38126495480537415,1.4020441770553589,0.08317553997039795,0.635210394859314,2.0676660537719727,-0.06115858629345894,0.3763382136821747,2.049708604812622,0.39391013979911804,0.6090036034584045,2.6239514350891113,0.5671149492263794,0.3604581654071808,2.605435609817505,1.0632927417755127,0.6125818490982056,2.699673652648926,0.5925880670547485,0.3522624373435974,2.6759955883026123,1.1232291460037231,0.5586469769477844,2.799609661102295,-0.02454693429172039,0.3839709758758545,2.7994461059570312,0.48259639739990234,0,0,0,0,0,0,0,0,0,0,0,0,0,0,0,0,0,0,0,0,0,0,0,0,0,0,0,0,0,0,0,0,0,0,0,0,0,0,0,0,0,0,0,0,0,0,0,0,0,0,0,0,0,0,0,0,0,0,0,0,0,0,0,0.3585318624973297,0.604428231716156,-2.931564324626379e-09,0.3843221366405487,0.5544880628585815,0.017556671053171158,0.4180302917957306,0.5236411690711975,0.01704748533666134,0.44584670662879944,0.5169088244438171,0.011078755371272564,0.4688539206981659,0.5214743614196777,0.004348805174231529,0.4279973804950714,0.4916885793209076,0.001347554032690823,0.4656962752342224,0.4564180374145508,-0.006250878795981407,0.48945146799087524,0.43419349193573,-0.00975114107131958,0.5069388747215271,0.41616183519363403,-0.01224958524107933,0.43136662244796753,0.5037993788719177,-0.014458668418228626,0.49049100279808044,0.5194897651672363,-0.022228173911571503,0.4820188879966736,0.5457269549369812,-0.01828312687575817,0.4654591381549835,0.5492814183235168,-0.014052269048988819,0.4337739646434784,0.5293901562690735,-0.028611328452825546,0.4868989586830139,0.5518807768821716,-0.03264561668038368,0.4755973219871521,0.5705147981643677,-0.021562550216913223,0.4599722623825073,0.5685518980026245,-0.014115026220679283,0.43437662720680237,0.5606868267059326,-0.04182220995426178,0.47788578271865845,0.579626739025116,-0.03860229626297951,0.4670359194278717,0.5935510396957397,-0.026156475767493248,0.4509807825088501,0.5912047028541565,-0.017721422016620636,thinking
0.5439108610153198,0.37262341380119324,-0.8605008125305176,0.584985613822937,0.3267354667186737,-0.8080232739448547,0.6036258935928345,0.33085304498672485,-0.8078006505966187,0.6199309229850769,0.3352545499801636,-0.8076972961425781,0.5397984385490417,0.31713274121284485,-0.785391092300415,0.5275434851646423,0.3135029971599579,-0.7847927808761597,0.5167179703712463,0.310148686170578,-0.7850982546806335,0.6491568088531494,0.36552801728248596,-0.435857355594635,0.5184735655784607,0.33375731110572815,-0.31034156680107117,0.5730408430099487,0.43466466665267944,-0.7278180122375488,0.5157562494277954,0.4197382926940918,-0.6928887963294983,0.7661932706832886,0.6830723881721497,-0.21771769225597382,0.3862757086753845,0.6296482086181641,-0.22988148033618927,0.8679212331771851,1.0216431617736816,-0.18950261175632477,0.19308485090732574,0.9232255816459656,-0.8499733805656433,0.8910309672355652,1.4347461462020874,-0.3033101260662079,0.3819708228111267,0.6203015446662903,-1.6655819416046143,0.9164062738418579,1.543624997138977,-0.35898905992507935,0.43536144495010376,0.538432776927948,-1.84405517578125,0.8716616630554199,1.5346176624298096,-0.3846130669116974,0.45536622405052185,0.5175183415412903,-1.7564888000488281,0.8480895757675171,1.5031906366348267,-0.3276114761829376,0.45132455229759216,0.5518414974212646,-1.6535803079605103,0.6701566576957703,1.4273873567581177,-0.07758134603500366,0.3794359564781189,1.3993333578109741,0.08183185756206512,0.6273338198661804,2.067047595977783,-0.06077941134572029,0.3716651499271393,2.0491485595703125,0.32447224855422974,0.59535151720047,2.623839855194092,0.5737274885177612,0.35084933042526245,2.6055068969726562,0.9730324745178223,0.5977352261543274,2.699591636657715,0.5992788076400757,0.3423847556114197,2.6761527061462402,1.0284525156021118,0.5459622144699097,2.799204111099243,-0.025587555021047592,0.37014248967170715,2.799346446990967,0.3510761260986328,0,0,0,0,0,0,0,0,0,0,0,0,0,0,0,0,0,0,0,0,0,0,0,0,0,0,0,0,0,0,0,0,0,0,0,0,0,0,0,0,0,0,0,0,0,0,0,0,0,0,0,0,0,0,0,0,0,0,0,0,0,0,0,0.355631023645401,0.6047167778015137,3.3805351851157184e-09,0.3812529742717743,0.554743230342865,0.01498907059431076,0.41568875312805176,0.5229479074478149,0.013307491317391396,0.4438980519771576,0.5173537135124207,0.006527946330606937,0.4667808711528778,0.5234002470970154,-0.0008336754981428385,0.4261387884616852,0.49248242378234863,-9.296026291849557e-06,0.4643808603286743,0.45805811882019043,-0.008126802742481232,0.4881068170070648,0.4358304440975189,-0.011978501453995705,0.5056377053260803,0.41788309812545776,-0.014806045219302177,0.429244726896286,0.5046501159667969,-0.015034433454275131,0.4879012107849121,0.521327555179596,-0.024199891835451126,0.47859057784080505,0.5469772219657898,-0.020993169397115707,0.4613945782184601,0.5501977801322937,-0.016991345211863518,0.43135911226272583,0.529937744140625,-0.028661023825407028,0.4838317036628723,0.552923858165741,-0.03362549841403961,0.4724059998989105,0.5716858506202698,-0.022757213562726974,0.4568313658237457,0.5698354244232178,-0.015242681838572025,0.4317813217639923,0.5609610080718994,-0.04165280982851982,0.4749348759651184,0.5799064636230469,-0.03900439664721489,0.4641380310058594,0.5942800045013428,-0.02679922804236412,0.4484984576702118,0.5924496054649353,-0.01846129074692726,thinking
