0.5481523275375366,0.3910340964794159,-0.8609551191329956,0.5881300568580627,0.3415357172489166,-0.8096851110458374,0.6059095859527588,0.3455374836921692,-0.8095507621765137,0.6219030618667603,0.34984463453292847,-0.8093879818916321,0.5428367853164673,0.3299202024936676,-0.787729799747467,0.529654860496521,0.3249222934246063,-0.7871312499046326,0.5177156329154968,0.32023102045059204,-0.7874348759651184,0.6495693922042847,0.37465158104896545,-0.4608522355556488,0.5180157423019409,0.3383375108242035,-0.31047600507736206,0.5741289854049683,0.45890676975250244,-0.7288984060287476,0.516022801399231,0.4416000545024872,-0.6871330142021179,0.7703396081924438,0.6832590699195862,-0.27385562658309937,0.38229066133499146,0.6414156556129456,-0.11655517667531967,0.8701125979423523,1.0192286968231201,-0.38664987683296204,0.20216092467308044,0.9381016492843628,-0.6451424360275269,0.8967326283454895,1.4024322032928467,-0.7866740822792053,0.21029141545295715,0.719207227230072,-1.7496960163116455,0.9228981733322144,1.5011327266693115,-0.900225043296814,0.19027893245220184,0.6304305791854858,-1.9501012563705444,0.8787120580673218,1.4775805473327637,-0.929228663444519,0.2349165380001068,0.569203794002533,-1.9376888275146484,0.8537100553512573,1.450089693069458,-0.817684531211853,0.2497805804014206,0.6073462963104248,-1.7795579433441162,0.6702638864517212,1.4364867210388184,-0.0984320193529129,0.3792649209499359,1.4114329814910889,0.10334575176239014,0.6276558041572571,2.0719382762908936,-0.05143461376428604,0.3706589937210083,2.055257797241211,0.4114200472831726,0.601161539554596,2.625188112258911,0.6064478158950806,0.3512222170829773,2.6072659492492676,1.1285367012023926,0.6055746674537659,2.7005035877227783,0.6367325186729431,0.34322482347488403,2.6773293018341064,1.189603567123413,0.5479052662849426,2.7999472618103027,0.026201847940683365,0.3711475431919098,2.799565076828003,0.5437803864479065,0,0,0,0,0,0,0,0,0,0,0,0,0,0,0,0,0,0,0,0,0,0,0,0,0,0,0,0,0,0,0,0,0,0,0,0,0,0,0,0,0,0,0,0,0,0,0,0,0,0,0,0,0,0,0,0,0,0,0,0,0,0,0,0.16771300137043,0.7891829013824463,6.023101946084353e-07,0.2076682150363922,0.7702463865280151,-0.03574137017130852,0.2255966067314148,0.7230980396270752,-0.053654227405786514,0.19560924172401428,0.6881449222564697,-0.06964829564094543,0.16081270575523376,0.664118766784668,-0.08431576192378998,0.23934225738048553,0.6079179048538208,-0.027580661699175835,0.26345178484916687,0.5356310606002808,-0.053721629083156586,0.27607837319374084,0.48851636052131653,-0.07155142724514008,0.28593993186950684,0.44669729471206665,-0.08148621022701263,0.1991005539894104,0.5927167534828186,-0.026659397408366203,0.19702108204364777,0.5013102293014526,-0.05609087646007538,0.1885242909193039,0.44136106967926025,-0.07453268021345139,0.18331249058246613,0.3897075653076172,-0.08186616003513336,0.16371841728687286,0.6055610179901123,-0.029379572719335556,0.1513732373714447,0.5744212865829468,-0.07074388116598129,0.15314990282058716,0.632442831993103,-0.07743256539106369,0.15814027190208435,0.6747450828552246,-0.06819826364517212,0.13330557942390442,0.6338686943054199,-0.03432966768741608,0.12360256165266037,0.6124079823493958,-0.06458192318677902,0.12923011183738708,0.6525186896324158,-0.061442844569683075,0.1382600963115692,0.6850982308387756,-0.049765657633543015,victory
0.5505735874176025,0.39982351660728455,-0.8163691759109497,0.590142011642456,0.3484969735145569,-0.7862613201141357,0.6074059009552002,0.35265785455703735,-0.7861852049827576,0.6232258081436157,0.35711249709129333,-0.7861092686653137,0.5449768900871277,0.33577215671539307,-0.7539640665054321,0.5313659906387329,0.330142617225647,-0.7533546090126038,0.5186808705329895,0.3248700499534607,-0.7535637617111206,0.6501448750495911,0.37987592816352844,-0.46021896600723267,0.517844557762146,0.3409549593925476,-0.2897498309612274,0.574522078037262,0.4688689112663269,-0.6934589147567749,0.5163382291793823,0.45129236578941345,-0.6431475877761841,0.7722286581993103,0.6830552220344543,-0.28032639622688293,0.3819587230682373,0.6418177485466003,-0.08518831431865692,0.8702157139778137,1.016048550605774,-0.4088385999202728,0.21019014716148376,0.9375564455986023,-0.5943409204483032,0.8891410827636719,1.3721674680709839,-0.785667359828949,0.2087746560573578,0.7302097678184509,-1.7320972681045532,0.9103725552558899,1.4707509279251099,-0.8956735730171204,0.18117395043373108,0.6472116708755493,-1.9419729709625244,0.8675225377082825,1.4408118724822998,-0.9213415384292603,0.22511844336986542,0.5789360404014587,-1.8996479511260986,0.8446859121322632,1.4121229648590088,-0.8139449954032898,0.24069049954414368,0.6176520586013794,-1.759678840637207,0.6713261008262634,1.4363884925842285,-0.09993794560432434,0.37968364357948303,1.4112249612808228,0.10473643243312836,0.6307375431060791,2.0708203315734863,-0.030455147847533226,0.37080612778663635,2.0526938438415527,0.4063023030757904,0.6094025373458862,2.622197151184082,0.6105726957321167,0.35359686613082886,2.602494478225708,1.1071420907974243,0.6147444844245911,2.6971042156219482,0.6403588056564331,0.34617751836776733,2.67163348197937,1.1629698276519775,0.5548740029335022,2.796194314956665,0.04300962761044502,0.37640437483787537,2.7937774658203125,0.526340901851654,0,0,0,0,0,0,0,0,0,0,0,0,0,0,0,0,0,0,0,0,0,0,0,0,0,0,0,0,0,0,0,0,0,0,0,0,0,0,0,0,0,0,0,0,0,0,0,0,0,0,0,0,0,0,0,0,0,0,0,0,0,0,0,0.17622143030166626,0.788691520690918,6.094909394960268e-07,0.21300680935382843,0.764892041683197,-0.02825830690562725,0.22712936997413635,0.7176657319068909,-0.04198477789759636,0.20042282342910767,0.6876879334449768,-0.056117210537195206,0.16784994304180145,0.6635427474975586,-0.0686912015080452,0.24096886813640594,0.6004974842071533,-0.016217729076743126,0.269467294216156,0.5319648385047913,-0.038071732968091965,0.28564974665641785,0.4847337603569031,-0.05177018418908119,0.2957882583141327,0.4451830983161926,-0.05851411446928978,0.2032218873500824,0.5877678990364075,-0.01841569133102894,0.20183399319648743,0.4961002469062805,-0.04387367144227028,0.1970168501138687,0.4361269474029541,-0.059692226350307465,0.19191491603851318,0.38837099075317383,-0.0645115002989769,0.168140709400177,0.6026542782783508,-0.024274121969938278,0.1523209810256958,0.5824955701828003,-0.0629630759358406,0.15574811398983002,0.6390324831008911,-0.07270276546478271,0.16005712747573853,0.6809481382369995,-0.06495806574821472,0.1374548375606537,0.6328678131103516,-0.031857337802648544,0.12614616751670837,0.6215375065803528,-0.05956560745835304,0.13303963840007782,0.6624615788459778,-0.05889112129807472,0.14166705310344696,0.6966216564178467,-0.048977553844451904,victory
0.5522482991218567,0.40210142731666565,-0.798517107963562,0.5917415022850037,0.3506339490413666,-0.7713608145713806,0.6087726354598999,0.3546946346759796,-0.7712988257408142,0.6244524717330933,0.35905900597572327,-0.7712429761886597,0.5464674234390259,0.3376404643058777,-0.7373232841491699,0.5325508117675781,0.3317982852458954,-0.7367293238639832,0.5193482637405396,0.3262840211391449,-0.7369402647018433,0.6507915258407593,0.3813377618789673,-0.45645779371261597,0.517673134803772,0.3417907655239105,-0.27866166830062866,0.5749201774597168,0.47127264738082886,-0.6773292422294617,0.5166453123092651,0.45380571484565735,-0.6271002292633057,0.7738052010536194,0.6826438903808594,-0.2769149839878082,0.38174206018447876,0.6418355703353882,-0.08401888608932495,0.8703023791313171,1.010573148727417,-0.3939129710197449,0.21403726935386658,0.9371679425239563,-0.6039478778839111,0.8879038095474243,1.3628140687942505,-0.7589881420135498,0.21157853305339813,0.7334133982658386,-1.7303003072738647,0.9085845947265625,1.4633498191833496,-0.8654711842536926,0.18357044458389282,0.6499146223068237,-1.9345277547836304,0.8661006093025208,1.434158205986023,-0.8938560485839844,0.22721326351165771,0.5810697078704834,-1.9006764888763428,0.8436417579650879,1.4045172929763794,-0.787865936756134,0.2425309419631958,0.6209380626678467,-1.75323486328125,0.672508955001831,1.4361023902893066,-0.09919486194849014,0.38009679317474365,1.411032795906067,0.10391155630350113,0.6339008212089539,2.068437337875366,-0.010411249473690987,0.37132447957992554,2.049832820892334,0.40847235918045044,0.6154550313949585,2.618584394454956,0.6284281015396118,0.356245756149292,2.598539113998413,1.1037601232528687,0.6206954717636108,2.693312406539917,0.6585021615028381,0.34918126463890076,2.667203426361084,1.160990595817566,0.5618716478347778,2.7924084663391113,0.06860926002264023,0.38172534108161926,2.789371967315674,0.5287002921104431,0,0,0,0,0,0,0,0,0,0,0,0,0,0,0,0,0,0,0,0,0,0,0,0,0,0,0,0,0,0,0,0,0,0,0,0,0,0,0,0,0,0,0,0,0,0,0,0,0,0,0,0,0,0,0,0,0,0,0,0,0,0,0,0.17591160535812378,0.788609504699707,6.087879569349752e-07,0.21421609818935394,0.7654984593391418,-0.028943825513124466,0.2294759452342987,0.7191929221153259,-0.0433448888361454,0.202774778008461,0.6897842884063721,-0.05803462862968445,0.17038604617118835,0.6646667718887329,-0.07131057232618332,0.24072988331317902,0.602636456489563,-0.018987873569130898,0.26979658007621765,0.5327619314193726,-0.04192524030804634,0.28532674908638,0.48511824011802673,-0.05642112344503403,0.2953191101551056,0.4447571635246277,-0.06399540603160858,0.20341697335243225,0.5895219445228577,-0.021133901551365852,0.20362286269664764,0.4974428415298462,-0.047565218061208725,0.19830484688282013,0.4374080300331116,-0.06399257481098175,0.19336529076099396,0.3879844844341278,-0.06974276900291443,0.16908028721809387,0.6043105721473694,-0.026836922392249107,0.15373840928077698,0.5772611498832703,-0.06545823067426682,0.1550428569316864,0.6298975348472595,-0.07474050670862198,0.15883731842041016,0.6691025495529175,-0.06755171716213226,0.13905148208141327,0.6353912353515625,-0.03436628356575966,0.12770842015743256,0.6236959099769592,-0.06282371282577515,0.1340201199054718,0.6619293689727783,-0.0628427192568779,0.1436235010623932,0.6937323808670044,-0.053737569600343704,victory
0.5569337606430054,0.40318071842193604,-0.8637682795524597,0.5957388877868652,0.35164135694503784,-0.8363010287284851,0.6124389171600342,0.3554530739784241,-0.836150050163269,0.6269840002059937,0.3596258759498596,-0.8360114097595215,0.5501202344894409,0.33903926610946655,-0.803235650062561,0.5357123613357544,0.33338406682014465,-0.8025906682014465,0.521458625793457,0.32782840728759766,-0.8027075529098511,0.6517111659049988,0.38177478313446045,-0.49708956480026245,0.5176547169685364,0.3424842059612274,-0.32964712381362915,0.5782267451286316,0.47149142622947693,-0.7343083024024963,0.5191540718078613,0.4554482400417328,-0.6849817633628845,0.7751964330673218,0.6823251247406006,-0.30527082085609436,0.38156503438949585,0.6429529190063477,-0.11396555602550507,0.8711304664611816,1.0072133541107178,-0.4088338315486908,0.21489784121513367,0.9396369457244873,-0.64747154712677,0.8949769139289856,1.3679614067077637,-0.8062288165092468,0.20730140805244446,0.7403598427772522,-1.7871649265289307,0.9198575019836426,1.4684897661209106,-0.9212599992752075,0.18022313714027405,0.6530218124389648,-1.994070291519165,0.8772609829902649,1.4447964429855347,-0.9569483995437622,0.2264430820941925,0.5832407474517822,-1.9768568277359009,0.8526371121406555,1.4155560731887817,-0.8398893475532532,0.24284899234771729,0.6239661574363708,-1.8160508871078491,0.6743685603141785,1.4369800090789795,-0.1009506806731224,0.3815825581550598,1.4125611782073975,0.10577169805765152,0.6350399255752563,2.0693752765655518,-0.009586663916707039,0.37153497338294983,2.0519731044769287,0.41988641023635864,0.6165655255317688,2.619439125061035,0.6485637426376343,0.3564758598804474,2.601149797439575,1.1420669555664062,0.6215068101882935,2.6942148208618164,0.6789499521255493,0.3493906855583191,2.670034170150757,1.2023147344589233,0.5630062818527222,2.7928249835968018,0.07002674043178558,0.3816086947917938,2.790728807449341,0.553176760673523,0,0,0,0,0,0,0,0,0,0,0,0,0,0,0,0,0,0,0,0,0,0,0,0,0,0,0,0,0,0,0,0,0,0,0,0,0,0,0,0,0,0,0,0,0,0,0,0,0,0,0,0,0,0,0,0,0,0,0,0,0,0,0,0.1767956167459488,0.7868178486824036,6.149637101771077e-07,0.2163543850183487,0.7676717042922974,-0.03213609755039215,0.23461605608463287,0.7218683362007141,-0.04747055470943451,0.20556844770908356,0.6904419660568237,-0.062232621014118195,0.17302291095256805,0.6634507775306702,-0.07538684457540512,0.24429556727409363,0.6019729971885681,-0.021276691928505898,0.27296358346939087,0.5326434373855591,-0.04408624395728111,0.28891468048095703,0.48559892177581787,-0.05842501297593117,0.30005937814712524,0.4445613622665405,-0.06591325253248215,0.2067311555147171,0.5875713229179382,-0.021783610805869102,0.2081926465034485,0.49767452478408813,-0.04866018146276474,0.20386295020580292,0.43763333559036255,-0.06542350351810455,0.19969578087329865,0.3872920870780945,-0.07133886218070984,0.17284566164016724,0.6004806160926819,-0.02603859081864357,0.15656159818172455,0.5764204263687134,-0.06688688695430756,0.15723834931850433,0.6347655057907104,-0.07693406939506531,0.16007006168365479,0.6779037714004517,-0.06946153193712234,0.14263682067394257,0.6301120519638062,-0.03214605152606964,0.12898457050323486,0.615950345993042,-0.06242161989212036,0.13427847623825073,0.6573731303215027,-0.06278917193412781,0.14266450703144073,0.6915006637573242,-0.053581833839416504,victory
0.5581451058387756,0.40385475754737854,-0.8839906454086304,0.5974360704421997,0.3522634506225586,-0.8547881841659546,0.6141051054000854,0.355978399515152,-0.854592502117157,0.6283069849014282,0.36011189222335815,-0.8544584512710571,0.5514715313911438,0.3400283753871918,-0.8219545483589172,0.5368579030036926,0.33461806178092957,-0.8213116526603699,0.5221492648124695,0.32918474078178406,-0.821417510509491,0.6523785591125488,0.3825909495353699,-0.5124639272689819,0.5176190137863159,0.34305837750434875,-0.34637290239334106,0.5791810750961304,0.4719531238079071,-0.7545853853225708,0.519813597202301,0.45620501041412354,-0.7055259943008423,0.7760530710220337,0.682334303855896,-0.32107627391815186,0.3813590109348297,0.6441068649291992,-0.1264348030090332,0.8728101849555969,1.0069462060928345,-0.426187664270401,0.21405883133411407,0.9396821856498718,-0.6620083451271057,0.8975450396537781,1.373138427734375,-0.819240927696228,0.20548614859580994,0.7412354350090027,-1.7954730987548828,0.923951268196106,1.474475622177124,-0.9359661340713501,0.17925207316875458,0.6533746719360352,-2.0013506412506104,0.8802319765090942,1.4528759717941284,-0.9703230857849121,0.22694191336631775,0.5840190649032593,-1.9797418117523193,0.8549948930740356,1.423463225364685,-0.8526387214660645,0.24362727999687195,0.6258918046951294,-1.8217198848724365,0.6746255159378052,1.4393945932388306,-0.10193116962909698,0.38174474239349365,1.4145407676696777,0.10679326951503754,0.6347808241844177,2.072237968444824,-0.007235582917928696,0.3704946041107178,2.054539203643799,0.4243202805519104,0.6160916090011597,2.6224868297576904,0.6557062268257141,0.35411742329597473,2.6043007373809814,1.1481773853302002,0.6212244033813477,2.697333812713623,0.6858887672424316,0.34679025411605835,2.67334246635437,1.2087374925613403,0.5609326958656311,2.7955803871154785,0.0723814070224762,0.3782024681568146,2.7937207221984863,0.557453989982605,0,0,0,0,0,0,0,0,0,0,0,0,0,0,0,0,0,0,0,0,0,0,0,0,0,0,0,0,0,0,0,0,0,0,0,0,0,0,0,0,0,0,0,0,0,0,0,0,0,0,0,0,0,0,0,0,0,0,0,0,0,0,0,0.1766943484544754,0.787021815776825,6.046118983249471e-07,0.21594452857971191,0.7678140997886658,-0.031049616634845734,0.23479320108890533,0.7217332720756531,-0.04587605968117714,0.20532283186912537,0.6904153823852539,-0.06053383648395538,0.17196592688560486,0.6636504530906677,-0.0737256407737732,0.24458566308021545,0.6016062498092651,-0.01931242272257805,0.273004412651062,0.5327091217041016,-0.04198450967669487,0.28896841406822205,0.48546308279037476,-0.0565517395734787,0.29991230368614197,0.4441486597061157,-0.06440141052007675,0.20676463842391968,0.5869265794754028,-0.020582254976034164,0.20701353251934052,0.49622422456741333,-0.0475393570959568,0.20257405936717987,0.4361776113510132,-0.06487478315830231,0.1982574164867401,0.38610368967056274,-0.07125633209943771,0.1727542132139206,0.5997107028961182,-0.025541871786117554,0.15727634727954865,0.5740787982940674,-0.06625005602836609,0.15879574418067932,0.6335589289665222,-0.07617475092411041,0.16171202063560486,0.6772252917289734,-0.0687563493847847,0.14229053258895874,0.6292703151702881,-0.03233969584107399,0.12953835725784302,0.615249752998352,-0.06259454041719437,0.13497275114059448,0.6567351818084717,-0.0629228949546814,0.1430923044681549,0.6906156539916992,-0.05373907834291458,victory
0.5584874749183655,0.404480904340744,-0.8992770910263062,0.5982010960578918,0.3527242839336395,-0.8672243356704712,0.614853024482727,0.3564285933971405,-0.8670169115066528,0.6289611458778381,0.3605737090110779,-0.8669107556343079,0.5520421266555786,0.34064266085624695,-0.8356807827949524,0.5373430252075195,0.335307776927948,-0.8350403904914856,0.522443413734436,0.32988759875297546,-0.8351508378982544,0.6526592373847961,0.3834483325481415,-0.5173237323760986,0.5175788402557373,0.34343287348747253,-0.3567136824131012,0.5793768763542175,0.47262027859687805,-0.7676606774330139,0.5200195908546448,0.4572836458683014,-0.7205713391304016,0.7763983011245728,0.6828319430351257,-0.31962352991104126,0.3807871341705322,0.6452621817588806,-0.13348808884620667,0.8736235499382019,1.0068317651748657,-0.4172382354736328,0.21241870522499084,0.9394823908805847,-0.680313229560852,0.8980034589767456,1.3764256238937378,-0.812063992023468,0.20531156659126282,0.7405813336372375,-1.8305784463882446,0.9245979189872742,1.4783895015716553,-0.9302137494087219,0.1787751168012619,0.6525805592536926,-2.0407180786132812,0.8805025815963745,1.4577910900115967,-0.9664162397384644,0.22767522931098938,0.5835312008857727,-2.021195888519287,0.8552424311637878,1.428231954574585,-0.8464764356613159,0.24475839734077454,0.6268075108528137,-1.8574497699737549,0.674636721611023,1.4420078992843628,-0.10140334069728851,0.3817638158798218,1.416496992111206,0.10623779147863388,0.6339782476425171,2.074357509613037,0.005670739337801933,0.368975430727005,2.0563957691192627,0.43073493242263794,0.6146233677864075,2.624821662902832,0.6766354441642761,0.3515392243862152,2.6066834926605225,1.165575623512268,0.6198015809059143,2.6998443603515625,0.7072902917861938,0.3440696895122528,2.675872564315796,1.2273733615875244,0.5580967664718628,2.797511577606201,0.08995877206325531,0.3748226761817932,2.796156406402588,0.5720672607421875,0,0,0,0,0,0,0,0,0,0,0,0,0,0,0,0,0,0,0,0,0,0,0,0,0,0,0,0,0,0,0,0,0,0,0,0,0,0,0,0,0,0,0,0,0,0,0,0,0,0,0,0,0,0,0,0,0,0,0,0,0,0,0,0.17631061375141144,0.7876489162445068,6.032732926541939e-07,0.21595844626426697,0.7683295607566833,-0.03120380826294422,0.23500098288059235,0.7222510576248169,-0.04614017531275749,0.20539914071559906,0.6904885172843933,-0.060921430587768555,0.1718146651983261,0.6634699106216431,-0.07426219433546066,0.24474577605724335,0.601589024066925,-0.01926860585808754,0.2733246684074402,0.5325895547866821,-0.04192585498094559,0.2893388271331787,0.48515766859054565,-0.05657702311873436,0.30030378699302673,0.4436119496822357,-0.06450417637825012,0.20676289498806,0.5869369506835938,-0.020570477470755577,0.20705783367156982,0.49593162536621094,-0.047498248517513275,0.20277991890907288,0.43581515550613403,-0.06486224383115768,0.19863241910934448,0.3858531713485718,-0.07128599286079407,0.1727028787136078,0.5998320579528809,-0.025589363649487495,0.15738718211650848,0.5736944079399109,-0.06643640995025635,0.15870234370231628,0.6337136030197144,-0.07634986191987991,0.16142983734607697,0.6776350736618042,-0.06887127459049225,0.14203397929668427,0.6295079588890076,-0.032441750168800354,0.1294410526752472,0.6138508319854736,-0.06270191073417664,0.13479432463645935,0.6555880308151245,-0.06279001384973526,0.14278677105903625,0.6899244785308838,-0.05342857167124748,victory
0.5589088797569275,0.40558749437332153,-0.7839431166648865,0.5987253189086914,0.3540157675743103,-0.7572911977767944,0.6153380274772644,0.35781151056289673,-0.7571119070053101,0.6293796300888062,0.3620384633541107,-0.7570295929908752,0.5524397492408752,0.3418312072753906,-0.7233944535255432,0.5377217531204224,0.33659207820892334,-0.7228299379348755,0.5227099061012268,0.3311963975429535,-0.722913384437561,0.6527560949325562,0.38473746180534363,-0.4585603177547455,0.5175683498382568,0.3438364565372467,-0.2842434048652649,0.5794982314109802,0.47383132576942444,-0.6716852784156799,0.5201850533485413,0.4585529565811157,-0.6217089891433716,0.7767431735992432,0.6831070780754089,-0.3125556409358978,0.3800801634788513,0.6462692618370056,-0.09338733553886414,0.8738659024238586,1.0050777196884155,-0.42936569452285767,0.2119257003068924,0.9394780993461609,-0.6134023070335388,0.9014191627502441,1.3766288757324219,-0.7963205575942993,0.20629294216632843,0.7358976602554321,-1.6940333843231201,0.9285871386528015,1.4784770011901855,-0.9083220362663269,0.1803828775882721,0.6485843062400818,-1.8896185159683228,0.8824723362922668,1.4570329189300537,-0.9337625503540039,0.22870519757270813,0.5811778903007507,-1.8647897243499756,0.8571636080741882,1.4278100728988647,-0.8256707191467285,0.24525630474090576,0.6238433122634888,-1.7192566394805908,0.6746995449066162,1.4417383670806885,-0.10201756656169891,0.38207003474235535,1.4164273738861084,0.1068636029958725,0.634436309337616,2.0746471881866455,-0.05021197721362114,0.37118521332740784,2.0569965839385986,0.40555205941200256,0.6146520972251892,2.626631498336792,0.5441952347755432,0.35272514820098877,2.6086151599884033,1.0510609149932861,0.6201916933059692,2.701375722885132,0.5685738325119019,0.3447211682796478,2.6776421070098877,1.1048539876937866,0.5580537915229797,2.7996296882629395,-0.011974820867180824,0.3759341239929199,2.7982165813446045,0.4933490753173828,0,0,0,0,0,0,0,0,0,0,0,0,0,0,0,0,0,0,0,0,0,0,0,0,0,0,0,0,0,0,0,0,0,0,0,0,0,0,0,0,0,0,0,0,0,0,0,0,0,0,0,0,0,0,0,0,0,0,0,0,0,0,0,0.1745053380727768,0.7850226759910583,6.106342311795743e-07,0.21439339220523834,0.7662312388420105,-0.03295888379216194,0.23210033774375916,0.7215226888656616,-0.04902959242463112,0.20524753630161285,0.6906315088272095,-0.06467903405427933,0.17496377229690552,0.6620871424674988,-0.07868620753288269,0.24376899003982544,0.5977689623832703,-0.021374577656388283,0.27274090051651,0.5285917520523071,-0.04442464932799339,0.2888008654117584,0.48109686374664307,-0.05953023210167885,0.29979225993156433,0.43927890062332153,-0.06789208203554153,0.2062976360321045,0.5837026834487915,-0.021963637322187424,0.2057117372751236,0.4934578537940979,-0.04925800487399101,0.20067280530929565,0.43357765674591064,-0.06706580519676208,0.1960936337709427,0.383289098739624,-0.07406140863895416,0.1720789074897766,0.5969200134277344,-0.026417894288897514,0.15707580745220184,0.5703040361404419,-0.0679570734500885,0.15944845974445343,0.6298040151596069,-0.07858362048864365,0.16298924386501312,0.6742340326309204,-0.0716511458158493,0.1417030394077301,0.6266429424285889,-0.03281717374920845,0.1296042799949646,0.6107590198516846,-0.06414403766393661,0.1356823891401291,0.6531075239181519,-0.06525355577468872,0.14418591558933258,0.6883998513221741,-0.05658577010035515,victory
0.5590613484382629,0.40588074922561646,-0.7701916694641113,0.5990838408470154,0.3545229732990265,-0.7415444850921631,0.6156919002532959,0.3583563566207886,-0.7413667440414429,0.6296974420547485,0.3626396059989929,-0.741292417049408,0.5526387691497803,0.3422965407371521,-0.7088596820831299,0.5378869771957397,0.337097704410553,-0.7082899212837219,0.522827684879303,0.33170655369758606,-0.7083829641342163,0.652830183506012,0.3854670524597168,-0.4396851658821106,0.5175370573997498,0.3440088629722595,-0.27013084292411804,0.579544723033905,0.47417783737182617,-0.6567878127098083,0.5202354192733765,0.458795964717865,-0.6085007190704346,0.7770427465438843,0.683562695980072,-0.310804158449173,0.3791881203651428,0.6472887396812439,-0.09143494069576263,0.8745643496513367,1.0046042203903198,-0.419471800327301,0.21167416870594025,0.9399762749671936,-0.6159219145774841,0.902279257774353,1.3776774406433105,-0.7806239724159241,0.20437148213386536,0.7351986169815063,-1.692152976989746,0.9293354749679565,1.4798297882080078,-0.8912726640701294,0.1775078922510147,0.6480351090431213,-1.887345552444458,0.882515549659729,1.4581540822982788,-0.9163984060287476,0.2273334264755249,0.5802781581878662,-1.8607025146484375,0.8573287129402161,1.4288755655288696,-0.8095687031745911,0.2444629669189453,0.6227591037750244,-1.7156413793563843,0.6747166514396667,1.441654920578003,-0.10176323354244232,0.38216835260391235,1.4168980121612549,0.10659688711166382,0.6348288059234619,2.075474500656128,-0.058538515120744705,0.3724536597728729,2.058389902114868,0.39202195405960083,0.614733099937439,2.629075050354004,0.5371696949005127,0.3535907566547394,2.611424207687378,1.0303609371185303,0.6204788684844971,2.7036619186401367,0.5618385672569275,0.34526681900024414,2.6804773807525635,1.0842595100402832,0.5579928755760193,2.802489995956421,-0.019236553460359573,0.3766575753688812,2.8008639812469482,0.47129759192466736,0,0,0,0,0,0,0,0,0,0,0,0,0,0,0,0,0,0,0,0,0,0,0,0,0,0,0,0,0,0,0,0,0,0,0,0,0,0,0,0,0,0,0,0,0,0,0,0,0,0,0,0,0,0,0,0,0,0,0,0,0,0,0,0.17525619268417358,0.784718930721283,5.938745175626536e-07,0.21437646448612213,0.7654169201850891,-0.032217029482126236,0.2313254475593567,0.7197473049163818,-0.048051148653030396,0.20335571467876434,0.688818097114563,-0.06359481066465378,0.1720699518918991,0.6602006554603577,-0.07754910737276077,0.2437015324831009,0.5977855920791626,-0.020961696282029152,0.2722773849964142,0.5290576815605164,-0.04387291148304939,0.28818368911743164,0.48154449462890625,-0.059050433337688446,0.29921773076057434,0.43994617462158203,-0.06763846427202225,0.2064877450466156,0.5833505392074585,-0.021840570494532585,0.20548172295093536,0.4928699731826782,-0.04879375547170639,0.2004937082529068,0.43306657671928406,-0.06676165759563446,0.19621099531650543,0.38267695903778076,-0.07415268570184708,0.17234010994434357,0.5964792370796204,-0.02645258605480194,0.15736158192157745,0.567589521408081,-0.06696273386478424,0.1591692715883255,0.6260840892791748,-0.0774165615439415,0.1621692180633545,0.6699399352073669,-0.07091394066810608,0.142366424202919,0.6263068318367004,-0.03302285820245743,0.12995652854442596,0.6103159189224243,-0.06357238441705704,0.13565409183502197,0.6512273550033569,-0.06470230966806412,0.14374478161334991,0.6854172945022583,-0.05640104413032532,victory
0.5595978498458862,0.4060789942741394,-0.8162094950675964,0.5996578335762024,0.35502690076828003,-0.7946222424507141,0.6162745952606201,0.35894688963890076,-0.7943639755249023,0.6301280856132507,0.3632863461971283,-0.7942541241645813,0.5530489683151245,0.34265774488449097,-0.7607492208480835,0.5382734537124634,0.33751410245895386,-0.7601484060287476,0.5231440663337708,0.3321305215358734,-0.7601234316825867,0.6531540155410767,0.38580241799354553,-0.49003905057907104,0.5175223350524902,0.3441354036331177,-0.3206380307674408,0.5798921585083008,0.4741707742214203,-0.702961266040802,0.5207058191299438,0.45865339040756226,-0.652788519859314,0.777009129524231,0.6836017370223999,-0.33107367157936096,0.3787860870361328,0.6468932628631592,-0.10703245550394058,0.8733428120613098,1.005121111869812,-0.44584137201309204,0.21143102645874023,0.9399997591972351,-0.6378434300422668,0.902267336845398,1.3785618543624878,-0.819496750831604,0.20712098479270935,0.737981379032135,-1.7219455242156982,0.9295169115066528,1.480417013168335,-0.9385303258895874,0.1784917414188385,0.649604856967926,-1.9227294921875,0.882354736328125,1.4592605829238892,-0.9658699035644531,0.2283402681350708,0.5803718566894531,-1.9083569049835205,0.857280433177948,1.4299455881118774,-0.8500245809555054,0.24583354592323303,0.6233873963356018,-1.751768708229065,0.6742225289344788,1.4406019449234009,-0.10285425186157227,0.38210994005203247,1.414903998374939,0.1076754555106163,0.6327403783798218,2.0754618644714355,-0.027392402291297913,0.37119004130363464,2.0578930377960205,0.39461079239845276,0.6101666688919067,2.629248857498169,0.633098304271698,0.34876197576522827,2.611638307571411,1.0431509017944336,0.615912914276123,2.703787326812744,0.6649929285049438,0.3399858772754669,2.681060791015625,1.09666109085083,0.5505536794662476,2.802851438522339,0.07998905330896378,0.3688250482082367,2.8009181022644043,0.4836582541465759,0,0,0,0,0,0,0,0,0,0,0,0,0,0,0,0,0,0,0,0,0,0,0,0,0,0,0,0,0,0,0,0,0,0,0,0,0,0,0,0,0,0,0,0,0,0,0,0,0,0,0,0,0,0,0,0,0,0,0,0,0,0,0,0.18215230107307434,0.7838258147239685,6.135159651421418e-07,0.22039161622524261,0.7619495391845703,-0.03063924051821232,0.23621906340122223,0.7148769497871399,-0.044840749353170395,0.20978868007659912,0.6845276355743408,-0.05881989747285843,0.1784057915210724,0.659301221370697,-0.07117144763469696,0.24849939346313477,0.5958906412124634,-0.01864294521510601,0.2772795855998993,0.5271347165107727,-0.040576137602329254,0.29315316677093506,0.4797760248184204,-0.054238736629486084,0.30364999175071716,0.4390886425971985,-0.06123257800936699,0.21092304587364197,0.5824292302131653,-0.01950734481215477,0.21102888882160187,0.4915773868560791,-0.045359618961811066,0.20634247362613678,0.43124154210090637,-0.061415620148181915,0.20171226561069489,0.3819925785064697,-0.06670717149972916,0.17654016613960266,0.596239447593689,-0.02416100725531578,0.15974655747413635,0.5727298259735107,-0.06442593783140182,0.1611647605895996,0.6285095810890198,-0.07531983405351639,0.16410672664642334,0.6713395118713379,-0.06833409518003464,0.14724361896514893,0.625552237033844,-0.030623428523540497,0.1333472728729248,0.6158391237258911,-0.06134926900267601,0.13906587660312653,0.6573687791824341,-0.06301221996545792,0.1472383737564087,0.6920598745346069,-0.05450678616762161,victory
0.5602046251296997,0.4061053991317749,-0.8962206840515137,0.6004548072814941,0.3549529016017914,-0.8684849739074707,0.617222785949707,0.35886624455451965,-0.8682236671447754,0.6308454275131226,0.36320269107818604,-0.8681467771530151,0.5532692670822144,0.3425823748111725,-0.8358138799667358,0.5384175777435303,0.33745062351226807,-0.8351823091506958,0.5232089757919312,0.3320833146572113,-0.8351581692695618,0.6539611220359802,0.38575610518455505,-0.5369234681129456,0.5173460245132446,0.34412139654159546,-0.3698500096797943,0.5803599953651428,0.4739283323287964,-0.7715388536453247,0.52106112241745,0.4584408104419708,-0.7226212024688721,0.7771159410476685,0.6836100220680237,-0.3491392731666565,0.3783334195613861,0.6466487646102905,-0.13271500170230865,0.8733783960342407,1.0051594972610474,-0.4458695948123932,0.21155965328216553,0.9410771131515503,-0.6418336629867554,0.902233898639679,1.3790911436080933,-0.8122480511665344,0.21045497059822083,0.7364593744277954,-1.7239032983779907,0.9293983578681946,1.4812437295913696,-0.9306867718696594,0.18316379189491272,0.6480998396873474,-1.9241669178009033,0.8822776079177856,1.4602553844451904,-0.959773063659668,0.22986260056495667,0.5796104669570923,-1.908465027809143,0.8569906949996948,1.4307342767715454,-0.8438225984573364,0.24692702293395996,0.6223475933074951,-1.7519302368164062,0.6734338998794556,1.4405468702316284,-0.10599086433649063,0.3819364905357361,1.4140762090682983,0.11084487289190292,0.6272505521774292,2.0764822959899902,-0.022052045911550522,0.367030531167984,2.057894229888916,0.3952443301677704,0.6015318632125854,2.6311843395233154,0.6648207306861877,0.3425593376159668,2.612891912460327,1.0693731307983398,0.6066204309463501,2.705897331237793,0.6980043649673462,0.33402353525161743,2.6828887462615967,1.1246671676635742,0.5409448146820068,2.8041484355926514,0.09385114163160324,0.35910850763320923,2.801466226577759,0.485291063785553,0,0,0,0,0,0,0,0,0,0,0,0,0,0,0,0,0,0,0,0,0,0,0,0,0,0,0,0,0,0,0,0,0,0,0,0,0,0,0,0,0,0,0,0,0,0,0,0,0,0,0,0,0,0,0,0,0,0,0,0,0,0,0,0.17984451353549957,0.7822123765945435,6.025745733495569e-07,0.21903908252716064,0.761674702167511,-0.03133415803313255,0.23565104603767395,0.7160902619361877,-0.04670960083603859,0.21027301251888275,0.6842420697212219,-0.06184423342347145,0.18117429316043854,0.6565179824829102,-0.0753999724984169,0.2492516189813614,0.5968501567840576,-0.021267293021082878,0.2781389355659485,0.5273002982139587,-0.0443553552031517,0.2945778965950012,0.4799165725708008,-0.05912121757864952,0.30576062202453613,0.4382994472980499,-0.06687115132808685,0.2123318612575531,0.5818536877632141,-0.022050604224205017,0.21321359276771545,0.4909312427043915,-0.04859158396720886,0.20882345736026764,0.43077194690704346,-0.0652332678437233,0.20411984622478485,0.3801726698875427,-0.07112991064786911,0.17789927124977112,0.5942355394363403,-0.026434913277626038,0.16280464828014374,0.5667601823806763,-0.06617467105388641,0.164336159825325,0.6254792213439941,-0.07535163313150406,0.16689303517341614,0.6689289212226868,-0.06759882718324661,0.14765331149101257,0.6229856014251709,-0.03273896127939224,0.13676652312278748,0.6081042885780334,-0.06208118796348572,0.14209216833114624,0.6494185924530029,-0.06179824844002724,0.14905668795108795,0.6832680106163025,-0.05222977697849274,victory
0.5603498220443726,0.40616413950920105,-0.9148271679878235,0.6007059216499329,0.3548729717731476,-0.885112464427948,0.6175509691238403,0.35878315567970276,-0.8848609924316406,0.6311361193656921,0.36311671137809753,-0.8847774267196655,0.5533249974250793,0.34251096844673157,-0.8528239130973816,0.5384690761566162,0.33738791942596436,-0.8522141575813293,0.5232425928115845,0.3320339024066925,-0.8522208333015442,0.6543448567390442,0.3857325613498688,-0.5474584102630615,0.5172808170318604,0.34409481287002563,-0.3814728558063507,0.5804876089096069,0.47374609112739563,-0.7877612113952637,0.5212047100067139,0.45829692482948303,-0.7394912838935852,0.7772523760795593,0.6836122870445251,-0.3491135239601135,0.3779606223106384,0.6464008092880249,-0.14100059866905212,0.8734211921691895,1.0053074359893799,-0.4356918931007385,0.21159763634204865,0.9438174366950989,-0.6323429346084595,0.9023402333259583,1.379702091217041,-0.7945665717124939,0.2115475833415985,0.7352468967437744,-1.7131319046020508,0.9296824336051941,1.4809213876724243,-0.9105472564697266,0.1852702796459198,0.6472910046577454,-1.913125991821289,0.8823486566543579,1.4606044292449951,-0.9405632019042969,0.23030781745910645,0.5790286660194397,-1.8976867198944092,0.8569568395614624,1.431441068649292,-0.8263270258903503,0.24713560938835144,0.6216059923171997,-1.7402374744415283,0.6730746030807495,1.440409541130066,-0.10772857815027237,0.38190752267837524,1.4134234189987183,0.11258232593536377,0.6243203282356262,2.0776023864746094,-0.0187911968678236,0.3650270104408264,2.0580577850341797,0.3902481198310852,0.5969130992889404,2.6338419914245605,0.6759592294692993,0.34021204710006714,2.614971160888672,1.0718125104904175,0.6015793681144714,2.708935022354126,0.7092485427856445,0.33202221989631653,2.685521125793457,1.1279042959213257,0.5362766981124878,2.806213855743408,0.09948458522558212,0.35545170307159424,2.8026318550109863,0.4778513014316559,0,0,0,0,0,0,0,0,0,0,0,0,0,0,0,0,0,0,0,0,0,0,0,0,0,0,0,0,0,0,0,0,0,0,0,0,0,0,0,0,0,0,0,0,0,0,0,0,0,0,0,0,0,0,0,0,0,0,0,0,0,0,0,0.17904426157474518,0.7816691994667053,5.982794277770154e-07,0.21759678423404694,0.7608879804611206,-0.03185605630278587,0.234573632478714,0.7157106399536133,-0.04688781499862671,0.21065901219844818,0.6842434406280518,-0.06145700067281723,0.18292437493801117,0.6562044024467468,-0.07438459992408752,0.24932469427585602,0.5958108305931091,-0.020883873105049133,0.27843818068504333,0.5259416103363037,-0.043810635805130005,0.2947060763835907,0.478702187538147,-0.058264221996068954,0.30569732189178467,0.4372520446777344,-0.06564395874738693,0.21225248277187347,0.5812327861785889,-0.021193688735365868,0.21152378618717194,0.4889516830444336,-0.04813266545534134,0.20747502148151398,0.42972248792648315,-0.06486828625202179,0.20389415323734283,0.3808281421661377,-0.07036618888378143,0.17802786827087402,0.5934256911277771,-0.0252054613083601,0.16250017285346985,0.5718106031417847,-0.06534415483474731,0.16317197680473328,0.6284465789794922,-0.07545468211174011,0.16527524590492249,0.6701879501342773,-0.06793951988220215,0.14807744324207306,0.621127188205719,-0.031156999990344048,0.13628186285495758,0.6113138794898987,-0.06057741492986679,0.14065994322299957,0.6531859040260315,-0.060852691531181335,0.14753776788711548,0.6871963143348694,-0.05144255980849266,victory
0.5603356957435608,0.406271368265152,-0.9121201634407043,0.6007012724876404,0.3548516631126404,-0.8814969062805176,0.6175640821456909,0.35876789689064026,-0.8812432289123535,0.6311804056167603,0.36310485005378723,-0.8811548352241516,0.5533144474029541,0.34247276186943054,-0.84931880235672,0.5384663343429565,0.33734968304634094,-0.8487125635147095,0.5232482552528381,0.33199986815452576,-0.8487489819526672,0.6544359922409058,0.38569286465644836,-0.5437412858009338,0.5172640085220337,0.3440788984298706,-0.37836676836013794,0.5804294943809509,0.4736621677875519,-0.7853127717971802,0.5212094187736511,0.4582114815711975,-0.7373684644699097,0.7772783041000366,0.6836397647857666,-0.34273356199264526,0.37739869952201843,0.6462194323539734,-0.14428959786891937,0.8734534382820129,1.0053625106811523,-0.42829975485801697,0.21116182208061218,0.945819616317749,-0.63113933801651,0.9026745557785034,1.3801904916763306,-0.7827472686767578,0.21116268634796143,0.7340481877326965,-1.7071478366851807,0.9303708076477051,1.4795564413070679,-0.8968781232833862,0.18635395169258118,0.6464349031448364,-1.9069948196411133,0.8831576108932495,1.459930658340454,-0.9275674819946289,0.2307262122631073,0.5786182880401611,-1.888614296913147,0.8574978113174438,1.4313451051712036,-0.8146961331367493,0.24707868695259094,0.6211202144622803,-1.7326164245605469,0.6726308465003967,1.440355658531189,-0.10760042816400528,0.381841242313385,1.4129970073699951,0.11245042085647583,0.6217583417892456,2.0783443450927734,-0.0183290746062994,0.36302024126052856,2.0581107139587402,0.38268086314201355,0.593328058719635,2.6355783939361572,0.668020486831665,0.3382670283317566,2.615950584411621,1.0638326406478882,0.5977687835693359,2.7110366821289062,0.7000200152397156,0.3302110433578491,2.686518669128418,1.119529128074646,0.5329739451408386,2.8071775436401367,0.090611532330513,0.35374966263771057,2.8034796714782715,0.4634284973144531,0,0,0,0,0,0,0,0,0,0,0,0,0,0,0,0,0,0,0,0,0,0,0,0,0,0,0,0,0,0,0,0,0,0,0,0,0,0,0,0,0,0,0,0,0,0,0,0,0,0,0,0,0,0,0,0,0,0,0,0,0,0,0,0.17921805381774902,0.7814006805419922,6.005977866152534e-07,0.2171100229024887,0.7607422471046448,-0.031978920102119446,0.2342475801706314,0.7161130905151367,-0.04724797606468201,0.21021343767642975,0.6844445466995239,-0.06204098463058472,0.18168166279792786,0.6558516025543213,-0.07515750080347061,0.24902473390102386,0.595750629901886,-0.02115185745060444,0.2783474624156952,0.5259061455726624,-0.044192373752593994,0.2947627305984497,0.4786297082901001,-0.0586143434047699,0.30600690841674805,0.43722522258758545,-0.06591375917196274,0.21189089119434357,0.5809047222137451,-0.021494876593351364,0.21124951541423798,0.4883370101451874,-0.04857652634382248,0.20768685638904572,0.4293133616447449,-0.06517532467842102,0.2047060877084732,0.38083910942077637,-0.07045634835958481,0.17766173183918,0.5928004384040833,-0.025550536811351776,0.16254150867462158,0.5720378160476685,-0.06583761423826218,0.16295446455478668,0.6287850141525269,-0.07587867975234985,0.1648627519607544,0.6704713106155396,-0.06822258234024048,0.14789877831935883,0.6200461983680725,-0.031562440097332,0.13610611855983734,0.6117298007011414,-0.06109637767076492,0.14058436453342438,0.6538802981376648,-0.06138155236840248,0.14760097861289978,0.687919020652771,-0.05188247933983803,victory
0.5603126287460327,0.4061962068080902,-0.8861549496650696,0.6006893515586853,0.3547956645488739,-0.8556321263313293,0.6175411343574524,0.35871484875679016,-0.8553521037101746,0.6311736702919006,0.36305633187294006,-0.8552543520927429,0.55330890417099,0.3424271047115326,-0.8249170184135437,0.5385054349899292,0.3373115360736847,-0.8243033289909363,0.523354709148407,0.3319746255874634,-0.8243383169174194,0.6544495820999146,0.38565701246261597,-0.5276225805282593,0.5173813104629517,0.34408190846443176,-0.37178415060043335,0.5804599523544312,0.4735393226146698,-0.7636100649833679,0.5213789343833923,0.4580948054790497,-0.7184514403343201,0.7773352265357971,0.6835356950759888,-0.3374651074409485,0.37729689478874207,0.6460117697715759,-0.14595110714435577,0.8733870387077332,1.0054222345352173,-0.4257577955722809,0.20564039051532745,0.9450223445892334,-0.6591486930847168,0.9075490832328796,1.3805618286132812,-0.791915237903595,0.20565228164196014,0.7332807779312134,-1.747528076171875,0.9368187785148621,1.4796439409255981,-0.90729159116745,0.17992249131202698,0.6457666754722595,-1.951546311378479,0.888776421546936,1.4600269794464111,-0.9382950663566589,0.22845296561717987,0.5776954293251038,-1.9243186712265015,0.8625831604003906,1.4316227436065674,-0.8243669271469116,0.24430355429649353,0.6208831071853638,-1.7710853815078735,0.6735101938247681,1.4386438131332397,-0.10130699723958969,0.382207989692688,1.4125508069992065,0.10623470693826675,0.6273452043533325,2.0773377418518066,-0.010184204205870628,0.36732691526412964,2.057882070541382,0.37121233344078064,0.6042941212654114,2.6350159645080566,0.666914701461792,0.34562793374061584,2.615943431854248,1.03355872631073,0.6101561784744263,2.710578203201294,0.6990860104560852,0.3372618556022644,2.686518907546997,1.0881352424621582,0.543471097946167,2.8069281578063965,0.0855095237493515,0.36505115032196045,2.803467035293579,0.4484865665435791,0,0,0,0,0,0,0,0,0,0,0,0,0,0,0,0,0,0,0,0,0,0,0,0,0,0,0,0,0,0,0,0,0,0,0,0,0,0,0,0,0,0,0,0,0,0,0,0,0,0,0,0,0,0,0,0,0,0,0,0,0,0,0,0.17650844156742096,0.7736685276031494,6.219506190063839e-07,0.21268193423748016,0.7563577890396118,-0.03350912034511566,0.22572222352027893,0.7139944434165955,-0.050107691437006,0.20375438034534454,0.6833051443099976,-0.06648558378219604,0.17619109153747559,0.6518278121948242,-0.08105461299419403,0.24528682231903076,0.5882713198661804,-0.02091316133737564,0.2749216854572296,0.5181227922439575,-0.044766198843717575,0.29156261682510376,0.47093692421913147,-0.06018070876598358,0.3028883635997772,0.428946316242218,-0.06828927248716354,0.20896919071674347,0.5730621814727783,-0.02134033665060997,0.20768943428993225,0.48157912492752075,-0.04944007843732834,0.20310497283935547,0.42272406816482544,-0.06646086275577545,0.19862423837184906,0.37227198481559753,-0.07211028784513474,0.175043523311615,0.5853575468063354,-0.02592218667268753,0.15652723610401154,0.561569094657898,-0.06755593419075012,0.16013121604919434,0.6228790879249573,-0.0766420066356659,0.16559454798698425,0.6657562255859375,-0.06819071620702744,0.14531274139881134,0.6144379377365112,-0.032716747373342514,0.13264164328575134,0.5999771356582642,-0.06269314140081406,0.13784025609493256,0.643496572971344,-0.06202647089958191,0.14594006538391113,0.6782684326171875,-0.05196373164653778,victory
0.5598365068435669,0.40630683302879333,-0.8677539825439453,0.6001941561698914,0.3547630310058594,-0.8393004536628723,0.6170145869255066,0.35868754982948303,-0.8390256762504578,0.6309133172035217,0.3630273640155792,-0.8389209508895874,0.553110659122467,0.3423929512500763,-0.8072674870491028,0.5384551286697388,0.3372798562049866,-0.8066588640213013,0.5233619809150696,0.3319493532180786,-0.8067167401313782,0.654439389705658,0.38566309213638306,-0.5196546316146851,0.5176793336868286,0.34408366680145264,-0.35817950963974,0.5802331566810608,0.47359320521354675,-0.7474779486656189,0.5213889479637146,0.45847588777542114,-0.7007144689559937,0.7773512601852417,0.6833237409591675,-0.3323008716106415,0.37736180424690247,0.645978569984436,-0.1436462700366974,0.8733561635017395,1.0056653022766113,-0.4229695200920105,0.20359833538532257,0.9443204402923584,-0.6591400504112244,0.9088279604911804,1.3801320791244507,-0.7860932946205139,0.20393922924995422,0.7327338457107544,-1.7461121082305908,0.9382510185241699,1.4783539772033691,-0.8996113538742065,0.1773684322834015,0.6452017426490784,-1.949047327041626,0.8906197547912598,1.458426833152771,-0.9301720857620239,0.22700992226600647,0.5769065022468567,-1.9209764003753662,0.8643079996109009,1.4304988384246826,-0.8180730938911438,0.2428206503391266,0.6206408739089966,-1.7690515518188477,0.6741312742233276,1.4381357431411743,-0.09978965669870377,0.38280370831489563,1.4125213623046875,0.10471779108047485,0.6305789947509766,2.0771138668060303,-0.01341007649898529,0.36987778544425964,2.0578579902648926,0.35966968536376953,0.6089191436767578,2.6349873542785645,0.6272925138473511,0.3495235741138458,2.616163969039917,1.0060956478118896,0.615259051322937,2.7105367183685303,0.6551950573921204,0.3411674499511719,2.686793804168701,1.0592362880706787,0.5479778051376343,2.8071091175079346,0.05673462897539139,0.3701595664024353,2.8036391735076904,0.423147588968277,0,0,0,0,0,0,0,0,0,0,0,0,0,0,0,0,0,0,0,0,0,0,0,0,0,0,0,0,0,0,0,0,0,0,0,0,0,0,0,0,0,0,0,0,0,0,0,0,0,0,0,0,0,0,0,0,0,0,0,0,0,0,0,0.17604106664657593,0.7751443386077881,6.057506993784045e-07,0.21444647014141083,0.7583029270172119,-0.03399243578314781,0.2319590449333191,0.7147892713546753,-0.050480086356401443,0.20676688849925995,0.6823328137397766,-0.06620144844055176,0.176399365067482,0.6509548425674438,-0.0801578089594841,0.2454998940229416,0.5889233946800232,-0.022446271032094955,0.2742472290992737,0.5184316039085388,-0.04591378942131996,0.2900814414024353,0.4700419306755066,-0.06083814427256584,0.3010600805282593,0.42784231901168823,-0.06873848289251328,0.2085391730070114,0.5739163160324097,-0.022151362150907516,0.20840342342853546,0.4820658564567566,-0.0497746467590332,0.203488290309906,0.4215139150619507,-0.06657570600509644,0.1993955671787262,0.3719613552093506,-0.07216998934745789,0.1746639907360077,0.5861456394195557,-0.025811459869146347,0.15863843262195587,0.5571328401565552,-0.06770507246255875,0.15761715173721313,0.6159677505493164,-0.07728980481624603,0.15960806608200073,0.6603097915649414,-0.06905493885278702,0.14542865753173828,0.6152091026306152,-0.03149733692407608,0.1320856362581253,0.6013665795326233,-0.06331281363964081,0.13632498681545258,0.6445001363754272,-0.06394756585359573,0.1440754383802414,0.6800844073295593,-0.05430155247449875,victory
0.5591608285903931,0.4062955975532532,-0.8662421107292175,0.5995763540267944,0.3547282814979553,-0.8374694585800171,0.6164259910583496,0.3586706221103668,-0.8372101783752441,0.6306025385856628,0.3630233407020569,-0.8371192216873169,0.5527340769767761,0.34236544370651245,-0.8053995966911316,0.538263738155365,0.33722689747810364,-0.8048104047775269,0.523324728012085,0.33188000321388245,-0.8049103021621704,0.6544390916824341,0.38572457432746887,-0.5128976106643677,0.5179181098937988,0.3440336585044861,-0.3509485125541687,0.5800043940544128,0.4736330807209015,-0.7442168593406677,0.5213571190834045,0.45879173278808594,-0.6974939107894897,0.7773590087890625,0.6820579171180725,-0.3162599503993988,0.37741249799728394,0.6459258794784546,-0.13975493609905243,0.8737762570381165,1.0038725137710571,-0.403327077627182,0.19807597994804382,0.9429136514663696,-0.65921950340271,0.9084349870681763,1.3775348663330078,-0.7830994129180908,0.20149102807044983,0.727339506149292,-1.7550846338272095,0.9376243352890015,1.4760010242462158,-0.8945339918136597,0.17790232598781586,0.6399203538894653,-1.9615724086761475,0.8905450105667114,1.4557117223739624,-0.9244425892829895,0.22648970782756805,0.5734241604804993,-1.9331486225128174,0.8642425537109375,1.4278063774108887,-0.8138496279716492,0.2423781454563141,0.6175239086151123,-1.7779855728149414,0.6745213270187378,1.4381064176559448,-0.09829279780387878,0.38280758261680603,1.4124846458435059,0.10316252708435059,0.6308956742286682,2.0771563053131104,-0.004851747769862413,0.3701956272125244,2.05789852142334,0.3831811547279358,0.6090138554573059,2.6349971294403076,0.6349878311157227,0.3496359586715698,2.6161603927612305,1.0820963382720947,0.6151515245437622,2.7105610370635986,0.6627132296562195,0.34121173620224,2.6867284774780273,1.1417230367660522,0.5482314825057983,2.8072397708892822,0.0586543083190918,0.37100109457969666,2.803955316543579,0.4980246424674988,0,0,0,0,0,0,0,0,0,0,0,0,0,0,0,0,0,0,0,0,0,0,0,0,0,0,0,0,0,0,0,0,0,0,0,0,0,0,0,0,0,0,0,0,0,0,0,0,0,0,0,0,0,0,0,0,0,0,0,0,0,0,0,0.17733487486839294,0.7620465159416199,6.0426646086853e-07,0.21532310545444489,0.7445002198219299,-0.03389282152056694,0.23022593557834625,0.6988807916641235,-0.049976423382759094,0.2059665471315384,0.6648538708686829,-0.06520236283540726,0.1796606034040451,0.6306946277618408,-0.07851243764162064,0.247152179479599,0.5777671337127686,-0.022529926151037216,0.27661681175231934,0.5070850849151611,-0.04518924281001091,0.29322347044944763,0.4596642851829529,-0.05992666631937027,0.3043001890182495,0.4179234206676483,-0.06795919686555862,0.21071083843708038,0.5626000165939331,-0.021667053923010826,0.209452286362648,0.47007909417152405,-0.04787105694413185,0.2029455453157425,0.41153794527053833,-0.06495922058820724,0.19707508385181427,0.3627147674560547,-0.0716082975268364,0.17724767327308655,0.5742216110229492,-0.02465585619211197,0.15961921215057373,0.5432733297348022,-0.06426640599966049,0.15957985818386078,0.5970963835716248,-0.07506192475557327,0.16120865941047668,0.6403498649597168,-0.0689368024468422,0.1483088582754135,0.6016731262207031,-0.029799681156873703,0.13491888344287872,0.5853029489517212,-0.059863463044166565,0.13878107070922852,0.624873697757721,-0.061761125922203064,0.14489012956619263,0.6606981754302979,-0.05405640974640846,victory
0.5556528568267822,0.40613529086112976,-0.8357798457145691,0.5973628759384155,0.35467857122421265,-0.8100706338882446,0.6142908930778503,0.35864511132240295,-0.8098583221435547,0.6291815042495728,0.3630642592906952,-0.8098134994506836,0.550983726978302,0.341907799243927,-0.7720898389816284,0.5368090867996216,0.3365057110786438,-0.7715469598770142,0.5225712656974792,0.3309799134731293,-0.7717544436454773,0.6538273096084595,0.3860210180282593,-0.49640145897865295,0.5182542204856873,0.3437608778476715,-0.3023194670677185,0.5772445201873779,0.47359612584114075,-0.7177597880363464,0.5193994641304016,0.4587639272212982,-0.6622793674468994,0.7770892381668091,0.6824026703834534,-0.31594470143318176,0.3776640295982361,0.6465384364128113,-0.10003627836704254,0.8737122416496277,1.0054161548614502,-0.41130271553993225,0.20013734698295593,0.9438319802284241,-0.6315006017684937,0.8882511854171753,1.3759429454803467,-0.7804350256919861,0.20221218466758728,0.7208855152130127,-1.7407432794570923,0.9085031747817993,1.4755719900131226,-0.8929144144058228,0.1786838173866272,0.6310577392578125,-1.9447342157363892,0.8615619540214539,1.4536538124084473,-0.9210394620895386,0.22548452019691467,0.567838728427887,-1.9169461727142334,0.8389767408370972,1.4247585535049438,-0.8104680180549622,0.24169811606407166,0.6128842234611511,-1.7637956142425537,0.6729301810264587,1.4417285919189453,-0.10532772541046143,0.3812243640422821,1.4141439199447632,0.10991448163986206,0.6270970106124878,2.078444480895996,-0.012985842302441597,0.3656315207481384,2.0582590103149414,0.4867829382419586,0.6023551225662231,2.63563871383667,0.6181686520576477,0.3397679626941681,2.6163313388824463,1.2517931461334229,0.6077886819839478,2.7107555866241455,0.6462427377700806,0.33044469356536865,2.6867587566375732,1.3194421529769897,0.5407930612564087,2.8093361854553223,0.03788037225604057,0.3599819540977478,2.8051486015319824,0.6829479336738586,0,0,0,0,0,0,0,0,0,0,0,0,0,0,0,0,0,0,0,0,0,0,0,0,0,0,0,0,0,0,0,0,0,0,0,0,0,0,0,0,0,0,0,0,0,0,0,0,0,0,0,0,0,0,0,0,0,0,0,0,0,0,0,0.1768653392791748,0.7598560452461243,5.924545689595107e-07,0.21252520382404327,0.736150324344635,-0.030101975426077843,0.22597666084766388,0.6885209083557129,-0.04506120830774307,0.20213200151920319,0.6529111266136169,-0.05989542603492737,0.17095831036567688,0.6212967038154602,-0.07306049764156342,0.24439211189746857,0.5702229738235474,-0.019363192841410637,0.27403077483177185,0.4988892674446106,-0.0412115715444088,0.29050758481025696,0.45032721757888794,-0.05581062287092209,0.3015820384025574,0.4092373251914978,-0.06368658691644669,0.20839107036590576,0.5564681887626648,-0.020180989056825638,0.2079230546951294,0.4639260172843933,-0.04500669986009598,0.20328037440776825,0.4045955240726471,-0.06096784770488739,0.19844701886177063,0.35624510049819946,-0.06692490726709366,0.173967182636261,0.5688067674636841,-0.02460278943181038,0.16013231873512268,0.5341664552688599,-0.06100163236260414,0.16296297311782837,0.5869125127792358,-0.06920651346445084,0.16618435084819794,0.628070056438446,-0.06201861426234245,0.14419421553611755,0.5963206887245178,-0.03113555535674095,0.1345463991165161,0.5750648379325867,-0.058237504214048386,0.14108774065971375,0.6128864884376526,-0.0578584298491478,0.1487199068069458,0.6466310024261475,-0.04880087450146675,victory
0.5534356236457825,0.40594354271888733,-0.8041819334030151,0.595843493938446,0.3545875549316406,-0.7797082662582397,0.6128140687942505,0.35862457752227783,-0.7795074582099915,0.6281582713127136,0.36306700110435486,-0.7794600129127502,0.5497510433197021,0.34145334362983704,-0.7398627996444702,0.5357667803764343,0.3358398675918579,-0.7393175959587097,0.5220072865486145,0.3301917612552643,-0.7395431399345398,0.6533657312393188,0.3862382769584656,-0.4759954512119293,0.5184576511383057,0.34357085824012756,-0.2720053195953369,0.575426459312439,0.473558634519577,-0.6901692748069763,0.5180654525756836,0.4587216377258301,-0.6318908929824829,0.7769514322280884,0.6827608942985535,-0.314003050327301,0.37779638171195984,0.6471971273422241,-0.07981133460998535,0.8736891746520996,1.0066920518875122,-0.41788825392723083,0.2013726532459259,0.9446656703948975,-0.6126481294631958,0.8794165849685669,1.374742865562439,-0.7785274386405945,0.20266708731651306,0.7159664630889893,-1.7125276327133179,0.8971837162971497,1.4752699136734009,-0.8910961151123047,0.1791960597038269,0.6244481801986694,-1.91189444065094,0.8500655889511108,1.4520832300186157,-0.9203193783760071,0.22495777904987335,0.5635233521461487,-1.8818292617797852,0.8285781145095825,1.422534704208374,-0.8084521293640137,0.24137890338897705,0.6092234253883362,-1.7344146966934204,0.672061026096344,1.4441615343093872,-0.10934039205312729,0.3803095817565918,1.415726900100708,0.11381697654724121,0.6256121397018433,2.079644203186035,-0.03025621548295021,0.3638122081756592,2.0589394569396973,0.4979916512966156,0.6000143885612488,2.636691093444824,0.5843928456306458,0.33646678924560547,2.61690092086792,1.2489569187164307,0.6053169965744019,2.711317777633667,0.6113153696060181,0.326850026845932,2.687060832977295,1.315335988998413,0.5385302305221558,2.8115756511688232,0.005885749589651823,0.35671305656433105,2.8068110942840576,0.6850658655166626,0,0,0,0,0,0,0,0,0,0,0,0,0,0,0,0,0,0,0,0,0,0,0,0,0,0,0,0,0,0,0,0,0,0,0,0,0,0,0,0,0,0,0,0,0,0,0,0,0,0,0,0,0,0,0,0,0,0,0,0,0,0,0,0.1776776760816574,0.7609581351280212,5.868531047781289e-07,0.2145577371120453,0.7370449304580688,-0.03025900386273861,0.22908398509025574,0.6879982948303223,-0.04497356712818146,0.2038717269897461,0.6536677479743958,-0.05959135293960571,0.17117643356323242,0.6240791082382202,-0.07270947843790054,0.244369238615036,0.5696155428886414,-0.019082248210906982,0.2733452022075653,0.4976123571395874,-0.04133163020014763,0.2894781231880188,0.44916749000549316,-0.05607450380921364,0.3000081181526184,0.4079284071922302,-0.0639130175113678,0.20789912343025208,0.5562998652458191,-0.019878359511494637,0.20755824446678162,0.4634076654911041,-0.04542218893766403,0.20251478254795074,0.40326806902885437,-0.061731189489364624,0.19725601375102997,0.3543689250946045,-0.06763659417629242,0.17373570799827576,0.5691590309143066,-0.024345414713025093,0.15868672728538513,0.5336772799491882,-0.06198021396994591,0.16122104227542877,0.5868604183197021,-0.07076534628868103,0.1649821251630783,0.6283960342407227,-0.06347297877073288,0.14431333541870117,0.5971922278404236,-0.030833035707473755,0.13278719782829285,0.5766597986221313,-0.05911509320139885,0.13952188193798065,0.6150470972061157,-0.05917009338736534,0.14857302606105804,0.6492834091186523,-0.05005934089422226,victory
0.5521617531776428,0.40567442774772644,-0.7985209226608276,0.5949141979217529,0.3544202446937561,-0.7734556198120117,0.6119004487991333,0.3585738241672516,-0.7732549905776978,0.6275065541267395,0.36305275559425354,-0.7731987833976746,0.5489770770072937,0.34095147252082825,-0.7339997291564941,0.5350883603096008,0.335159033536911,-0.7334502935409546,0.5216144919395447,0.3294074833393097,-0.7336682081222534,0.6530271768569946,0.3863478899002075,-0.4691898226737976,0.5185415148735046,0.3433504104614258,-0.2664555013179779,0.574318528175354,0.47352781891822815,-0.6844210028648376,0.5172005295753479,0.45860910415649414,-0.62654048204422,0.776856541633606,0.6829376220703125,-0.3137149512767792,0.37783628702163696,0.647630512714386,-0.07435633987188339,0.8736780881881714,1.007723093032837,-0.4252692759037018,0.20218899846076965,0.9464195370674133,-0.6045451760292053,0.8739887475967407,1.3722933530807495,-0.7817646265029907,0.203020840883255,0.7129194140434265,-1.7010879516601562,0.8906325101852417,1.4736087322235107,-0.8952242732048035,0.17970547080039978,0.6209546327590942,-1.899204969406128,0.8433712720870972,1.448824167251587,-0.9191607236862183,0.22468659281730652,0.5613216161727905,-1.8687803745269775,0.8223947286605835,1.4188827276229858,-0.8090804815292358,0.24120649695396423,0.6070167422294617,-1.722591757774353,0.6715456247329712,1.4454445838928223,-0.11227808147668839,0.3796951472759247,1.4167505502700806,0.11671236902475357,0.6247061491012573,2.0804200172424316,-0.039591096341609955,0.36264193058013916,2.059441089630127,0.49915266036987305,0.5986508727073669,2.6374495029449463,0.57369065284729,0.33472341299057007,2.6173858642578125,1.246486783027649,0.6038464307785034,2.711747646331787,0.6005247235298157,0.32497134804725647,2.6873576641082764,1.3124417066574097,0.537449836730957,2.813001871109009,-0.004657646641135216,0.35495054721832275,2.807830572128296,0.6820256114006042,0,0,0,0,0,0,0,0,0,0,0,0,0,0,0,0,0,0,0,0,0,0,0,0,0,0,0,0,0,0,0,0,0,0,0,0,0,0,0,0,0,0,0,0,0,0,0,0,0,0,0,0,0,0,0,0,0,0,0,0,0,0,0,0.17790581285953522,0.7619079947471619,5.88698128467513e-07,0.21490278840065002,0.7380674481391907,-0.030513670295476913,0.22936666011810303,0.6887407898902893,-0.04518315568566322,0.20408964157104492,0.6539796590805054,-0.059574760496616364,0.1712731271982193,0.6238672733306885,-0.07236926257610321,0.24451877176761627,0.5697523355484009,-0.019435204565525055,0.27343180775642395,0.49756667017936707,-0.04129200801253319,0.2893679738044739,0.4492500424385071,-0.0557209812104702,0.29963722825050354,0.4079551696777344,-0.06339248269796371,0.20823092758655548,0.5560467839241028,-0.019800394773483276,0.20802126824855804,0.4631945490837097,-0.044708818197250366,0.20295725762844086,0.4028308391571045,-0.06057140976190567,0.19771398603916168,0.3538933992385864,-0.06635173410177231,0.1742248833179474,0.5685254335403442,-0.023826396092772484,0.15871724486351013,0.5325758457183838,-0.06071127578616142,0.1607958823442459,0.5848233103752136,-0.06953227519989014,0.16411873698234558,0.6267156004905701,-0.06255586445331573,0.1450367271900177,0.5961477756500244,-0.029944153502583504,0.13315382599830627,0.5776315331459045,-0.058141518384218216,0.13997229933738708,0.6158711314201355,-0.05878026410937309,0.14906933903694153,0.6503217816352844,-0.05017457529902458,victory
0.5521832704544067,0.40361329913139343,-0.7527395486831665,0.594796895980835,0.3526840806007385,-0.7173943519592285,0.6118022203445435,0.35668423771858215,-0.7172461152076721,0.6274493932723999,0.3610328733921051,-0.7171224355697632,0.5488261580467224,0.33969637751579285,-0.6920604705810547,0.5348098278045654,0.3339959979057312,-0.6915442943572998,0.5212708711624146,0.328442245721817,-0.6917086243629456,0.6526707410812378,0.3852767050266266,-0.3946459889411926,0.5174134373664856,0.34299546480178833,-0.2590092122554779,0.5743132829666138,0.4718073904514313,-0.6340880393981934,0.5172115564346313,0.4568496644496918,-0.5958393216133118,0.7760836482048035,0.6818379163742065,-0.25055795907974243,0.3748696446418762,0.6501935720443726,-0.08653075248003006,0.8736828565597534,1.000915765762329,-0.38615894317626953,0.20351162552833557,0.9395672678947449,-0.6693060398101807,0.8777068853378296,1.365095615386963,-0.749688982963562,0.19481897354125977,0.7066695094108582,-1.7733228206634521,0.8964363932609558,1.4681172370910645,-0.8607751727104187,0.1683693677186966,0.5991252064704895,-1.9799883365631104,0.8485466837882996,1.4420132637023926,-0.888421893119812,0.2117479145526886,0.5447059273719788,-1.956749677658081,0.8274760246276855,1.4123402833938599,-0.7800413966178894,0.2312757968902588,0.5950677990913391,-1.7998701333999634,0.6724404096603394,1.4454514980316162,-0.09131334722042084,0.37953370809555054,1.419339656829834,0.09599582105875015,0.6304981112480164,2.0804171562194824,-0.013875335454940796,0.3665088713169098,2.0617170333862305,0.3861868679523468,0.6088496446609497,2.6375439167022705,0.5819349884986877,0.34644636511802673,2.6178946495056152,1.0166676044464111,0.6135278940200806,2.712623357772827,0.6093604564666748,0.33748531341552734,2.6878981590270996,1.0703542232513428,0.5558348894119263,2.812772035598755,0.0245305635035038,0.37306126952171326,2.8082621097564697,0.4698563516139984,0,0,0,0,0,0,0,0,0,0,0,0,0,0,0,0,0,0,0,0,0,0,0,0,0,0,0,0,0,0,0,0,0,0,0,0,0,0,0,0,0,0,0,0,0,0,0,0,0,0,0,0,0,0,0,0,0,0,0,0,0,0,0,0.17057810723781586,0.7413298487663269,6.492695092674694e-07,0.22042447328567505,0.6906164288520813,-0.010181392543017864,0.23163166642189026,0.6031370162963867,-0.020726030692458153,0.20856072008609772,0.5353497862815857,-0.02883855625987053,0.1766810566186905,0.5005184412002563,-0.035997435450553894,0.2303580641746521,0.5848328471183777,-0.042622826993465424,0.2596484422683716,0.467266708612442,-0.05903967469930649,0.2751844525337219,0.4044828414916992,-0.06299389898777008,0.28725767135620117,0.3559401035308838,-0.06194605305790901,0.1851419359445572,0.5700862407684326,-0.04198692366480827,0.1922602504491806,0.44283998012542725,-0.05846601352095604,0.19285038113594055,0.36860448122024536,-0.06115874648094177,0.19007864594459534,0.3118903934955597,-0.06025535613298416,0.14616286754608154,0.5610010027885437,-0.03881366550922394,0.1683274805545807,0.4724223017692566,-0.05106325075030327,0.1817701756954193,0.4973714053630829,-0.044294971972703934,0.1814385950565338,0.5278854966163635,-0.03424966707825661,0.11957357823848724,0.5568304061889648,-0.03581802919507027,0.14848434925079346,0.4985225796699524,-0.03724616393446922,0.16032318770885468,0.5191852450370789,-0.02605249546468258,0.15779215097427368,0.5439421534538269,-0.014545178972184658,victory
0.551000714302063,0.40172141790390015,-0.7526558637619019,0.592850923538208,0.3514438271522522,-0.7148150205612183,0.6100717782974243,0.355254590511322,-0.7146478295326233,0.6262463927268982,0.35943803191185,-0.714650571346283,0.5464802980422974,0.3391111493110657,-0.6845129132270813,0.5322858691215515,0.33367905020713806,-0.6839423775672913,0.519232988357544,0.3283744156360626,-0.6841710209846497,0.651366114616394,0.38471829891204834,-0.38849690556526184,0.5151611566543579,0.34335505962371826,-0.2315494567155838,0.5738621354103088,0.4703458249568939,-0.6352120637893677,0.5170190334320068,0.4557669758796692,-0.5910079479217529,0.7760421633720398,0.6812447905540466,-0.23774781823158264,0.37490561604499817,0.6535261869430542,-0.09090732038021088,0.8732641339302063,1.000726580619812,-0.3382200300693512,0.20032553374767303,0.9150054454803467,-0.676139235496521,0.8783186078071594,1.3654860258102417,-0.6354559659957886,0.19100221991539001,0.6592485904693604,-1.7642055749893188,0.8987530469894409,1.4684555530548096,-0.727210521697998,0.16874811053276062,0.5345011949539185,-1.9725908041000366,0.8511595726013184,1.4425346851348877,-0.7548370957374573,0.21313349902629852,0.4862779974937439,-1.92795729637146,0.8291720151901245,1.4129234552383423,-0.6620809435844421,0.23050908744335175,0.545581579208374,-1.7848361730575562,0.6766525506973267,1.4466075897216797,-0.08971500396728516,0.3840629458427429,1.423541784286499,0.09416784346103668,0.6410265564918518,2.0810301303863525,-0.025905791670084,0.3761906027793884,2.0653586387634277,0.3936838209629059,0.6221950650215149,2.640385866165161,0.5464428663253784,0.3585534691810608,2.6242482662200928,1.0560526847839355,0.6269844174385071,2.715653419494629,0.5698110461235046,0.35001885890960693,2.693737745285034,1.1130889654159546,0.5732476711273193,2.8155760765075684,-0.021735627204179764,0.38602733612060547,2.814577579498291,0.49520784616470337,0,0,0,0,0,0,0,0,0,0,0,0,0,0,0,0,0,0,0,0,0,0,0,0,0,0,0,0,0,0,0,0,0,0,0,0,0,0,0,0,0,0,0,0,0,0,0,0,0,0,0,0,0,0,0,0,0,0,0,0,0,0,0,0.16874153912067413,0.6845502853393555,6.933671556907939e-07,0.20917412638664246,0.6374785900115967,-0.02616158127784729,0.22457510232925415,0.5774956941604614,-0.03712122142314911,0.20019318163394928,0.5292888283729553,-0.04877273365855217,0.16712138056755066,0.49856072664260864,-0.05924279987812042,0.23586465418338776,0.48964327573776245,-0.010524640791118145,0.26566290855407715,0.41423851251602173,-0.030615512281656265,0.28294509649276733,0.3652494549751282,-0.04581879451870918,0.29752466082572937,0.3213239014148712,-0.054747432470321655,0.20035646855831146,0.47411012649536133,-0.011403458192944527,0.20341277122497559,0.3850385844707489,-0.03448524698615074,0.1995401382446289,0.32363593578338623,-0.05372387170791626,0.19904842972755432,0.2678878605365753,-0.06388985365629196,0.16819129884243011,0.48061785101890564,-0.015856781974434853,0.16109037399291992,0.4328785538673401,-0.050268109887838364,0.15624535083770752,0.4727688729763031,-0.06213819980621338,0.1551263928413391,0.5092447400093079,-0.05902142822742462,0.14166003465652466,0.5003539323806763,-0.022011643275618553,0.13732290267944336,0.4571952819824219,-0.04523027315735817,0.13878419995307922,0.47656333446502686,-0.045836836099624634,0.14190931618213654,0.5019098520278931,-0.03946908935904503,victory
0.5502884387969971,0.40065571665763855,-0.7499717473983765,0.5916341543197632,0.35085126757621765,-0.7117245197296143,0.6089555621147156,0.35460251569747925,-0.7115684151649475,0.6254173517227173,0.3587629497051239,-0.7116274237632751,0.5450555086135864,0.3388154208660126,-0.6799032092094421,0.530745804309845,0.3335239589214325,-0.6793473958969116,0.5179299712181091,0.3283523619174957,-0.6796038746833801,0.6503922343254089,0.38453465700149536,-0.38547420501708984,0.5136829614639282,0.34364303946495056,-0.222514346241951,0.5735374689102173,0.4694576561450958,-0.6330801248550415,0.5168797373771667,0.45498114824295044,-0.5869801044464111,0.7757261991500854,0.6804443597793579,-0.23484189808368683,0.3749322295188904,0.654859721660614,-0.09155015647411346,0.8717954754829407,0.9988790154457092,-0.3198474049568176,0.19785171747207642,0.9033776521682739,-0.675824761390686,0.8795852661132812,1.365864872932434,-0.6038578748703003,0.18785609304904938,0.6474511623382568,-1.757107138633728,0.8997289538383484,1.4709542989730835,-0.6945957541465759,0.16804608702659607,0.5207570195198059,-1.965570092201233,0.852405846118927,1.4448521137237549,-0.7234857082366943,0.21350619196891785,0.47234949469566345,-1.914712905883789,0.8306909799575806,1.4144020080566406,-0.630558967590332,0.22945041954517365,0.5325633883476257,-1.7755380868911743,0.6773694753646851,1.4463082551956177,-0.08993037045001984,0.38543763756752014,1.4234806299209595,0.0942777544260025,0.6435006260871887,2.080226182937622,-0.02826068364083767,0.3792901337146759,2.065335750579834,0.40845051407814026,0.6249465346336365,2.6403682231903076,0.5524197816848755,0.3613153100013733,2.624807119369507,1.1010628938674927,0.6293434500694275,2.71563982963562,0.5767908692359924,0.35278743505477905,2.694310188293457,1.1629347801208496,0.5770144462585449,2.815553903579712,-0.016700387001037598,0.3882083296775818,2.814906597137451,0.5431151390075684,0,0,0,0,0,0,0,0,0,0,0,0,0,0,0,0,0,0,0,0,0,0,0,0,0,0,0,0,0,0,0,0,0,0,0,0,0,0,0,0,0,0,0,0,0,0,0,0,0,0,0,0,0,0,0,0,0,0,0,0,0,0,0,0.16879065334796906,0.6715856790542603,5.440280688162602e-07,0.20612585544586182,0.6367854475975037,-0.02812054380774498,0.22277793288230896,0.5793013572692871,-0.04181236773729324,0.20064011216163635,0.5324962139129639,-0.05562473461031914,0.1702772080898285,0.49749842286109924,-0.06794832646846771,0.23771043121814728,0.4869112968444824,-0.01868578977882862,0.26751968264579773,0.411684513092041,-0.0409768708050251,0.283973753452301,0.3642723560333252,-0.05679314583539963,0.2975657880306244,0.3231239914894104,-0.06622317433357239,0.20339886844158173,0.47241315245628357,-0.019600866362452507,0.20803356170654297,0.38255584239959717,-0.04480842873454094,0.20438674092292786,0.3228949010372162,-0.06312324106693268,0.2021450698375702,0.2707369923591614,-0.07279179990291595,0.17068544030189514,0.480400413274765,-0.02395796962082386,0.16411545872688293,0.4277893006801605,-0.05803754925727844,0.1589484065771103,0.46697700023651123,-0.067142553627491,0.15659531950950623,0.5026622414588928,-0.06317105889320374,0.14310529828071594,0.5015386939048767,-0.030434899032115936,0.13920873403549194,0.4607308506965637,-0.05474083498120308,0.14056983590126038,0.4791906774044037,-0.05570444464683533,0.1429709643125534,0.5018584132194519,-0.04996355623006821,victory
0.5501408576965332,0.39980000257492065,-0.7191295623779297,0.5902756452560425,0.3493860960006714,-0.6815840005874634,0.6074995398521423,0.3527812361717224,-0.6813740730285645,0.6242044568061829,0.3563862144947052,-0.6814236640930176,0.5440475940704346,0.33843687176704407,-0.6475929021835327,0.5297384858131409,0.33346492052078247,-0.6470259428024292,0.5171820521354675,0.3283891975879669,-0.6472221612930298,0.6493228077888489,0.38273298740386963,-0.3721359372138977,0.5127497315406799,0.34473150968551636,-0.19901888072490692,0.573559582233429,0.4678257405757904,-0.6097080707550049,0.5170193910598755,0.4547632038593292,-0.5605161786079407,0.7758052349090576,0.6796106100082397,-0.2303667813539505,0.37639060616493225,0.655688464641571,-0.07254215329885483,0.8718053698539734,0.9989577531814575,-0.31878697872161865,0.2020159214735031,0.9018451571464539,-0.6354979276657104,0.8939228057861328,1.3719723224639893,-0.5871010422706604,0.1907571405172348,0.6437492370605469,-1.6360177993774414,0.9155232310295105,1.4754987955093384,-0.6746429204940796,0.17608457803726196,0.5109856724739075,-1.8331167697906494,0.868863582611084,1.4513963460922241,-0.705866813659668,0.22029265761375427,0.4620135426521301,-1.7810754776000977,0.8464952707290649,1.4223288297653198,-0.6149309277534485,0.23468971252441406,0.5275717973709106,-1.6522891521453857,0.6813868284225464,1.4460450410842896,-0.09038824588060379,0.39159002900123596,1.423750638961792,0.09475289285182953,0.6486639380455017,2.0801868438720703,-0.08234541863203049,0.3868047595024109,2.0657453536987305,0.3884156048297882,0.6292144060134888,2.641184091567993,0.45712748169898987,0.3686499297618866,2.6264634132385254,1.0330556631088257,0.6347078084945679,2.7164154052734375,0.4768960475921631,0.36013808846473694,2.695934534072876,1.0879771709442139,0.579092800617218,2.8157782554626465,-0.10906704515218735,0.3946242034435272,2.816229820251465,0.4757515490055084,0,0,0,0,0,0,0,0,0,0,0,0,0,0,0,0,0,0,0,0,0,0,0,0,0,0,0,0,0,0,0,0,0,0,0,0,0,0,0,0,0,0,0,0,0,0,0,0,0,0,0,0,0,0,0,0,0,0,0,0,0,0,0,0.1811947375535965,0.6750176548957825,4.736040750685788e-07,0.21998323500156403,0.6379185318946838,-0.024035794660449028,0.2365736961364746,0.5789480209350586,-0.03495846688747406,0.2127895951271057,0.5315531492233276,-0.04669256508350372,0.18135711550712585,0.5003625154495239,-0.057308945804834366,0.2506971061229706,0.48921090364456177,-0.011541838757693768,0.2805122137069702,0.4182502031326294,-0.02955150417983532,0.296985000371933,0.3717191815376282,-0.043678250163793564,0.3112066388130188,0.3313063383102417,-0.05319172143936157,0.21508559584617615,0.47549915313720703,-0.013954411260783672,0.2183879315853119,0.39117640256881714,-0.03480587154626846,0.21628665924072266,0.3342744708061218,-0.051199521869421005,0.21539930999279022,0.28557366132736206,-0.06106163561344147,0.18097467720508575,0.483351469039917,-0.019561629742383957,0.17709331214427948,0.422078937292099,-0.050930291414260864,0.1786002814769745,0.4615591764450073,-0.05914061516523361,0.17884086072444916,0.500744640827179,-0.05595860257744789,0.15037234127521515,0.5047680139541626,-0.02697569876909256,0.14583110809326172,0.45700210332870483,-0.05287013202905655,0.15209510922431946,0.4844488203525543,-0.05426478013396263,0.15665718913078308,0.519033670425415,-0.04889440909028053,victory
0.5501455068588257,0.3992689847946167,-0.7168233394622803,0.589713990688324,0.34830108284950256,-0.6793133616447449,0.6069143414497375,0.3514203131198883,-0.679101288318634,0.6237305998802185,0.3546355962753296,-0.6791385412216187,0.5435137152671814,0.33812615275382996,-0.646695613861084,0.5291489362716675,0.33340394496917725,-0.646156370639801,0.5167096853256226,0.32841166853904724,-0.6463545560836792,0.6488218307495117,0.380944162607193,-0.37108126282691956,0.5118292570114136,0.34523195028305054,-0.20372721552848816,0.5737722516059875,0.466653972864151,-0.607466459274292,0.5173234343528748,0.4545134902000427,-0.559937596321106,0.7761920690536499,0.6780441403388977,-0.2252046763896942,0.37681370973587036,0.6558868885040283,-0.07578577101230621,0.8718439936637878,0.9989023804664612,-0.3142472803592682,0.20250961184501648,0.8995168805122375,-0.6296204328536987,0.8981475830078125,1.3730870485305786,-0.5868755578994751,0.19322390854358673,0.6386964917182922,-1.61374831199646,0.919183075428009,1.4758414030075073,-0.6757391691207886,0.18190206587314606,0.5041155815124512,-1.810931921005249,0.8727404475212097,1.4519925117492676,-0.7080379128456116,0.22473779320716858,0.45703786611557007,-1.760793924331665,0.8505899310112,1.4233858585357666,-0.6156867146492004,0.23796622455120087,0.5232173800468445,-1.629970908164978,0.6850552558898926,1.4459506273269653,-0.08903678506612778,0.39584657549858093,1.424065351486206,0.09344621002674103,0.6519780158996582,2.080185651779175,-0.08958166837692261,0.39109617471694946,2.0660459995269775,0.34972435235977173,0.6325417757034302,2.6420342922210693,0.4464740753173828,0.3744341731071472,2.6271257400512695,0.9642931818962097,0.6384605169296265,2.7175776958465576,0.46564698219299316,0.36612409353256226,2.6965596675872803,1.0159028768539429,0.5819979906082153,2.8158226013183594,-0.11791759729385376,0.4008542597293854,2.8167521953582764,0.4046706259250641,0,0,0,0,0,0,0,0,0,0,0,0,0,0,0,0,0,0,0,0,0,0,0,0,0,0,0,0,0,0,0,0,0,0,0,0,0,0,0,0,0,0,0,0,0,0,0,0,0,0,0,0,0,0,0,0,0,0,0,0,0,0,0,0.18218263983726501,0.6747997999191284,5.184489850762475e-07,0.2196362316608429,0.63868647813797,-0.024721866473555565,0.23338261246681213,0.5795077085494995,-0.03693705052137375,0.21015070378780365,0.5330083966255188,-0.049909599125385284,0.17876960337162018,0.5001148581504822,-0.06181873381137848,0.2501601576805115,0.4893723726272583,-0.013351060450077057,0.28038927912712097,0.4188639223575592,-0.03337742015719414,0.2975004315376282,0.3731691241264343,-0.04856916889548302,0.3112315535545349,0.33336859941482544,-0.05847770720720291,0.21480602025985718,0.4752175807952881,-0.015978237614035606,0.21956101059913635,0.3903108239173889,-0.03857329860329628,0.21804961562156677,0.33359676599502563,-0.05508022755384445,0.21737992763519287,0.2842804193496704,-0.06438720971345901,0.17992019653320312,0.4838993549346924,-0.02193329855799675,0.17508560419082642,0.42239120602607727,-0.0548354797065258,0.17588233947753906,0.4664587378501892,-0.06109755113720894,0.1764383763074875,0.5071089267730713,-0.05572939291596413,0.14900825917720795,0.5077577233314514,-0.029737835749983788,0.1423976868391037,0.46090248227119446,-0.056268710643053055,0.14906655251979828,0.49065709114074707,-0.055854327976703644,0.1548396199941635,0.5252180099487305,-0.04855484142899513,victory
0.5501581430435181,0.39902743697166443,-0.7287482023239136,0.5894070267677307,0.3477478325366974,-0.6912664175033569,0.6065984964370728,0.3506997525691986,-0.691063404083252,0.6234728097915649,0.3537043631076813,-0.691093921661377,0.5432103872299194,0.33799034357070923,-0.6586026549339294,0.5287994146347046,0.3333762288093567,-0.658061146736145,0.5164110064506531,0.3284722566604614,-0.6582723259925842,0.6485132575035095,0.37978485226631165,-0.3775867819786072,0.5111716985702515,0.34551823139190674,-0.21000206470489502,0.5739911198616028,0.4660016596317291,-0.6170271635055542,0.5176340341567993,0.454308420419693,-0.5693991780281067,0.7765585780143738,0.6769875288009644,-0.22773711383342743,0.3769732117652893,0.6559125185012817,-0.07903649657964706,0.8720577359199524,0.9979915618896484,-0.31577154994010925,0.20252683758735657,0.8952957987785339,-0.6446459293365479,0.9031917452812195,1.372815489768982,-0.5902615785598755,0.19470266997814178,0.6348705291748047,-1.6363067626953125,0.9241452217102051,1.4749518632888794,-0.6783106923103333,0.1849454641342163,0.5008989572525024,-1.8345226049423218,0.8782504200935364,1.4514023065567017,-0.709259033203125,0.22748330235481262,0.4535379111766815,-1.7963879108428955,0.8560038805007935,1.4231466054916382,-0.6183457970619202,0.2400226891040802,0.519639253616333,-1.6568835973739624,0.6878501176834106,1.4458999633789062,-0.08931536972522736,0.3981521725654602,1.424691081047058,0.0937296599149704,0.6547225713729858,2.080190896987915,-0.08562363684177399,0.39413756132125854,2.06695556640625,0.3602622449398041,0.6365159749984741,2.642280340194702,0.4612630009651184,0.3787345290184021,2.6279711723327637,1.0016053915023804,0.6424161791801453,2.717888116836548,0.48130854964256287,0.37052661180496216,2.697228193283081,1.0561453104019165,0.5866933465003967,2.8158633708953857,-0.10964800417423248,0.4050510823726654,2.8176703453063965,0.432125985622406,0,0,0,0,0,0,0,0,0,0,0,0,0,0,0,0,0,0,0,0,0,0,0,0,0,0,0,0,0,0,0,0,0,0,0,0,0,0,0,0,0,0,0,0,0,0,0,0,0,0,0,0,0,0,0,0,0,0,0,0,0,0,0,0.18280373513698578,0.675374448299408,5.234926447883481e-07,0.2207673192024231,0.6388887166976929,-0.025245707482099533,0.23451241850852966,0.5787681937217712,-0.03722833842039108,0.2112739086151123,0.5314887166023254,-0.049771830439567566,0.18012216687202454,0.4989195764064789,-0.061157096177339554,0.2503310739994049,0.48852694034576416,-0.01286731380969286,0.2804397940635681,0.4181503653526306,-0.03249281644821167,0.2977387011051178,0.37289032340049744,-0.04753899574279785,0.31197378039360046,0.3333706259727478,-0.05730300769209862,0.21480214595794678,0.4742923080921173,-0.014985013753175735,0.2195613533258438,0.3897664248943329,-0.03716544806957245,0.21811909973621368,0.33276861906051636,-0.05353054031729698,0.21775631606578827,0.2830902338027954,-0.06274387985467911,0.17993192374706268,0.48289385437965393,-0.020528707653284073,0.17586544156074524,0.42151737213134766,-0.05348574370145798,0.17582476139068604,0.4651348888874054,-0.06026877090334892,0.175627663731575,0.5061532258987427,-0.055177975445985794,0.1489926427602768,0.5067040920257568,-0.02792913280427456,0.14306095242500305,0.46023717522621155,-0.05468839406967163,0.14919322729110718,0.4900844097137451,-0.05468522757291794,0.15435776114463806,0.5249475240707397,-0.04761822149157524,victory
0.5499835014343262,0.39736396074295044,-0.7303100824356079,0.5888086557388306,0.3463536202907562,-0.6973596811294556,0.6060203909873962,0.34924668073654175,-0.6970975995063782,0.6230216026306152,0.35219308733940125,-0.6970729827880859,0.5428034067153931,0.336813360452652,-0.6629648804664612,0.5284415483474731,0.332372784614563,-0.6624284982681274,0.5161751508712769,0.3278614282608032,-0.6625715494155884,0.648265540599823,0.3782195746898651,-0.3813784718513489,0.511060357093811,0.34524816274642944,-0.21690857410430908,0.5739860534667969,0.4644765853881836,-0.6224175095558167,0.5176395177841187,0.45253175497055054,-0.5726330280303955,0.7766679525375366,0.6763640642166138,-0.2214043140411377,0.37694108486175537,0.6559431552886963,-0.08098990470170975,0.8720903396606445,0.9981586337089539,-0.29365235567092896,0.20199838280677795,0.8971798419952393,-0.6747775077819824,0.915474534034729,1.3746147155761719,-0.5742833018302917,0.19495220482349396,0.6392278075218201,-1.7498366832733154,0.9381372332572937,1.477721095085144,-0.6622649431228638,0.18347066640853882,0.5105552077293396,-1.956201195716858,0.8926066160202026,1.4543100595474243,-0.694674551486969,0.227271169424057,0.4619361162185669,-1.9129759073257446,0.8691390156745911,1.4259495735168457,-0.6022282242774963,0.240127295255661,0.5246765613555908,-1.7697893381118774,0.6876875162124634,1.4461228847503662,-0.09000612795352936,0.39786699414253235,1.4257680177688599,0.09439513087272644,0.6540791988372803,2.080237865447998,-0.07223407924175262,0.39369097352027893,2.0679965019226074,0.4582458436489105,0.6352957487106323,2.6420910358428955,0.49977120757102966,0.3728260397911072,2.6282594203948975,1.2109463214874268,0.6412848830223083,2.7175559997558594,0.5228251218795776,0.36399632692337036,2.69795823097229,1.2783359289169312,0.5854530930519104,2.8163249492645264,-0.08622878789901733,0.39768028259277344,2.8182179927825928,0.6543483138084412,0,0,0,0,0,0,0,0,0,0,0,0,0,0,0,0,0,0,0,0,0,0,0,0,0,0,0,0,0,0,0,0,0,0,0,0,0,0,0,0,0,0,0,0,0,0,0,0,0,0,0,0,0,0,0,0,0,0,0,0,0,0,0,0.16971749067306519,0.6904604434967041,5.347864089344512e-07,0.20835848152637482,0.6586012840270996,-0.029268912971019745,0.22403958439826965,0.6014074087142944,-0.04263358563184738,0.1983603984117508,0.5552523732185364,-0.05604654923081398,0.1631578505039215,0.524527907371521,-0.06816378980875015,0.23906730115413666,0.5050280094146729,-0.016802677884697914,0.26927846670150757,0.42890021204948425,-0.03615996241569519,0.28567999601364136,0.38117721676826477,-0.05088287219405174,0.2991265654563904,0.33962923288345337,-0.06080419942736626,0.20290431380271912,0.4897920489311218,-0.017179053276777267,0.2052941769361496,0.4015393853187561,-0.03981019929051399,0.20424793660640717,0.3420478105545044,-0.057704318314790726,0.20386137068271637,0.29293006658554077,-0.06839574873447418,0.16870689392089844,0.4992047846317291,-0.021207427605986595,0.16428598761558533,0.4347122013568878,-0.05467326566576958,0.16406255960464478,0.4754316508769989,-0.06475955992937088,0.16271069645881653,0.516736626625061,-0.06219286471605301,0.1381153166294098,0.5230887532234192,-0.02736172080039978,0.13387924432754517,0.4726397395133972,-0.054533880203962326,0.13739007711410522,0.4958593249320984,-0.05760471150279045,0.1396719366312027,0.5285086035728455,-0.05325595661997795,victory
0.5498009920120239,0.39590534567832947,-0.7366924285888672,0.5882672071456909,0.34501028060913086,-0.703967809677124,0.6055176258087158,0.34792232513427734,-0.7037245631217957,0.622622013092041,0.35087957978248596,-0.7037051916122437,0.5424672961235046,0.3354531526565552,-0.6700968146324158,0.5281747579574585,0.33106422424316406,-0.6695564985275269,0.5160187482833862,0.32683974504470825,-0.6697099208831787,0.6481219530105591,0.37692853808403015,-0.3818851113319397,0.5110450387001038,0.34479570388793945,-0.21827693283557892,0.5739827752113342,0.46323779225349426,-0.6272991895675659,0.5176461338996887,0.4510493874549866,-0.5781663656234741,0.7768772840499878,0.675767719745636,-0.2202199250459671,0.376930832862854,0.6561117768287659,-0.07979681342840195,0.8722535371780396,0.9986948370933533,-0.2930881381034851,0.20142897963523865,0.8983537554740906,-0.6764250993728638,0.9213574528694153,1.376311182975769,-0.5752036571502686,0.19535309076309204,0.6423119306564331,-1.756898283958435,0.9448674321174622,1.4797507524490356,-0.663343071937561,0.18205882608890533,0.5168457627296448,-1.9620717763900757,0.8994480967521667,1.4564162492752075,-0.6953322291374207,0.22691984474658966,0.4670279920101166,-1.9176361560821533,0.8754275441169739,1.4280987977981567,-0.6028873920440674,0.24012203514575958,0.5281835794448853,-1.7761329412460327,0.6876182556152344,1.446487545967102,-0.09106310456991196,0.3977383077144623,1.4268417358398438,0.09543729573488235,0.6537443399429321,2.080522298812866,-0.07176850736141205,0.39342039823532104,2.0691978931427,0.4751509726047516,0.6343669295310974,2.6420936584472656,0.5004941821098328,0.36870452761650085,2.6287906169891357,1.2252856492996216,0.6403182744979858,2.7175357341766357,0.5237399339675903,0.3594241440296173,2.6988322734832764,1.2921756505966187,0.5846993923187256,2.817317008972168,-0.07690183818340302,0.3926776647567749,2.819126844406128,0.6694979667663574,0,0,0,0,0,0,0,0,0,0,0,0,0,0,0,0,0,0,0,0,0,0,0,0,0,0,0,0,0,0,0,0,0,0,0,0,0,0,0,0,0,0,0,0,0,0,0,0,0,0,0,0,0,0,0,0,0,0,0,0,0,0,0,0.17281697690486908,0.6923927068710327,5.445880901788769e-07,0.21023309230804443,0.6594563126564026,-0.026230908930301666,0.22502361238002777,0.5994156002998352,-0.0386299304664135,0.19885104894638062,0.5526986122131348,-0.051356974989175797,0.16555342078208923,0.5194138884544373,-0.06250450015068054,0.23839551210403442,0.5034732818603516,-0.015251685865223408,0.26950448751449585,0.43004193902015686,-0.035573311150074005,0.2871214747428894,0.38226354122161865,-0.050414834171533585,0.3007223308086395,0.34148305654525757,-0.059801749885082245,0.20223137736320496,0.4894144833087921,-0.01702381670475006,0.2055162787437439,0.40087518095970154,-0.03983242064714432,0.20415633916854858,0.34173858165740967,-0.05611661449074745,0.20325802266597748,0.29176974296569824,-0.06494885683059692,0.16770614683628082,0.4996629059314728,-0.022219734266400337,0.16079466044902802,0.4371736943721771,-0.0551285557448864,0.1622985601425171,0.47875797748565674,-0.0617033988237381,0.16329452395439148,0.5191905498504639,-0.05630211532115936,0.13736549019813538,0.5248168110847473,-0.029452910646796227,0.1311676800251007,0.4768323302268982,-0.05544954910874367,0.13706690073013306,0.5013546943664551,-0.055617671459913254,0.14209936559200287,0.5326590538024902,-0.04873088747262955,victory
0.5499328970909119,0.39495405554771423,-0.7398170232772827,0.5883501172065735,0.34424617886543274,-0.7035574913024902,0.6056531667709351,0.34718114137649536,-0.7033450603485107,0.6227236986160278,0.3501951992511749,-0.7033426761627197,0.5424526333808899,0.3345384895801544,-0.6727526187896729,0.5280994176864624,0.33017805218696594,-0.6722050309181213,0.5158880949020386,0.3261018395423889,-0.6723657846450806,0.6481117010116577,0.37632685899734497,-0.377224862575531,0.5106778740882874,0.3444877564907074,-0.2207983285188675,0.5742486119270325,0.4621316194534302,-0.6263293623924255,0.5176900625228882,0.4495580494403839,-0.580826997756958,0.7767453789710999,0.6757386326789856,-0.21876160800457,0.3752779960632324,0.6568953394889832,-0.0937240943312645,0.8723758459091187,0.9984259009361267,-0.3008856177330017,0.2016480416059494,0.8991388082504272,-0.691747784614563,0.9207803606987,1.377379059791565,-0.5911389589309692,0.19542643427848816,0.6630877256393433,-1.7678062915802002,0.9440361261367798,1.4821343421936035,-0.6822755932807922,0.177607923746109,0.5383024215698242,-1.9729896783828735,0.8984285593032837,1.4587634801864624,-0.7133347392082214,0.22443509101867676,0.4763041138648987,-1.9321718215942383,0.8749562501907349,1.429862141609192,-0.6190105080604553,0.23952588438987732,0.5398063063621521,-1.7878525257110596,0.6895028948783875,1.446835994720459,-0.08545153588056564,0.39813047647476196,1.4304581880569458,0.08995380997657776,0.6618453860282898,2.0819005966186523,-0.06985337287187576,0.39712628722190857,2.0758254528045654,0.44528889656066895,0.6467980146408081,2.6455225944519043,0.4913552403450012,0.38247910141944885,2.6361424922943115,1.1400359869003296,0.6535483002662659,2.721804618835449,0.5120154023170471,0.3745080530643463,2.706059217453003,1.1994165182113647,0.5976000428199768,2.8203821182250977,-0.08212558180093765,0.4112861752510071,2.8280060291290283,0.5863856077194214,0,0,0,0,0,0,0,0,0,0,0,0,0,0,0,0,0,0,0,0,0,0,0,0,0,0,0,0,0,0,0,0,0,0,0,0,0,0,0,0,0,0,0,0,0,0,0,0,0,0,0,0,0,0,0,0,0,0,0,0,0,0,0,0.1676807403564453,0.7050180435180664,5.377776233217446e-07,0.20588254928588867,0.6738464832305908,-0.02879491075873375,0.22059012949466705,0.6129564642906189,-0.04232139512896538,0.19591820240020752,0.5640387535095215,-0.05558844283223152,0.16054776310920715,0.5295447111129761,-0.0674162283539772,0.23925349116325378,0.5118246674537659,-0.016302620992064476,0.2680628299713135,0.43704405426979065,-0.035360973328351974,0.2844909429550171,0.388913631439209,-0.05020325630903244,0.29772651195526123,0.3457893133163452,-0.06059068813920021,0.20254243910312653,0.49441513419151306,-0.016948403790593147,0.20464587211608887,0.40776532888412476,-0.039626944810152054,0.201380655169487,0.3488306999206543,-0.05734355002641678,0.19903726875782013,0.29744821786880493,-0.0677202045917511,0.16719721257686615,0.5030109286308289,-0.020881881937384605,0.15933074057102203,0.44247257709503174,-0.0549880750477314,0.15921905636787415,0.49099645018577576,-0.06274252384901047,0.15873876214027405,0.5347191095352173,-0.05828709900379181,0.13613054156303406,0.5288041830062866,-0.026912802830338478,0.12807880342006683,0.48512738943099976,-0.05596919730305672,0.13446155190467834,0.5183621048927307,-0.057624392211437225,0.14041531085968018,0.5551777482032776,-0.05148237198591232,victory
0.5493283867835999,0.39521563053131104,-0.7385171055793762,0.5877265930175781,0.3444441854953766,-0.7043403387069702,0.6049994230270386,0.3474513292312622,-0.7041492462158203,0.6221200823783875,0.3505724370479584,-0.7041269540786743,0.5418136715888977,0.3346065580844879,-0.672539234161377,0.5273722410202026,0.3302539587020874,-0.671992838382721,0.515286922454834,0.3262304365634918,-0.672162652015686,0.6478086709976196,0.37657201290130615,-0.3778710961341858,0.5104113817214966,0.34466513991355896,-0.22274363040924072,0.5738683342933655,0.4622694253921509,-0.625795841217041,0.5173983573913574,0.4496367871761322,-0.5790020823478699,0.7766644954681396,0.67540442943573,-0.2240181267261505,0.3751969039440155,0.65717613697052,-0.08745689690113068,0.8722696304321289,0.9972025752067566,-0.32158559560775757,0.20023484528064728,0.900112509727478,-0.6465654969215393,0.9203513264656067,1.3752977848052979,-0.6197516918182373,0.19474492967128754,0.6693119406700134,-1.7005460262298584,0.942785382270813,1.4787921905517578,-0.7167982459068298,0.17396914958953857,0.547143280506134,-1.9005801677703857,0.8970929980278015,1.4553409814834595,-0.7470431327819824,0.223001629114151,0.48213809728622437,-1.862717628479004,0.8739672899246216,1.426867127418518,-0.649001955986023,0.23909687995910645,0.5447819232940674,-1.7215324640274048,0.6867634057998657,1.4456579685211182,-0.08682706207036972,0.3953900635242462,1.4291478395462036,0.09139187633991241,0.6594251394271851,2.0819969177246094,-0.07610532641410828,0.3965946435928345,2.0757172107696533,0.39061638712882996,0.6433144807815552,2.6460506916046143,0.47901734709739685,0.3817391097545624,2.6361312866210938,1.0249425172805786,0.6506205797195435,2.7221343517303467,0.4991459846496582,0.37343543767929077,2.706298351287842,1.0788748264312744,0.5893221497535706,2.8215649127960205,-0.08999183028936386,0.4084928631782532,2.8277719020843506,0.46317988634109497,0,0,0,0,0,0,0,0,0,0,0,0,0,0,0,0,0,0,0,0,0,0,0,0,0,0,0,0,0,0,0,0,0,0,0,0,0,0,0,0,0,0,0,0,0,0,0,0,0,0,0,0,0,0,0,0,0,0,0,0,0,0,0,0.1706143021583557,0.7083925604820251,5.346997795641073e-07,0.21073688566684723,0.6772685050964355,-0.026878608390688896,0.22459492087364197,0.6163122057914734,-0.03897158429026604,0.1997327357530594,0.5706999897956848,-0.051533401012420654,0.16533812880516052,0.5375931262969971,-0.06262312829494476,0.2404610812664032,0.5097680687904358,-0.012615892104804516,0.26974043250083923,0.43693041801452637,-0.030981212854385376,0.28631263971328735,0.38931024074554443,-0.04544493928551674,0.2985447943210602,0.3464386463165283,-0.055799249559640884,0.2030535638332367,0.4943944215774536,-0.014512087218463421,0.203984335064888,0.40932729840278625,-0.03729766979813576,0.2010384500026703,0.3506622910499573,-0.0548982247710228,0.1983620822429657,0.299332857131958,-0.06525582075119019,0.16751940548419952,0.5049772262573242,-0.01986837573349476,0.1579243689775467,0.44394463300704956,-0.05491068586707115,0.15942035615444183,0.4950138330459595,-0.06272082030773163,0.16047438979148865,0.5399802923202515,-0.05798836052417755,0.13648757338523865,0.5331665277481079,-0.027198297902941704,0.12870579957962036,0.48955079913139343,-0.05716472119092941,0.1348833590745926,0.524325966835022,-0.059075530618429184,0.14036479592323303,0.5622321963310242,-0.053039900958538055,victory
0.5487295389175415,0.39551717042922974,-0.7388471364974976,0.5871126055717468,0.34471532702445984,-0.7055362462997437,0.6043683290481567,0.34779784083366394,-0.7053571939468384,0.6215317249298096,0.3510330021381378,-0.7053290605545044,0.5412095785140991,0.33473774790763855,-0.6732748746871948,0.5267221331596375,0.3303978741168976,-0.6727288961410522,0.5147618055343628,0.32643330097198486,-0.672904908657074,0.6475338339805603,0.3768848776817322,-0.3800656199455261,0.5102189779281616,0.3448641002178192,-0.22405323386192322,0.573495626449585,0.4624575972557068,-0.6261624097824097,0.5171173810958862,0.44977325201034546,-0.5787286162376404,0.7766238451004028,0.67521733045578,-0.22764644026756287,0.37516531348228455,0.6574928164482117,-0.08372679352760315,0.8722270727157593,0.9966628551483154,-0.3288915455341339,0.19925983250141144,0.9007677435874939,-0.6323277354240417,0.919757068157196,1.3740062713623047,-0.6275714635848999,0.19434957206249237,0.6737855076789856,-1.6869666576385498,0.9418918490409851,1.4768329858779907,-0.7259228229522705,0.17197413742542267,0.553367555141449,-1.8865137100219727,0.8961061239242554,1.4532302618026733,-0.756030797958374,0.22188612818717957,0.48728546500205994,-1.8495728969573975,0.8730916976928711,1.4249837398529053,-0.6571192145347595,0.238738015294075,0.5490388870239258,-1.7082446813583374,0.6850967407226562,1.4448918104171753,-0.08828060328960419,0.39360472559928894,1.428140640258789,0.09288700670003891,0.6575678586959839,2.082108736038208,-0.07888306677341461,0.39628973603248596,2.075559139251709,0.3761725127696991,0.6402985453605652,2.6465165615081787,0.47608867287635803,0.38064107298851013,2.636091709136963,1.0081892013549805,0.6478298306465149,2.7224419116973877,0.4962316155433655,0.37209832668304443,2.706435203552246,1.062192678451538,0.5834206342697144,2.8225762844085693,-0.09230716526508331,0.4057144224643707,2.8275885581970215,0.44452542066574097,0,0,0,0,0,0,0,0,0,0,0,0,0,0,0,0,0,0,0,0,0,0,0,0,0,0,0,0,0,0,0,0,0,0,0,0,0,0,0,0,0,0,0,0,0,0,0,0,0,0,0,0,0,0,0,0,0,0,0,0,0,0,0,0.1696758270263672,0.7107654809951782,5.53689631033194e-07,0.21162691712379456,0.6787169575691223,-0.025599155575037003,0.22522711753845215,0.6158207058906555,-0.037338197231292725,0.20050345361232758,0.5705074667930603,-0.04975155368447304,0.16437745094299316,0.5394682288169861,-0.06078615039587021,0.2394869476556778,0.5111811757087708,-0.011882532387971878,0.2691686749458313,0.43710386753082275,-0.030309423804283142,0.28622153401374817,0.38943666219711304,-0.04458826407790184,0.2987353801727295,0.34591448307037354,-0.054611507803201675,0.20214761793613434,0.495095431804657,-0.014130259864032269,0.20419906079769135,0.40896713733673096,-0.03699006140232086,0.2018701583147049,0.3500977158546448,-0.053883593529462814,0.19914260506629944,0.2981891930103302,-0.06340712308883667,0.16644662618637085,0.5046472549438477,-0.019660012796521187,0.15881668031215668,0.44407668709754944,-0.05427757278084755,0.16174086928367615,0.4993683397769928,-0.06032608076930046,0.1632312834262848,0.545564591884613,-0.054063670337200165,0.13490039110183716,0.5319648385047913,-0.027076750993728638,0.12916889786720276,0.4895011782646179,-0.05596471577882767,0.1367112398147583,0.5270366072654724,-0.05601249262690544,0.14250709116458893,0.5654197335243225,-0.04844113066792488,victory
0.5482200980186462,0.3960537910461426,-0.7398663759231567,0.5865556001663208,0.34520724415779114,-0.7068073153495789,0.6038071513175964,0.3483775854110718,-0.7066321969032288,0.6209979057312012,0.351738303899765,-0.7066055536270142,0.540664553642273,0.3350396454334259,-0.6744468808174133,0.5261446237564087,0.3307128846645355,-0.6739001274108887,0.5142910480499268,0.32681259512901306,-0.6740804314613342,0.6472715735435486,0.377323180437088,-0.38480180501937866,0.5100329518318176,0.3451191186904907,-0.22451147437095642,0.5731354355812073,0.4628181755542755,-0.6269910931587219,0.5168647170066833,0.45009884238243103,-0.5793158411979675,0.7765870690345764,0.6750909090042114,-0.231516033411026,0.37515583634376526,0.6576436161994934,-0.08236045390367508,0.8721283078193665,0.9964880347251892,-0.33537524938583374,0.19872596859931946,0.9012438058853149,-0.6262098550796509,0.9189993143081665,1.3732013702392578,-0.6368951797485352,0.1942032128572464,0.6767961382865906,-1.6809688806533813,0.9415831565856934,1.4755120277404785,-0.7361539602279663,0.17091698944568634,0.5579502582550049,-1.8803390264511108,0.8957409858703613,1.4517639875411987,-0.7660101652145386,0.22108371555805206,0.49152088165283203,-1.8441483974456787,0.8728541135787964,1.423648715019226,-0.6665118932723999,0.23847970366477966,0.5522388815879822,-1.702413558959961,0.6837888956069946,1.4442945718765259,-0.08920491486787796,0.3923030495643616,1.4272571802139282,0.09383071959018707,0.6559169292449951,2.0821619033813477,-0.07930365949869156,0.3961283266544342,2.0752921104431152,0.3707197308540344,0.6376783847808838,2.6467509269714355,0.47658854722976685,0.37953662872314453,2.636021852493286,1.0038400888442993,0.6452666521072388,2.7225699424743652,0.4968652129173279,0.3708530366420746,2.7064573764801025,1.057930588722229,0.5791455507278442,2.82308030128479,-0.09163494408130646,0.4033510088920593,2.827484607696533,0.43946123123168945,0,0,0,0,0,0,0,0,0,0,0,0,0,0,0,0,0,0,0,0,0,0,0,0,0,0,0,0,0,0,0,0,0,0,0,0,0,0,0,0,0,0,0,0,0,0,0,0,0,0,0,0,0,0,0,0,0,0,0,0,0,0,0,0.16917955875396729,0.7115492820739746,5.478226512423134e-07,0.21164196729660034,0.6782538890838623,-0.024858178570866585,0.22505256533622742,0.6146602630615234,-0.03629324212670326,0.20067408680915833,0.5693923234939575,-0.04860185086727142,0.16464610397815704,0.538405179977417,-0.059535618871450424,0.2396022379398346,0.511183500289917,-0.011194314807653427,0.26930904388427734,0.436875581741333,-0.029353449121117592,0.2861843705177307,0.3892706632614136,-0.04349939152598381,0.2986021041870117,0.34586215019226074,-0.0535157285630703,0.20224030315876007,0.49521327018737793,-0.013876615092158318,0.20399121940135956,0.4088187515735626,-0.03633465617895126,0.20188482105731964,0.3505250811576843,-0.052954308688640594,0.19941112399101257,0.299092561006546,-0.062453895807266235,0.16626916825771332,0.5049712657928467,-0.019827598705887794,0.15917766094207764,0.4443441927433014,-0.05386004596948624,0.1630232334136963,0.49965232610702515,-0.05962999910116196,0.16484688222408295,0.5455681085586548,-0.0534612275660038,0.13441163301467896,0.5323418974876404,-0.027671216055750847,0.12984581291675568,0.49065250158309937,-0.05599800869822502,0.13815991580486298,0.5278762578964233,-0.05589376762509346,0.1439172327518463,0.5656638145446777,-0.048463113605976105,victory
0.5480242371559143,0.39903390407562256,-0.8302184343338013,0.5857267379760742,0.3474183678627014,-0.7900089025497437,0.6029794812202454,0.3504590094089508,-0.7898879647254944,0.6200951337814331,0.35376253724098206,-0.7899972796440125,0.540099024772644,0.3376040756702423,-0.757925271987915,0.5256877541542053,0.3335335850715637,-0.7572752237319946,0.5138841271400452,0.3298810124397278,-0.7574713826179504,0.6466745138168335,0.3782216012477875,-0.4310455322265625,0.5099126696586609,0.34664687514305115,-0.266508013010025,0.5730849504470825,0.46412140130996704,-0.7000298500061035,0.5168840885162354,0.45255807042121887,-0.6529108285903931,0.7766183614730835,0.6751705408096313,-0.2410760223865509,0.37515968084335327,0.6592092514038086,-0.10024932771921158,0.8721664547920227,0.9972953796386719,-0.3175024390220642,0.1990717500448227,0.9015284776687622,-0.6575122475624084,0.9188069105148315,1.381619930267334,-0.6184763312339783,0.19296324253082275,0.6766883730888367,-1.765098214149475,0.9411300420761108,1.484264612197876,-0.7127493619918823,0.1698969155550003,0.5578673481941223,-1.9743459224700928,0.8956184387207031,1.4632693529129028,-0.7491875886917114,0.21874141693115234,0.49177223443984985,-1.944776177406311,0.8725289106369019,1.4343984127044678,-0.6494358777999878,0.23636487126350403,0.5524269342422485,-1.7895091772079468,0.6847614049911499,1.4444319009780884,-0.09006889164447784,0.3928174376487732,1.4278758764266968,0.09467994421720505,0.6564934849739075,2.0819809436798096,-0.05278491973876953,0.3954448699951172,2.0752339363098145,0.4136267602443695,0.6386280655860901,2.6452724933624268,0.5612137317657471,0.3781149089336395,2.6360116004943848,1.145113229751587,0.6454669833183289,2.7207531929016113,0.5869423747062683,0.36943796277046204,2.706726551055908,1.208001971244812,0.5818833112716675,2.8219265937805176,-0.03459098935127258,0.4019821584224701,2.827390193939209,0.5501850247383118,0,0,0,0,0,0,0,0,0,0,0,0,0,0,0,0,0,0,0,0,0,0,0,0,0,0,0,0,0,0,0,0,0,0,0,0,0,0,0,0,0,0,0,0,0,0,0,0,0,0,0,0,0,0,0,0,0,0,0,0,0,0,0,0.17304490506649017,0.7123515009880066,5.495400046129362e-07,0.21374791860580444,0.6794770359992981,-0.026701876893639565,0.22912129759788513,0.6165840029716492,-0.03874429315328598,0.20171460509300232,0.5715757608413696,-0.05113738030195236,0.16540952026844025,0.5409478545188904,-0.061951249837875366,0.24150195717811584,0.5110647678375244,-0.012738076969981194,0.27092692255973816,0.4377952218055725,-0.030754296109080315,0.28775784373283386,0.3903845548629761,-0.04476384446024895,0.3007681965827942,0.34772610664367676,-0.05462178587913513,0.20377200841903687,0.4960213899612427,-0.014507859945297241,0.20477604866027832,0.4094046354293823,-0.03631787747144699,0.20215928554534912,0.3508744537830353,-0.05301607772707939,0.20019258558750153,0.2996668815612793,-0.06264615803956985,0.168589785695076,0.5070387125015259,-0.019645513966679573,0.15987053513526917,0.44772911071777344,-0.0537324957549572,0.16186641156673431,0.49862465262413025,-0.06092804670333862,0.16290630400180817,0.5433550477027893,-0.05571280047297478,0.1380862295627594,0.5349664688110352,-0.026753857731819153,0.13074100017547607,0.4935625195503235,-0.05546741560101509,0.13765458762645721,0.5275967717170715,-0.056562647223472595,0.14330323040485382,0.5643814206123352,-0.04992785304784775,victory
0.5478832721710205,0.4013937711715698,-0.864914059638977,0.585133969783783,0.34936463832855225,-0.8235026597976685,0.6023974418640137,0.3523367643356323,-0.823392391204834,0.6194539070129395,0.3555995225906372,-0.8235236406326294,0.5396198034286499,0.33969345688819885,-0.7918574810028076,0.5252742767333984,0.3357789218425751,-0.7911880016326904,0.5134948492050171,0.3322716951370239,-0.7913804054260254,0.6461808085441589,0.37911444902420044,-0.455641508102417,0.5097349286079407,0.3479836583137512,-0.2916056513786316,0.5730495452880859,0.46531736850738525,-0.7307930588722229,0.5168896317481995,0.45452654361724854,-0.6843169927597046,0.7766287922859192,0.6753271222114563,-0.2508356273174286,0.3751487135887146,0.660335898399353,-0.11350550502538681,0.8721634149551392,0.9982934594154358,-0.31166285276412964,0.19844911992549896,0.9018584489822388,-0.6732194423675537,0.9178230166435242,1.3863625526428223,-0.6154030561447144,0.19221417605876923,0.6764670610427856,-1.7918332815170288,0.9395800828933716,1.4890998601913452,-0.7092838287353516,0.1693328320980072,0.5577219724655151,-2.002650499343872,0.8945171236991882,1.4691461324691772,-0.7472633719444275,0.21732047200202942,0.49202826619148254,-1.97432541847229,0.871722400188446,1.4398891925811768,-0.64681077003479,0.23500025272369385,0.5525662302970886,-1.8164211511611938,0.6851195096969604,1.4446351528167725,-0.09085611999034882,0.39298874139785767,1.4284952878952026,0.09545008093118668,0.6566553115844727,2.08194899559021,-0.04046701267361641,0.39491549134254456,2.0751357078552246,0.41938677430152893,0.6388405561447144,2.644744873046875,0.5883573293685913,0.3772222399711609,2.6362428665161133,1.1539826393127441,0.6453247666358948,2.719986915588379,0.6149970293045044,0.36849331855773926,2.707364082336426,1.216363787651062,0.5827360153198242,2.8216352462768555,-0.012780042365193367,0.4010505676269531,2.8272511959075928,0.5540387630462646,0,0,0,0,0,0,0,0,0,0,0,0,0,0,0,0,0,0,0,0,0,0,0,0,0,0,0,0,0,0,0,0,0,0,0,0,0,0,0,0,0,0,0,0,0,0,0,0,0,0,0,0,0,0,0,0,0,0,0,0,0,0,0,0.17197957634925842,0.7125762701034546,5.560665385928587e-07,0.21327975392341614,0.6782841682434082,-0.02540406957268715,0.22766247391700745,0.6157181859016418,-0.03735123947262764,0.20143038034439087,0.5714766383171082,-0.0499393604695797,0.16469043493270874,0.5417199730873108,-0.061083558946847916,0.24060219526290894,0.5129154920578003,-0.01248203031718731,0.2707526683807373,0.4383322596549988,-0.030878262594342232,0.2876651883125305,0.390592098236084,-0.04491805657744408,0.3006300926208496,0.3476536273956299,-0.054660771042108536,0.20331601798534393,0.4972273111343384,-0.014769739471375942,0.2047647386789322,0.41027534008026123,-0.03711557015776634,0.20230376720428467,0.3512006402015686,-0.053800180554389954,0.20008179545402527,0.29990917444229126,-0.0633058175444603,0.16805970668792725,0.507081151008606,-0.02028227597475052,0.16027744114398956,0.44838017225265503,-0.05376554653048515,0.1631690412759781,0.49962902069091797,-0.060053274035453796,0.1645708531141281,0.5441493988037109,-0.05435750260949135,0.1371236890554428,0.5335433483123779,-0.02773212268948555,0.13022784888744354,0.49268272519111633,-0.05535971373319626,0.13765046000480652,0.5268672704696655,-0.055546827614307404,0.14347848296165466,0.563050389289856,-0.04837756231427193,victory
0.5479260683059692,0.4016377329826355,-0.77378249168396,0.5851309895515442,0.34958431124687195,-0.7402380704879761,0.6023909449577332,0.3526037931442261,-0.7401173114776611,0.6194478273391724,0.3559383451938629,-0.7401915788650513,0.5395885705947876,0.3399991989135742,-0.7075678110122681,0.5252166390419006,0.33619025349617004,-0.706960916519165,0.5133975744247437,0.33279845118522644,-0.7071715593338013,0.6461488008499146,0.37960803508758545,-0.42165741324424744,0.5094941854476929,0.3486798405647278,-0.25389423966407776,0.573161780834198,0.46559303998947144,-0.6585626602172852,0.5169228315353394,0.45498159527778625,-0.6108100414276123,0.7766722440719604,0.6753244400024414,-0.24851465225219727,0.3754996061325073,0.6615898013114929,-0.09986129403114319,0.8726788759231567,0.997497022151947,-0.3203319311141968,0.20019927620887756,0.905065655708313,-0.6384934186935425,0.9172294735908508,1.385529637336731,-0.6175864338874817,0.1924455463886261,0.676589846611023,-1.6804988384246826,0.9396218061447144,1.487514853477478,-0.7096168994903564,0.16951434314250946,0.5571644902229309,-1.8770462274551392,0.894719123840332,1.4680969715118408,-0.747502326965332,0.2173549383878708,0.4921455383300781,-1.8407604694366455,0.8716109395027161,1.4390604496002197,-0.648686945438385,0.2350241243839264,0.5534011721611023,-1.7007766962051392,0.685463547706604,1.4437823295593262,-0.09035564959049225,0.39321404695510864,1.4281883239746094,0.09491347521543503,0.6571143865585327,2.0808215141296387,-0.05454208329319954,0.3945443034172058,2.073930263519287,0.3739853501319885,0.6390275955200195,2.6444714069366455,0.5169941782951355,0.3764590620994568,2.635619640350342,1.0098928213119507,0.645473837852478,2.7196993827819824,0.5388999581336975,0.3677729070186615,2.7065446376800537,1.0631377696990967,0.583953320980072,2.821159601211548,-0.052968092262744904,0.40090233087539673,2.8264667987823486,0.43985515832901,0,0,0,0,0,0,0,0,0,0,0,0,0,0,0,0,0,0,0,0,0,0,0,0,0,0,0,0,0,0,0,0,0,0,0,0,0,0,0,0,0,0,0,0,0,0,0,0,0,0,0,0,0,0,0,0,0,0,0,0,0,0,0,0.17591603100299835,0.7103079557418823,5.424948312793276e-07,0.2167842984199524,0.678012490272522,-0.02603328600525856,0.23188795149326324,0.6177506446838379,-0.038228701800107956,0.20635706186294556,0.5725568532943726,-0.05112168937921524,0.16922840476036072,0.5418106913566589,-0.06289104372262955,0.2433280050754547,0.5113636255264282,-0.012892837636172771,0.2727712094783783,0.43754515051841736,-0.030669033527374268,0.28967392444610596,0.3913295567035675,-0.0450984463095665,0.3026019036769867,0.3479168713092804,-0.05562398210167885,0.2051955759525299,0.49628520011901855,-0.015136991627514362,0.20663487911224365,0.4099773168563843,-0.036866504698991776,0.20360565185546875,0.3517377972602844,-0.054321061819791794,0.20071983337402344,0.29865729808807373,-0.06510787457227707,0.16959908604621887,0.5073378086090088,-0.020516689866781235,0.16267284750938416,0.44473758339881897,-0.05451205372810364,0.16674961149692535,0.49851101636886597,-0.06178634613752365,0.1685473769903183,0.5446320176124573,-0.05708572268486023,0.13862136006355286,0.5362482666969299,-0.027728062123060226,0.13403058052062988,0.4918745160102844,-0.05667592212557793,0.14225752651691437,0.5286602973937988,-0.05733957886695862,0.1481996774673462,0.5682592391967773,-0.05065913498401642,victory
0.5483248829841614,0.4027569890022278,-0.7907813787460327,0.5853206515312195,0.35063549876213074,-0.7553278207778931,0.6025793552398682,0.35373222827911377,-0.7551804780960083,0.6195576190948486,0.3570517897605896,-0.755278468132019,0.5396754741668701,0.3409050405025482,-0.7241396903991699,0.5252754092216492,0.33714115619659424,-0.7235127091407776,0.5133830308914185,0.33368951082229614,-0.7237130403518677,0.646149754524231,0.3800724148750305,-0.42387375235557556,0.5093427896499634,0.3492625653743744,-0.2607160210609436,0.5734564661979675,0.4663042724132538,-0.6692839860916138,0.5172123908996582,0.4558108150959015,-0.6232594847679138,0.776710569858551,0.67531418800354,-0.24696645140647888,0.3756047487258911,0.6612703204154968,-0.10671993345022202,0.8726569414138794,0.9979654550552368,-0.3149479329586029,0.198018416762352,0.9053094983100891,-0.6633947491645813,0.9171735048294067,1.3861080408096313,-0.6172139644622803,0.19439272582530975,0.672387957572937,-1.7233024835586548,0.9408300518989563,1.488083004951477,-0.7107394337654114,0.17271903157234192,0.5527369976043701,-1.9291915893554688,0.8960098028182983,1.4687960147857666,-0.7480239272117615,0.22079071402549744,0.4913007318973541,-1.8926973342895508,0.8722785115242004,1.4398871660232544,-0.6486098170280457,0.238468736410141,0.5530680418014526,-1.7424967288970947,0.6855082511901855,1.442807912826538,-0.09039651602506638,0.3931894600391388,1.4266983270645142,0.09494374692440033,0.6569801568984985,2.080167293548584,-0.052740294486284256,0.3932751715183258,2.0728261470794678,0.39052268862724304,0.6384526491165161,2.6439132690429688,0.5180463194847107,0.3729155957698822,2.6354384422302246,1.0660942792892456,0.6449024081230164,2.7190208435058594,0.5395482182502747,0.3639144003391266,2.706444263458252,1.1239535808563232,0.582187294960022,2.821141481399536,-0.05603344365954399,0.398014098405838,2.826364278793335,0.47816362977027893,0,0,0,0,0,0,0,0,0,0,0,0,0,0,0,0,0,0,0,0,0,0,0,0,0,0,0,0,0,0,0,0,0,0,0,0,0,0,0,0,0,0,0,0,0,0,0,0,0,0,0,0,0,0,0,0,0,0,0,0,0,0,0,0.17695967853069305,0.7116925716400146,5.426730922408751e-07,0.220015287399292,0.6821068525314331,-0.027652306482195854,0.23726651072502136,0.6206843256950378,-0.0398222953081131,0.21117962896823883,0.5756171345710754,-0.052398767322301865,0.17397139966487885,0.546461284160614,-0.06359581649303436,0.2485816776752472,0.5137228965759277,-0.012019583955407143,0.27816152572631836,0.4407944679260254,-0.030296120792627335,0.2950785160064697,0.39317530393600464,-0.04479968547821045,0.30857372283935547,0.35031038522720337,-0.054963625967502594,0.2108735591173172,0.49798664450645447,-0.01369912177324295,0.21123555302619934,0.41225260496139526,-0.03642134740948677,0.2078762650489807,0.3531494140625,-0.05411079153418541,0.2051396518945694,0.3009934425354004,-0.06422990560531616,0.17543350160121918,0.5080897808074951,-0.01888240873813629,0.16706769168376923,0.45122334361076355,-0.05441610887646675,0.16944710910320282,0.5049694180488586,-0.0620090514421463,0.1707269847393036,0.5507948398590088,-0.056605663150548935,0.14429065585136414,0.5352813005447388,-0.02605789341032505,0.13626380264759064,0.49453872442245483,-0.055910609662532806,0.14298975467681885,0.5312522053718567,-0.05684804543852806,0.14850211143493652,0.569340705871582,-0.049829404801130295,victory
0.548808217048645,0.4036980867385864,-0.7987038493156433,0.5855555534362793,0.3515656590461731,-0.7625241875648499,0.6027862429618835,0.35469695925712585,-0.7623680830001831,0.619675874710083,0.35798269510269165,-0.7624707221984863,0.5398097634315491,0.34174415469169617,-0.731871485710144,0.5253768563270569,0.33803504705429077,-0.7312405705451965,0.513375997543335,0.3345474302768707,-0.7314378023147583,0.6461511850357056,0.3804778754711151,-0.42542529106140137,0.5091907382011414,0.3498021364212036,-0.26477017998695374,0.5738002061843872,0.46686089038848877,-0.6748286485671997,0.5175535678863525,0.4565146565437317,-0.6295458674430847,0.7767465710639954,0.6752687096595764,-0.24579103291034698,0.3756805956363678,0.6610361337661743,-0.11051595211029053,0.8726580739021301,0.9981733560562134,-0.31142860651016235,0.19786816835403442,0.9055247902870178,-0.6761840581893921,0.9176772236824036,1.3861368894577026,-0.6166098117828369,0.19571450352668762,0.6695091724395752,-1.746059775352478,0.9425022006034851,1.4880813360214233,-0.7112598419189453,0.17475847899913788,0.5497189164161682,-1.954946756362915,0.8978095054626465,1.4687976837158203,-0.7483252286911011,0.22292974591255188,0.4905642569065094,-1.918566346168518,0.873543381690979,1.4399851560592651,-0.6482759714126587,0.24057653546333313,0.552710235118866,-1.7655267715454102,0.6855936646461487,1.4418160915374756,-0.09039829671382904,0.3931701183319092,1.4253334999084473,0.09493722021579742,0.6569344401359558,2.0793709754943848,-0.05015949159860611,0.39249950647354126,2.0715906620025635,0.4029116630554199,0.6380183100700378,2.6431849002838135,0.5214796662330627,0.3705832362174988,2.6350414752960205,1.0968353748321533,0.6444367170333862,2.7181828022003174,0.5428279638290405,0.3613930940628052,2.7061655521392822,1.1565550565719604,0.5809026956558228,2.82102632522583,-0.05615884065628052,0.39611929655075073,2.826305627822876,0.5072200298309326,0,0,0,0,0,0,0,0,0,0,0,0,0,0,0,0,0,0,0,0,0,0,0,0,0,0,0,0,0,0,0,0,0,0,0,0,0,0,0,0,0,0,0,0,0,0,0,0,0,0,0,0,0,0,0,0,0,0,0,0,0,0,0,0.1776593178510666,0.7110587358474731,5.547898922486638e-07,0.21948745846748352,0.6806195974349976,-0.02681824378669262,0.23589368164539337,0.6193862557411194,-0.038946475833654404,0.2101040482521057,0.5752768516540527,-0.05153990909457207,0.17364946007728577,0.5450078845024109,-0.06263604760169983,0.24751824140548706,0.5134477615356445,-0.01229254063218832,0.27793142199516296,0.44053003191947937,-0.030397752299904823,0.29492631554603577,0.3933776021003723,-0.04436975717544556,0.30742716789245605,0.35095250606536865,-0.05409684032201767,0.2101915329694748,0.49837473034858704,-0.013978030532598495,0.21165584027767181,0.4126666784286499,-0.0365745946764946,0.20916667580604553,0.35325437784194946,-0.053817957639694214,0.20612481236457825,0.301268994808197,-0.06362246721982956,0.1749628186225891,0.5086103081703186,-0.019050927832722664,0.16648264229297638,0.44982463121414185,-0.0539364293217659,0.16985151171684265,0.5017964243888855,-0.06127040833234787,0.1712685376405716,0.546870231628418,-0.0557955726981163,0.14398477971553802,0.5353606343269348,-0.026051035150885582,0.1373167634010315,0.49382564425468445,-0.055369529873132706,0.14462822675704956,0.5290659666061401,-0.056440211832523346,0.15015920996665955,0.5667669177055359,-0.04953058436512947,victory
0.5493029356002808,0.40442678332328796,-0.803809642791748,0.5858210325241089,0.3523349165916443,-0.7669543027877808,0.6030009388923645,0.35548415780067444,-0.7667962312698364,0.6197983026504517,0.358737975358963,-0.7669048309326172,0.5399903655052185,0.3424420952796936,-0.7369258403778076,0.5255279541015625,0.33878007531166077,-0.7362974286079407,0.5133843421936035,0.3352697193622589,-0.7365012168884277,0.6461519598960876,0.3808484673500061,-0.4259890913963318,0.5090914964675903,0.35024774074554443,-0.2682398557662964,0.574134111404419,0.467289537191391,-0.6783674955368042,0.5179063677787781,0.457067608833313,-0.6340025663375854,0.7767638564109802,0.6752107739448547,-0.24317899346351624,0.37575969099998474,0.6608951687812805,-0.11517151445150375,0.8726612329483032,0.9983966946601868,-0.30311617255210876,0.197750985622406,0.9056888818740845,-0.6877356171607971,0.9180065989494324,1.3862483501434326,-0.6095980405807495,0.19655242562294006,0.6677456498146057,-1.7631580829620361,0.9433785676956177,1.4882867336273193,-0.7053670883178711,0.17606115341186523,0.5478609800338745,-1.9734632968902588,0.8987364768981934,1.4690672159194946,-0.7435520887374878,0.2242286205291748,0.4900922477245331,-1.9375709295272827,0.8742712140083313,1.4402751922607422,-0.6419584155082703,0.2418484389781952,0.552430272102356,-1.7830841541290283,0.6856793165206909,1.4410299062728882,-0.08999136835336685,0.39315128326416016,1.424204707145691,0.09450832009315491,0.6568819284439087,2.0785939693450928,-0.04510131850838661,0.39174965023994446,2.0703859329223633,0.40778613090515137,0.6375347971916199,2.6424965858459473,0.5290717482566833,0.3685051202774048,2.6346096992492676,1.1085911989212036,0.6438312530517578,2.717442274093628,0.5505985021591187,0.35916319489479065,2.7058780193328857,1.168925404548645,0.5798576474189758,2.820910930633545,-0.05442244932055473,0.3944271206855774,2.8262391090393066,0.5190999507904053,0,0,0,0,0,0,0,0,0,0,0,0,0,0,0,0,0,0,0,0,0,0,0,0,0,0,0,0,0,0,0,0,0,0,0,0,0,0,0,0,0,0,0,0,0,0,0,0,0,0,0,0,0,0,0,0,0,0,0,0,0,0,0,0.17792530357837677,0.710859477519989,5.551759727495664e-07,0.22006943821907043,0.6799192428588867,-0.026318274438381195,0.23576180636882782,0.6184370517730713,-0.038311392068862915,0.21023698151111603,0.5746808648109436,-0.050865042954683304,0.1736818104982376,0.5450852513313293,-0.061997026205062866,0.24740715324878693,0.5131075382232666,-0.01239857915788889,0.27772802114486694,0.4405103921890259,-0.030762309208512306,0.2947227954864502,0.3935619592666626,-0.044851213693618774,0.3072539269924164,0.35122150182724,-0.05463547632098198,0.2102082520723343,0.4976138770580292,-0.014395550824701786,0.21197840571403503,0.41221481561660767,-0.03720928728580475,0.20936311781406403,0.3528870940208435,-0.05444621667265892,0.2062620222568512,0.30082887411117554,-0.06419602036476135,0.17498263716697693,0.5076608061790466,-0.019733333960175514,0.1664382964372635,0.44971030950546265,-0.05459866672754288,0.1700664460659027,0.5020560622215271,-0.06177279353141785,0.17194001376628876,0.5470569133758545,-0.05618971586227417,0.14387333393096924,0.5345138907432556,-0.0269742701202631,0.1369047313928604,0.49316444993019104,-0.05604919418692589,0.14460475742816925,0.5280748009681702,-0.056935884058475494,0.15072286128997803,0.5652493238449097,-0.0499488040804863,victory
0.5488167405128479,0.4036688506603241,-0.7932730913162231,0.5855992436408997,0.35161516070365906,-0.7596296072006226,0.6028119921684265,0.3548493981361389,-0.7594524025917053,0.6196762323379517,0.35825517773628235,-0.7595213055610657,0.5396842956542969,0.3417569696903229,-0.7260966300964355,0.5251578092575073,0.338052362203598,-0.7254549264907837,0.5130676031112671,0.3345988094806671,-0.7256492972373962,0.6460714340209961,0.380839467048645,-0.4261946678161621,0.5087829232215881,0.35009369254112244,-0.261626660823822,0.5738937258720398,0.4669504761695862,-0.6734337210655212,0.5175511837005615,0.45649436116218567,-0.6247936487197876,0.7767338156700134,0.6752105355262756,-0.2513539791107178,0.37568050622940063,0.6607977151870728,-0.10340960323810577,0.8725005984306335,0.9989115595817566,-0.3320874869823456,0.19836273789405823,0.9084480404853821,-0.6653562188148499,0.9180242419242859,1.3877780437469482,-0.639922559261322,0.19670571386814117,0.6736128926277161,-1.7343580722808838,0.9439479112625122,1.4896384477615356,-0.7359407544136047,0.1763598620891571,0.5518985390663147,-1.9367729425430298,0.8992332220077515,1.4703370332717896,-0.769275963306427,0.224260613322258,0.49463632702827454,-1.8992338180541992,0.8744004964828491,1.4415440559387207,-0.6702234745025635,0.2418663054704666,0.5565169453620911,-1.754382848739624,0.6854285001754761,1.4407217502593994,-0.09115754067897797,0.3928329348564148,1.423404574394226,0.09570528566837311,0.6543787717819214,2.0783510208129883,-0.052777014672756195,0.38874536752700806,2.0692477226257324,0.41917434334754944,0.633902907371521,2.6418142318725586,0.5227891802787781,0.36601078510284424,2.633450984954834,1.1214927434921265,0.6403361558914185,2.716463804244995,0.545055627822876,0.35693278908729553,2.704470634460449,1.18193519115448,0.5759426355361938,2.819746255874634,-0.05853566527366638,0.3918986916542053,2.8249192237854004,0.5453827381134033,0,0,0,0,0,0,0,0,0,0,0,0,0,0,0,0,0,0,0,0,0,0,0,0,0,0,0,0,0,0,0,0,0,0,0,0,0,0,0,0,0,0,0,0,0,0,0,0,0,0,0,0,0,0,0,0,0,0,0,0,0,0,0,0.17744767665863037,0.7124606370925903,5.627206860481238e-07,0.21842846274375916,0.6774392127990723,-0.02389656752347946,0.23238813877105713,0.6144526600837708,-0.03506752476096153,0.20643791556358337,0.5742896199226379,-0.04711425304412842,0.17028844356536865,0.5488144755363464,-0.05797473341226578,0.244735985994339,0.5150425434112549,-0.011918864212930202,0.27622494101524353,0.4425092339515686,-0.02953125163912773,0.29358339309692383,0.39562222361564636,-0.04325953125953674,0.3062930107116699,0.35326647758483887,-0.05300741642713547,0.20779089629650116,0.4999023675918579,-0.014810530468821526,0.21033425629138947,0.41314858198165894,-0.03571778163313866,0.20876453816890717,0.3548697829246521,-0.051843367516994476,0.20633743703365326,0.3039616346359253,-0.06143708899617195,0.1725141853094101,0.5103027820587158,-0.02077879197895527,0.16438065469264984,0.44719135761260986,-0.053074318915605545,0.16886430978775024,0.495908260345459,-0.06015696004033089,0.1708904504776001,0.53992760181427,-0.05558168143033981,0.14173363149166107,0.5375725626945496,-0.028546199202537537,0.13618135452270508,0.4968622624874115,-0.05612733215093613,0.1447523683309555,0.5296763181686401,-0.057360365986824036,0.15078626573085785,0.5658679604530334,-0.0512426532804966,victory
0.5486421585083008,0.4034496247768402,-0.793216347694397,0.5855084657669067,0.3514520823955536,-0.7591651678085327,0.6027282476425171,0.3547317385673523,-0.7589905858039856,0.6196175813674927,0.358195036649704,-0.7590581178665161,0.5395719408988953,0.3415781259536743,-0.7258947491645813,0.5250164866447449,0.3378504514694214,-0.7252563238143921,0.5129137635231018,0.3344048261642456,-0.7254499197006226,0.6460378170013428,0.38086825609207153,-0.4275905191898346,0.5085816383361816,0.35004910826683044,-0.26137295365333557,0.5738097429275513,0.46687525510787964,-0.6731337308883667,0.5174325704574585,0.4563244581222534,-0.6245761513710022,0.7766796946525574,0.6751645803451538,-0.2524554431438446,0.3756689727306366,0.6604947447776794,-0.10226605832576752,0.8723490834236145,0.9989163279533386,-0.33229246735572815,0.19882793724536896,0.908908486366272,-0.6646190881729126,0.917993426322937,1.387904405593872,-0.6396951079368591,0.196738138794899,0.676486074924469,-1.734631896018982,0.9441370964050293,1.489709734916687,-0.7354646921157837,0.17641068994998932,0.5539363622665405,-1.936988115310669,0.8995969891548157,1.4703197479248047,-0.7690296769142151,0.22429831326007843,0.4962151348590851,-1.8997360467910767,0.8745464086532593,1.441532850265503,-0.6700394153594971,0.24188736081123352,0.5580865144729614,-1.7548539638519287,0.6852473616600037,1.4402692317962646,-0.09120269864797592,0.392592191696167,1.4222294092178345,0.09574981778860092,0.6526943445205688,2.077603578567505,-0.0521906316280365,0.3866874575614929,2.0673820972442627,0.4255041480064392,0.631528913974762,2.6405529975891113,0.5260683298110962,0.36426782608032227,2.631638765335083,1.1340126991271973,0.6377707719802856,2.714977264404297,0.5490201711654663,0.35538560152053833,2.7024641036987305,1.1950926780700684,0.573705792427063,2.8181469440460205,-0.05532030016183853,0.3902745842933655,2.8230068683624268,0.5596452355384827,0,0,0,0,0,0,0,0,0,0,0,0,0,0,0,0,0,0,0,0,0,0,0,0,0,0,0,0,0,0,0,0,0,0,0,0,0,0,0,0,0,0,0,0,0,0,0,0,0,0,0,0,0,0,0,0,0,0,0,0,0,0,0,0.1769152283668518,0.7118447422981262,5.612257041320845e-07,0.21791157126426697,0.6779017448425293,-0.024277202785015106,0.2331380695104599,0.6154019832611084,-0.035650551319122314,0.20740404725074768,0.5746444463729858,-0.04785643517971039,0.17125660181045532,0.5480617880821228,-0.05878225341439247,0.24479559063911438,0.5146793127059937,-0.012042864225804806,0.27603885531425476,0.4422157406806946,-0.029950788244605064,0.29355764389038086,0.39568912982940674,-0.043740615248680115,0.30646446347236633,0.3532556891441345,-0.05346691980957985,0.20801205933094025,0.4994349479675293,-0.014978286810219288,0.21037155389785767,0.41260188817977905,-0.036437612026929855,0.20864646136760712,0.3548310697078705,-0.052551355212926865,0.20595139265060425,0.3038378953933716,-0.06192915886640549,0.1728200912475586,0.5096215605735779,-0.02104102447628975,0.16452153027057648,0.4478200674057007,-0.05436753109097481,0.16927677392959595,0.49908536672592163,-0.060943230986595154,0.17141273617744446,0.5438995361328125,-0.05564136803150177,0.1420745998620987,0.5365899205207825,-0.028913231566548347,0.13654108345508575,0.4971986413002014,-0.0573827363550663,0.14539165794849396,0.5322638154029846,-0.05827674642205238,0.15144771337509155,0.5691648721694946,-0.051625847816467285,victory
0.5487467646598816,0.40370306372642517,-0.8127053380012512,0.585555911064148,0.35167205333709717,-0.776810884475708,0.6027912497520447,0.3549816906452179,-0.7766579985618591,0.6196665167808533,0.3584555983543396,-0.7767010927200317,0.5395730137825012,0.3417586088180542,-0.7439360618591309,0.5250124335289001,0.33804163336753845,-0.7432706356048584,0.5128813982009888,0.3346233665943146,-0.743455708026886,0.6460285186767578,0.3809385597705841,-0.4329298436641693,0.5082515478134155,0.35014912486076355,-0.26525694131851196,0.5738747715950012,0.4670165479183197,-0.6864572167396545,0.5174689888954163,0.4564981162548065,-0.6380283832550049,0.7765747308731079,0.6751580834388733,-0.25224435329437256,0.3755303621292114,0.6604993939399719,-0.10106686502695084,0.8720213770866394,0.9988142848014832,-0.32457706332206726,0.19915273785591125,0.9121190309524536,-0.6582886576652527,0.9161640405654907,1.3874229192733765,-0.6322973370552063,0.1972314566373825,0.6797724962234497,-1.7382500171661377,0.9427412152290344,1.4887417554855347,-0.7297219038009644,0.17638815939426422,0.5583282113075256,-1.941274642944336,0.8986892700195312,1.4697657823562622,-0.763170599937439,0.22427745163440704,0.4997783899307251,-1.9100115299224854,0.8734599351882935,1.4410483837127686,-0.6630991697311401,0.24190381169319153,0.5604852437973022,-1.7602592706680298,0.6851274371147156,1.4399107694625854,-0.09625095129013062,0.3925218880176544,1.4218312501907349,0.10087043046951294,0.6517609357833862,2.0773046016693115,-0.05960775166749954,0.38542187213897705,2.0672287940979004,0.44495731592178345,0.6301096677780151,2.6401526927948,0.5261611342430115,0.36302775144577026,2.6316006183624268,1.175286054611206,0.6357825398445129,2.7145514488220215,0.5491586923599243,0.3543265461921692,2.7024528980255127,1.2385977506637573,0.5730611085891724,2.8177719116210938,-0.06291583180427551,0.3881444036960602,2.8227829933166504,0.5875903964042664,0,0,0,0,0,0,0,0,0,0,0,0,0,0,0,0,0,0,0,0,0,0,0,0,0,0,0,0,0,0,0,0,0,0,0,0,0,0,0,0,0,0,0,0,0,0,0,0,0,0,0,0,0,0,0,0,0,0,0,0,0,0,0,0.17856605350971222,0.7166029214859009,5.536623461921408e-07,0.21906408667564392,0.6836212277412415,-0.0254726130515337,0.2337346076965332,0.6203304529190063,-0.03720010071992874,0.20688030123710632,0.5758078098297119,-0.0494205616414547,0.16911885142326355,0.548518717288971,-0.060328807681798935,0.2450043261051178,0.5181376338005066,-0.012918854132294655,0.275288462638855,0.4448162019252777,-0.03116934932768345,0.2923831343650818,0.3970332741737366,-0.045389626175165176,0.3052140176296234,0.3535879850387573,-0.055391825735569,0.2076699435710907,0.5024728775024414,-0.015313197858631611,0.20911052823066711,0.4152379035949707,-0.03723651170730591,0.20694167912006378,0.35560643672943115,-0.05371799319982529,0.20437978208065033,0.30312639474868774,-0.06323516368865967,0.17266392707824707,0.5125505924224854,-0.02085801027715206,0.16435664892196655,0.45153138041496277,-0.0543651357293129,0.16868646442890167,0.5027238130569458,-0.06051294505596161,0.17078405618667603,0.5473842620849609,-0.05477917194366455,0.14200863242149353,0.5397015810012817,-0.02834361419081688,0.13540714979171753,0.4974347651004791,-0.05647163838148117,0.14374902844429016,0.5322175025939941,-0.05659117549657822,0.15009495615959167,0.5692771077156067,-0.049317631870508194,victory
0.548922061920166,0.4038682281970978,-0.8338786363601685,0.5855569839477539,0.35172414779663086,-0.7953966856002808,0.6027975678443909,0.3550349771976471,-0.7952563166618347,0.6196662187576294,0.35849836468696594,-0.795264482498169,0.5395862460136414,0.34191665053367615,-0.7647207975387573,0.5250380039215088,0.33826732635498047,-0.7640582323074341,0.5128737688064575,0.33491814136505127,-0.7642481327056885,0.6460203528404236,0.3809635043144226,-0.44126883149147034,0.50824373960495,0.3505205512046814,-0.2838459014892578,0.5743327140808105,0.4671730101108551,-0.7034927010536194,0.5179060101509094,0.45698195695877075,-0.6587153673171997,0.7765825986862183,0.6749821901321411,-0.25192099809646606,0.3756861090660095,0.6607742309570312,-0.11132799088954926,0.8728235960006714,0.9958394765853882,-0.31777331233024597,0.19915898144245148,0.9122320413589478,-0.6678142547607422,0.920179545879364,1.380999207496643,-0.6379781365394592,0.19717778265476227,0.6817542910575867,-1.7662804126739502,0.9467211961746216,1.4794504642486572,-0.7359245419502258,0.17631939053535461,0.5601323246955872,-1.9737135171890259,0.9035440683364868,1.459973692893982,-0.7722674608230591,0.22424116730690002,0.5005134344100952,-1.9429668188095093,0.8785104751586914,1.43281888961792,-0.670035719871521,0.24189944565296173,0.561533510684967,-1.788696527481079,0.6858500242233276,1.4391840696334839,-0.09433221817016602,0.39278972148895264,1.4216563701629639,0.09897132217884064,0.6532419919967651,2.0762977600097656,-0.03620108217000961,0.38627833127975464,2.066896677017212,0.42023101449012756,0.6326147317886353,2.638566017150879,0.5810250639915466,0.3639560639858246,2.631375789642334,1.1453099250793457,0.6380122900009155,2.7128727436065674,0.607196033000946,0.3555329442024231,2.702357530593872,1.2068636417388916,0.5767170190811157,2.8157968521118164,-0.01054772362112999,0.3888578712940216,2.8209872245788574,0.5409088730812073,0,0,0,0,0,0,0,0,0,0,0,0,0,0,0,0,0,0,0,0,0,0,0,0,0,0,0,0,0,0,0,0,0,0,0,0,0,0,0,0,0,0,0,0,0,0,0,0,0,0,0,0,0,0,0,0,0,0,0,0,0,0,0,0.17452014982700348,0.7160063982009888,5.493305366144341e-07,0.21570512652397156,0.6852546334266663,-0.0266502033919096,0.23142316937446594,0.6251288652420044,-0.039126064628362656,0.20704582333564758,0.5819950103759766,-0.052030205726623535,0.1719251275062561,0.5532816052436829,-0.06352709233760834,0.24451196193695068,0.5183197259902954,-0.0141914002597332,0.2742137908935547,0.4453078508377075,-0.03297824785113335,0.29130786657333374,0.39800846576690674,-0.047756221145391464,0.3043888807296753,0.35471925139427185,-0.05809444561600685,0.20760862529277802,0.5024582743644714,-0.016318287700414658,0.20892097055912018,0.41570350527763367,-0.03824019432067871,0.20635518431663513,0.3572181463241577,-0.05471091717481613,0.20355957746505737,0.3052375614643097,-0.06438256055116653,0.17227721214294434,0.512580156326294,-0.021770672872662544,0.1645069122314453,0.45149505138397217,-0.05512601509690285,0.16917109489440918,0.5026288032531738,-0.0613105446100235,0.17168913781642914,0.5468254685401917,-0.055829573422670364,0.140976682305336,0.539931058883667,-0.0292943324893713,0.13534802198410034,0.4977843165397644,-0.05700550228357315,0.14339610934257507,0.5323362350463867,-0.0570213682949543,0.14892521500587463,0.5689517855644226,-0.049923572689294815,victory
0.5490134358406067,0.4039824604988098,-0.8396727442741394,0.5855504870414734,0.35177117586135864,-0.8007940053939819,0.6027966141700745,0.35508015751838684,-0.8006525039672852,0.6196593642234802,0.35853472352027893,-0.8006560206413269,0.53958660364151,0.34205061197280884,-0.7703942060470581,0.5250437259674072,0.33845236897468567,-0.7697410583496094,0.5128637552261353,0.3351561725139618,-0.7699347734451294,0.6460033655166626,0.38098254799842834,-0.4450296461582184,0.5082302093505859,0.350808709859848,-0.2897183895111084,0.5746085047721863,0.4672878682613373,-0.7088633179664612,0.5181714296340942,0.45729589462280273,-0.664706289768219,0.7765847444534302,0.6748005747795105,-0.2513873875141144,0.37584295868873596,0.6609629988670349,-0.11475978791713715,0.8734419941902161,0.993709146976471,-0.31126299500465393,0.19916358590126038,0.9123923182487488,-0.6698904633522034,0.9230233430862427,1.3772052526474,-0.637832522392273,0.19712451100349426,0.6826959252357483,-1.769867181777954,0.9497280120849609,1.474225640296936,-0.7355074286460876,0.1762867420911789,0.5612742900848389,-1.9778261184692383,0.9069962501525879,1.4548211097717285,-0.7723685503005981,0.2242262065410614,0.5011093020439148,-1.9461206197738647,0.8820056915283203,1.4283791780471802,-0.6700556874275208,0.24189546704292297,0.5622354745864868,-1.79205322265625,0.686334490776062,1.4382933378219604,-0.09303347021341324,0.39293888211250305,1.421301007270813,0.09768090397119522,0.6541017889976501,2.0754292011260986,-0.02494690753519535,0.38691824674606323,2.0665669441223145,0.41172629594802856,0.6338565349578857,2.6372745037078857,0.599810779094696,0.3643799126148224,2.6312477588653564,1.1387391090393066,0.6390472650527954,2.711509943008423,0.6267632842063904,0.3560773730278015,2.702329397201538,1.2002952098846436,0.5784617066383362,2.8144726753234863,0.008855961263179779,0.3890869915485382,2.8198695182800293,0.5298007130622864,0,0,0,0,0,0,0,0,0,0,0,0,0,0,0,0,0,0,0,0,0,0,0,0,0,0,0,0,0,0,0,0,0,0,0,0,0,0,0,0,0,0,0,0,0,0,0,0,0,0,0,0,0,0,0,0,0,0,0,0,0,0,0,0.17602820694446564,0.7159004807472229,5.428199187917926e-07,0.21639546751976013,0.6847543120384216,-0.025746136903762817,0.2312999963760376,0.6238438487052917,-0.03759870305657387,0.20708902180194855,0.5812775492668152,-0.05006830021739006,0.1721900999546051,0.5533727407455444,-0.06112542375922203,0.24470210075378418,0.5180544853210449,-0.01296930480748415,0.2745552062988281,0.44544386863708496,-0.03130738437175751,0.29165324568748474,0.39830344915390015,-0.04556674882769585,0.30414578318595886,0.35565727949142456,-0.055539440363645554,0.20780915021896362,0.5024021863937378,-0.015353725291788578,0.20927512645721436,0.41581130027770996,-0.037204328924417496,0.20689788460731506,0.3573954105377197,-0.053465429693460464,0.20395822823047638,0.3057749271392822,-0.06283079832792282,0.1725068837404251,0.5128812193870544,-0.021016163751482964,0.16429507732391357,0.4516168534755707,-0.05437769368290901,0.1683889925479889,0.503047525882721,-0.06051833555102348,0.1704617589712143,0.5473902821540833,-0.054805681109428406,0.14123079180717468,0.5406991839408875,-0.028664961457252502,0.13518334925174713,0.49855101108551025,-0.056446049362421036,0.14272814989089966,0.5326616764068604,-0.056622300297021866,0.148090198636055,0.5690587759017944,-0.049521252512931824,victory
0.5490788221359253,0.40406644344329834,-0.8427772521972656,0.585540771484375,0.35180407762527466,-0.80403071641922,0.6027925610542297,0.3551085591316223,-0.8038902282714844,0.6196485161781311,0.3585553467273712,-0.8038927316665649,0.5395861268043518,0.3421579599380493,-0.773656964302063,0.525048017501831,0.33860161900520325,-0.7730145454406738,0.512854814529419,0.3353491425514221,-0.7732122540473938,0.6459820866584778,0.3809972107410431,-0.4485331177711487,0.5082224607467651,0.35103708505630493,-0.2938273847103119,0.574810266494751,0.46735966205596924,-0.7121288180351257,0.5183794498443604,0.45752060413360596,-0.6680983304977417,0.776584267616272,0.6746498942375183,-0.25123992562294006,0.3760172128677368,0.6611166596412659,-0.11712837219238281,0.8739201426506042,0.9923810362815857,-0.3087732493877411,0.19917207956314087,0.9125562310218811,-0.6701549291610718,0.9247711896896362,1.3751137256622314,-0.6378880739212036,0.197042316198349,0.6833147406578064,-1.7685390710830688,0.9515671730041504,1.471596598625183,-0.7353588342666626,0.1762298345565796,0.562086820602417,-1.9762639999389648,0.9089204668998718,1.4521872997283936,-0.7727066278457642,0.22420191764831543,0.5015780329704285,-1.9441311359405518,0.8839393854141235,1.4260207414627075,-0.6702872514724731,0.2418845146894455,0.5627276301383972,-1.7905988693237305,0.6866730451583862,1.4378362894058228,-0.09214622527360916,0.3929935395717621,1.4210774898529053,0.09679482877254486,0.6545273065567017,2.0751054286956787,-0.02006511017680168,0.38719600439071655,2.066385269165039,0.4009452760219574,0.634368896484375,2.636775255203247,0.6066781282424927,0.3645144999027252,2.631190299987793,1.119720458984375,0.6394228935241699,2.7110207080841064,0.6338356733322144,0.3562738299369812,2.702314853668213,1.1802043914794922,0.5792597532272339,2.8139607906341553,0.016909804195165634,0.3891294300556183,2.8191442489624023,0.5123790502548218,0,0,0,0,0,0,0,0,0,0,0,0,0,0,0,0,0,0,0,0,0,0,0,0,0,0,0,0,0,0,0,0,0,0,0,0,0,0,0,0,0,0,0,0,0,0,0,0,0,0,0,0,0,0,0,0,0,0,0,0,0,0,0,0.17502214014530182,0.7149191498756409,5.441871167022327e-07,0.21613726019859314,0.6846795082092285,-0.02621031552553177,0.23157933354377747,0.6243299245834351,-0.03831610083580017,0.20724521577358246,0.5812408328056335,-0.05099024623632431,0.17228306829929352,0.5525234341621399,-0.06228289753198624,0.244899719953537,0.5179774165153503,-0.013470515608787537,0.27434563636779785,0.4453926980495453,-0.032247014343738556,0.2914242148399353,0.3981142044067383,-0.04683687165379524,0.30412060022354126,0.35521042346954346,-0.05700649321079254,0.20779822766780853,0.5022295117378235,-0.015754051506519318,0.20910042524337769,0.41545581817626953,-0.03802000731229782,0.20654603838920593,0.35677778720855713,-0.05453787371516228,0.20366044342517853,0.30491310358047485,-0.06403903663158417,0.1724211722612381,0.512761116027832,-0.021351445466279984,0.16423624753952026,0.45167720317840576,-0.0552314817905426,0.16839177906513214,0.5033754110336304,-0.06138918548822403,0.1706472784280777,0.5479045510292053,-0.05558588728308678,0.14109905064105988,0.540683925151825,-0.028955649584531784,0.1351560354232788,0.49867379665374756,-0.057105667889118195,0.14301228523254395,0.5331799983978271,-0.057238537818193436,0.14866553246974945,0.5698423385620117,-0.050036199390888214,victory
0.5493939518928528,0.4039348065853119,-0.784654974937439,0.5855641961097717,0.35130614042282104,-0.7487543821334839,0.6028091907501221,0.35456550121307373,-0.7486275434494019,0.6196545362472534,0.3579796850681305,-0.7486888766288757,0.5396241545677185,0.3419573903083801,-0.721943736076355,0.5250715017318726,0.3384622037410736,-0.7213687300682068,0.5128468871116638,0.33527299761772156,-0.7215218544006348,0.6458777785301208,0.3806460201740265,-0.4142381548881531,0.5080575942993164,0.3510190546512604,-0.27278321981430054,0.5750579237937927,0.46730518341064453,-0.6616607308387756,0.5185030698776245,0.45755311846733093,-0.6216934323310852,0.7769619822502136,0.6746606230735779,-0.23828163743019104,0.3759614825248718,0.6616578698158264,-0.1123647466301918,0.8741016387939453,0.992432713508606,-0.3090382516384125,0.19917258620262146,0.9174760580062866,-0.6509596109390259,0.92840975522995,1.3751857280731201,-0.6306714415550232,0.19593551754951477,0.6893503665924072,-1.7098630666732788,0.9579144716262817,1.4718124866485596,-0.7269648313522339,0.17436964809894562,0.573174774646759,-1.9099515676498413,0.9143557548522949,1.4523316621780396,-0.7655628323554993,0.2217731773853302,0.5151180028915405,-1.8821312189102173,0.8881301879882812,1.4260954856872559,-0.6639084815979004,0.24102044105529785,0.5698873996734619,-1.7343631982803345,0.6867645978927612,1.4378172159194946,-0.09076482057571411,0.39298611879348755,1.4218069314956665,0.0955032929778099,0.656211256980896,2.0752456188201904,-0.05017169564962387,0.38739311695098877,2.0668909549713135,0.34766924381256104,0.6370320916175842,2.638779878616333,0.5156806111335754,0.36675605177879333,2.6327788829803467,0.9613409042358398,0.6430961489677429,2.713637590408325,0.5369212627410889,0.35868120193481445,2.7046737670898438,1.0116102695465088,0.5816315412521362,2.816732883453369,-0.047435663640499115,0.39269930124282837,2.821161985397339,0.38399580121040344,0,0,0,0,0,0,0,0,0,0,0,0,0,0,0,0,0,0,0,0,0,0,0,0,0,0,0,0,0,0,0,0,0,0,0,0,0,0,0,0,0,0,0,0,0,0,0,0,0,0,0,0,0,0,0,0,0,0,0,0,0,0,0,0.17182284593582153,0.7138152122497559,4.50912494898148e-07,0.2116818130016327,0.6812124252319336,-0.02612440660595894,0.22951318323612213,0.6197261214256287,-0.0372656024992466,0.20435281097888947,0.5740922093391418,-0.048733413219451904,0.16995203495025635,0.5461766719818115,-0.0588979609310627,0.2461206167936325,0.5234244465827942,-0.01392163522541523,0.27352848649024963,0.44426798820495605,-0.03171936795115471,0.28727030754089355,0.39519667625427246,-0.044795144349336624,0.2979748249053955,0.35408955812454224,-0.05369899794459343,0.20850731432437897,0.508701503276825,-0.01572651043534279,0.20669886469841003,0.4169882535934448,-0.03671658784151077,0.20263366401195526,0.3611131012439728,-0.052575405687093735,0.20001229643821716,0.31397151947021484,-0.061654746532440186,0.17314693331718445,0.5185239315032959,-0.020909307524561882,0.16504667699337006,0.4549490213394165,-0.052715908735990524,0.17195533215999603,0.4974648952484131,-0.061030734330415726,0.1769046038389206,0.537343442440033,-0.057622309774160385,0.14165815711021423,0.5431414246559143,-0.027998456731438637,0.13658306002616882,0.49769559502601624,-0.05357029289007187,0.14381355047225952,0.5235777497291565,-0.05515259504318237,0.1495339274406433,0.5541953444480896,-0.05003709718585014,victory
0.5495214462280273,0.4039243459701538,-0.7703901529312134,0.5855637788772583,0.3511396050453186,-0.7352859973907471,0.6028060913085938,0.3543826639652252,-0.735157310962677,0.6196457147598267,0.35778385400772095,-0.7352200746536255,0.539629340171814,0.34189745783805847,-0.7078970670700073,0.5250743627548218,0.3384215235710144,-0.707327127456665,0.5128380060195923,0.33525350689888,-0.707477867603302,0.6457459330558777,0.38046523928642273,-0.40437212586402893,0.507931649684906,0.3510097861289978,-0.2614382207393646,0.5751591920852661,0.46731165051460266,-0.6484631896018982,0.5185436010360718,0.4576268494129181,-0.6076740026473999,0.7772132754325867,0.6746651530265808,-0.23195362091064453,0.3759303390979767,0.661972165107727,-0.10588047653436661,0.8741822242736816,0.9925190806388855,-0.30901196599006653,0.19913610816001892,0.9202954173088074,-0.644066333770752,0.9300271272659302,1.37521231174469,-0.6249292492866516,0.19500033557415009,0.6923849582672119,-1.7037780284881592,0.9605075716972351,1.4720001220703125,-0.7204233407974243,0.1731937676668167,0.5780065059661865,-1.903726577758789,0.9168340563774109,1.4524829387664795,-0.7594452500343323,0.22030767798423767,0.5206471681594849,-1.876368761062622,0.890083909034729,1.4261822700500488,-0.6583415269851685,0.24035850167274475,0.57327800989151,-1.7286655902862549,0.6867678165435791,1.437880277633667,-0.09039672464132309,0.3929615020751953,1.4227511882781982,0.09517224133014679,0.6571317911148071,2.075364112854004,-0.06459544599056244,0.38750389218330383,2.0672690868377686,0.34963688254356384,0.6381177306175232,2.6398587226867676,0.4910983145236969,0.36762672662734985,2.6336381435394287,0.9717680811882019,0.6445311307907104,2.7148940563201904,0.5116108059883118,0.35956135392189026,2.705951452255249,1.0234453678131104,0.5825808048248291,2.8182384967803955,-0.07265343517065048,0.3940351605415344,2.8222336769104004,0.39788898825645447,0,0,0,0,0,0,0,0,0,0,0,0,0,0,0,0,0,0,0,0,0,0,0,0,0,0,0,0,0,0,0,0,0,0,0,0,0,0,0,0,0,0,0,0,0,0,0,0,0,0,0,0,0,0,0,0,0,0,0,0,0,0,0,0.1720031052827835,0.7120590806007385,4.5778116941619373e-07,0.21105226874351501,0.6820952892303467,-0.026959925889968872,0.2285653054714203,0.6222584247589111,-0.038536105304956436,0.20549017190933228,0.5771273970603943,-0.05030510202050209,0.17352575063705444,0.5473053455352783,-0.06056574732065201,0.24571965634822845,0.5217125415802002,-0.014894709922373295,0.27415889501571655,0.44374483823776245,-0.03301795944571495,0.28865721821784973,0.3948667049407959,-0.046184226870536804,0.2991451919078827,0.3544136881828308,-0.05498122423887253,0.20805063843727112,0.5076396465301514,-0.016494935378432274,0.2071993201971054,0.41669633984565735,-0.03779835253953934,0.2028234452009201,0.36050599813461304,-0.05354558303952217,0.19937412440776825,0.313124418258667,-0.06227017939090729,0.17263728380203247,0.5185618996620178,-0.02157376892864704,0.1646309196949005,0.454996794462204,-0.05389212444424629,0.17114053666591644,0.4981192350387573,-0.06206152215600014,0.17611226439476013,0.538348376750946,-0.05825725570321083,0.14118169248104095,0.5449562668800354,-0.028665592893958092,0.13729262351989746,0.4994567334651947,-0.05513326823711395,0.14392507076263428,0.5251110792160034,-0.05694831907749176,0.14911240339279175,0.5557176470756531,-0.051648516207933426,victory
0.5490900278091431,0.40512362122535706,-0.8433127403259277,0.5847591757774353,0.3518049418926239,-0.8080160021781921,0.602074146270752,0.3550061285495758,-0.8079121708869934,0.6189720034599304,0.35839369893074036,-0.8078809976577759,0.5385692715644836,0.34263771772384644,-0.7801892757415771,0.523858904838562,0.3391653001308441,-0.7795436978340149,0.511752724647522,0.3360695540904999,-0.7796157002449036,0.64516282081604,0.3805902898311615,-0.4563228189945221,0.5057149529457092,0.3515213131904602,-0.30770736932754517,0.5744718313217163,0.46853333711624146,-0.7118484973907471,0.5179600715637207,0.45878684520721436,-0.6693012118339539,0.777216374874115,0.6747347116470337,-0.2527361512184143,0.3743375241756439,0.6621372699737549,-0.12108451128005981,0.8741947412490845,0.9944896101951599,-0.3424871563911438,0.19971758127212524,0.9419230818748474,-0.6411189436912537,0.917442798614502,1.3760097026824951,-0.7029269933700562,0.19442963600158691,0.7078209519386292,-1.7094987630844116,0.9445673823356628,1.4721380472183228,-0.8119927644729614,0.17273765802383423,0.615153968334198,-1.910826325416565,0.9011198878288269,1.4525353908538818,-0.8459621667861938,0.21878767013549805,0.5570623278617859,-1.8779668807983398,0.8751988410949707,1.4264850616455078,-0.7362368702888489,0.23951876163482666,0.594791054725647,-1.7336432933807373,0.6864082217216492,1.4403237104415894,-0.09181386977434158,0.392944872379303,1.4266018867492676,0.09665785729885101,0.6565718054771423,2.0802578926086426,-0.061630427837371826,0.38735121488571167,2.072913408279419,0.3573979437351227,0.6380760669708252,2.6452982425689697,0.5406166315078735,0.36851978302001953,2.639932870864868,1.0009760856628418,0.644435465335846,2.720848798751831,0.5643631815910339,0.36126866936683655,2.7124969959259033,1.0545231103897095,0.582528293132782,2.822007656097412,-0.0422821082174778,0.39416003227233887,2.8285491466522217,0.411479651927948,0,0,0,0,0,0,0,0,0,0,0,0,0,0,0,0,0,0,0,0,0,0,0,0,0,0,0,0,0,0,0,0,0,0,0,0,0,0,0,0,0,0,0,0,0,0,0,0,0,0,0,0,0,0,0,0,0,0,0,0,0,0,0,0.17816007137298584,0.7387599945068359,-2.571538857409905e-07,0.22970116138458252,0.6931694746017456,-0.01176623534411192,0.2505965232849121,0.6301174163818359,-0.0206978190690279,0.22471730411052704,0.586387038230896,-0.03217025473713875,0.18175719678401947,0.5772038102149963,-0.04201064631342888,0.2615818977355957,0.5716386437416077,0.0008413840550929308,0.2797524929046631,0.5297576785087585,-0.022868391126394272,0.2806070148944855,0.5582700967788696,-0.04307519644498825,0.2803098261356354,0.5880470275878906,-0.05512811988592148,0.22790512442588806,0.5514156818389893,-0.006660498213022947,0.24210548400878906,0.4872986972332001,-0.02871551364660263,0.2397342175245285,0.5235791206359863,-0.040822263807058334,0.23684407770633698,0.5587573051452637,-0.04523249343037605,0.1912485659122467,0.5452955961227417,-0.017863230779767036,0.19539016485214233,0.48176515102386475,-0.035091038793325424,0.19905045628547668,0.5191169381141663,-0.03417704254388809,0.1994810402393341,0.5485139489173889,-0.03061571903526783,0.15361085534095764,0.552811861038208,-0.030900059267878532,0.15690723061561584,0.5166792869567871,-0.03804904967546463,0.16509220004081726,0.548697829246521,-0.030229507014155388,0.16844405233860016,0.5762902498245239,-0.023652706295251846,victory
0.5491026639938354,0.4068155288696289,-0.8397698402404785,0.5846039056777954,0.3532131016254425,-0.804803729057312,0.6019302606582642,0.3564170002937317,-0.8046650886535645,0.6187564730644226,0.35970455408096313,-0.8046294450759888,0.5382198691368103,0.34392568469047546,-0.7787565588951111,0.5233636498451233,0.3404946029186249,-0.7781158685684204,0.5111398696899414,0.3374885320663452,-0.7781664133071899,0.6444400548934937,0.3808058798313141,-0.45744460821151733,0.5032962560653687,0.352548211812973,-0.3215242922306061,0.574378490447998,0.4702441394329071,-0.7100454568862915,0.5178712010383606,0.46060851216316223,-0.6698905229568481,0.7764824032783508,0.6753480434417725,-0.2522710859775543,0.3697650730609894,0.6608912348747253,-0.14251282811164856,0.8740074038505554,0.9983794689178467,-0.34138190746307373,0.19522351026535034,0.9518808722496033,-0.6422123312950134,0.9107347726821899,1.3760125637054443,-0.7151644825935364,0.19363391399383545,0.7228658199310303,-1.7127456665039062,0.9369707107543945,1.4722177982330322,-0.8287512063980103,0.17062237858772278,0.6420831084251404,-1.9149621725082397,0.8913494944572449,1.4525110721588135,-0.8649007678031921,0.21669220924377441,0.5885971188545227,-1.8811187744140625,0.8659778833389282,1.4264594316482544,-0.7496748566627502,0.2389523684978485,0.6215212345123291,-1.7367889881134033,0.6786862015724182,1.4440457820892334,-0.08769238740205765,0.3877112567424774,1.4291703701019287,0.09258285164833069,0.6440068483352661,2.084190845489502,-0.04539890214800835,0.3773385286331177,2.074801445007324,0.32981762290000916,0.6175884008407593,2.6499009132385254,0.560364842414856,0.3543439209461212,2.64205002784729,0.940504252910614,0.6232396364212036,2.7257883548736572,0.584364652633667,0.34651800990104675,2.7151594161987305,0.9896188974380493,0.5603987574577332,2.8247251510620117,-0.006635481026023626,0.37605589628219604,2.8300962448120117,0.35163265466690063,0,0,0,0,0,0,0,0,0,0,0,0,0,0,0,0,0,0,0,0,0,0,0,0,0,0,0,0,0,0,0,0,0,0,0,0,0,0,0,0,0,0,0,0,0,0,0,0,0,0,0,0,0,0,0,0,0,0,0,0,0,0,0,0.1873961240053177,0.7608481645584106,-7.554238834472926e-08,0.23865890502929688,0.7246787548065186,-0.011948613449931145,0.26386240124702454,0.6632744073867798,-0.02159895747900009,0.24358172714710236,0.6116201877593994,-0.03181878477334976,0.20975612103939056,0.5860345959663391,-0.041585490107536316,0.2683873176574707,0.6173693537712097,-0.014532621018588543,0.28829196095466614,0.5591954588890076,-0.03961735963821411,0.2896006107330322,0.5538777709007263,-0.0561690628528595,0.28624096512794495,0.5750327706336975,-0.06345372647047043,0.23450174927711487,0.6024205684661865,-0.01923070102930069,0.23887577652931213,0.5200827717781067,-0.04308480769395828,0.23605473339557648,0.5381482839584351,-0.05257673189043999,0.23128734529018402,0.576219916343689,-0.0536218099296093,0.19871263206005096,0.6003344058990479,-0.02620978280901909,0.19474467635154724,0.5294725298881531,-0.04673747345805168,0.19817575812339783,0.5567365884780884,-0.046477604657411575,0.2009444385766983,0.5899474024772644,-0.041503794491291046,0.16263151168823242,0.6091309189796448,-0.03387795016169548,0.15298420190811157,0.5668295621871948,-0.04707987233996391,0.15836095809936523,0.5883094668388367,-0.043041814118623734,0.1641579121351242,0.6139694452285767,-0.03672674298286438,victory
0.5489839315414429,0.4088825285434723,-0.8380807042121887,0.5842446088790894,0.3550182580947876,-0.8032134771347046,0.601474940776825,0.35811078548431396,-0.8031018376350403,0.6181109547615051,0.3612532615661621,-0.8031256794929504,0.5379189252853394,0.3456617593765259,-0.774909257888794,0.5230404138565063,0.3422090709209442,-0.7742729187011719,0.51067054271698,0.3390963673591614,-0.7744017839431763,0.6432112455368042,0.38131558895111084,-0.45488443970680237,0.5023465752601624,0.3535889983177185,-0.3163672983646393,0.5738509297370911,0.4717727303504944,-0.7088120579719543,0.5175049901008606,0.46252912282943726,-0.6667738556861877,0.7762018442153931,0.6761547923088074,-0.2539554238319397,0.36892199516296387,0.6606361269950867,-0.14470845460891724,0.8740798234939575,1.0017980337142944,-0.34915655851364136,0.19448330998420715,0.9582154154777527,-0.6426641345024109,0.9042295217514038,1.378254771232605,-0.7202301025390625,0.193734809756279,0.7292197346687317,-1.7002832889556885,0.9287440180778503,1.4762933254241943,-0.8342767953872681,0.17002956569194794,0.6481484770774841,-1.9010484218597412,0.880553126335144,1.455817461013794,-0.868490993976593,0.21622943878173828,0.5956742763519287,-1.8772560358047485,0.8561785817146301,1.42924165725708,-0.7536082863807678,0.23897460103034973,0.6299976110458374,-1.7245123386383057,0.6772860288619995,1.448516607284546,-0.08650921285152435,0.3872148096561432,1.433282732963562,0.09137745946645737,0.6417598724365234,2.0899503231048584,-0.04345492646098137,0.3768072724342346,2.0788731575012207,0.31918570399284363,0.6143009066581726,2.6566247940063477,0.5597637295722961,0.35380589962005615,2.646331310272217,0.917467474937439,0.6200524568557739,2.732656955718994,0.583667516708374,0.34593290090560913,2.7196528911590576,0.9657785296440125,0.5568619966506958,2.8300561904907227,-0.0022842108737677336,0.374431848526001,2.8335912227630615,0.3359898328781128,0,0,0,0,0,0,0,0,0,0,0,0,0,0,0,0,0,0,0,0,0,0,0,0,0,0,0,0,0,0,0,0,0,0,0,0,0,0,0,0,0,0,0,0,0,0,0,0,0,0,0,0,0,0,0,0,0,0,0,0,0,0,0,0.18743930757045746,0.7496949434280396,1.3052223835074983e-07,0.23284479975700378,0.7328397631645203,-0.027651656419038773,0.2583366632461548,0.6782866716384888,-0.04529989883303642,0.23955655097961426,0.6213759779930115,-0.0591430701315403,0.21329402923583984,0.5839093923568726,-0.07125971466302872,0.2672879695892334,0.6348372101783752,-0.037175051867961884,0.2895638644695282,0.5733257532119751,-0.0684339851140976,0.2911134958267212,0.5562620162963867,-0.08623730391263962,0.28765809535980225,0.5669286847114563,-0.09355325996875763,0.23410707712173462,0.6140195727348328,-0.03467334434390068,0.23920948803424835,0.5262091755867004,-0.06600382179021835,0.2334492802619934,0.5368849039077759,-0.07648123800754547,0.2289329618215561,0.569693386554718,-0.07645386457443237,0.1992490142583847,0.6047652959823608,-0.03507518023252487,0.19383752346038818,0.5362669825553894,-0.06382109969854355,0.1935732215642929,0.5620714426040649,-0.06430703401565552,0.19679947197437286,0.592329740524292,-0.05752265080809593,0.16510501503944397,0.6048904657363892,-0.036805395036935806,0.15485292673110962,0.5692728161811829,-0.05600376054644585,0.15865196287631989,0.5892952680587769,-0.05420232564210892,0.16562482714653015,0.6099733114242554,-0.047997888177633286,victory
0.5487851500511169,0.4116451144218445,-0.8393396139144897,0.5840300917625427,0.35716721415519714,-0.8062918782234192,0.6011945009231567,0.35996952652931213,-0.8061509132385254,0.6177088022232056,0.3628466725349426,-0.8061373829841614,0.5377417802810669,0.3478710949420929,-0.7792735695838928,0.5228704214096069,0.3443630337715149,-0.7786432504653931,0.5103534460067749,0.34102746844291687,-0.7787351012229919,0.6428506374359131,0.3819471001625061,-0.4634539484977722,0.5020110011100769,0.3546203672885895,-0.3252710700035095,0.5731332898139954,0.47362154722213745,-0.710936427116394,0.5172146558761597,0.4647684693336487,-0.6698375940322876,0.7762038707733154,0.676576554775238,-0.2548183798789978,0.3684847056865692,0.6592212319374084,-0.15301105380058289,0.8741170763969421,1.0042365789413452,-0.3474573493003845,0.1935521811246872,0.9638132452964783,-0.6447130441665649,0.9000867009162903,1.380993127822876,-0.7226040959358215,0.19422949850559235,0.732633650302887,-1.703814148902893,0.923375129699707,1.4795187711715698,-0.8360193967819214,0.17003679275512695,0.6502336263656616,-1.9053237438201904,0.8756103515625,1.4582144021987915,-0.870080828666687,0.21619658172130585,0.5992439389228821,-1.8806498050689697,0.8516448736190796,1.4313188791275024,-0.7559570074081421,0.23914852738380432,0.6335247755050659,-1.7278480529785156,0.6762953996658325,1.4511560201644897,-0.0844288021326065,0.3861403167247772,1.4345283508300781,0.08926627784967422,0.6389928460121155,2.092357873916626,-0.03458557650446892,0.3745248019695282,2.0796895027160645,0.31933894753456116,0.6093922853469849,2.6590335369110107,0.5689504742622375,0.34951576590538025,2.6472458839416504,0.9281805157661438,0.6149731278419495,2.7351226806640625,0.5928962230682373,0.3414119482040405,2.7205662727355957,0.9776017069816589,0.5503100752830505,2.832782506942749,0.006915253587067127,0.3691672384738922,2.835156202316284,0.34219324588775635,0,0,0,0,0,0,0,0,0,0,0,0,0,0,0,0,0,0,0,0,0,0,0,0,0,0,0,0,0,0,0,0,0,0,0,0,0,0,0,0,0,0,0,0,0,0,0,0,0,0,0,0,0,0,0,0,0,0,0,0,0,0,0,0,0,0,0,0,0,0,0,0,0,0,0,0,0,0,0,0,0,0,0,0,0,0,0,0,0,0,0,0,0,0,0,0,0,0,0,0,0,0,0,0,0,0,0,0,0,0,0,0,0,0,0,0,0,0,0,0,0,0,0,0,0,0,victory
0.5487320423126221,0.410467267036438,-0.874731183052063,0.5836409330368042,0.35516679286956787,-0.8376690149307251,0.6006032824516296,0.35760384798049927,-0.8376711010932922,0.6170608997344971,0.3601143956184387,-0.8377801179885864,0.53725266456604,0.34685614705085754,-0.8182443380355835,0.5220480561256409,0.34360143542289734,-0.8176369667053223,0.5095189809799194,0.3405926525592804,-0.8177450895309448,0.6416677832603455,0.37965649366378784,-0.47586244344711304,0.4999109208583832,0.3542875349521637,-0.3689437508583069,0.5728144645690918,0.47250494360923767,-0.7369282841682434,0.517149806022644,0.46417108178138733,-0.7061803936958313,0.7761898636817932,0.6754670739173889,-0.25280827283859253,0.3656178414821625,0.6593706607818604,-0.1968095600605011,0.8748478889465332,1.0033667087554932,-0.3016383647918701,0.21852171421051025,0.9721673130989075,-0.7004965543746948,0.9006699323654175,1.3764499425888062,-0.7161970138549805,0.22343552112579346,0.8616101145744324,-1.883756399154663,0.9246676564216614,1.4764145612716675,-0.8317683339118958,0.18154683709144592,0.776816725730896,-2.1065707206726074,0.8771218061447144,1.4512369632720947,-0.8581243753433228,0.21900427341461182,0.7220965623855591,-2.1237223148345947,0.8518449664115906,1.4233983755111694,-0.7484933137893677,0.2499639242887497,0.7588414549827576,-1.9251821041107178,0.6846346855163574,1.4506865739822388,-0.07128279656171799,0.3946675956249237,1.4344216585159302,0.07587714493274689,0.6492090225219727,2.0888984203338623,0.02477981150150299,0.37865859270095825,2.075711965560913,0.30516883730888367,0.6243086457252502,2.6568386554718018,0.6578348875045776,0.366793692111969,2.6433215141296387,0.9304291009902954,0.6282942891120911,2.7339723110198975,0.6847327351570129,0.36079317331314087,2.7171740531921387,0.9799542427062988,0.5782623887062073,2.827270746231079,0.09418188780546188,0.3965492844581604,2.828320264816284,0.33875325322151184,0,0,0,0,0,0,0,0,0,0,0,0,0,0,0,0,0,0,0,0,0,0,0,0,0,0,0,0,0,0,0,0,0,0,0,0,0,0,0,0,0,0,0,0,0,0,0,0,0,0,0,0,0,0,0,0,0,0,0,0,0,0,0,0,0,0,0,0,0,0,0,0,0,0,0,0,0,0,0,0,0,0,0,0,0,0,0,0,0,0,0,0,0,0,0,0,0,0,0,0,0,0,0,0,0,0,0,0,0,0,0,0,0,0,0,0,0,0,0,0,0,0,0,0,0,0,victory
0.5487233996391296,0.40911421179771423,-0.8706678152084351,0.5834329128265381,0.35319533944129944,-0.8327599763870239,0.6002721786499023,0.35542649030685425,-0.8327615857124329,0.6166888475418091,0.3577307462692261,-0.8328766822814941,0.5370787978172302,0.3456976115703583,-0.8137726783752441,0.5217496752738953,0.34267914295196533,-0.8131512403488159,0.5091291666030884,0.33997052907943726,-0.8132646679878235,0.6409968137741089,0.3779269754886627,-0.47242021560668945,0.4990834593772888,0.3538993299007416,-0.36760416626930237,0.5726885199546814,0.47131794691085815,-0.7336550951004028,0.5171484351158142,0.46348369121551514,-0.7037397623062134,0.7762984037399292,0.6749165654182434,-0.24456913769245148,0.36495375633239746,0.6599621176719666,-0.20188751816749573,0.875693142414093,1.0031803846359253,-0.28105664253234863,0.22990846633911133,0.9765967130661011,-0.7092602252960205,0.9012274742126465,1.3742427825927734,-0.6929529309272766,0.23375937342643738,0.8836759924888611,-1.8869340419769287,0.9254981279373169,1.4745502471923828,-0.807456374168396,0.18838264048099518,0.7957149744033813,-2.107311964035034,0.8782187700271606,1.44756281375885,-0.8528209924697876,0.22376887500286102,0.7417844533920288,-2.123539686203003,0.8522469401359558,1.4193859100341797,-0.7346453070640564,0.25525784492492676,0.7779582738876343,-1.927936315536499,0.6899619698524475,1.4500547647476196,-0.06525254249572754,0.4005890488624573,1.4343444108963013,0.06982255727052689,0.6555346250534058,2.086270332336426,0.024733228608965874,0.3825392425060272,2.072427749633789,0.2825686037540436,0.6330623626708984,2.6553428173065186,0.6459487080574036,0.3760821521282196,2.6405463218688965,0.8883038759231567,0.6366053223609924,2.7332262992858887,0.6716820597648621,0.37066563963890076,2.7148971557617188,0.9351295232772827,0.5908023715019226,2.8237054347991943,0.08233722299337387,0.4082361161708832,2.823418617248535,0.2964971363544464,0,0,0,0,0,0,0,0,0,0,0,0,0,0,0,0,0,0,0,0,0,0,0,0,0,0,0,0,0,0,0,0,0,0,0,0,0,0,0,0,0,0,0,0,0,0,0,0,0,0,0,0,0,0,0,0,0,0,0,0,0,0,0,0,0,0,0,0,0,0,0,0,0,0,0,0,0,0,0,0,0,0,0,0,0,0,0,0,0,0,0,0,0,0,0,0,0,0,0,0,0,0,0,0,0,0,0,0,0,0,0,0,0,0,0,0,0,0,0,0,0,0,0,0,0,0,victory
0.5456129312515259,0.4098723828792572,-1.1178473234176636,0.577289879322052,0.35373783111572266,-1.0538259744644165,0.5939909219741821,0.3559434711933136,-1.0540354251861572,0.6090778112411499,0.3583119511604309,-1.0540719032287598,0.5291216373443604,0.34622445702552795,-1.0482804775238037,0.5141637921333313,0.34341737627983093,-1.0475084781646729,0.5021312832832336,0.34120747447013855,-1.0478278398513794,0.6306177377700806,0.37794679403305054,-0.5721417665481567,0.4835677742958069,0.3564240038394928,-0.5278149843215942,0.5696524381637573,0.47181957960128784,-0.9359835386276245,0.5124502778053284,0.46409374475479126,-0.9245060086250305,0.7711346745491028,0.6749284863471985,-0.25475528836250305,0.3328119218349457,0.6664832830429077,-0.2897093892097473,0.8766036033630371,0.9999049305915833,-0.2989712953567505,0.2285861223936081,0.9899165034294128,-0.7403093576431274,0.8816004991531372,1.3152101039886475,-0.8022775650024414,0.331930547952652,0.9776241779327393,-1.8472282886505127,0.8869708180427551,1.3940175771713257,-0.9335669279098511,0.36331063508987427,0.9609412550926208,-2.0628764629364014,0.8471000790596008,1.358667254447937,-0.972396194934845,0.386949360370636,0.901028037071228,-2.0644209384918213,0.8314087986946106,1.336478352546692,-0.8372559547424316,0.38768434524536133,0.9175626635551453,-1.8794584274291992,0.6897905468940735,1.4507099390029907,-0.07100290060043335,0.39862123131752014,1.438223958015442,0.07608337700366974,0.6554185152053833,2.0870556831359863,0.014812936075031757,0.37534621357917786,2.074928045272827,0.2624216079711914,0.6329134702682495,2.65531849861145,0.7022636532783508,0.3748593330383301,2.641915798187256,0.9067939519882202,0.6365587711334229,2.734265089035034,0.731608510017395,0.3700171113014221,2.7179112434387207,0.9539802670478821,0.5893855094909668,2.8241770267486572,0.06337754428386688,0.4064806401729584,2.823523998260498,0.2376076728105545,0,0,0,0,0,0,0,0,0,0,0,0,0,0,0,0,0,0,0,0,0,0,0,0,0,0,0,0,0,0,0,0,0,0,0,0,0,0,0,0,0,0,0,0,0,0,0,0,0,0,0,0,0,0,0,0,0,0,0,0,0,0,0,0,0,0,0,0,0,0,0,0,0,0,0,0,0,0,0,0,0,0,0,0,0,0,0,0,0,0,0,0,0,0,0,0,0,0,0,0,0,0,0,0,0,0,0,0,0,0,0,0,0,0,0,0,0,0,0,0,0,0,0,0,0,0,victory
0.505757212638855,0.41686010360717773,-1.030219316482544,0.5266535878181458,0.3548550307750702,-0.9831520318984985,0.5431510210037231,0.3559502363204956,-0.983160674571991,0.5587159395217896,0.3574847877025604,-0.9829238653182983,0.4826185703277588,0.3574847877025604,-0.9695832133293152,0.46712321043014526,0.3591899573802948,-0.9687559008598328,0.4535168707370758,0.36096125841140747,-0.9690600633621216,0.5847891569137573,0.3719105124473572,-0.5756117701530457,0.433344304561615,0.37384119629859924,-0.49563783407211304,0.5336135625839233,0.47206252813339233,-0.8731639981269836,0.4820985198020935,0.4739735424518585,-0.8505754470825195,0.761240541934967,0.6742501854896545,-0.26537925004959106,0.3119778037071228,0.6799668073654175,-0.25032877922058105,0.8839151263237,1.01310396194458,-0.607661783695221,0.20860643684864044,1.01357901096344,-0.5404804348945618,0.6864844560623169,1.0204836130142212,-1.2680389881134033,0.3162586987018585,1.109148383140564,-1.3832581043243408,0.6292815208435059,0.9411986470222473,-1.425062894821167,0.3397434651851654,1.1279770135879517,-1.5541560649871826,0.6262656450271606,0.886814534664154,-1.3432636260986328,0.35932397842407227,1.0611519813537598,-1.5548174381256104,0.6293891072273254,0.9094986319541931,-1.255596399307251,0.3645923435688019,1.0608446598052979,-1.408174991607666,0.6838463544845581,1.4550797939300537,-0.07064579427242279,0.38241511583328247,1.445726752281189,0.07605479657649994,0.6488074660301208,2.091956853866577,-0.04651207849383354,0.36308449506759644,2.080937147140503,0.03886928781867027,0.631468653678894,2.661045551300049,0.5568035840988159,0.3626110553741455,2.6539809703826904,0.41722244024276733,0.6361960172653198,2.741777181625366,0.5795740485191345,0.35874229669570923,2.737107038497925,0.4354090690612793,0.5837039351463318,2.8380649089813232,-0.08500207960605621,0.3981131911277771,2.837073802947998,-0.25473126769065857,0,0,0,0,0,0,0,0,0,0,0,0,0,0,0,0,0,0,0,0,0,0,0,0,0,0,0,0,0,0,0,0,0,0,0,0,0,0,0,0,0,0,0,0,0,0,0,0,0,0,0,0,0,0,0,0,0,0,0,0,0,0,0,0,0,0,0,0,0,0,0,0,0,0,0,0,0,0,0,0,0,0,0,0,0,0,0,0,0,0,0,0,0,0,0,0,0,0,0,0,0,0,0,0,0,0,0,0,0,0,0,0,0,0,0,0,0,0,0,0,0,0,0,0,0,0,victory
0.4962744116783142,0.42274636030197144,-1.0081455707550049,0.51639324426651,0.35678550601005554,-0.9626795053482056,0.531886875629425,0.3562276065349579,-0.9627088308334351,0.5469865202903748,0.35733652114868164,-0.9625040292739868,0.47514766454696655,0.3639366924762726,-0.9502517580986023,0.45928841829299927,0.3665749132633209,-0.9493898153305054,0.4448482394218445,0.3694648742675781,-0.94964599609375,0.5731117725372314,0.3688245117664337,-0.5607730150222778,0.4267592430114746,0.3808150291442871,-0.48285096883773804,0.5263742804527283,0.47246885299682617,-0.8516725301742554,0.47537416219711304,0.4798750877380371,-0.8301377296447754,0.7573969960212708,0.6737368106842041,-0.2647762894630432,0.30688634514808655,0.6808669567108154,-0.2421632558107376,0.8880034685134888,1.015581488609314,-0.6222995519638062,0.19937846064567566,1.008542776107788,-0.5857592821121216,0.6825270652770996,1.004030466079712,-1.3209114074707031,0.319131463766098,1.004346489906311,-1.5105763673782349,0.6312622427940369,0.946674644947052,-1.4821213483810425,0.37253332138061523,1.0012223720550537,-1.6923831701278687,0.6272501349449158,0.8692091703414917,-1.4184638261795044,0.3844941556453705,0.9348145127296448,-1.6754891872406006,0.6296131610870361,0.9035212397575378,-1.3170320987701416,0.3783324956893921,0.935990571975708,-1.5296895503997803,0.673468291759491,1.4476710557937622,-0.06919480860233307,0.37189432978630066,1.437504529953003,0.07489632815122604,0.640477180480957,2.084345579147339,-0.09598208218812943,0.3562769889831543,2.067931890487671,0.01052400004118681,0.6254440546035767,2.6573574542999268,0.45580190420150757,0.35580551624298096,2.646399736404419,0.36486178636550903,0.6309561729431152,2.7389111518859863,0.47227105498313904,0.35178157687187195,2.731804132461548,0.3799038529396057,0.5766739845275879,2.833648443222046,-0.19139257073402405,0.39065852761268616,2.82733416557312,-0.3121226131916046,0,0,0,0,0,0,0,0,0,0,0,0,0,0,0,0,0,0,0,0,0,0,0,0,0,0,0,0,0,0,0,0,0,0,0,0,0,0,0,0,0,0,0,0,0,0,0,0,0,0,0,0,0,0,0,0,0,0,0,0,0,0,0,0,0,0,0,0,0,0,0,0,0,0,0,0,0,0,0,0,0,0,0,0,0,0,0,0,0,0,0,0,0,0,0,0,0,0,0,0,0,0,0,0,0,0,0,0,0,0,0,0,0,0,0,0,0,0,0,0,0,0,0,0,0,0,victory
0.49093690514564514,0.4300614595413208,-1.1186987161636353,0.510315477848053,0.36072197556495667,-1.075054407119751,0.5257579684257507,0.35802286863327026,-1.0750172138214111,0.540864109992981,0.35766804218292236,-1.074767827987671,0.4694243371486664,0.37088891863822937,-1.0636459589004517,0.45390644669532776,0.37364333868026733,-1.062926173210144,0.43918904662132263,0.3768123984336853,-1.0632045269012451,0.5664788484573364,0.36824116110801697,-0.6623167395591736,0.42422622442245483,0.38603270053863525,-0.5911954641342163,0.5228114128112793,0.47611379623413086,-0.9554675817489624,0.4708763062953949,0.48772308230400085,-0.9361462593078613,0.7551912665367126,0.6750032901763916,-0.3364892303943634,0.3041224777698517,0.6828311085700989,-0.3204061686992645,0.8883265256881714,1.017993688583374,-0.7782425880432129,0.18529240787029266,1.0059434175491333,-0.7272409200668335,0.6775668859481812,0.9975162744522095,-1.528895378112793,0.33260682225227356,0.9714096784591675,-1.5742652416229248,0.6281126737594604,0.9247599244117737,-1.6892998218536377,0.37272733449935913,0.9453925490379333,-1.7185180187225342,0.6129937171936035,0.8668267130851746,-1.6172336339950562,0.3837072253227234,0.8819717764854431,-1.7579679489135742,0.6183685064315796,0.8969615697860718,-1.5209648609161377,0.38397789001464844,0.8980295658111572,-1.5321685075759888,0.659958004951477,1.4453874826431274,-0.06872104108333588,0.3602544665336609,1.433481216430664,0.07446809858083725,0.625695526599884,2.0828564167022705,-0.11820081621408463,0.34544649720191956,2.06087064743042,-0.059932928532361984,0.6106503009796143,2.6570136547088623,0.4190731644630432,0.3424103558063507,2.6423487663269043,0.26678335666656494,0.6166344285011292,2.738590717315674,0.43337154388427734,0.3387179970741272,2.729614734649658,0.27770909667015076,0.5590825080871582,2.8323476314544678,-0.23352763056755066,0.37292084097862244,2.8202614784240723,-0.419170618057251,0,0,0,0,0,0,0,0,0,0,0,0,0,0,0,0,0,0,0,0,0,0,0,0,0,0,0,0,0,0,0,0,0,0,0,0,0,0,0,0,0,0,0,0,0,0,0,0,0,0,0,0,0,0,0,0,0,0,0,0,0,0,0,0,0,0,0,0,0,0,0,0,0,0,0,0,0,0,0,0,0,0,0,0,0,0,0,0,0,0,0,0,0,0,0,0,0,0,0,0,0,0,0,0,0,0,0,0,0,0,0,0,0,0,0,0,0,0,0,0,0,0,0,0,0,0,victory
0.42331409454345703,0.46227267384529114,-0.8126723170280457,0.4414108693599701,0.3867989182472229,-0.8128108978271484,0.45566877722740173,0.38089719414711,-0.8126215934753418,0.47011643648147583,0.3757937252521515,-0.8124120831489563,0.39981263875961304,0.40397968888282776,-0.7542203068733215,0.38545364141464233,0.40956205129623413,-0.7534761428833008,0.37146586179733276,0.41520100831985474,-0.7538847327232361,0.5090677738189697,0.37823396921157837,-0.6140127778053284,0.38324418663978577,0.4203118681907654,-0.31644415855407715,0.4647861123085022,0.5020244717597961,-0.727047860622406,0.4171929955482483,0.5257927775382996,-0.6423510909080505,0.7340853214263916,0.6851400136947632,-0.32969844341278076,0.30825650691986084,0.7111415266990662,-0.1212291270494461,0.8763850927352905,1.0067962408065796,-0.7500494718551636,0.18596023321151733,1.0152920484542847,-0.11544523388147354,0.6849266290664673,0.8989382982254028,-1.303006887435913,0.21712705492973328,1.3597356081008911,-0.5963833332061768,0.6925095915794373,0.9108889102935791,-1.4299339056015015,0.19666895270347595,1.4532932043075562,-0.6880185604095459,0.6684806942939758,0.867554783821106,-1.350492000579834,0.2310832440853119,1.4258124828338623,-0.7360130548477173,0.6637147068977356,0.891714334487915,-1.2893539667129517,0.24595177173614502,1.3941744565963745,-0.6345676183700562,0.6616722941398621,1.4757697582244873,-0.11602743715047836,0.3659973442554474,1.46719491481781,0.12158401310443878,0.6274546384811401,2.122277021408081,-0.16694894433021545,0.35122206807136536,2.105330467224121,0.05352739617228508,0.6232464909553528,2.6959924697875977,0.36201006174087524,0.36714354157447815,2.685195207595825,0.40683096647262573,0.6365833878517151,2.780677318572998,0.38371220231056213,0.36893466114997864,2.7705636024475098,0.4213590621948242,0.5636400580406189,2.8685271739959717,-0.22479872405529022,0.39258724451065063,2.870588541030884,-0.20438389480113983,0,0,0,0,0,0,0,0,0,0,0,0,0,0,0,0,0,0,0,0,0,0,0,0,0,0,0,0,0,0,0,0,0,0,0,0,0,0,0,0,0,0,0,0,0,0,0,0,0,0,0,0,0,0,0,0,0,0,0,0,0,0,0,0,0,0,0,0,0,0,0,0,0,0,0,0,0,0,0,0,0,0,0,0,0,0,0,0,0,0,0,0,0,0,0,0,0,0,0,0,0,0,0,0,0,0,0,0,0,0,0,0,0,0,0,0,0,0,0,0,0,0,0,0,0,0,victory
0.40422195196151733,0.4588911235332489,-0.730312168598175,0.4248969554901123,0.38591134548187256,-0.7337068319320679,0.43869322538375854,0.3802054822444916,-0.7336595058441162,0.4521871507167816,0.37520989775657654,-0.7336753606796265,0.3845696747303009,0.40238747000694275,-0.6780985593795776,0.3711700141429901,0.4076574444770813,-0.6774934530258179,0.3577091097831726,0.41299182176589966,-0.6779868602752686,0.4902631640434265,0.3788547217845917,-0.5989010334014893,0.37059783935546875,0.4226412773132324,-0.26647767424583435,0.44534093141555786,0.5007365942001343,-0.6510910987854004,0.3974062204360962,0.5237513184547424,-0.5688620805740356,0.717551052570343,0.6841899156570435,-0.32127681374549866,0.3068256080150604,0.7199761867523193,-0.10437241941690445,0.8728537559509277,0.966382622718811,-0.6376427412033081,0.18608415126800537,1.0146520137786865,-0.05565336346626282,0.6975009441375732,1.001467227935791,-1.1701363325119019,0.2015247642993927,1.39591646194458,-0.4701893925666809,0.6979309916496277,1.011222004890442,-1.2440334558486938,0.18110966682434082,1.4915717840194702,-0.5645160675048828,0.6899850368499756,0.9731957912445068,-1.1660594940185547,0.2185911387205124,1.4668333530426025,-0.6138767600059509,0.6819563508033752,0.9810580015182495,-1.1399391889572144,0.2331969439983368,1.4318486452102661,-0.5078662037849426,0.6586730480194092,1.4773398637771606,-0.11596070230007172,0.3671395480632782,1.4745053052902222,0.12123636901378632,0.6284312009811401,2.121826410293579,-0.20073559880256653,0.3633367419242859,2.1144516468048096,0.06886794418096542,0.638501763343811,2.6986939907073975,0.27166420221328735,0.3906297981739044,2.6948728561401367,0.29857373237609863,0.6539310216903687,2.7856826782226562,0.28948575258255005,0.3940281867980957,2.7795722484588623,0.3058259189128876,0.5804206132888794,2.870496988296509,-0.2862781286239624,0.4183565080165863,2.880671262741089,-0.27890411019325256,0,0,0,0,0,0,0,0,0,0,0,0,0,0,0,0,0,0,0,0,0,0,0,0,0,0,0,0,0,0,0,0,0,0,0,0,0,0,0,0,0,0,0,0,0,0,0,0,0,0,0,0,0,0,0,0,0,0,0,0,0,0,0,0,0,0,0,0,0,0,0,0,0,0,0,0,0,0,0,0,0,0,0,0,0,0,0,0,0,0,0,0,0,0,0,0,0,0,0,0,0,0,0,0,0,0,0,0,0,0,0,0,0,0,0,0,0,0,0,0,0,0,0,0,0,0,victory
0.38165178894996643,0.4558178186416626,-0.861829936504364,0.39410585165023804,0.3845735490322113,-0.8463870286941528,0.40856361389160156,0.3793334662914276,-0.8464845418930054,0.42189115285873413,0.37383830547332764,-0.845507800579071,0.3515717387199402,0.403598815202713,-0.7489110231399536,0.3373246490955353,0.4097263514995575,-0.7491104602813721,0.3247874975204468,0.41587111353874207,-0.7501956224441528,0.4577154219150543,0.37552013993263245,-0.6115666627883911,0.33343878388404846,0.43013298511505127,-0.3099241852760315,0.4272310137748718,0.4993533492088318,-0.7704672813415527,0.38261574506759644,0.5244740843772888,-0.6493410468101501,0.7033601999282837,0.684342086315155,-0.38100510835647583,0.2956538498401642,0.7339752316474915,-0.1214694231748581,0.8343709111213684,0.9665125012397766,-1.066614031791687,0.1869901716709137,1.0392929315567017,-0.5276402235031128,0.6778696775436401,0.8009681701660156,-1.7143161296844482,0.27812862396240234,1.2254544496536255,-1.343776822090149,0.6567571759223938,0.6790500283241272,-1.847801923751831,0.30008500814437866,1.2649948596954346,-1.4804723262786865,0.6321434378623962,0.6139624714851379,-1.7322461605072021,0.3231896460056305,1.229215383529663,-1.3578262329101562,0.6297010779380798,0.6686223149299622,-1.6845073699951172,0.32578757405281067,1.2156018018722534,-1.3361563682556152,0.6596754193305969,1.4983463287353516,-0.1287679225206375,0.3679277300834656,1.4997423887252808,0.13365159928798676,0.6285457015037537,2.1494102478027344,-0.16201265156269073,0.37252217531204224,2.1373684406280518,0.08517206460237503,0.6449117660522461,2.71382212638855,0.3598085939884186,0.39612457156181335,2.7136342525482178,0.42005032300949097,0.6601555943489075,2.800069570541382,0.38282981514930725,0.4001578688621521,2.801403284072876,0.43889373540878296,0.5854932069778442,2.885810375213623,-0.22603543102741241,0.42064112424850464,2.896177053451538,-0.1879120022058487,0.6208323240280151,0.7706016302108765,9.180311622003501e-07,0.5685420632362366,0.7525402307510376,-0.024373523890972137,0.5296881198883057,0.6877628564834595,-0.04403761774301529,0.5440226793289185,0.6273354291915894,-0.06512802839279175,0.5787823796272278,0.5928751826286316,-0.08640670776367188,0.5367226600646973,0.5576121807098389,-0.04372618719935417,0.5016524195671082,0.4631890058517456,-0.07293162494897842,0.4803016483783722,0.3979405462741852,-0.09214598685503006,0.4640660583972931,0.3409082293510437,-0.1060531735420227,0.5853030681610107,0.5471928119659424,-0.05395975708961487,0.5843518972396851,0.4334460496902466,-0.08716671913862228,0.5860115885734558,0.358429491519928,-0.1065821722149849,0.5886238217353821,0.2919696569442749,-0.11685170978307724,0.6317848563194275,0.5644819140434265,-0.06513065844774246,0.6284945607185364,0.5209779143333435,-0.10436402261257172,0.6144542694091797,0.5952785611152649,-0.10427790880203247,0.6077477931976318,0.6498620510101318,-0.09393024444580078,0.6722438335418701,0.5994586944580078,-0.07831943780183792,0.6605503559112549,0.5741831660270691,-0.10811280459165573,0.6444384455680847,0.624697208404541,-0.10168217867612839,0.6363306045532227,0.6654084920883179,-0.09003112465143204,0,0,0,0,0,0,0,0,0,0,0,0,0,0,0,0,0,0,0,0,0,0,0,0,0,0,0,0,0,0,0,0,0,0,0,0,0,0,0,0,0,0,0,0,0,0,0,0,0,0,0,0,0,0,0,0,0,0,0,0,0,0,0,victory
0.3597263693809509,0.45989179611206055,-0.9803813695907593,0.3687070310115814,0.3892045021057129,-0.9538602828979492,0.3828451335430145,0.3812280595302582,-0.9541231989860535,0.39613527059555054,0.37397634983062744,-0.9534847140312195,0.329249769449234,0.41381627321243286,-0.8861692547798157,0.3169206380844116,0.4204214811325073,-0.8860883712768555,0.3063579201698303,0.4265078902244568,-0.8867810964584351,0.43106111884117126,0.37437963485717773,-0.6560574173927307,0.3178679049015045,0.43573787808418274,-0.3646869957447052,0.40807971358299255,0.4996287524700165,-0.8632684946060181,0.36659014225006104,0.529211699962616,-0.7745233774185181,0.682761549949646,0.6687588095664978,-0.42282065749168396,0.29360562562942505,0.7309294939041138,-0.11034128814935684,0.791512131690979,0.9507192373275757,-1.0271042585372925,0.19792711734771729,1.033052921295166,-0.33859631419181824,0.658201277256012,0.7332084774971008,-1.65622878074646,0.23830048739910126,1.267141580581665,-1.0952446460723877,0.6304234266281128,0.6078687310218811,-1.809525489807129,0.23055846989154816,1.3344871997833252,-1.228056788444519,0.5998873710632324,0.5323507189750671,-1.7244606018066406,0.261823832988739,1.3004581928253174,-1.2449396848678589,0.6034455895423889,0.5905249714851379,-1.6407968997955322,0.2746438682079315,1.2784072160720825,-1.1322553157806396,0.6547451019287109,1.4935927391052246,-0.12449552118778229,0.368592768907547,1.493945837020874,0.12931638956069946,0.6390178799629211,2.143108606338501,-0.21977980434894562,0.398248553276062,2.12317156791687,-0.06884385645389557,0.6704584360122681,2.7027108669281006,0.23538386821746826,0.4301892817020416,2.6957130432128906,0.19088126718997955,0.685200572013855,2.7902345657348633,0.24401172995567322,0.4361022114753723,2.793132781982422,0.20069405436515808,0.6168292760848999,2.868224859237671,-0.4023996889591217,0.4566425383090973,2.8620831966400146,-0.41654378175735474,0.6255793571472168,0.7731144428253174,7.649832127754053e-07,0.5678597688674927,0.7527626156806946,-0.030713999643921852,0.5263814926147461,0.6892418265342712,-0.0523134283721447,0.5459575653076172,0.6300016045570374,-0.07489888370037079,0.5818414092063904,0.5934149026870728,-0.09589161723852158,0.5285367369651794,0.5502002239227295,-0.03750303387641907,0.4942937195301056,0.453521728515625,-0.06791175156831741,0.4747561812400818,0.3912060856819153,-0.0865694209933281,0.4603748917579651,0.3353919982910156,-0.0989547148346901,0.5794461965560913,0.5372442603111267,-0.04509519413113594,0.578478217124939,0.426216185092926,-0.07857486605644226,0.5807481408119202,0.3530050218105316,-0.09733791649341583,0.5833631157875061,0.28711605072021484,-0.10592125356197357,0.6276195049285889,0.5540069341659546,-0.05574452131986618,0.6292129755020142,0.5125393271446228,-0.09987295418977737,0.6155028343200684,0.5892693996429443,-0.10074720531702042,0.6069485545158386,0.6465061902999878,-0.0884162187576294,0.6709811091423035,0.5906808972358704,-0.06880152970552444,0.6648305654525757,0.5669436454772949,-0.10099191218614578,0.6474313139915466,0.6179006695747375,-0.09510854631662369,0.6357619762420654,0.6600699424743652,-0.0823788195848465,0,0,0,0,0,0,0,0,0,0,0,0,0,0,0,0,0,0,0,0,0,0,0,0,0,0,0,0,0,0,0,0,0,0,0,0,0,0,0,0,0,0,0,0,0,0,0,0,0,0,0,0,0,0,0,0,0,0,0,0,0,0,0,victory
0.35144829750061035,0.45927879214286804,-0.9181444048881531,0.3625630736351013,0.3896271586418152,-0.9036769866943359,0.37667763233184814,0.3812309205532074,-0.9039748311042786,0.3904440104961395,0.3736284673213959,-0.9032778739929199,0.32273536920547485,0.4141119718551636,-0.8312657475471497,0.3102053999900818,0.42091313004493713,-0.8307817578315735,0.29911008477211,0.42760950326919556,-0.8313177227973938,0.42637601494789124,0.3728129267692566,-0.6300069689750671,0.3122195601463318,0.4358747899532318,-0.3196330964565277,0.40320834517478943,0.4990355670452118,-0.819211483001709,0.3601030707359314,0.5284257531166077,-0.7204318642616272,0.6575666069984436,0.6535397171974182,-0.4010140895843506,0.2895776629447937,0.7296998500823975,-0.05219956487417221,0.7728474736213684,0.9441165924072266,-0.9912956953048706,0.21055638790130615,1.0186635255813599,-0.25219419598579407,0.658881425857544,0.7484835386276245,-1.6013078689575195,0.228443905711174,1.3036093711853027,-1.0023887157440186,0.6373022794723511,0.6496312022209167,-1.7528657913208008,0.21179409325122833,1.395735502243042,-1.1208324432373047,0.6090582609176636,0.5664176344871521,-1.6602542400360107,0.24863901734352112,1.354352593421936,-1.1595145463943481,0.6084862351417542,0.6140291094779968,-1.5835306644439697,0.263242244720459,1.3236638307571411,-1.0456476211547852,0.6378687620162964,1.4727694988250732,-0.15197041630744934,0.35973331332206726,1.4771920442581177,0.1566379964351654,0.6351825594902039,2.122136116027832,-0.19748112559318542,0.39391273260116577,2.1100363731384277,0.13702085614204407,0.665448784828186,2.679896593093872,0.3070533573627472,0.41986948251724243,2.676785707473755,0.38429325819015503,0.6783240437507629,2.7629306316375732,0.3214484453201294,0.4240230619907379,2.7674827575683594,0.39185836911201477,0.6110444068908691,2.8495290279388428,-0.3165864944458008,0.44865331053733826,2.8459954261779785,-0.18102580308914185,0.6266840696334839,0.7780332565307617,7.529379786319623e-07,0.567149817943573,0.7528988718986511,-0.027064763009548187,0.5245158672332764,0.6855336427688599,-0.04570954665541649,0.545779287815094,0.6275201439857483,-0.0662129819393158,0.5836930871009827,0.5975149869918823,-0.08593861758708954,0.529349148273468,0.5475822687149048,-0.03261035308241844,0.493940532207489,0.4536896347999573,-0.060507021844387054,0.4741075932979584,0.39357200264930725,-0.07819514721632004,0.4590758979320526,0.3395756185054779,-0.09025053679943085,0.580064058303833,0.5349273085594177,-0.041187312453985214,0.5789424180984497,0.42262113094329834,-0.07155971229076385,0.581774115562439,0.3498534560203552,-0.08918812870979309,0.586353600025177,0.2856275737285614,-0.09756254404783249,0.6281603574752808,0.5528204441070557,-0.05271656811237335,0.6294562220573425,0.5132120847702026,-0.09276366233825684,0.6147835850715637,0.5893814563751221,-0.09447969496250153,0.6072841286659241,0.6463669538497925,-0.08384943753480911,0.6711719036102295,0.5900525450706482,-0.06659998744726181,0.6644668579101562,0.5665035247802734,-0.095624178647995,0.6473960876464844,0.6167170405387878,-0.09025906771421432,0.6371923089027405,0.6580691933631897,-0.0789080336689949,0,0,0,0,0,0,0,0,0,0,0,0,0,0,0,0,0,0,0,0,0,0,0,0,0,0,0,0,0,0,0,0,0,0,0,0,0,0,0,0,0,0,0,0,0,0,0,0,0,0,0,0,0,0,0,0,0,0,0,0,0,0,0,victory
0.35084831714630127,0.4586032032966614,-0.7885871529579163,0.36159247159957886,0.38933077454566956,-0.774662435054779,0.3751458525657654,0.3809258043766022,-0.7746917605400085,0.38870882987976074,0.3733500838279724,-0.7741256952285767,0.3220847547054291,0.41318848729133606,-0.7076653242111206,0.30932900309562683,0.42000892758369446,-0.7069100141525269,0.29769647121429443,0.42683595418930054,-0.7073193788528442,0.4256587624549866,0.3727508783340454,-0.5471404790878296,0.31029289960861206,0.4356633126735687,-0.21972620487213135,0.40211978554725647,0.49903160333633423,-0.7014711499214172,0.36052894592285156,0.528512179851532,-0.6079212427139282,0.661928117275238,0.6710414886474609,-0.3976823687553406,0.29181796312332153,0.7391590476036072,0.007227890193462372,0.7795115113258362,0.9478890895843506,-0.9909120798110962,0.23893089592456818,1.0246238708496094,-0.21688075363636017,0.6512789130210876,0.7796646356582642,-1.5204346179962158,0.2312929928302765,1.3777718544006348,-0.989681601524353,0.6391850709915161,0.6663256883621216,-1.6562831401824951,0.21794696152210236,1.472320795059204,-1.0983355045318604,0.614129900932312,0.6080954074859619,-1.5479519367218018,0.25250738859176636,1.4250508546829224,-1.1382153034210205,0.6028182506561279,0.639116108417511,-1.4940495491027832,0.26667073369026184,1.3923625946044922,-1.0345783233642578,0.6409562826156616,1.5001885890960693,-0.18959680199623108,0.3612692952156067,1.5050606727600098,0.19428005814552307,0.6364673376083374,2.1514201164245605,-0.10544364154338837,0.39298462867736816,2.1518959999084473,0.4839693605899811,0.6729189157485962,2.701774835586548,0.49998101592063904,0.4288790225982666,2.705583333969116,1.066843867301941,0.691348671913147,2.781625270843506,0.527818500995636,0.43606287240982056,2.7864990234375,1.1168291568756104,0.6165514588356018,2.8758416175842285,-0.08085556328296661,0.4573168158531189,2.887110948562622,0.5318591594696045,0.6272470355033875,0.780759334564209,7.505618100367428e-07,0.5678322315216064,0.7538644075393677,-0.026293111965060234,0.5256892442703247,0.6859601736068726,-0.04452703893184662,0.5454270243644714,0.6290481686592102,-0.0650249496102333,0.5815761089324951,0.5994654297828674,-0.08474928885698318,0.5298685431480408,0.548206627368927,-0.030530430376529694,0.4937155544757843,0.4544118642807007,-0.05828168988227844,0.4735373258590698,0.39424648880958557,-0.07576095312833786,0.45852357149124146,0.3401055335998535,-0.0875454694032669,0.5800135731697083,0.5360337495803833,-0.03970450907945633,0.5793398022651672,0.4224492907524109,-0.07043761759996414,0.5821026563644409,0.34897923469543457,-0.08833137154579163,0.587020993232727,0.28373199701309204,-0.09671986103057861,0.6277102828025818,0.5541194677352905,-0.0519009567797184,0.6293764710426331,0.5117458701133728,-0.09269171208143234,0.6147492527961731,0.5893765091896057,-0.09437493234872818,0.6076911687850952,0.6462985873222351,-0.08339833468198776,0.6704168915748596,0.5915119051933289,-0.06634882092475891,0.6636117696762085,0.5659523010253906,-0.09547089040279388,0.6468886733055115,0.6167740821838379,-0.08965279161930084,0.6374594569206238,0.6574356555938721,-0.07787877321243286,0,0,0,0,0,0,0,0,0,0,0,0,0,0,0,0,0,0,0,0,0,0,0,0,0,0,0,0,0,0,0,0,0,0,0,0,0,0,0,0,0,0,0,0,0,0,0,0,0,0,0,0,0,0,0,0,0,0,0,0,0,0,0,victory
0.3477349281311035,0.460843026638031,-0.6297691464424133,0.359685480594635,0.3923378884792328,-0.6458032131195068,0.3733779788017273,0.3828001618385315,-0.6455936431884766,0.3866271376609802,0.3741615116596222,-0.6451503038406372,0.32093721628189087,0.4168325364589691,-0.5613542795181274,0.30834484100341797,0.42378896474838257,-0.5604639053344727,0.29745203256607056,0.43084365129470825,-0.5607317686080933,0.4233333170413971,0.3728981614112854,-0.5231063365936279,0.31140679121017456,0.4375278055667877,-0.11982078850269318,0.39886659383773804,0.5011257529258728,-0.577603280544281,0.3558576703071594,0.5293554663658142,-0.46210938692092896,0.6504486203193665,0.6657596826553345,-0.4503127932548523,0.2936471104621887,0.7359267473220825,0.12906907498836517,0.7775511741638184,0.9408623576164246,-1.1342941522598267,0.24814903736114502,1.0213871002197266,-0.06217893213033676,0.6388498544692993,0.7168006300926208,-1.5536752939224243,0.22301070392131805,1.3879177570343018,-0.7997624278068542,0.598544180393219,0.5717600584030151,-1.6638362407684326,0.1982831060886383,1.4925230741500854,-0.8705023527145386,0.5890997648239136,0.5295912027359009,-1.520348072052002,0.23031087219715118,1.4550929069519043,-0.9055216908454895,0.5797726511955261,0.5867239236831665,-1.5065503120422363,0.2489347755908966,1.4192523956298828,-0.8436293601989746,0.6339961886405945,1.5030341148376465,-0.21299879252910614,0.3560350239276886,1.501779556274414,0.217729851603508,0.6233530640602112,2.155916452407837,-0.10651744902133942,0.36793798208236694,2.1466636657714844,0.5234794616699219,0.6606481671333313,2.707542657852173,0.4751442074775696,0.41228175163269043,2.702759027481079,1.0535566806793213,0.6861161589622498,2.7868266105651855,0.5128856301307678,0.42571792006492615,2.782658338546753,1.0987683534622192,0.5984295606613159,2.8813047409057617,-0.11849366128444672,0.43743258714675903,2.8889684677124023,0.550116777420044,0.6416780948638916,0.7784581780433655,7.176759027061053e-07,0.5798615217208862,0.7545011043548584,-0.027699928730726242,0.5357056856155396,0.6876102685928345,-0.047133978456258774,0.5609108209609985,0.6329330205917358,-0.06778263300657272,0.5977218151092529,0.601708173751831,-0.08739674091339111,0.5428187847137451,0.5496236681938171,-0.03944767639040947,0.499980628490448,0.45363450050354004,-0.06968873739242554,0.4768049418926239,0.39229851961135864,-0.0881166011095047,0.4587852954864502,0.336850643157959,-0.10002780705690384,0.5927510857582092,0.5344297289848328,-0.047139972448349,0.5888507962226868,0.42119890451431274,-0.07710286229848862,0.5923341512680054,0.3476681113243103,-0.09296346455812454,0.5983453989028931,0.2796824872493744,-0.10014114528894424,0.6390944719314575,0.5506459474563599,-0.057583000510931015,0.6431353688240051,0.5200207233428955,-0.09435684233903885,0.6326131224632263,0.5944123864173889,-0.09434650838375092,0.6285229921340942,0.648059070110321,-0.08350946754217148,0.6809493899345398,0.5877234935760498,-0.07083989679813385,0.6785053014755249,0.5773958563804626,-0.09649573266506195,0.6635928750038147,0.6271236538887024,-0.0904073715209961,0.6553549766540527,0.6650582551956177,-0.07924254983663559,0,0,0,0,0,0,0,0,0,0,0,0,0,0,0,0,0,0,0,0,0,0,0,0,0,0,0,0,0,0,0,0,0,0,0,0,0,0,0,0,0,0,0,0,0,0,0,0,0,0,0,0,0,0,0,0,0,0,0,0,0,0,0,victory
0.3553031086921692,0.46307745575904846,-0.5562059283256531,0.36442214250564575,0.3961792290210724,-0.5641273260116577,0.3777908682823181,0.3858262598514557,-0.563939094543457,0.3913692831993103,0.3757127523422241,-0.5634399652481079,0.327227383852005,0.4205074906349182,-0.49182286858558655,0.31503328680992126,0.42750611901283264,-0.4908067286014557,0.30392342805862427,0.4348981976509094,-0.49111753702163696,0.42888036370277405,0.3730076253414154,-0.43007412552833557,0.3151249587535858,0.4423743784427643,-0.0723562017083168,0.4048178791999817,0.5018234848976135,-0.49790650606155396,0.3625420928001404,0.5314974784851074,-0.3978322148323059,0.6568385362625122,0.659023642539978,-0.3654065728187561,0.2949478328227997,0.7336570620536804,0.12397736310958862,0.7861860394477844,0.9414116740226746,-1.0101069211959839,0.24534539878368378,1.0138143301010132,-0.04034634679555893,0.6574479341506958,0.7638667225837708,-1.2123496532440186,0.21759609878063202,1.3746525049209595,-0.6791678071022034,0.6275796294212341,0.6457552313804626,-1.2932970523834229,0.19220106303691864,1.474988579750061,-0.7543256282806396,0.6091659665107727,0.5782954096794128,-1.164729356765747,0.22355028986930847,1.4318665266036987,-0.7820457220077515,0.6022199392318726,0.6260082721710205,-1.1699615716934204,0.24278661608695984,1.3993934392929077,-0.7192186713218689,0.6365258097648621,1.4932340383529663,-0.19894671440124512,0.35694512724876404,1.4966909885406494,0.20439743995666504,0.6253299713134766,2.1449549198150635,-0.270298570394516,0.36821243166923523,2.1429340839385986,0.4260610044002533,0.6616538763046265,2.6953883171081543,0.11586467921733856,0.4123993515968323,2.6940817832946777,0.8445392847061157,0.684897780418396,2.7725255489349365,0.1252206414937973,0.4235197603702545,2.770207643508911,0.8773702383041382,0.5996146202087402,2.8686330318450928,-0.4542931914329529,0.44089850783348083,2.884810447692871,0.3201480805873871,0.6635102033615112,0.7908695936203003,7.65421532378241e-07,0.601009726524353,0.7743093967437744,-0.0331038199365139,0.5524622797966003,0.7058390378952026,-0.05437099188566208,0.5819157958030701,0.6542122960090637,-0.07548322528600693,0.6310599446296692,0.6203331351280212,-0.09509458392858505,0.5534971356391907,0.5624852180480957,-0.044323261827230453,0.5103389024734497,0.4646987020969391,-0.07658527046442032,0.487765371799469,0.4020111858844757,-0.09539417922496796,0.46953123807907104,0.34410104155540466,-0.10776357352733612,0.6046270728111267,0.5451018214225769,-0.04981018975377083,0.6044818162918091,0.4271405339241028,-0.08191787451505661,0.6094890832901001,0.3567911386489868,-0.09774056822061539,0.6149766445159912,0.2865051031112671,-0.10435429215431213,0.6512594819068909,0.5599455237388611,-0.05858209356665611,0.6600137948989868,0.5430344939231873,-0.0969533771276474,0.6520310044288635,0.6206536293029785,-0.09649613499641418,0.6475220322608948,0.6649912595748901,-0.08516257256269455,0.6934430599212646,0.5951358079910278,-0.07082223147153854,0.6944918632507324,0.5990128517150879,-0.09801048785448074,0.6827390789985657,0.6545997858047485,-0.09200092405080795,0.6746031641960144,0.6870477199554443,-0.08087474852800369,0,0,0,0,0,0,0,0,0,0,0,0,0,0,0,0,0,0,0,0,0,0,0,0,0,0,0,0,0,0,0,0,0,0,0,0,0,0,0,0,0,0,0,0,0,0,0,0,0,0,0,0,0,0,0,0,0,0,0,0,0,0,0,victory
0.35817766189575195,0.4626903533935547,-0.5672202110290527,0.36749884486198425,0.39607033133506775,-0.5682280659675598,0.38111716508865356,0.3856353163719177,-0.5680474042892456,0.39504775404930115,0.3755745589733124,-0.5674771070480347,0.33001524209976196,0.4201483130455017,-0.5014811158180237,0.31768909096717834,0.4270157217979431,-0.5005212426185608,0.3060799241065979,0.43443939089775085,-0.500847578048706,0.4336071014404297,0.37277957797050476,-0.41518521308898926,0.3162916302680969,0.4430212676525116,-0.08456528931856155,0.40813326835632324,0.501567006111145,-0.5035213232040405,0.364352822303772,0.5309401154518127,-0.41072335839271545,0.6633694171905518,0.6593754291534424,-0.33019065856933594,0.2934463620185852,0.7395137548446655,0.10996855795383453,0.7901915907859802,0.941231906414032,-1.0075503587722778,0.24193446338176727,1.0249308347702026,-0.04321611300110817,0.6642479300498962,0.7516863942146301,-1.2258509397506714,0.20806077122688293,1.4280714988708496,-0.667725682258606,0.6343017220497131,0.6370255947113037,-1.3135182857513428,0.18246154487133026,1.5375767946243286,-0.739162802696228,0.6096389293670654,0.570565938949585,-1.1819212436676025,0.21521468460559845,1.4922749996185303,-0.7693981528282166,0.6078217625617981,0.6208466291427612,-1.1852073669433594,0.23466956615447998,1.4560291767120361,-0.7068647146224976,0.6409496068954468,1.49420166015625,-0.1888088881969452,0.3578595221042633,1.4989724159240723,0.19428613781929016,0.6332677006721497,2.145366907119751,-0.23742607235908508,0.3709646165370941,2.1437747478485107,0.43123307824134827,0.6700238585472107,2.6959311962127686,0.20331351459026337,0.41857558488845825,2.6961708068847656,0.8805088996887207,0.6910852193832397,2.7730319499969482,0.2177756130695343,0.4273964762687683,2.772006034851074,0.917290210723877,0.613103449344635,2.8699023723602295,-0.35955625772476196,0.45654216408729553,2.8871498107910156,0.37356048822402954,0.6596596837043762,0.8007944822311401,8.096606052276911e-07,0.5979164838790894,0.7740248441696167,-0.026466408744454384,0.5532004833221436,0.7031351327896118,-0.04506197199225426,0.5821657776832581,0.655614972114563,-0.06533967703580856,0.6228245496749878,0.6308021545410156,-0.08516451716423035,0.5549161434173584,0.5605189204216003,-0.03911132737994194,0.5110848546028137,0.4641112983226776,-0.06964597851037979,0.48759379982948303,0.4025474190711975,-0.08817894011735916,0.46893948316574097,0.3464117646217346,-0.10048671066761017,0.6060777306556702,0.5457783937454224,-0.04844027757644653,0.6041021943092346,0.4292568564414978,-0.07942204922437668,0.6080800890922546,0.3562210202217102,-0.09687543660402298,0.6135689616203308,0.28602054715156555,-0.10518661141395569,0.6536978483200073,0.5628402829170227,-0.06034020334482193,0.6620191931724548,0.5369376540184021,-0.09711923450231552,0.6531814336776733,0.6147627830505371,-0.09766168147325516,0.6490000486373901,0.6639009714126587,-0.0875174030661583,0.6963257789611816,0.6007778644561768,-0.07509370148181915,0.6970909237861633,0.5949347615242004,-0.10009871423244476,0.6841936111450195,0.6485435962677002,-0.09351121634244919,0.6765246391296387,0.6838110089302063,-0.08244568854570389,0,0,0,0,0,0,0,0,0,0,0,0,0,0,0,0,0,0,0,0,0,0,0,0,0,0,0,0,0,0,0,0,0,0,0,0,0,0,0,0,0,0,0,0,0,0,0,0,0,0,0,0,0,0,0,0,0,0,0,0,0,0,0,victory
0.3611404001712799,0.46315720677375793,-0.6371015906333923,0.3707234263420105,0.39634814858436584,-0.643221914768219,0.384533166885376,0.38584837317466736,-0.6430477499961853,0.39853590726852417,0.3755577802658081,-0.6425473690032959,0.3337302803993225,0.41981345415115356,-0.569686233997345,0.3215520679950714,0.4263526201248169,-0.5687059164047241,0.3099645972251892,0.43338051438331604,-0.5689419507980347,0.43857818841934204,0.3729255795478821,-0.4847780168056488,0.3196384608745575,0.4421215057373047,-0.12802353501319885,0.40903863310813904,0.5022554397583008,-0.5705804228782654,0.3656315207481384,0.530780017375946,-0.4693295359611511,0.6645098924636841,0.6623096466064453,-0.4064778685569763,0.2941640019416809,0.7381623387336731,0.11208508908748627,0.7934677004814148,0.9420905709266663,-1.0201786756515503,0.23908312618732452,1.0209503173828125,0.06697044521570206,0.6660026907920837,0.7801526784896851,-1.4253971576690674,0.20615100860595703,1.4132460355758667,-0.5122429132461548,0.6414884924888611,0.6610986590385437,-1.528497338294983,0.1812160313129425,1.5213230848312378,-0.5674641728401184,0.616683840751648,0.6094316840171814,-1.3853620290756226,0.21279160678386688,1.4780142307281494,-0.6036319136619568,0.610614538192749,0.6472693085670471,-1.3829545974731445,0.23242995142936707,1.44185209274292,-0.5523231625556946,0.649752676486969,1.4963583946228027,-0.19635248184204102,0.3647948205471039,1.501538872718811,0.2019243687391281,0.6422576308250427,2.1460981369018555,-0.2183251678943634,0.3758080005645752,2.143923282623291,0.4505856931209564,0.6779108047485352,2.696854829788208,0.26349207758903503,0.42492493987083435,2.697777509689331,0.9515112042427063,0.6977289319038391,2.773932933807373,0.27865180373191833,0.4338291585445404,2.7738633155822754,0.992904782295227,0.6224666237831116,2.873030185699463,-0.3152014911174774,0.46205204725265503,2.888018846511841,0.4198230803012848,0.6853370666503906,0.813084065914154,7.643151320735342e-07,0.6215287446975708,0.7881050109863281,-0.03061250038444996,0.5763033628463745,0.7158421277999878,-0.048801373690366745,0.6085826754570007,0.669431209564209,-0.06746022403240204,0.6607946157455444,0.6421264410018921,-0.08504290878772736,0.578092634677887,0.5721504092216492,-0.0389290414750576,0.5362970232963562,0.47208988666534424,-0.06680051982402802,0.5133765339851379,0.40886491537094116,-0.08133665472269058,0.4946163594722748,0.3517659306526184,-0.09010612964630127,0.6298447847366333,0.5563092827796936,-0.04424460232257843,0.6362264156341553,0.4387468099594116,-0.07242593169212341,0.6435292363166809,0.3693736791610718,-0.08637235313653946,0.6504319310188293,0.303455114364624,-0.09115663915872574,0.6758806705474854,0.57254558801651,-0.05279577895998955,0.6874901056289673,0.5596522688865662,-0.09008869528770447,0.682283878326416,0.6349143385887146,-0.09332386404275894,0.6800674200057983,0.6803838610649109,-0.0835372805595398,0.7155218720436096,0.607592761516571,-0.06416954845190048,0.7191499471664429,0.6109020709991455,-0.08953835070133209,0.7106346487998962,0.6650108098983765,-0.08485785871744156,0.7057082056999207,0.6990662217140198,-0.07449822872877121,0,0,0,0,0,0,0,0,0,0,0,0,0,0,0,0,0,0,0,0,0,0,0,0,0,0,0,0,0,0,0,0,0,0,0,0,0,0,0,0,0,0,0,0,0,0,0,0,0,0,0,0,0,0,0,0,0,0,0,0,0,0,0,victory
0.36361855268478394,0.46359503269195557,-0.6102684736251831,0.37316185235977173,0.3970682919025421,-0.6240392923355103,0.3870878517627716,0.3862978219985962,-0.6238478422164917,0.4011412560939789,0.3756841719150543,-0.6234217882156372,0.33647972345352173,0.42034634947776794,-0.5461033582687378,0.32428354024887085,0.4266412556171417,-0.5451167225837708,0.3126903772354126,0.43334493041038513,-0.5453281402587891,0.44139426946640015,0.37292811274528503,-0.48475712537765503,0.32112133502960205,0.4423692524433136,-0.1106085330247879,0.410308301448822,0.5025722980499268,-0.5504858493804932,0.36712267994880676,0.5305370688438416,-0.4432510733604431,0.6675997972488403,0.6619889140129089,-0.3989800810813904,0.2945093810558319,0.7344087958335876,0.13698267936706543,0.794292688369751,0.9386531114578247,-0.9901361465454102,0.23983165621757507,1.012585997581482,0.03813634440302849,0.669012188911438,0.7881494164466858,-1.4102771282196045,0.20816108584403992,1.3860751390457153,-0.5914331674575806,0.6455193758010864,0.6666889190673828,-1.5143077373504639,0.1866098791360855,1.4890953302383423,-0.6558994054794312,0.6210000514984131,0.6232464909553528,-1.384169578552246,0.21804828941822052,1.4473074674606323,-0.6860628724098206,0.6141160726547241,0.6544668674468994,-1.3727796077728271,0.23657336831092834,1.4127917289733887,-0.6303685903549194,0.6498939990997314,1.491021990776062,-0.1967812180519104,0.36636513471603394,1.4973074197769165,0.2022392302751541,0.6434916257858276,2.1333816051483154,-0.243721604347229,0.37717095017433167,2.1331305503845215,0.4280102849006653,0.6760557889938354,2.6792752742767334,0.20990756154060364,0.42370396852493286,2.681408643722534,0.8906322717666626,0.6949201822280884,2.7542307376861572,0.22568440437316895,0.43180522322654724,2.7560460567474365,0.9272854924201965,0.6208401322364807,2.8564488887786865,-0.35866186022758484,0.4589175581932068,2.869562864303589,0.3636561930179596,0.6860639452934265,0.8187820315361023,8.118477126117796e-07,0.6208773851394653,0.7858508825302124,-0.02598520927131176,0.5775786638259888,0.7089442610740662,-0.041480228304862976,0.6132610440254211,0.66737300157547,-0.05825623497366905,0.6615447998046875,0.6466174125671387,-0.07437437772750854,0.5819723606109619,0.5709697008132935,-0.036715589463710785,0.5386849641799927,0.470098614692688,-0.06376615166664124,0.5157253742218018,0.4072440266609192,-0.07875552028417587,0.4966827929019928,0.35140448808670044,-0.08866424858570099,0.6326200366020203,0.5551187992095947,-0.04411166533827782,0.6366239786148071,0.4382437467575073,-0.07174275070428848,0.6429371237754822,0.36604729294776917,-0.08715519309043884,0.6506569385528564,0.29772576689720154,-0.0941377654671669,0.677341103553772,0.5719721913337708,-0.05422509089112282,0.6903376579284668,0.563916027545929,-0.08650323748588562,0.6812206506729126,0.6355883479118347,-0.0894964411854744,0.6765035390853882,0.6758109331130981,-0.08207261562347412,0.71577388048172,0.6087311506271362,-0.06740591675043106,0.720221757888794,0.6167899966239929,-0.08957231044769287,0.7090709805488586,0.6663791537284851,-0.08593736588954926,0.7018343806266785,0.6949877142906189,-0.07791101187467575,0,0,0,0,0,0,0,0,0,0,0,0,0,0,0,0,0,0,0,0,0,0,0,0,0,0,0,0,0,0,0,0,0,0,0,0,0,0,0,0,0,0,0,0,0,0,0,0,0,0,0,0,0,0,0,0,0,0,0,0,0,0,0,victory
0.36503201723098755,0.46375030279159546,-0.5936779379844666,0.37453576922416687,0.3973064720630646,-0.6077717542648315,0.38852083683013916,0.3864198625087738,-0.6075745820999146,0.40264520049095154,0.37567657232284546,-0.6071473360061646,0.33800309896469116,0.42050155997276306,-0.529714047908783,0.3258182108402252,0.42667248845100403,-0.5287269949913025,0.314195841550827,0.43320998549461365,-0.5289427042007446,0.4430208206176758,0.37292084097862244,-0.47662362456321716,0.3218451142311096,0.442463219165802,-0.09807439148426056,0.41110938787460327,0.5027409791946411,-0.5356318354606628,0.3680116534233093,0.530318558216095,-0.42812252044677734,0.6695998907089233,0.6620543003082275,-0.3930824398994446,0.2947656512260437,0.7323290109634399,0.14055615663528442,0.7951411008834839,0.9364051222801208,-0.9809425473213196,0.23994238674640656,1.0076714754104614,0.012898959219455719,0.6713715195655823,0.7909396290779114,-1.4033774137496948,0.20912055671215057,1.3781758546829224,-0.6392140984535217,0.6482065916061401,0.6682466268539429,-1.5068037509918213,0.1897823065519333,1.4810410737991333,-0.707409143447876,0.623806893825531,0.6276861429214478,-1.3821285963058472,0.2211538851261139,1.4392943382263184,-0.734501302242279,0.6169884204864502,0.6565966010093689,-1.3665940761566162,0.2389075756072998,1.404923915863037,-0.6776576638221741,0.6506436467170715,1.4881223440170288,-0.19539427757263184,0.368129700422287,1.4954915046691895,0.2008032500743866,0.645549476146698,2.1268510818481445,-0.24496683478355408,0.3792777955532074,2.128523588180542,0.4324949383735657,0.6764404773712158,2.670794725418091,0.20730559527873993,0.4245540201663971,2.673872709274292,0.8998191952705383,0.6947190165519714,2.745260715484619,0.2234523594379425,0.43257585167884827,2.7481117248535156,0.937338650226593,0.622331976890564,2.8480193614959717,-0.35821688175201416,0.4586403965950012,2.8607962131500244,0.3814343512058258,0.6861655712127686,0.8209720849990845,8.214937565753644e-07,0.6206661462783813,0.7877740263938904,-0.027619441971182823,0.5772817134857178,0.7116724252700806,-0.044271331280469894,0.6109470129013062,0.6687138080596924,-0.06219261884689331,0.6592944264411926,0.6481322050094604,-0.07898090779781342,0.5796319842338562,0.5707606673240662,-0.03633255138993263,0.5378925204277039,0.46974700689315796,-0.06398041546344757,0.5153561234474182,0.4064326584339142,-0.0793752446770668,0.4974603056907654,0.35064563155174255,-0.08944601565599442,0.6305184364318848,0.5552111268043518,-0.0435805544257164,0.6348881721496582,0.44053179025650024,-0.07257489860057831,0.6413196921348572,0.36716747283935547,-0.08891002088785172,0.6495770812034607,0.298459529876709,-0.09629115462303162,0.6757835745811462,0.5722975134849548,-0.053864430636167526,0.6917476654052734,0.5643166303634644,-0.08778715133666992,0.682187557220459,0.6368732452392578,-0.09094662964344025,0.6766424179077148,0.6792292594909668,-0.08302189409732819,0.7148007750511169,0.6101891994476318,-0.06739552319049835,0.7205083966255188,0.6190598011016846,-0.08990959078073502,0.7089554071426392,0.6688145995140076,-0.08612614870071411,0.7005619406700134,0.6986048817634583,-0.07773162424564362,0,0,0,0,0,0,0,0,0,0,0,0,0,0,0,0,0,0,0,0,0,0,0,0,0,0,0,0,0,0,0,0,0,0,0,0,0,0,0,0,0,0,0,0,0,0,0,0,0,0,0,0,0,0,0,0,0,0,0,0,0,0,0,victory
0.36657634377479553,0.45921769738197327,-0.59452885389328,0.3760891556739807,0.39366599917411804,-0.5928460359573364,0.3903248906135559,0.382722944021225,-0.5927675366401672,0.40425556898117065,0.37201350927352905,-0.5924981236457825,0.3386423587799072,0.418310284614563,-0.529168963432312,0.32625630497932434,0.424567312002182,-0.5281680822372437,0.3149765133857727,0.43097180128097534,-0.5284260511398315,0.44461312890052795,0.37191492319107056,-0.4133872985839844,0.32340002059936523,0.4416385591030121,-0.09601682424545288,0.4121856093406677,0.497092604637146,-0.5213207602500916,0.3691401183605194,0.5231448411941528,-0.4312301278114319,0.6648852825164795,0.6484134197235107,-0.35463306307792664,0.29629331827163696,0.731951892375946,0.12430150806903839,0.7956894636154175,0.9368536472320557,-0.9600042104721069,0.26348087191581726,1.1422573328018188,-0.044481225311756134,0.680023193359375,0.7894604206085205,-1.4122092723846436,0.2545619308948517,1.3726285696029663,-0.664562463760376,0.6626470685005188,0.6607690453529358,-1.5224535465240479,0.2334434688091278,1.4693691730499268,-0.7315996885299683,0.6513665914535522,0.6139033436775208,-1.405816674232483,0.2590799927711487,1.425100326538086,-0.7949018478393555,0.6319131851196289,0.661891758441925,-1.3793946504592896,0.2771099805831909,1.392582654953003,-0.7226220369338989,0.652413547039032,1.4699623584747314,-0.19479124248027802,0.3705664873123169,1.4795385599136353,0.20017030835151672,0.6595078706741333,2.1105387210845947,-0.2539178431034088,0.40094193816185,2.121110439300537,0.49397358298301697,0.7012422680854797,2.6591110229492188,0.1538696587085724,0.44958576560020447,2.6661601066589355,0.9588316082954407,0.7237675786018372,2.7369039058685303,0.16507188975811005,0.45784759521484375,2.7410025596618652,0.9969182014465332,0.6473753452301025,2.829315423965454,-0.41219061613082886,0.4778406023979187,2.852602243423462,0.4616018235683441,0.7101861238479614,0.8182249069213867,8.279714620584855e-07,0.646032452583313,0.7958181500434875,-0.03578682243824005,0.5993948578834534,0.7277951240539551,-0.0581517331302166,0.6351378560066223,0.6782389283180237,-0.0802135020494461,0.6898293495178223,0.6449437141418457,-0.10080630332231522,0.60145503282547,0.5724893808364868,-0.048049844801425934,0.5624075531959534,0.467163622379303,-0.07996181398630142,0.5405527353286743,0.4017356336116791,-0.09600472450256348,0.5233603715896606,0.34237852692604065,-0.10550661385059357,0.6571891903877258,0.5509129166603088,-0.052625156939029694,0.6634015440940857,0.4320450723171234,-0.0849183052778244,0.6713823676109314,0.3579632043838501,-0.10082663595676422,0.6791330575942993,0.28651508688926697,-0.10676731169223785,0.7071342468261719,0.56591796875,-0.06050333008170128,0.7224992513656616,0.560640811920166,-0.10055968165397644,0.7145664095878601,0.6411762237548828,-0.10359776765108109,0.7091603875160217,0.6901086568832397,-0.09338904917240143,0.7502570152282715,0.6029601693153381,-0.07176019996404648,0.7547202110290527,0.6165972948074341,-0.09908489882946014,0.7446852922439575,0.6732416749000549,-0.09459131211042404,0.7378418445587158,0.7084454894065857,-0.08393821120262146,0,0,0,0,0,0,0,0,0,0,0,0,0,0,0,0,0,0,0,0,0,0,0,0,0,0,0,0,0,0,0,0,0,0,0,0,0,0,0,0,0,0,0,0,0,0,0,0,0,0,0,0,0,0,0,0,0,0,0,0,0,0,0,victory
0.36699429154396057,0.45765161514282227,-0.6070520877838135,0.3780641555786133,0.3931199908256531,-0.6020733714103699,0.3919582962989807,0.3824690580368042,-0.6019898653030396,0.40670934319496155,0.37195390462875366,-0.6016995310783386,0.3419143855571747,0.4173814654350281,-0.542181134223938,0.3297802209854126,0.42356863617897034,-0.5411890149116516,0.31769639253616333,0.42986735701560974,-0.5414345264434814,0.44492703676223755,0.3721296489238739,-0.4090085029602051,0.32392382621765137,0.4414726793766022,-0.11130678653717041,0.4131399989128113,0.495897501707077,-0.5289969444274902,0.3699750304222107,0.5203832983970642,-0.44438108801841736,0.6630223989486694,0.636920690536499,-0.33216601610183716,0.2966001033782959,0.7314279079437256,0.10931801795959473,0.79725581407547,0.9259743094444275,-0.9499577283859253,0.2619815170764923,1.1339874267578125,-0.06765935570001602,0.7001073360443115,0.7680481672286987,-1.4396768808364868,0.2516319155693054,1.3761886358261108,-0.7259008884429932,0.7102450132369995,0.6685361862182617,-1.553340196609497,0.23223558068275452,1.4768975973129272,-0.8087959289550781,0.6680904030799866,0.6171831488609314,-1.4506418704986572,0.2579096853733063,1.4315868616104126,-0.8461416363716125,0.6480258703231812,0.6636167764663696,-1.4132940769195557,0.2753855288028717,1.396899700164795,-0.7715144753456116,0.6532114148139954,1.468540072441101,-0.18715086579322815,0.37211519479751587,1.4792900085449219,0.19251218438148499,0.6622739434242249,2.1097099781036377,-0.24591509997844696,0.40230804681777954,2.121063232421875,0.46122226119041443,0.6985119581222534,2.6594648361206055,0.19901224970817566,0.44611018896102905,2.6667723655700684,0.8422010540962219,0.7177699208259583,2.7370781898498535,0.2127533257007599,0.45299091935157776,2.741600275039673,0.8713459968566895,0.6525050401687622,2.8309905529022217,-0.37139156460762024,0.4808233380317688,2.854116201400757,0.3392657935619354,0.7251351475715637,0.811245322227478,9.598805945643107e-07,0.6625387072563171,0.7890452742576599,-0.03703279048204422,0.6168027520179749,0.7176651954650879,-0.06112731248140335,0.6467905640602112,0.660371720790863,-0.08514449745416641,0.6940183043479919,0.6235798597335815,-0.10776539891958237,0.619030237197876,0.5561482310295105,-0.050803039222955704,0.5792315602302551,0.4456276297569275,-0.08607450872659683,0.5582664012908936,0.3750145733356476,-0.10589805245399475,0.5426915884017944,0.3097445070743561,-0.11868849396705627,0.678268313407898,0.5378186106681824,-0.057751186192035675,0.686025857925415,0.41227519512176514,-0.09483159333467484,0.6967988014221191,0.3316807150840759,-0.11417058110237122,0.7060030698776245,0.25593802332878113,-0.12220486253499985,0.7321741580963135,0.5570160150527954,-0.06790890544652939,0.7477947473526001,0.5263230800628662,-0.11604470014572144,0.7370487451553345,0.6216509938240051,-0.11671619117259979,0.7287424206733704,0.6847974061965942,-0.10284236073493958,0.7784390449523926,0.5994086265563965,-0.0810713991522789,0.7807446122169495,0.5978221297264099,-0.11692354083061218,0.7666904330253601,0.6632689833641052,-0.11069048196077347,0.7566156387329102,0.706954836845398,-0.0966561883687973,0,0,0,0,0,0,0,0,0,0,0,0,0,0,0,0,0,0,0,0,0,0,0,0,0,0,0,0,0,0,0,0,0,0,0,0,0,0,0,0,0,0,0,0,0,0,0,0,0,0,0,0,0,0,0,0,0,0,0,0,0,0,0,victory
0.36783653497695923,0.4567028284072876,-0.5940018892288208,0.3784808814525604,0.3929230570793152,-0.5895212888717651,0.3924385905265808,0.38239389657974243,-0.5894392728805542,0.4079511761665344,0.37194764614105225,-0.5891099572181702,0.34284278750419617,0.41685932874679565,-0.5284329652786255,0.33088672161102295,0.4228248596191406,-0.5274404287338257,0.318442165851593,0.4287961423397064,-0.5276657342910767,0.4451308250427246,0.3724462389945984,-0.4046286940574646,0.32459157705307007,0.44067221879959106,-0.10349057614803314,0.4136764109134674,0.49530428647994995,-0.5191687345504761,0.37055692076683044,0.5189157724380493,-0.43358945846557617,0.6624814867973328,0.6327550411224365,-0.33321061730384827,0.2967674732208252,0.732153594493866,0.11766394227743149,0.7981840968132019,0.9219748973846436,-0.9661242365837097,0.25692200660705566,1.128783106803894,-0.04204229265451431,0.708077073097229,0.7594231963157654,-1.4695017337799072,0.24421720206737518,1.3923109769821167,-0.7088644504547119,0.705356240272522,0.6139621138572693,-1.5791734457015991,0.22449469566345215,1.4957270622253418,-0.7827006578445435,0.672385573387146,0.5663070678710938,-1.4699900150299072,0.24752697348594666,1.4517285823822021,-0.8172377347946167,0.6521838307380676,0.6448774933815002,-1.439905047416687,0.2649339437484741,1.4159313440322876,-0.7503370046615601,0.6539741158485413,1.46884024143219,-0.18703241646289825,0.3734102249145508,1.4799257516860962,0.19231614470481873,0.6636638641357422,2.110269069671631,-0.2373039424419403,0.40409836173057556,2.1238770484924316,0.40680354833602905,0.6992138624191284,2.6600770950317383,0.2158174216747284,0.44685158133506775,2.6727840900421143,0.7726199626922607,0.7172423601150513,2.737661123275757,0.23056034743785858,0.45261797308921814,2.7452290058135986,0.8005901575088501,0.6567400097846985,2.8323490619659424,-0.35692840814590454,0.4868839383125305,2.862532615661621,0.2567363679409027,0.7205726504325867,0.8167973756790161,9.234086064680014e-07,0.6578991413116455,0.7883075475692749,-0.036918651312589645,0.614881157875061,0.7138281464576721,-0.05994249880313873,0.6470823884010315,0.6576151251792908,-0.08292876183986664,0.6911725997924805,0.624437153339386,-0.10414446145296097,0.6161355972290039,0.5519149303436279,-0.04651607573032379,0.5783854722976685,0.4441072940826416,-0.08179102092981339,0.5597243309020996,0.37461167573928833,-0.10262846201658249,0.5461621880531311,0.3108159005641937,-0.11629007756710052,0.676275372505188,0.5342531204223633,-0.053674958646297455,0.6809251308441162,0.4114510416984558,-0.09146755188703537,0.6911974549293518,0.3333466947078705,-0.11234129220247269,0.7011857628822327,0.257956862449646,-0.1216447502374649,0.7307599782943726,0.5547696948051453,-0.06437397003173828,0.751039445400238,0.5235782265663147,-0.11172516644001007,0.7372708320617676,0.6180603504180908,-0.11164449155330658,0.7260546684265137,0.6806483268737793,-0.09760252386331558,0.7785910367965698,0.5994538068771362,-0.07844969630241394,0.7858878374099731,0.5945443511009216,-0.11343959718942642,0.7696369886398315,0.6581946611404419,-0.10738949477672577,0.7561128735542297,0.7007608413696289,-0.09375219792127609,0,0,0,0,0,0,0,0,0,0,0,0,0,0,0,0,0,0,0,0,0,0,0,0,0,0,0,0,0,0,0,0,0,0,0,0,0,0,0,0,0,0,0,0,0,0,0,0,0,0,0,0,0,0,0,0,0,0,0,0,0,0,0,victory
0.3720688223838806,0.45296257734298706,-0.6010008454322815,0.3890475034713745,0.38908544182777405,-0.5881609916687012,0.40448611974716187,0.37959927320480347,-0.5880322456359863,0.420693576335907,0.37024325132369995,-0.5877489447593689,0.350506067276001,0.4108384847640991,-0.5377146005630493,0.33791881799697876,0.4163476824760437,-0.5366882681846619,0.3247409462928772,0.4216708242893219,-0.5368932485580444,0.45321422815322876,0.3722892701625824,-0.3573930263519287,0.32553631067276,0.4341806173324585,-0.11301308870315552,0.4142332077026367,0.49066686630249023,-0.5123671889305115,0.37095165252685547,0.5128494501113892,-0.4413929879665375,0.6573625802993774,0.6263250112533569,-0.2898339629173279,0.2969781756401062,0.7295948266983032,0.10942459106445312,0.7870992422103882,0.9098760485649109,-0.914544403553009,0.2554451823234558,1.0755692720413208,-0.05872553586959839,0.7133594155311584,0.7465744018554688,-1.4281550645828247,0.24344298243522644,1.393169641494751,-0.737675130367279,0.7209330201148987,0.6196692585945129,-1.5449495315551758,0.22434206306934357,1.5011440515518188,-0.8185688257217407,0.6762411594390869,0.5507923364639282,-1.4499361515045166,0.24646441638469696,1.4622986316680908,-0.8197885751724243,0.657023549079895,0.6242920756340027,-1.4067590236663818,0.2646527588367462,1.42461097240448,-0.7733902931213379,0.6493412256240845,1.4624531269073486,-0.1728138029575348,0.37104862928390503,1.4758148193359375,0.1778760701417923,0.6632605791091919,2.1039040088653564,-0.20424416661262512,0.4028227925300598,2.12072491645813,0.3792320191860199,0.6980997323989868,2.655918836593628,0.2243604212999344,0.4456108510494232,2.6719954013824463,0.7507742643356323,0.7160007357597351,2.7319633960723877,0.24040210247039795,0.4521915018558502,2.744811534881592,0.7786349058151245,0.6520755887031555,2.8318302631378174,-0.3343251943588257,0.48293572664260864,2.861354351043701,0.22896361351013184,0.7236512899398804,0.8110945224761963,8.828449153952533e-07,0.6583065390586853,0.776713490486145,-0.03559654578566551,0.6154171824455261,0.6948363780975342,-0.057129595428705215,0.6519094109535217,0.6389427781105042,-0.07926789671182632,0.6987946629524231,0.6044832468032837,-0.10000723600387573,0.6263289451599121,0.5309732556343079,-0.04069725424051285,0.5926024913787842,0.4255373775959015,-0.07500610500574112,0.5737769603729248,0.3576648533344269,-0.09756605327129364,0.5592610239982605,0.29424265027046204,-0.11343086510896683,0.6868443489074707,0.5183124542236328,-0.04839003086090088,0.6925750970840454,0.39931991696357727,-0.08494094759225845,0.7011850476264954,0.3225412964820862,-0.10699275135993958,0.7105862498283386,0.24579501152038574,-0.11835188418626785,0.7415890693664551,0.5420504808425903,-0.06012655049562454,0.7552459836006165,0.5058763027191162,-0.10703480988740921,0.7352281808853149,0.598813533782959,-0.10942521691322327,0.722466230392456,0.6606213450431824,-0.09807654470205307,0.7885761260986328,0.5887190103530884,-0.075184166431427,0.7885986566543579,0.578618049621582,-0.11081057786941528,0.7665776014328003,0.6403737664222717,-0.10701120644807816,0.7517399191856384,0.6821683049201965,-0.09573865681886673,0,0,0,0,0,0,0,0,0,0,0,0,0,0,0,0,0,0,0,0,0,0,0,0,0,0,0,0,0,0,0,0,0,0,0,0,0,0,0,0,0,0,0,0,0,0,0,0,0,0,0,0,0,0,0,0,0,0,0,0,0,0,0,victory
0.37246623635292053,0.4487195611000061,-0.564693033695221,0.3913276791572571,0.38602155447006226,-0.5484976768493652,0.4070588946342468,0.37744519114494324,-0.5482480525970459,0.42355626821517944,0.36892229318618774,-0.5477595925331116,0.3524901866912842,0.4057958424091339,-0.5022770166397095,0.33987024426460266,0.41100966930389404,-0.5012351870536804,0.3266235888004303,0.41598352789878845,-0.5015202760696411,0.4560491144657135,0.3721584379673004,-0.328165203332901,0.32591354846954346,0.42997366189956665,-0.10003050416707993,0.41467827558517456,0.4873412549495697,-0.47850996255874634,0.37102407217025757,0.5080058574676514,-0.41429653763771057,0.6558053493499756,0.6238670945167542,-0.24192003905773163,0.29299166798591614,0.7294025421142578,0.10746941715478897,0.7879579067230225,0.9110445380210876,-0.8255931735038757,0.24563589692115784,1.0662152767181396,-0.06474806368350983,0.7144743204116821,0.7442353367805481,-1.3169476985931396,0.23996758460998535,1.4157699346542358,-0.7052626013755798,0.725937008857727,0.6255152821540833,-1.4306600093841553,0.21822723746299744,1.5292859077453613,-0.7855207920074463,0.6759103536605835,0.5614330768585205,-1.3246395587921143,0.2424664944410324,1.4909368753433228,-0.8266023397445679,0.6583871245384216,0.6227923631668091,-1.2922006845474243,0.26090529561042786,1.451931357383728,-0.7499204874038696,0.6482440233230591,1.4619669914245605,-0.16136769950389862,0.3686067461967468,1.475134253501892,0.1668708324432373,0.6617079377174377,2.1045961380004883,-0.20576612651348114,0.4012409746646881,2.120783567428589,0.2930977940559387,0.6947453618049622,2.6564176082611084,0.21361947059631348,0.4388269782066345,2.6747026443481445,0.6084409952163696,0.7103722095489502,2.732539176940918,0.2272178679704666,0.44204506278038025,2.749267578125,0.6297765970230103,0.650485634803772,2.833862781524658,-0.3401663303375244,0.48261207342147827,2.8635313510894775,0.0798502117395401,0.7231228947639465,0.8103042840957642,8.581091606174596e-07,0.6605481505393982,0.778508186340332,-0.03958277404308319,0.6172173023223877,0.6988908648490906,-0.06331165134906769,0.6507564783096313,0.641711950302124,-0.08671843260526657,0.6979390382766724,0.6062026619911194,-0.10812073200941086,0.6261420249938965,0.5330802202224731,-0.04479988291859627,0.5912652611732483,0.42621922492980957,-0.08041348308324814,0.573767900466919,0.35751280188560486,-0.10231631994247437,0.5622462034225464,0.2938425540924072,-0.11707818508148193,0.6860684156417847,0.5190645456314087,-0.05091739445924759,0.6914055347442627,0.397196888923645,-0.08885031193494797,0.7018551230430603,0.32051175832748413,-0.11081566661596298,0.71371990442276,0.2440686821937561,-0.12139561027288437,0.7394423484802246,0.541427493095398,-0.061351604759693146,0.7559219598770142,0.5092514753341675,-0.10990344732999802,0.7371066808700562,0.5996071100234985,-0.11278015375137329,0.724316418170929,0.6579850316047668,-0.10122940689325333,0.7853838801383972,0.5866643786430359,-0.07535221427679062,0.7875414490699768,0.5805394053459167,-0.11115360260009766,0.7674211263656616,0.6429808139801025,-0.1073497086763382,0.7539175748825073,0.6833412051200867,-0.09594666957855225,0,0,0,0,0,0,0,0,0,0,0,0,0,0,0,0,0,0,0,0,0,0,0,0,0,0,0,0,0,0,0,0,0,0,0,0,0,0,0,0,0,0,0,0,0,0,0,0,0,0,0,0,0,0,0,0,0,0,0,0,0,0,0,victory
0.37260037660598755,0.4480536878108978,-0.5366841554641724,0.3922277092933655,0.3858693242073059,-0.5235481858253479,0.4081112742424011,0.3774314522743225,-0.5232149958610535,0.42478013038635254,0.36897674202919006,-0.5228536128997803,0.3533487617969513,0.4048684537410736,-0.4798564910888672,0.34080764651298523,0.40983057022094727,-0.47888612747192383,0.32755744457244873,0.41459208726882935,-0.4791882634162903,0.4571874141693115,0.3726164996623993,-0.3072931170463562,0.3263905644416809,0.4286348521709442,-0.092367984354496,0.41490381956100464,0.4873259961605072,-0.4506591260433197,0.3708691895008087,0.5075874924659729,-0.3901175558567047,0.6497833728790283,0.6211534738540649,-0.21497051417827606,0.2890087962150574,0.7279734015464783,0.10248124599456787,0.7887937426567078,0.9515982270240784,-0.7838279008865356,0.23764804005622864,1.0369000434875488,-0.08676686137914658,0.7138053178787231,0.7071482539176941,-1.261136531829834,0.21969714760780334,1.4059163331985474,-0.7245807647705078,0.7129542827606201,0.5489519834518433,-1.369822382926941,0.19348816573619843,1.5132992267608643,-0.8046811819076538,0.6749387979507446,0.5054823756217957,-1.2596889734268188,0.21747145056724548,1.4741605520248413,-0.8475525975227356,0.6581200361251831,0.5763518214225769,-1.2336194515228271,0.23717956244945526,1.4376229047775269,-0.7686008214950562,0.6443339586257935,1.452734112739563,-0.15036217868328094,0.36774471402168274,1.4667147397994995,0.15563802421092987,0.6587346792221069,2.0950491428375244,-0.17638537287712097,0.4002705216407776,2.109971046447754,0.2498939484357834,0.6932586431503296,2.6497251987457275,0.22490926086902618,0.4376090168952942,2.668126106262207,0.553081214427948,0.7081547379493713,2.7250683307647705,0.2373921126127243,0.43958550691604614,2.742603302001953,0.5730303525924683,0.6483317613601685,2.828188896179199,-0.2918885350227356,0.4802647531032562,2.855665683746338,0.029713749885559082,0.723675012588501,0.8101545572280884,8.609736710241123e-07,0.6606175899505615,0.777892529964447,-0.03969068452715874,0.6178678870201111,0.6977107524871826,-0.06321761757135391,0.6522749066352844,0.6403812766075134,-0.08642541617155075,0.6995877623558044,0.6056275963783264,-0.10763196647167206,0.625825822353363,0.5320541262626648,-0.044447705149650574,0.5908350348472595,0.4260936975479126,-0.07999317348003387,0.5732734799385071,0.35763564705848694,-0.10188299417495728,0.561443567276001,0.29400527477264404,-0.11660213023424149,0.6859322190284729,0.5180084705352783,-0.05049852654337883,0.691292941570282,0.39626386761665344,-0.08844827115535736,0.7019944787025452,0.31950825452804565,-0.11041565239429474,0.7139434218406677,0.24306398630142212,-0.12091968953609467,0.7395749092102051,0.5404204726219177,-0.060900695621967316,0.7564873695373535,0.5089135766029358,-0.10978870838880539,0.7383863925933838,0.6002218723297119,-0.11271318793296814,0.7260528206825256,0.6591118574142456,-0.10095194727182388,0.7858437895774841,0.5857431292533875,-0.07486288249492645,0.7887918949127197,0.5789597034454346,-0.11085167527198792,0.7691652774810791,0.6419960260391235,-0.1068970113992691,0.7559323310852051,0.6829069256782532,-0.09525787830352783,0,0,0,0,0,0,0,0,0,0,0,0,0,0,0,0,0,0,0,0,0,0,0,0,0,0,0,0,0,0,0,0,0,0,0,0,0,0,0,0,0,0,0,0,0,0,0,0,0,0,0,0,0,0,0,0,0,0,0,0,0,0,0,victory
0.37716835737228394,0.4481189548969269,-0.5212737917900085,0.3987831473350525,0.3860684931278229,-0.5120593905448914,0.41536393761634827,0.37809914350509644,-0.5118645429611206,0.43220752477645874,0.37051838636398315,-0.5116259455680847,0.3597111999988556,0.4045136570930481,-0.4642065465450287,0.3472708463668823,0.40896886587142944,-0.46325650811195374,0.33393123745918274,0.41338464617729187,-0.4635346531867981,0.4644205570220947,0.376334547996521,-0.308475524187088,0.33206573128700256,0.42707985639572144,-0.074491485953331,0.4183608889579773,0.48998528718948364,-0.4392564296722412,0.37142205238342285,0.507710874080658,-0.37288039922714233,0.6463978886604309,0.6210382580757141,-0.2451266497373581,0.2907206416130066,0.727522075176239,0.1388894021511078,0.7845444679260254,0.9030592441558838,-0.8830863237380981,0.2365826666355133,1.020570993423462,0.048037875443696976,0.7181085348129272,0.6848352551460266,-1.4022233486175537,0.2204173058271408,1.3941359519958496,-0.45374321937561035,0.7115577459335327,0.5539880394935608,-1.512209177017212,0.1948937475681305,1.5120669603347778,-0.5016430616378784,0.6815515756607056,0.5138573050498962,-1.4119759798049927,0.21958167850971222,1.468820333480835,-0.5435631275177002,0.6609733700752258,0.5874877572059631,-1.378022313117981,0.23906707763671875,1.4352012872695923,-0.49267226457595825,0.644446611404419,1.452346682548523,-0.15620025992393494,0.3692789673805237,1.4669432640075684,0.16132791340351105,0.6604658365249634,2.0922276973724365,-0.18449510633945465,0.40029987692832947,2.1079397201538086,0.28170233964920044,0.6957748532295227,2.646488904953003,0.20484042167663574,0.43860945105552673,2.661130428314209,0.5853257179260254,0.7124878764152527,2.721144199371338,0.2169645130634308,0.44058388471603394,2.7318994998931885,0.6137705445289612,0.6529010534286499,2.8243815898895264,-0.32420510053634644,0.4844171404838562,2.8508267402648926,0.04900815337896347,0.7353686690330505,0.7977845668792725,8.170842988874938e-07,0.6749832630157471,0.7486916780471802,-0.029724830761551857,0.6369401216506958,0.6689730882644653,-0.05111657828092575,0.6653090119361877,0.6119797229766846,-0.07548553496599197,0.7095872759819031,0.583426296710968,-0.09848800301551819,0.6465776562690735,0.5262886881828308,-0.032913073897361755,0.6109088063240051,0.42203807830810547,-0.06649152934551239,0.5917797684669495,0.3557594418525696,-0.08658237755298615,0.5783824920654297,0.2951885759830475,-0.09907815605401993,0.7012915015220642,0.5166504383087158,-0.04387282207608223,0.7046651244163513,0.38973820209503174,-0.07842808961868286,0.7130382657051086,0.3128681480884552,-0.09702957421541214,0.7244965434074402,0.24206754565238953,-0.10471135377883911,0.7528812885284424,0.5424989461898804,-0.05881189554929733,0.763088047504425,0.4989408552646637,-0.10439229756593704,0.7439425587654114,0.5870348215103149,-0.10439169406890869,0.7336603999137878,0.6480937004089355,-0.09011762589216232,0.7978954911231995,0.5911998748779297,-0.0765492245554924,0.7981176972389221,0.5641909837722778,-0.10620853304862976,0.7800109386444092,0.6164920926094055,-0.09688515961170197,0.7699733376502991,0.6550737619400024,-0.08178995549678802,0,0,0,0,0,0,0,0,0,0,0,0,0,0,0,0,0,0,0,0,0,0,0,0,0,0,0,0,0,0,0,0,0,0,0,0,0,0,0,0,0,0,0,0,0,0,0,0,0,0,0,0,0,0,0,0,0,0,0,0,0,0,0,victory
0.3924804925918579,0.43957212567329407,-0.5429122447967529,0.4135258197784424,0.37675145268440247,-0.536615252494812,0.42915064096450806,0.3707613945007324,-0.5364189147949219,0.4453251361846924,0.36506909132003784,-0.5361171364784241,0.3718496859073639,0.39313173294067383,-0.48026639223098755,0.3592272996902466,0.39774638414382935,-0.4793333411216736,0.3464074730873108,0.4024960696697235,-0.4796272814273834,0.474583238363266,0.3751595914363861,-0.31376567482948303,0.3419269025325775,0.4209006726741791,-0.10150428861379623,0.43122023344039917,0.48190125823020935,-0.4633086621761322,0.37830865383148193,0.49948444962501526,-0.37723439931869507,0.6452909708023071,0.6219581961631775,-0.23650844395160675,0.2910979688167572,0.7214959859848022,0.08909326046705246,0.7858537435531616,0.9062736630439758,-0.848986804485321,0.23513837158679962,1.0108073949813843,-0.018667828291654587,0.7409316301345825,0.6972328424453735,-1.3976515531539917,0.2177240401506424,1.3924981355667114,-0.5885916948318481,0.7326840162277222,0.5596722364425659,-1.5085346698760986,0.1929766684770584,1.5074578523635864,-0.656490683555603,0.7073336243629456,0.5180771350860596,-1.4068726301193237,0.21716055274009705,1.4625866413116455,-0.6967970728874207,0.6777618527412415,0.581666111946106,-1.373160719871521,0.23584267497062683,1.42937171459198,-0.6293821930885315,0.6445749402046204,1.4509693384170532,-0.14917704463005066,0.36806103587150574,1.466131567955017,0.1547899693250656,0.66014564037323,2.0893867015838623,-0.2055773288011551,0.40008744597435,2.101222038269043,0.2905980348587036,0.6940232515335083,2.640939235687256,0.18878628313541412,0.4360991418361664,2.649878740310669,0.7138513326644897,0.7086297273635864,2.714848756790161,0.20036974549293518,0.4361191391944885,2.721595048904419,0.7496439814567566,0.6512743234634399,2.8176703453063965,-0.3593687415122986,0.4831085205078125,2.8353288173675537,0.1828119158744812,0.7522227168083191,0.7764778137207031,7.745219363641809e-07,0.6951622366905212,0.72989422082901,-0.027421902865171432,0.6573991179466248,0.6455951929092407,-0.0446573905646801,0.6902895569801331,0.5861673355102539,-0.06369958817958832,0.739061176776886,0.5586070418357849,-0.08172812312841415,0.670646071434021,0.5047343373298645,-0.030414599925279617,0.6401897668838501,0.40233176946640015,-0.05605059862136841,0.6239938139915466,0.3377806544303894,-0.07100679725408554,0.6126441359519958,0.28005674481391907,-0.08102868497371674,0.7265239357948303,0.4977596700191498,-0.03958946838974953,0.7357743382453918,0.3722740411758423,-0.06579120457172394,0.7464801073074341,0.2967171370983124,-0.08179910480976105,0.7577160596847534,0.23055952787399292,-0.08961746096611023,0.7772189974784851,0.5255773663520813,-0.05201328173279762,0.789525032043457,0.4780900478363037,-0.092037133872509,0.7716655135154724,0.5520188808441162,-0.0967046245932579,0.7602360844612122,0.6086289882659912,-0.08785203099250793,0.8195502161979675,0.5738303661346436,-0.06643510609865189,0.8177509307861328,0.5453090667724609,-0.09591665118932724,0.8005176782608032,0.5950755476951599,-0.09092105180025101,0.7900757789611816,0.6389400959014893,-0.07990112900733948,0,0,0,0,0,0,0,0,0,0,0,0,0,0,0,0,0,0,0,0,0,0,0,0,0,0,0,0,0,0,0,0,0,0,0,0,0,0,0,0,0,0,0,0,0,0,0,0,0,0,0,0,0,0,0,0,0,0,0,0,0,0,0,victory
0.39778274297714233,0.4368170499801636,-0.5380570888519287,0.41854292154312134,0.37310492992401123,-0.5289942622184753,0.4339137673377991,0.3675789535045624,-0.5286588072776794,0.4499138295650482,0.36246728897094727,-0.5282180309295654,0.37649470567703247,0.38924819231033325,-0.48013249039649963,0.3641177713871002,0.393907368183136,-0.4791603684425354,0.3516849875450134,0.39873120188713074,-0.47941628098487854,0.47929781675338745,0.3742727041244507,-0.32143983244895935,0.3472716212272644,0.4178033769130707,-0.10259272158145905,0.43615594506263733,0.47924816608428955,-0.4593207836151123,0.3816496729850769,0.4968729615211487,-0.3882976174354553,0.6459327340126038,0.6226314902305603,-0.24376611411571503,0.2911647856235504,0.7165569067001343,0.08609768003225327,0.7906495928764343,0.9080907106399536,-0.8221807479858398,0.23300039768218994,1.005111575126648,-0.03343920037150383,0.7498077154159546,0.7036735415458679,-1.3097763061523438,0.20400932431221008,1.3908416032791138,-0.603999674320221,0.7366589307785034,0.5650184750556946,-1.4097354412078857,0.17732611298561096,1.5030981302261353,-0.6619504690170288,0.7129446268081665,0.5239456295967102,-1.3010804653167725,0.201121523976326,1.46403968334198,-0.7069731950759888,0.6858468055725098,0.5795318484306335,-1.2819899320602417,0.22021977603435516,1.4296478033065796,-0.6468178033828735,0.6448265314102173,1.4512933492660522,-0.14917108416557312,0.3674599230289459,1.466048002243042,0.15493294596672058,0.6598255038261414,2.090062141418457,-0.2190319001674652,0.3991904556751251,2.100083112716675,0.29879429936408997,0.6912428736686707,2.6406946182250977,0.18893572688102722,0.43189507722854614,2.648512125015259,0.7610663175582886,0.7043761610984802,2.7146127223968506,0.20200228691101074,0.4310217797756195,2.721384286880493,0.7972463369369507,0.651138424873352,2.817216396331787,-0.3567454218864441,0.48029661178588867,2.8322324752807617,0.24298715591430664,0.751438558101654,0.7768190503120422,7.688725531806995e-07,0.693893551826477,0.7307147979736328,-0.02466178685426712,0.6588186621665955,0.6450082063674927,-0.038372721523046494,0.6881207823753357,0.584934651851654,-0.05465395003557205,0.7276309132575989,0.5593479871749878,-0.07043638080358505,0.6690635681152344,0.5072680115699768,-0.024897286668419838,0.6390871405601501,0.4074530303478241,-0.04849665239453316,0.6225606203079224,0.34074681997299194,-0.06313980370759964,0.6112055778503418,0.28167277574539185,-0.07343661040067673,0.7251571416854858,0.49910494685173035,-0.03509993478655815,0.7369639277458191,0.37376895546913147,-0.06109262630343437,0.7487037777900696,0.2949903607368469,-0.07896178960800171,0.7620542049407959,0.22812753915786743,-0.08801756799221039,0.7752576470375061,0.5260917544364929,-0.048172615468502045,0.7889812588691711,0.479147732257843,-0.08725295960903168,0.7683683037757874,0.5516989827156067,-0.09194260090589523,0.7556135654449463,0.6083667874336243,-0.08319137990474701,0.8166000843048096,0.5738553404808044,-0.06314118951559067,0.8142167925834656,0.5457078218460083,-0.09185058623552322,0.7983736395835876,0.5914401412010193,-0.08671138435602188,0.7901397943496704,0.6309190392494202,-0.0754786804318428,0,0,0,0,0,0,0,0,0,0,0,0,0,0,0,0,0,0,0,0,0,0,0,0,0,0,0,0,0,0,0,0,0,0,0,0,0,0,0,0,0,0,0,0,0,0,0,0,0,0,0,0,0,0,0,0,0,0,0,0,0,0,0,victory
0.41397371888160706,0.4326047897338867,-0.5475392937660217,0.4334047734737396,0.3677680790424347,-0.5310360193252563,0.4491167664527893,0.3630802035331726,-0.5310049653053284,0.46476221084594727,0.3588469624519348,-0.5308501720428467,0.38977736234664917,0.3814752399921417,-0.4843735694885254,0.3762717545032501,0.3853031098842621,-0.48353639245033264,0.3635355830192566,0.3893633484840393,-0.4838449954986572,0.49168747663497925,0.3726544976234436,-0.3727073073387146,0.35857200622558594,0.4103979170322418,-0.13358542323112488,0.4513190686702728,0.4779132902622223,-0.470639705657959,0.39405256509780884,0.4940479099750519,-0.39877524971961975,0.6655710339546204,0.6326428055763245,-0.2694796323776245,0.29266098141670227,0.712792694568634,0.04674381762742996,0.8252708315849304,0.9477468729019165,-0.7945230603218079,0.23274752497673035,1.014657735824585,-0.02420344203710556,0.7628489136695862,0.7073399424552917,-1.1938436031341553,0.19974258542060852,1.4153004884719849,-0.4994984269142151,0.7603322863578796,0.5591105818748474,-1.2857919931411743,0.17128673195838928,1.525895595550537,-0.540695071220398,0.7194673418998718,0.4937324821949005,-1.165308952331543,0.19314852356910706,1.4929646253585815,-0.5991963148117065,0.6986278295516968,0.5675576329231262,-1.159622311592102,0.21361640095710754,1.4573090076446533,-0.5460159778594971,0.6507424712181091,1.457607626914978,-0.148570254445076,0.3680461049079895,1.4684864282608032,0.15454451739788055,0.6596366167068481,2.101639986038208,-0.2002335786819458,0.3958005905151367,2.104997158050537,0.3076624274253845,0.6873493790626526,2.64931583404541,0.28354352712631226,0.4224129319190979,2.6546781063079834,0.7871810793876648,0.6993069052696228,2.723536491394043,0.304983913898468,0.4210556149482727,2.7303683757781982,0.8251385688781738,0.6483321785926819,2.826263427734375,-0.23842795193195343,0.47030287981033325,2.835010051727295,0.2702751159667969,0.7572236657142639,0.7601583003997803,7.530733228122699e-07,0.7008647918701172,0.7154138684272766,-0.02851591259241104,0.66667640209198,0.6288292407989502,-0.04422329366207123,0.7000126838684082,0.5701794028282166,-0.06170171871781349,0.7475626468658447,0.5433645248413086,-0.0780629813671112,0.6803268790245056,0.4887445271015167,-0.025920210406184196,0.6510112881660461,0.39065104722976685,-0.05049672722816467,0.6357504725456238,0.32609307765960693,-0.06586512178182602,0.6256645321846008,0.2687293291091919,-0.07623574882745743,0.7353222370147705,0.48293620347976685,-0.03337806463241577,0.7482212781906128,0.3656386733055115,-0.060388579964637756,0.7574578523635864,0.2911076545715332,-0.07733986526727676,0.7680456638336182,0.22492527961730957,-0.08546988666057587,0.7833644151687622,0.5096505284309387,-0.04453923553228378,0.797575056552887,0.4647985100746155,-0.08370594680309296,0.7779255509376526,0.5402072668075562,-0.08741341531276703,0.7661497592926025,0.5964953899383545,-0.07773620635271072,0.8224766254425049,0.5551302433013916,-0.0581483319401741,0.8199183344841003,0.5311329364776611,-0.08599560707807541,0.8022406101226807,0.5807179808616638,-0.08113127946853638,0.7928720116615295,0.6214956641197205,-0.07020865380764008,0,0,0,0,0,0,0,0,0,0,0,0,0,0,0,0,0,0,0,0,0,0,0,0,0,0,0,0,0,0,0,0,0,0,0,0,0,0,0,0,0,0,0,0,0,0,0,0,0,0,0,0,0,0,0,0,0,0,0,0,0,0,0,victory
0.4199334681034088,0.43038129806518555,-0.5509831309318542,0.4397568106651306,0.3646353483200073,-0.5486546754837036,0.4555508494377136,0.3603469431400299,-0.5481745004653931,0.4710664749145508,0.3566038906574249,-0.5477501153945923,0.39582568407058716,0.3775481879711151,-0.49941548705101013,0.3820961117744446,0.3811975121498108,-0.49837785959243774,0.3697447180747986,0.385123074054718,-0.4985158443450928,0.49795064330101013,0.3713666498661041,-0.39576125144958496,0.3649536073207855,0.406302273273468,-0.15083011984825134,0.45640191435813904,0.47738978266716003,-0.48302507400512695,0.3991468548774719,0.49241623282432556,-0.41126537322998047,0.6703844666481018,0.633012056350708,-0.28250887989997864,0.2957412600517273,0.6980654001235962,0.04398954659700394,0.8324368596076965,0.9504271745681763,-0.7716615796089172,0.23229356110095978,1.003753662109375,-0.0047038160264492035,0.7660993337631226,0.702873170375824,-1.1323179006576538,0.18088316917419434,1.39960777759552,-0.4578770101070404,0.7675237655639648,0.5532370209693909,-1.2203720808029175,0.14818847179412842,1.5108089447021484,-0.4984934329986572,0.722809910774231,0.48355135321617126,-1.104904294013977,0.17414698004722595,1.4836227893829346,-0.5528322458267212,0.7021159529685974,0.5606139302253723,-1.0987147092819214,0.19622191786766052,1.4485294818878174,-0.5028240084648132,0.6510286331176758,1.4576481580734253,-0.14801287651062012,0.36802905797958374,1.4679598808288574,0.15409211814403534,0.6569808721542358,2.101351022720337,-0.18454872071743011,0.3893710970878601,2.1035656929016113,0.32765907049179077,0.6791428327560425,2.6485931873321533,0.29720592498779297,0.4140183925628662,2.6532247066497803,0.8286563158035278,0.689977765083313,2.7228686809539795,0.319248765707016,0.4138374924659729,2.729750871658325,0.8685946464538574,0.6416031122207642,2.8255772590637207,-0.21478965878486633,0.4591433107852936,2.831580638885498,0.323099821805954,0.7572446465492249,0.7590476274490356,7.692845542806026e-07,0.6989232897758484,0.7153182029724121,-0.027803020551800728,0.6661186218261719,0.6254488825798035,-0.04209015518426895,0.7009122371673584,0.5636112093925476,-0.05826471373438835,0.7459158897399902,0.538271963596344,-0.07345105707645416,0.677777886390686,0.4917181730270386,-0.024160638451576233,0.6499947309494019,0.39385852217674255,-0.048251956701278687,0.635346531867981,0.3276517987251282,-0.06384450197219849,0.6261975765228271,0.2699965238571167,-0.07461168617010117,0.7327076196670532,0.4853608310222626,-0.03188785910606384,0.7473629713058472,0.36616936326026917,-0.059392888098955154,0.7579760551452637,0.2873604893684387,-0.07800794392824173,0.770761251449585,0.21914595365524292,-0.08739203214645386,0.7813674807548523,0.5112807750701904,-0.04308552294969559,0.7986425161361694,0.46204906702041626,-0.08310540020465851,0.7780041694641113,0.5354557633399963,-0.08748190104961395,0.7657679915428162,0.5926666855812073,-0.07807415723800659,0.8217243552207947,0.556014895439148,-0.056543346494436264,0.8208114504814148,0.524983286857605,-0.08560309559106827,0.804616391658783,0.5707718729972839,-0.08076628297567368,0.796971321105957,0.6104693412780762,-0.06954722851514816,0,0,0,0,0,0,0,0,0,0,0,0,0,0,0,0,0,0,0,0,0,0,0,0,0,0,0,0,0,0,0,0,0,0,0,0,0,0,0,0,0,0,0,0,0,0,0,0,0,0,0,0,0,0,0,0,0,0,0,0,0,0,0,victory
0.42200154066085815,0.42781028151512146,-0.5542519092559814,0.44192177057266235,0.36221379041671753,-0.561813473701477,0.4578472971916199,0.3581790328025818,-0.5611332058906555,0.47353243827819824,0.3546851873397827,-0.5605839490890503,0.39799508452415466,0.3748023808002472,-0.5065832138061523,0.3846328854560852,0.3785519301891327,-0.5054445266723633,0.37298810482025146,0.3826521039009094,-0.505526065826416,0.5013938546180725,0.37019121646881104,-0.4141520857810974,0.3692570924758911,0.4046021103858948,-0.15338853001594543,0.45857733488082886,0.47596174478530884,-0.49592065811157227,0.40162739157676697,0.4900115430355072,-0.4189748167991638,0.6702024340629578,0.6341724395751953,-0.29700905084609985,0.2984571158885956,0.6929069757461548,0.04278697818517685,0.8312807083129883,0.9588302969932556,-0.7725428342819214,0.2283022701740265,0.9964678883552551,-0.016535338014364243,0.7667374610900879,0.7056561708450317,-1.1462268829345703,0.173993319272995,1.3703418970108032,-0.5212286710739136,0.7646787166595459,0.5600085854530334,-1.2373814582824707,0.142939954996109,1.4758561849594116,-0.5717195272445679,0.7285168170928955,0.4858975410461426,-1.125636100769043,0.16822078824043274,1.445942759513855,-0.6222450733184814,0.7072809338569641,0.5649538636207581,-1.114485740661621,0.18892791867256165,1.4137080907821655,-0.5658748745918274,0.6508174538612366,1.4576280117034912,-0.14801695942878723,0.3667891025543213,1.4640475511550903,0.15418896079063416,0.647873044013977,2.1008195877075195,-0.18585342168807983,0.37808626890182495,2.0993289947509766,0.3301394581794739,0.6618892550468445,2.6477243900299072,0.2915763854980469,0.3951854705810547,2.6494626998901367,0.8318578004837036,0.6721144318580627,2.7220077514648438,0.3122122883796692,0.3945377469062805,2.726522207260132,0.8708482980728149,0.6206957697868347,2.823856830596924,-0.23596854507923126,0.43458136916160583,2.8268635272979736,0.31153008341789246,0.7571403980255127,0.7585272789001465,7.701920026192965e-07,0.6990742683410645,0.7161023616790771,-0.027573732659220695,0.6656748056411743,0.6255868077278137,-0.04217623919248581,0.6998685002326965,0.5641773343086243,-0.058693625032901764,0.745342493057251,0.539598822593689,-0.07434160262346268,0.6776605844497681,0.49170923233032227,-0.02550971880555153,0.6494262218475342,0.39416787028312683,-0.049938615411520004,0.6345494985580444,0.3281674385070801,-0.06560983508825302,0.6253634095191956,0.2710677683353424,-0.07640515267848969,0.732739269733429,0.4863126873970032,-0.033402908593416214,0.7476188540458679,0.3672811985015869,-0.06134733557701111,0.7578445672988892,0.2888375520706177,-0.07988176494836807,0.7702526450157166,0.22050392627716064,-0.08921771496534348,0.7815582752227783,0.5123021006584167,-0.04465942084789276,0.7986840009689331,0.4622034728527069,-0.08476144820451736,0.7775700092315674,0.5357675552368164,-0.08890100568532944,0.7650015950202942,0.5927156209945679,-0.079442098736763,0.822284996509552,0.5567928552627563,-0.05812825262546539,0.8209936618804932,0.5251748561859131,-0.08707479387521744,0.8041689395904541,0.5709186792373657,-0.08212171494960785,0.7959924936294556,0.6103036999702454,-0.0709405168890953,0,0,0,0,0,0,0,0,0,0,0,0,0,0,0,0,0,0,0,0,0,0,0,0,0,0,0,0,0,0,0,0,0,0,0,0,0,0,0,0,0,0,0,0,0,0,0,0,0,0,0,0,0,0,0,0,0,0,0,0,0,0,0,victory
0.43293705582618713,0.4178294539451599,-0.5572953224182129,0.4546244144439697,0.3549475371837616,-0.5530051589012146,0.4701422154903412,0.35326406359672546,-0.5524176359176636,0.4852377772331238,0.35166823863983154,-0.5518791675567627,0.410963237285614,0.360147088766098,-0.5056967735290527,0.39698436856269836,0.3618660271167755,-0.5046405792236328,0.38457801938056946,0.3642866909503937,-0.5047975182533264,0.5101078152656555,0.3702026307582855,-0.35862067341804504,0.37775877118110657,0.39121612906455994,-0.15165255963802338,0.4654742181301117,0.4694957137107849,-0.48679375648498535,0.40903329849243164,0.4784962236881256,-0.42010897397994995,0.6698631644248962,0.6345586776733398,-0.2403319627046585,0.2986062169075012,0.6826473474502563,0.04576202109456062,0.8397915959358215,0.9768315553665161,-0.7583605051040649,0.22079572081565857,0.9950818419456482,-0.010509000159800053,0.7805481553077698,0.7243607640266418,-1.2584335803985596,0.1606997549533844,1.369014024734497,-0.4904070794582367,0.7798670530319214,0.5720479488372803,-1.387181282043457,0.12889914214611053,1.4746850728988647,-0.5379172563552856,0.7396316528320312,0.5081858038902283,-1.2743051052093506,0.15654368698596954,1.4456355571746826,-0.5975457429885864,0.7172773480415344,0.5791499614715576,-1.2337895631790161,0.17829932272434235,1.4135934114456177,-0.5361011028289795,0.649035632610321,1.4509315490722656,-0.1482691466808319,0.3646482527256012,1.4521135091781616,0.15445488691329956,0.6392203569412231,2.0957131385803223,-0.21924753487110138,0.3689230978488922,2.091179370880127,0.22011034190654755,0.6487159132957458,2.647651195526123,0.2603498697280884,0.385234534740448,2.6474227905273438,0.5872389078140259,0.6591660976409912,2.7220027446746826,0.279326468706131,0.3831328749656677,2.724731206893921,0.6119425296783447,0.6054776906967163,2.82379150390625,-0.2761963903903961,0.4237113893032074,2.8256583213806152,0.028827786445617676,0.7541874647140503,0.7453123927116394,7.405799351545284e-07,0.6973715424537659,0.7007685899734497,-0.02861420437693596,0.6633619666099548,0.6190094947814941,-0.04558504372835159,0.6924761533737183,0.5601950287818909,-0.06449466198682785,0.7375339269638062,0.5316840410232544,-0.08176673203706741,0.6776086091995239,0.4758322238922119,-0.022300679236650467,0.6508070230484009,0.3830834627151489,-0.04642079025506973,0.6371738910675049,0.32279688119888306,-0.06300445646047592,0.6297673583030701,0.26893821358680725,-0.07458809018135071,0.7326290011405945,0.47208014130592346,-0.02938978746533394,0.745267927646637,0.35873857140541077,-0.056052595376968384,0.7530776858329773,0.286529541015625,-0.07430323213338852,0.7631958723068237,0.22112974524497986,-0.08416588604450226,0.7802745699882507,0.499491423368454,-0.040568914264440536,0.796894371509552,0.44235894083976746,-0.07984688133001328,0.7768303155899048,0.5095097422599792,-0.08528457581996918,0.7631189823150635,0.562999963760376,-0.07713768631219864,0.8205592632293701,0.544937252998352,-0.05419253557920456,0.8281442523002625,0.5000609159469604,-0.08299076557159424,0.811760663986206,0.5356814861297607,-0.08035324513912201,0.7985320091247559,0.5713497996330261,-0.07105815410614014,0,0,0,0,0,0,0,0,0,0,0,0,0,0,0,0,0,0,0,0,0,0,0,0,0,0,0,0,0,0,0,0,0,0,0,0,0,0,0,0,0,0,0,0,0,0,0,0,0,0,0,0,0,0,0,0,0,0,0,0,0,0,0,victory
0.448976993560791,0.4121307134628296,-0.5260584950447083,0.47318872809410095,0.35123375058174133,-0.5093657970428467,0.48833149671554565,0.3510799705982208,-0.5087805986404419,0.5023760199546814,0.35074886679649353,-0.5082820057868958,0.4278908669948578,0.3518635332584381,-0.4717544913291931,0.41332563757896423,0.35197120904922485,-0.4707793593406677,0.39976924657821655,0.35258573293685913,-0.47101300954818726,0.5264156460762024,0.37029969692230225,-0.30107060074806213,0.38856393098831177,0.3785915672779083,-0.1308809220790863,0.4789990484714508,0.46633413434028625,-0.4484025537967682,0.42225128412246704,0.4700881838798523,-0.3962574303150177,0.6727529764175415,0.6346210837364197,-0.1978406012058258,0.30029475688934326,0.6727210283279419,0.0471404567360878,0.8401148915290833,0.9746387004852295,-0.6718411445617676,0.22009463608264923,0.9935084581375122,-0.06373108923435211,0.7852600812911987,0.7319101095199585,-1.1689120531082153,0.16574493050575256,1.3575222492218018,-0.5987504720687866,0.7871813178062439,0.5803113579750061,-1.2849701642990112,0.1365966498851776,1.4605178833007812,-0.663385272026062,0.7471996545791626,0.5128298997879028,-1.1817691326141357,0.16380414366722107,1.428245186805725,-0.7187468409538269,0.7219340205192566,0.5854343771934509,-1.1463383436203003,0.1844610571861267,1.3966114521026611,-0.6440306901931763,0.6477207541465759,1.4406514167785645,-0.13529863953590393,0.36431068181991577,1.4358925819396973,0.14165212213993073,0.6321009397506714,2.082547187805176,-0.2108856439590454,0.3618992567062378,2.073960065841675,0.23033507168293,0.6376349925994873,2.6398942470550537,0.2577154040336609,0.37437909841537476,2.6316590309143066,0.629473090171814,0.6473321914672852,2.7149672508239746,0.27515026926994324,0.37160974740982056,2.7072267532348633,0.6576987504959106,0.5932902097702026,2.812328577041626,-0.277103453874588,0.41249632835388184,2.811577081680298,0.08861978352069855,0.7617761492729187,0.7550631165504456,6.560152883139381e-07,0.7037968039512634,0.7032677531242371,-0.028491763398051262,0.6707931756973267,0.620564341545105,-0.045002568513154984,0.7040422558784485,0.5581374764442444,-0.06336904317140579,0.7497977018356323,0.5335599184036255,-0.08080480247735977,0.6876424551010132,0.49459314346313477,-0.026023831218481064,0.6615433096885681,0.3979124426841736,-0.05199258401989937,0.6475569605827332,0.3323344886302948,-0.07085130363702774,0.6400709748268127,0.27378422021865845,-0.08466340601444244,0.7432231903076172,0.48751646280288696,-0.033081863075494766,0.7552421689033508,0.3753657341003418,-0.05977936461567879,0.7610669136047363,0.303075909614563,-0.07826407998800278,0.7704935073852539,0.23997101187705994,-0.08947839587926865,0.7909933924674988,0.5112181305885315,-0.04406256973743439,0.8077805042266846,0.45265257358551025,-0.08125921338796616,0.7837854623794556,0.5109078884124756,-0.08762376010417938,0.7690246105194092,0.5630149245262146,-0.08207643777132034,0.8303207159042358,0.553787112236023,-0.057785168290138245,0.8369089961051941,0.5149707198143005,-0.08555732667446136,0.817346453666687,0.5483996272087097,-0.08475122600793839,0.8047868609428406,0.5850821733474731,-0.07806726545095444,0,0,0,0,0,0,0,0,0,0,0,0,0,0,0,0,0,0,0,0,0,0,0,0,0,0,0,0,0,0,0,0,0,0,0,0,0,0,0,0,0,0,0,0,0,0,0,0,0,0,0,0,0,0,0,0,0,0,0,0,0,0,0,victory
0.45055657625198364,0.4062129557132721,-0.5058407187461853,0.47628849744796753,0.3463497459888458,-0.48886704444885254,0.49203187227249146,0.34748390316963196,-0.48830437660217285,0.5066476464271545,0.34848564863204956,-0.4877570569515228,0.43094390630722046,0.34440287947654724,-0.4509924352169037,0.4167834222316742,0.34389179944992065,-0.45004576444625854,0.4032398760318756,0.3441685438156128,-0.45032238960266113,0.5315243601799011,0.37029269337654114,-0.2973763048648834,0.3931005597114563,0.37201568484306335,-0.12376640737056732,0.4811197817325592,0.46165210008621216,-0.4340752065181732,0.4245854318141937,0.4632219970226288,-0.383045494556427,0.6753975749015808,0.6374403834342957,-0.19515067338943481,0.30054616928100586,0.6721704602241516,0.03976636007428169,0.8397568464279175,0.9748799204826355,-0.6510598659515381,0.217234805226326,0.9908209443092346,-0.07113891839981079,0.7856358885765076,0.7370473742485046,-1.1263326406478882,0.16701826453208923,1.357696771621704,-0.5990831851959229,0.7939305305480957,0.5837045907974243,-1.2340413331985474,0.1388990730047226,1.460806965827942,-0.6627755165100098,0.750549852848053,0.5185691118240356,-1.1346096992492676,0.16567577421665192,1.4296313524246216,-0.718408465385437,0.7224094271659851,0.5920053720474243,-1.1048996448516846,0.18586868047714233,1.397845983505249,-0.6448960304260254,0.6476708650588989,1.4396239519119263,-0.12075233459472656,0.3643207848072052,1.432172179222107,0.12724722921848297,0.6284221410751343,2.0812642574310303,-0.19804564118385315,0.3596211373806,2.071289300918579,0.21659445762634277,0.6312268972396851,2.639827013015747,0.2589168846607208,0.36869049072265625,2.6294660568237305,0.6107059717178345,0.6401836276054382,2.715393304824829,0.2758617401123047,0.3660200238227844,2.7053451538085938,0.6373471021652222,0.5867897868156433,2.808480739593506,-0.26483723521232605,0.4053909182548523,2.8089020252227783,0.07820047438144684,0.7616534233093262,0.7511686086654663,7.013832714619639e-07,0.7033634781837463,0.7024914622306824,-0.0290309339761734,0.6701146960258484,0.6194010972976685,-0.045054297894239426,0.7051328420639038,0.5616245269775391,-0.06265018880367279,0.752547025680542,0.539872407913208,-0.07898864150047302,0.6872984170913696,0.48940378427505493,-0.02377159334719181,0.6613644361495972,0.3940339684486389,-0.04812408983707428,0.6467873454093933,0.3307478427886963,-0.06512497365474701,0.637877345085144,0.2751724123954773,-0.07707377523183823,0.7420898675918579,0.48298755288124084,-0.029923083260655403,0.7536720037460327,0.3734922409057617,-0.056287191808223724,0.7586765885353088,0.30324476957321167,-0.07441996783018112,0.7661876678466797,0.24022245407104492,-0.08431419730186462,0.788852870464325,0.5066773891448975,-0.040201336145401,0.8062759637832642,0.45662379264831543,-0.07880757004022598,0.7841416597366333,0.5200473070144653,-0.0860644280910492,0.7694224715232849,0.5715277194976807,-0.07951706647872925,0.8272600173950195,0.5488188862800598,-0.052960608154535294,0.8352036476135254,0.5104629993438721,-0.08127603679895401,0.8182616829872131,0.545041561126709,-0.0803215280175209,0.8062279224395752,0.5796799063682556,-0.07260072231292725,0,0,0,0,0,0,0,0,0,0,0,0,0,0,0,0,0,0,0,0,0,0,0,0,0,0,0,0,0,0,0,0,0,0,0,0,0,0,0,0,0,0,0,0,0,0,0,0,0,0,0,0,0,0,0,0,0,0,0,0,0,0,0,victory
0.45520490407943726,0.4043927490711212,-0.5182604789733887,0.4809941351413727,0.34410756826400757,-0.4979249835014343,0.4968511462211609,0.3454778790473938,-0.49744877219200134,0.511452317237854,0.34698745608329773,-0.49695491790771484,0.4352908730506897,0.34237322211265564,-0.4612714350223541,0.42116251587867737,0.3421300947666168,-0.46028265357017517,0.40746599435806274,0.3428018391132355,-0.4605441689491272,0.5372703075408936,0.3702179193496704,-0.2765173316001892,0.3972543179988861,0.37072181701660156,-0.11928367614746094,0.48612189292907715,0.4593307375907898,-0.4400342106819153,0.42913585901260376,0.4611995816230774,-0.38953864574432373,0.6798539161682129,0.6358259916305542,-0.17553888261318207,0.30602192878723145,0.6703169941902161,0.04089067131280899,0.8390908241271973,0.9731038808822632,-0.5807876586914062,0.2195865362882614,0.9752670526504517,-0.08431468158960342,0.7902753949165344,0.7442586421966553,-0.9735161662101746,0.17602506279945374,1.3096598386764526,-0.6106393933296204,0.8015042543411255,0.5920630097389221,-1.0691931247711182,0.15149304270744324,1.4035670757293701,-0.6828654408454895,0.7590376138687134,0.5243204832077026,-0.9838545918464661,0.17846937477588654,1.3683949708938599,-0.7323125600814819,0.7326555252075195,0.5985862016677856,-0.9555835723876953,0.1967656910419464,1.3395822048187256,-0.6555649042129517,0.6479137539863586,1.4213883876800537,-0.11152839660644531,0.36500054597854614,1.4125747680664062,0.11802951246500015,0.6294451951980591,2.058101177215576,-0.2106458693742752,0.3603215515613556,2.045948028564453,0.1332668960094452,0.6336560845375061,2.6200685501098633,0.17271235585212708,0.3709801137447357,2.6061182022094727,0.3809007406234741,0.6428813934326172,2.6976139545440674,0.18172743916511536,0.3685125708580017,2.6829535961151123,0.3925173878669739,0.5893856287002563,2.7893099784851074,-0.35710954666137695,0.4096512198448181,2.7856545448303223,-0.1593969464302063,0.7685588598251343,0.7618122100830078,6.936534191481769e-07,0.7124196290969849,0.711884081363678,-0.02746005728840828,0.6803812980651855,0.6294591426849365,-0.04335128888487816,0.7138442397117615,0.5704030990600586,-0.061572570353746414,0.760326087474823,0.5490638613700867,-0.0788768082857132,0.6975545883178711,0.501000165939331,-0.0235518179833889,0.6703100204467773,0.4074399173259735,-0.04924354702234268,0.6563115119934082,0.3429536521434784,-0.0673975721001625,0.6491471529006958,0.2854008078575134,-0.08031588047742844,0.7522174119949341,0.49589407444000244,-0.031725578010082245,0.7632964253425598,0.38528650999069214,-0.059812743216753006,0.7701254487037659,0.31163614988327026,-0.07885046303272247,0.7804275155067444,0.2479654848575592,-0.08936947584152222,0.7994329929351807,0.5218332409858704,-0.0438183918595314,0.8158973455429077,0.4694884121417999,-0.08444470912218094,0.7935469150543213,0.5360758900642395,-0.09048500657081604,0.7801134586334229,0.5930269956588745,-0.08280148357152939,0.8383983373641968,0.5656935572624207,-0.05831243842840195,0.843295693397522,0.5279213190078735,-0.08831675350666046,0.8243500590324402,0.5669456720352173,-0.08613388240337372,0.8129170536994934,0.6064921021461487,-0.07728385925292969,0,0,0,0,0,0,0,0,0,0,0,0,0,0,0,0,0,0,0,0,0,0,0,0,0,0,0,0,0,0,0,0,0,0,0,0,0,0,0,0,0,0,0,0,0,0,0,0,0,0,0,0,0,0,0,0,0,0,0,0,0,0,0,victory
0.4570290446281433,0.40291598439216614,-0.524988055229187,0.4830898344516754,0.34345734119415283,-0.5055757164955139,0.49901247024536133,0.34495463967323303,-0.5051087141036987,0.5138472318649292,0.3466590940952301,-0.5046355724334717,0.43776649236679077,0.3415469825267792,-0.467864990234375,0.4241408705711365,0.3413003087043762,-0.46687665581703186,0.410956472158432,0.3418973684310913,-0.46713119745254517,0.5404717922210693,0.37058159708976746,-0.2878376543521881,0.4026065766811371,0.37056079506874084,-0.12136435508728027,0.48860877752304077,0.45720893144607544,-0.4462999701499939,0.4313236176967621,0.45924898982048035,-0.3923291563987732,0.6807956099510193,0.6359084844589233,-0.18814155459403992,0.31030967831611633,0.6715332269668579,0.035960979759693146,0.8403534889221191,0.9723495244979858,-0.589137077331543,0.22511355578899384,0.969461977481842,-0.07458221167325974,0.7933839559555054,0.7513126730918884,-0.9689372181892395,0.17632517218589783,1.3090360164642334,-0.5429142117500305,0.8056248426437378,0.6044041514396667,-1.0645396709442139,0.1522737443447113,1.404703140258789,-0.6062327027320862,0.761335015296936,0.5398067235946655,-0.9774247407913208,0.17913220822811127,1.3719184398651123,-0.6630268096923828,0.7345460653305054,0.6054848432540894,-0.9493303298950195,0.1974974423646927,1.341435194015503,-0.589320182800293,0.6480828523635864,1.4219880104064941,-0.11315791308879852,0.3659595549106598,1.4146186113357544,0.11956200748682022,0.6294479966163635,2.0575451850891113,-0.19690047204494476,0.3605409264564514,2.048336982727051,0.16281819343566895,0.6319310665130615,2.6196396350860596,0.19393500685691833,0.3706207871437073,2.608646869659424,0.47332245111465454,0.6405321359634399,2.6970937252044678,0.2038743942975998,0.3684524595737457,2.685412645339966,0.4914686679840088,0.5883823037147522,2.789889097213745,-0.30755358934402466,0.40794652700424194,2.7880783081054688,-0.061545778065919876,0.7717881798744202,0.7599056959152222,7.098685159689921e-07,0.7136732935905457,0.7147650122642517,-0.027585627511143684,0.6805641651153564,0.6303943991661072,-0.04281342402100563,0.7143833041191101,0.5714298486709595,-0.05994546413421631,0.7639175653457642,0.5527050495147705,-0.07599541544914246,0.6972593665122986,0.5003340244293213,-0.021526120603084564,0.6704755425453186,0.4044261574745178,-0.04461587965488434,0.6569060683250427,0.3396872580051422,-0.060107067227363586,0.6500468850135803,0.2839486300945282,-0.07081299275159836,0.7513040900230408,0.49354273080825806,-0.028381168842315674,0.7637103796005249,0.3839876055717468,-0.05558861047029495,0.7702674269676208,0.31008559465408325,-0.07436279207468033,0.7788190841674805,0.24684125185012817,-0.08389443159103394,0.7981035709381104,0.5164507627487183,-0.03895705193281174,0.8167831897735596,0.46784505248069763,-0.07979273796081543,0.7931921482086182,0.5367519855499268,-0.08717609941959381,0.7766460180282593,0.594551146030426,-0.07945534586906433,0.8374186158180237,0.5563027262687683,-0.05157480388879776,0.8391844630241394,0.5229502320289612,-0.08229498565196991,0.8225484490394592,0.5645402073860168,-0.08084266632795334,0.8121641278266907,0.6056493520736694,-0.07164005935192108,0,0,0,0,0,0,0,0,0,0,0,0,0,0,0,0,0,0,0,0,0,0,0,0,0,0,0,0,0,0,0,0,0,0,0,0,0,0,0,0,0,0,0,0,0,0,0,0,0,0,0,0,0,0,0,0,0,0,0,0,0,0,0,victory
0.45793014764785767,0.40132367610931396,-0.5274677872657776,0.48410654067993164,0.34218257665634155,-0.5086377263069153,0.5001051425933838,0.3435825705528259,-0.5081639885902405,0.5149635076522827,0.34527474641799927,-0.5077222585678101,0.4385871887207031,0.34042781591415405,-0.47073930501937866,0.42499789595603943,0.34013840556144714,-0.46976161003112793,0.41187214851379395,0.3407057523727417,-0.47000861167907715,0.5412420630455017,0.37035995721817017,-0.29553496837615967,0.40439972281455994,0.36947521567344666,-0.12143982946872711,0.4899120330810547,0.4547237455844879,-0.4484550356864929,0.43216466903686523,0.45727047324180603,-0.39495688676834106,0.6812053322792053,0.6358754634857178,-0.19579018652439117,0.3122570812702179,0.6697657704353333,0.03750542178750038,0.8460946083068848,0.9719672799110413,-0.5838860273361206,0.22566047310829163,0.9668769836425781,-0.033954471349716187,0.7955509424209595,0.7553360462188721,-0.941120445728302,0.17400440573692322,1.3073269128799438,-0.47877416014671326,0.8057292103767395,0.605534017086029,-1.036533236503601,0.14656732976436615,1.4052789211273193,-0.5343905687332153,0.7616084814071655,0.5467489957809448,-0.943240761756897,0.17432716488838196,1.3753012418746948,-0.5997673869132996,0.7338981628417969,0.6089633703231812,-0.9180811643600464,0.19391998648643494,1.3440005779266357,-0.5272801518440247,0.6458321809768677,1.4207866191864014,-0.11515136063098907,0.3654632568359375,1.4124736785888672,0.12154729664325714,0.6256911754608154,2.054825782775879,-0.18310366570949554,0.35662657022476196,2.0448760986328125,0.17336103320121765,0.6249925494194031,2.6170756816864014,0.2581516206264496,0.36504703760147095,2.6072707176208496,0.4915006756782532,0.6329192519187927,2.693588972091675,0.2753748893737793,0.3629165291786194,2.6847572326660156,0.510960578918457,0.5817745923995972,2.7890408039093018,-0.23448669910430908,0.3997650742530823,2.7855708599090576,-0.040729694068431854,0.7714877128601074,0.7604867219924927,7.250018256854673e-07,0.7133784890174866,0.7156515717506409,-0.027234505861997604,0.6803019642829895,0.6318845748901367,-0.0423879511654377,0.7126671671867371,0.5738916397094727,-0.059575408697128296,0.7604516744613647,0.5524521470069885,-0.07585760951042175,0.697590708732605,0.5014439821243286,-0.02173645980656147,0.6705561280250549,0.40689539909362793,-0.04501960799098015,0.6564229726791382,0.3432917594909668,-0.060946591198444366,0.6486543416976929,0.2874424457550049,-0.07212423533201218,0.7515779137611389,0.4952746033668518,-0.029046935960650444,0.7643998265266418,0.3844621777534485,-0.05595919489860535,0.7705193161964417,0.30965930223464966,-0.07494975626468658,0.7788804173469543,0.24385660886764526,-0.08505067974328995,0.7983165979385376,0.5191404223442078,-0.04000318795442581,0.8158337473869324,0.4656764268875122,-0.08037848025560379,0.7926163673400879,0.5343068242073059,-0.08737737685441971,0.7775196433067322,0.5917576551437378,-0.07988496869802475,0.8373495936393738,0.5601201057434082,-0.053021445870399475,0.8391015529632568,0.52547687292099,-0.08364874124526978,0.8222910761833191,0.5661991238594055,-0.08201716840267181,0.8124067187309265,0.6059436202049255,-0.07295556366443634,0,0,0,0,0,0,0,0,0,0,0,0,0,0,0,0,0,0,0,0,0,0,0,0,0,0,0,0,0,0,0,0,0,0,0,0,0,0,0,0,0,0,0,0,0,0,0,0,0,0,0,0,0,0,0,0,0,0,0,0,0,0,0,victory
0.45886215567588806,0.4009675085544586,-0.561621904373169,0.4850948452949524,0.341346800327301,-0.5377286672592163,0.5009519457817078,0.3424741327762604,-0.5372182726860046,0.5158315300941467,0.34396398067474365,-0.5368434190750122,0.44037923216819763,0.3402194380760193,-0.5080277919769287,0.42709192633628845,0.3400835394859314,-0.5071097016334534,0.4141780734062195,0.34070175886154175,-0.507352352142334,0.54339998960495,0.3699713349342346,-0.3036791682243347,0.40743112564086914,0.36915215849876404,-0.16467516124248505,0.49039945006370544,0.4534478783607483,-0.4752751290798187,0.4334072470664978,0.4565802216529846,-0.4333348274230957,0.681725800037384,0.635926365852356,-0.19954097270965576,0.3140431344509125,0.6644059419631958,-0.0034663365222513676,0.8468879461288452,0.9630935192108154,-0.6008636355400085,0.22730615735054016,0.9597215056419373,-0.0828506276011467,0.8010014295578003,0.7621594667434692,-0.9841524958610535,0.17083866894245148,1.3028301000595093,-0.5156255960464478,0.8137365579605103,0.6216906905174255,-1.083369493484497,0.1398201882839203,1.4022120237350464,-0.5838299989700317,0.7658469676971436,0.5609561800956726,-0.9927772283554077,0.17008748650550842,1.3762067556381226,-0.6536402702331543,0.7390850782394409,0.6264997124671936,-0.9635258913040161,0.19112597405910492,1.3447517156600952,-0.5655040740966797,0.6424968838691711,1.4174237251281738,-0.11361531913280487,0.364378422498703,1.406888484954834,0.11974934488534927,0.6217925548553467,2.0477116107940674,-0.1540384143590927,0.35495859384536743,2.0334107875823975,0.17087002098560333,0.6196845769882202,2.604637861251831,0.30292773246765137,0.36248061060905457,2.589776039123535,0.5125660300254822,0.6272379159927368,2.680171489715576,0.3219274580478668,0.3602049648761749,2.667996883392334,0.5350359678268433,0.5760730504989624,2.7773079872131348,-0.1861698031425476,0.39627036452293396,2.7643580436706543,-0.011921631172299385,0.7727797031402588,0.7681853771209717,7.252660907397512e-07,0.7176477909088135,0.7207965850830078,-0.0275338776409626,0.6850610971450806,0.6390964984893799,-0.04399226978421211,0.7155351042747498,0.5812121033668518,-0.06272834539413452,0.7614319324493408,0.5576188564300537,-0.08035406470298767,0.7031999230384827,0.5050718784332275,-0.023459885269403458,0.6749340295791626,0.41339972615242004,-0.04938238486647606,0.6605023145675659,0.349571168422699,-0.06779497116804123,0.6534765958786011,0.2925422787666321,-0.08093666285276413,0.756933331489563,0.49976348876953125,-0.0319410003721714,0.7688235640525818,0.38876819610595703,-0.06117841973900795,0.7759336829185486,0.3134113550186157,-0.08177841454744339,0.7866880297660828,0.24726921319961548,-0.09321238100528717,0.8040356636047363,0.5258046984672546,-0.04415885731577873,0.8231729865074158,0.4745026230812073,-0.08558204770088196,0.7986575365066528,0.5419573187828064,-0.09222812950611115,0.7823479771614075,0.5986723899841309,-0.08486459404230118,0.8435012102127075,0.5698779821395874,-0.05873703956604004,0.8503261804580688,0.5354033708572388,-0.08981399983167648,0.8311083316802979,0.5747381448745728,-0.08822060376405716,0.8178020119667053,0.613797128200531,-0.07947292923927307,0,0,0,0,0,0,0,0,0,0,0,0,0,0,0,0,0,0,0,0,0,0,0,0,0,0,0,0,0,0,0,0,0,0,0,0,0,0,0,0,0,0,0,0,0,0,0,0,0,0,0,0,0,0,0,0,0,0,0,0,0,0,0,victory
0.4604640007019043,0.40083760023117065,-0.620700478553772,0.48751431703567505,0.3412502408027649,-0.5873640775680542,0.5031448006629944,0.34221041202545166,-0.5869261622428894,0.5177561640739441,0.34359124302864075,-0.586583137512207,0.4423997402191162,0.34034737944602966,-0.558468759059906,0.4289097785949707,0.3400948941707611,-0.5574880242347717,0.41585755348205566,0.34043601155281067,-0.5577682256698608,0.5445688962936401,0.36995941400527954,-0.3116982877254486,0.4089290499687195,0.3682292103767395,-0.17825044691562653,0.49137768149375916,0.4526652991771698,-0.5202361345291138,0.43469542264938354,0.4562452733516693,-0.47973889112472534,0.681644856929779,0.6358996629714966,-0.2021287977695465,0.3138900101184845,0.6648160815238953,0.006374993361532688,0.8473350405693054,0.9614428281784058,-0.6087774038314819,0.22029700875282288,0.9602473974227905,-0.05921504646539688,0.8038860559463501,0.7612414956092834,-1.1998891830444336,0.17061619460582733,1.3223285675048828,-0.528754711151123,0.8157336115837097,0.6207181215286255,-1.3265384435653687,0.1411525309085846,1.4223917722702026,-0.5937634706497192,0.7673804759979248,0.5599415898323059,-1.2297974824905396,0.17034733295440674,1.3964565992355347,-0.6598294973373413,0.7403729557991028,0.6247771978378296,-1.1825703382492065,0.1905069649219513,1.3661513328552246,-0.5757235288619995,0.6403201222419739,1.4182026386260986,-0.12244218587875366,0.3618873953819275,1.405514121055603,0.12874549627304077,0.6134999990463257,2.0502138137817383,-0.2483138144016266,0.345034658908844,2.0349018573760986,0.1844979226589203,0.6023800373077393,2.607142210006714,0.19895954430103302,0.3410809338092804,2.592064380645752,0.5358130931854248,0.6093224287033081,2.682682991027832,0.21294371783733368,0.3349260687828064,2.670172929763794,0.5591443181037903,0.5532065629959106,2.7798244953155518,-0.359441339969635,0.37400153279304504,2.768918037414551,-0.012480931356549263,0.7752662301063538,0.7694360017776489,7.121201406334876e-07,0.7194400429725647,0.723212480545044,-0.02838231436908245,0.6873009204864502,0.640000581741333,-0.04451727867126465,0.7204540967941284,0.5816232562065125,-0.06286610662937164,0.7684547901153564,0.5605557560920715,-0.07999048382043839,0.7051805853843689,0.5053532123565674,-0.02175351046025753,0.6783254742622375,0.412026047706604,-0.04654943197965622,0.6646002531051636,0.34736400842666626,-0.06369448453187943,0.6580172777175903,0.2903311550617218,-0.07583338022232056,0.7590121030807495,0.49899476766586304,-0.029362553730607033,0.7709095478057861,0.3893304467201233,-0.05855287238955498,0.7782398462295532,0.31458780169487,-0.07888754457235336,0.7879752516746521,0.24904882907867432,-0.08962211012840271,0.8059642910957336,0.5235529541969299,-0.04088317230343819,0.8248679637908936,0.4748982787132263,-0.0832027867436409,0.8006067872047424,0.544638991355896,-0.09012579172849655,0.7832158207893372,0.6020082831382751,-0.08208911120891571,0.8456806540489197,0.5660731196403503,-0.054709453135728836,0.8517784476280212,0.5306470394134521,-0.086175337433815,0.8336145877838135,0.5715195536613464,-0.08443597704172134,0.8201707005500793,0.6114190220832825,-0.07510343194007874,0,0,0,0,0,0,0,0,0,0,0,0,0,0,0,0,0,0,0,0,0,0,0,0,0,0,0,0,0,0,0,0,0,0,0,0,0,0,0,0,0,0,0,0,0,0,0,0,0,0,0,0,0,0,0,0,0,0,0,0,0,0,0,victory
0.4613327085971832,0.40057075023651123,-0.7065626978874207,0.489492267370224,0.3413236439228058,-0.6627160310745239,0.5051659941673279,0.34227097034454346,-0.6623558402061462,0.5197049379348755,0.34361979365348816,-0.6619914770126343,0.4436309337615967,0.34016987681388855,-0.6418522596359253,0.4298703670501709,0.33966362476348877,-0.6408975124359131,0.41671133041381836,0.339537113904953,-0.6411859393119812,0.5457297563552856,0.37029868364334106,-0.3399282991886139,0.4094868302345276,0.367214560508728,-0.2416742593050003,0.4919242262840271,0.4523455798625946,-0.5896369218826294,0.4347964823246002,0.45571818947792053,-0.5602090954780579,0.6811226010322571,0.6362351775169373,-0.20408272743225098,0.3122411370277405,0.6653241515159607,-0.017202336341142654,0.8470797538757324,0.9595473408699036,-0.6578900218009949,0.21480366587638855,0.961287796497345,-0.06153690069913864,0.8046051263809204,0.7605640292167664,-1.3285329341888428,0.17013362050056458,1.3353650569915771,-0.5307647585868835,0.8170539736747742,0.6203834414482117,-1.4666186571121216,0.1413172334432602,1.4341943264007568,-0.600999653339386,0.7672832012176514,0.5591357946395874,-1.371220350265503,0.1694457083940506,1.4104832410812378,-0.6822050213813782,0.7398906946182251,0.6221491098403931,-1.314118504524231,0.18931305408477783,1.3804324865341187,-0.5827226042747498,0.6341983079910278,1.4190866947174072,-0.12352319806814194,0.3574121594429016,1.4063557386398315,0.12978574633598328,0.6028936505317688,2.0518500804901123,-0.29759180545806885,0.33446675539016724,2.03566312789917,0.16165265440940857,0.585806131362915,2.6085991859436035,0.13201598823070526,0.32532721757888794,2.5936079025268555,0.466702401638031,0.5917937755584717,2.683342218399048,0.14376124739646912,0.31791654229164124,2.672193765640259,0.4824672341346741,0.536589503288269,2.7813305854797363,-0.43955135345458984,0.3584264814853668,2.770070791244507,-0.11656679958105087,0.7764560580253601,0.7703794240951538,7.255975447151286e-07,0.71977698802948,0.723766028881073,-0.0282792579382658,0.6878272294998169,0.6383806467056274,-0.04364703595638275,0.7216334939002991,0.5793507695198059,-0.061215147376060486,0.7709652185440063,0.5591186881065369,-0.0775083675980568,0.7042301893234253,0.5058308243751526,-0.02079976163804531,0.677551805973053,0.41111868619918823,-0.04495935142040253,0.6644526124000549,0.34605687856674194,-0.06151580065488815,0.6582916975021362,0.2891083061695099,-0.0732463151216507,0.758648157119751,0.49832773208618164,-0.0279643926769495,0.7707276344299316,0.3893553912639618,-0.056970059871673584,0.77829909324646,0.31423264741897583,-0.07717551290988922,0.7877795100212097,0.24876707792282104,-0.08770529180765152,0.8055294156074524,0.5218809247016907,-0.03909017890691757,0.8240594863891602,0.4736987054347992,-0.08160345256328583,0.8002415895462036,0.5445688962936401,-0.08896307647228241,0.782745361328125,0.6029071807861328,-0.08094006031751633,0.8449820876121521,0.5633370280265808,-0.05246540531516075,0.8509292602539062,0.5301694869995117,-0.08457484096288681,0.8341507911682129,0.5706171989440918,-0.08374232053756714,0.8215057849884033,0.6099675297737122,-0.07476869225502014,0,0,0,0,0,0,0,0,0,0,0,0,0,0,0,0,0,0,0,0,0,0,0,0,0,0,0,0,0,0,0,0,0,0,0,0,0,0,0,0,0,0,0,0,0,0,0,0,0,0,0,0,0,0,0,0,0,0,0,0,0,0,0,victory
0.461860328912735,0.39969831705093384,-0.7358344793319702,0.49031728506088257,0.3408662974834442,-0.6936927437782288,0.5060653686523438,0.3419124186038971,-0.6934049725532532,0.5206134915351868,0.34332895278930664,-0.6931328177452087,0.4441371560096741,0.3393394351005554,-0.6696261167526245,0.43029800057411194,0.33871373534202576,-0.668724000453949,0.4171481728553772,0.33840715885162354,-0.6689843535423279,0.5464114546775818,0.3703342378139496,-0.3665527403354645,0.4095134139060974,0.3661974370479584,-0.25359150767326355,0.4919602870941162,0.4515913128852844,-0.6166675090789795,0.43486398458480835,0.45442232489585876,-0.5827990174293518,0.6806737184524536,0.6362516283988953,-0.21433421969413757,0.3117843568325043,0.6657646298408508,-0.014575114473700523,0.8466600179672241,0.949554443359375,-0.710367739200592,0.21265289187431335,0.9630865454673767,-0.08361662179231644,0.80610591173172,0.7600415945053101,-1.3660509586334229,0.16860315203666687,1.3228565454483032,-0.640661358833313,0.8216882944107056,0.6200205087661743,-1.507776141166687,0.1400911509990692,1.4164777994155884,-0.7223263382911682,0.7705401182174683,0.5628292560577393,-1.4221558570861816,0.16863760352134705,1.388781189918518,-0.7932795286178589,0.742205798625946,0.6214786171913147,-1.3544639348983765,0.18827849626541138,1.3601856231689453,-0.6905151605606079,0.6276150345802307,1.4197096824645996,-0.12868747115135193,0.3555144667625427,1.4070409536361694,0.13451777398586273,0.5984505414962769,2.052276372909546,-0.2739422917366028,0.33469998836517334,2.035482168197632,0.17097344994544983,0.5853692293167114,2.6094295978546143,0.14554332196712494,0.33060407638549805,2.591557264328003,0.4998367428779602,0.5917401909828186,2.6849069595336914,0.15401259064674377,0.3245859444141388,2.6693217754364014,0.5191946029663086,0.538189709186554,2.779827356338501,-0.38662189245224,0.36419677734375,2.7674710750579834,-0.07285572588443756,0.7843034863471985,0.7631873488426208,6.872644462418975e-07,0.72670578956604,0.7155489921569824,-0.025312719866633415,0.6957278847694397,0.6309184432029724,-0.03934734687209129,0.7293744087219238,0.5765031576156616,-0.05521414801478386,0.7772040963172913,0.5549979209899902,-0.07103884220123291,0.7129619717597961,0.4996482729911804,-0.022671086713671684,0.6855977773666382,0.4066775441169739,-0.04500534385442734,0.6710859537124634,0.345270037651062,-0.06063864380121231,0.6622989177703857,0.2900093197822571,-0.07179143279790878,0.7674686312675476,0.4935789406299591,-0.03028555028140545,0.7815343737602234,0.38211721181869507,-0.05458654463291168,0.7885757684707642,0.30759426951408386,-0.07265511900186539,0.7970234751701355,0.24383464455604553,-0.08304539322853088,0.812930703163147,0.5182386636734009,-0.04127175733447075,0.8325070738792419,0.46201974153518677,-0.07943125814199448,0.8088427186012268,0.5203384757041931,-0.09022250771522522,0.7926520705223083,0.5745632648468018,-0.08672570437192917,0.849250078201294,0.5589205622673035,-0.05396582931280136,0.849027156829834,0.5272118449211121,-0.08539982885122299,0.8297885060310364,0.5648304224014282,-0.08765048533678055,0.8166659474372864,0.6055022478103638,-0.08194796741008759,0,0,0,0,0,0,0,0,0,0,0,0,0,0,0,0,0,0,0,0,0,0,0,0,0,0,0,0,0,0,0,0,0,0,0,0,0,0,0,0,0,0,0,0,0,0,0,0,0,0,0,0,0,0,0,0,0,0,0,0,0,0,0,victory
0.46163588762283325,0.3998211920261383,-0.7793599963188171,0.4903329908847809,0.340976357460022,-0.7368464469909668,0.5062376260757446,0.3419734239578247,-0.7365859150886536,0.5208981037139893,0.34334754943847656,-0.7362674474716187,0.4439677596092224,0.339493066072464,-0.7123475670814514,0.4301066994667053,0.33884498476982117,-0.7114621996879578,0.41702085733413696,0.33844640851020813,-0.7117041349411011,0.5467163324356079,0.3704921007156372,-0.40072280168533325,0.4096931517124176,0.3659043312072754,-0.28274017572402954,0.49182048439979553,0.45160630345344543,-0.6558213829994202,0.4347050189971924,0.45439183712005615,-0.6214532852172852,0.6804193258285522,0.6363053917884827,-0.23485247790813446,0.3117291331291199,0.6660066843032837,-0.026673903688788414,0.8469773530960083,0.9446154236793518,-0.7602309584617615,0.21306514739990234,0.9641159176826477,-0.09357274323701859,0.807482123374939,0.7596188187599182,-1.4575328826904297,0.16906359791755676,1.3236892223358154,-0.6687604188919067,0.823202908039093,0.6194292902946472,-1.6110137701034546,0.14060930907726288,1.4180395603179932,-0.7523585557937622,0.7710886001586914,0.5637627243995667,-1.5254298448562622,0.16888116300106049,1.389994740486145,-0.8257483243942261,0.7424227595329285,0.6210034489631653,-1.4473990201950073,0.1886201798915863,1.3609744310379028,-0.720020592212677,0.6268303394317627,1.4203845262527466,-0.13382531702518463,0.35533854365348816,1.407407283782959,0.13950586318969727,0.5997660756111145,2.052567481994629,-0.25986260175704956,0.336614727973938,2.036822557449341,0.17317640781402588,0.5892103314399719,2.609560966491699,0.20016029477119446,0.33527347445487976,2.593156337738037,0.5364686250686646,0.5959262251853943,2.6856987476348877,0.21320343017578125,0.32994168996810913,2.6708734035491943,0.5583165287971497,0.5429134964942932,2.780745267868042,-0.3664112985134125,0.3695557713508606,2.769287109375,-0.04933323338627815,0.7833958864212036,0.7658081650733948,6.68198140374443e-07,0.7259359359741211,0.716948390007019,-0.024959146976470947,0.6942955255508423,0.6330994367599487,-0.03838207572698593,0.7279998064041138,0.5770875811576843,-0.05389741063117981,0.7750579118728638,0.5562931299209595,-0.06928738206624985,0.7147139310836792,0.5026353597640991,-0.020742496475577354,0.686802327632904,0.40886154770851135,-0.042653247714042664,0.671561062335968,0.3460596203804016,-0.058511871844530106,0.6628451943397522,0.2898467183113098,-0.07026315480470657,0.7684516906738281,0.49582040309906006,-0.028601689264178276,0.7802693843841553,0.384570449590683,-0.05296877771615982,0.786954402923584,0.30854299664497375,-0.07224481552839279,0.7964330315589905,0.24546796083450317,-0.08389633148908615,0.813754677772522,0.5199445486068726,-0.039938051253557205,0.832572340965271,0.4651426374912262,-0.07804405689239502,0.8081855773925781,0.5206537842750549,-0.0905633345246315,0.7923300266265869,0.5755390524864197,-0.08862432837486267,0.8502613306045532,0.5597853660583496,-0.053052064031362534,0.8493816256523132,0.5287647247314453,-0.08494850993156433,0.8296331763267517,0.5637117028236389,-0.08906910568475723,0.8171620965003967,0.6040175557136536,-0.08499230444431305,0,0,0,0,0,0,0,0,0,0,0,0,0,0,0,0,0,0,0,0,0,0,0,0,0,0,0,0,0,0,0,0,0,0,0,0,0,0,0,0,0,0,0,0,0,0,0,0,0,0,0,0,0,0,0,0,0,0,0,0,0,0,0,victory
0.46103841066360474,0.4013587236404419,-0.7563173174858093,0.4894280433654785,0.3423362970352173,-0.7012854814529419,0.505458652973175,0.3434532880783081,-0.7010143995285034,0.5202864408493042,0.34497180581092834,-0.7007077932357788,0.4431747794151306,0.34053918719291687,-0.6802582740783691,0.42936262488365173,0.3397388160228729,-0.6791833639144897,0.41639232635498047,0.33908650279045105,-0.6794819235801697,0.546664834022522,0.3724600374698639,-0.3953203856945038,0.41001954674720764,0.36608245968818665,-0.25229594111442566,0.4914264678955078,0.45338356494903564,-0.6206005811691284,0.4344034790992737,0.4560496509075165,-0.5871084928512573,0.680371105670929,0.6429005861282349,-0.24277663230895996,0.3116462230682373,0.6694768071174622,-0.03455343097448349,0.8478387594223022,0.9478895664215088,-0.7551306486129761,0.2133266180753708,0.964550256729126,-0.09945742785930634,0.8222286105155945,0.7592964768409729,-1.2993121147155762,0.16817227005958557,1.3175231218338013,-0.6418720483779907,0.8489662408828735,0.6193144917488098,-1.4203585386276245,0.13832858204841614,1.4085793495178223,-0.7204480767250061,0.8021029233932495,0.5635457634925842,-1.3539623022079468,0.16805846989154816,1.3822864294052124,-0.782660961151123,0.7659960985183716,0.6239059567451477,-1.29819655418396,0.18817773461341858,1.3535350561141968,-0.690159797668457,0.6240124106407166,1.4303079843521118,-0.13209399580955505,0.35427039861679077,1.412828803062439,0.13768897950649261,0.5950307846069336,2.0579986572265625,-0.24731311202049255,0.33607450127601624,2.0396053791046143,0.14796507358551025,0.5882289409637451,2.6138789653778076,0.21044103801250458,0.3380361795425415,2.594221353530884,0.45200538635253906,0.5953851938247681,2.6918420791625977,0.22572465240955353,0.33320555090904236,2.671959161758423,0.4696744978427887,0.542627215385437,2.7811484336853027,-0.31692057847976685,0.3724255859851837,2.770301103591919,-0.09129121899604797,0.8249152302742004,0.741553544998169,8.239890689765161e-07,0.7684493660926819,0.6928142309188843,-0.040667574852705,0.744360625743866,0.6183363795280457,-0.06452357769012451,0.787196159362793,0.5692013502120972,-0.08822281658649445,0.841882050037384,0.5550050139427185,-0.1097177118062973,0.7472431063652039,0.5016148686408997,-0.03955978527665138,0.7185068130493164,0.40479129552841187,-0.0732295885682106,0.7015653252601624,0.3390630781650543,-0.0918559730052948,0.6916438937187195,0.28209784626960754,-0.10192801803350449,0.8006429076194763,0.485872745513916,-0.04108450561761856,0.8162597417831421,0.37486523389816284,-0.07662565261125565,0.8255158066749573,0.29969245195388794,-0.094742052257061,0.8351501226425171,0.23764187097549438,-0.10065367817878723,0.8445976972579956,0.5038977265357971,-0.047894563525915146,0.8627082109451294,0.4703598916530609,-0.09567460417747498,0.8487033247947693,0.5392135381698608,-0.10518154501914978,0.8395253419876099,0.5907750129699707,-0.09534095227718353,0.8802206516265869,0.5400301218032837,-0.057650718837976456,0.8875145316123962,0.5210808515548706,-0.08896894007921219,0.8719616532325745,0.5596297979354858,-0.08866655826568604,0.860416054725647,0.5930588841438293,-0.07893136888742447,0,0,0,0,0,0,0,0,0,0,0,0,0,0,0,0,0,0,0,0,0,0,0,0,0,0,0,0,0,0,0,0,0,0,0,0,0,0,0,0,0,0,0,0,0,0,0,0,0,0,0,0,0,0,0,0,0,0,0,0,0,0,0,victory
0.4603320062160492,0.40178006887435913,-0.6461933851242065,0.48887673020362854,0.342694491147995,-0.6360412836074829,0.5047517418861389,0.34375864267349243,-0.6356980204582214,0.5196631550788879,0.3452507257461548,-0.6353093385696411,0.44277673959732056,0.34106162190437317,-0.5898324251174927,0.42890745401382446,0.34022095799446106,-0.5891745686531067,0.41584497690200806,0.33945077657699585,-0.5895338654518127,0.5469542741775513,0.37278375029563904,-0.40482401847839355,0.4107983112335205,0.3663083016872406,-0.24025771021842957,0.4912915825843811,0.4537958800792694,-0.5735379457473755,0.4341673254966736,0.45632630586624146,-0.510606050491333,0.6820357441902161,0.644838273525238,-0.2804661989212036,0.31481310725212097,0.6696705222129822,-0.027173921465873718,0.8485387563705444,0.9373080730438232,-0.7595130205154419,0.2163415402173996,0.9564655423164368,-0.10521852970123291,0.8234680891036987,0.7450680136680603,-1.226172685623169,0.16766208410263062,1.2775729894638062,-0.6225310564041138,0.8536171913146973,0.5990327000617981,-1.325081467628479,0.13813230395317078,1.364475131034851,-0.68381267786026,0.809180736541748,0.5516327619552612,-1.2512643337249756,0.16832485795021057,1.334123134613037,-0.7183415293693542,0.7723700404167175,0.6208918690681458,-1.2155888080596924,0.18840229511260986,1.3069840669631958,-0.6574267148971558,0.6243161559104919,1.4367835521697998,-0.13237272202968597,0.3558351397514343,1.4176976680755615,0.1378791630268097,0.5960969924926758,2.059950590133667,-0.1750209778547287,0.3367529511451721,2.040874719619751,0.18467549979686737,0.5902284383773804,2.614283323287964,0.29116111993789673,0.3397771716117859,2.5940823554992676,0.5683947801589966,0.5975888967514038,2.6922051906585693,0.30954429507255554,0.3352981209754944,2.6698012351989746,0.5957985520362854,0.5451192259788513,2.7815208435058594,-0.21158841252326965,0.3744189143180847,2.7702882289886475,0.061924807727336884,0.8299843072891235,0.7335468530654907,8.764999961385911e-07,0.773159921169281,0.6892220973968506,-0.04158390313386917,0.7480374574661255,0.6169179081916809,-0.06567507237195969,0.7917895913124084,0.5666399598121643,-0.08853606134653091,0.8436474800109863,0.5510451793670654,-0.10930179804563522,0.7482000589370728,0.5057653784751892,-0.04387776926159859,0.7193841338157654,0.4079585075378418,-0.07863356918096542,0.7035478949546814,0.3395179510116577,-0.09874030947685242,0.6927779316902161,0.28232264518737793,-0.11000385135412216,0.8010086417198181,0.4867725074291229,-0.04410485550761223,0.8142479062080383,0.37744438648223877,-0.08061087876558304,0.8249131441116333,0.30486631393432617,-0.099249467253685,0.8343015313148499,0.24369573593139648,-0.10571599006652832,0.8452535271644592,0.4995323419570923,-0.04943086951971054,0.8689604997634888,0.47543561458587646,-0.09550133347511292,0.8563480377197266,0.5382625460624695,-0.10417936742305756,0.8453836441040039,0.5851812958717346,-0.0948987752199173,0.8811305165290833,0.5321257710456848,-0.05807408317923546,0.8964134454727173,0.5135435461997986,-0.08873963356018066,0.883958637714386,0.5499207377433777,-0.08862899243831635,0.8731445670127869,0.5810354351997375,-0.07958175987005234,0,0,0,0,0,0,0,0,0,0,0,0,0,0,0,0,0,0,0,0,0,0,0,0,0,0,0,0,0,0,0,0,0,0,0,0,0,0,0,0,0,0,0,0,0,0,0,0,0,0,0,0,0,0,0,0,0,0,0,0,0,0,0,victory
0.45997142791748047,0.4013706147670746,-0.5512845516204834,0.48835721611976624,0.34111180901527405,-0.523682713508606,0.5043588876724243,0.3415953814983368,-0.5234851837158203,0.5192322134971619,0.3424690365791321,-0.5231914520263672,0.4424099028110504,0.340890109539032,-0.49243348836898804,0.4286563992500305,0.3403577208518982,-0.4917214512825012,0.41575151681900024,0.33982187509536743,-0.4921109676361084,0.5467160940170288,0.37007129192352295,-0.2808888554573059,0.4107314944267273,0.36652615666389465,-0.13783015310764313,0.4916262626647949,0.45352065563201904,-0.4624691903591156,0.43510308861732483,0.45652517676353455,-0.4187980592250824,0.6859634518623352,0.642254650592804,-0.17360597848892212,0.3167348802089691,0.6711282134056091,0.012231185100972652,0.8556843996047974,0.919792890548706,-0.6548585891723633,0.21648938953876495,0.9593563079833984,-0.10414598882198334,0.8510661125183105,0.7448571920394897,-1.1573983430862427,0.16747614741325378,1.2849955558776855,-0.6349927186965942,0.8762717247009277,0.5990674495697021,-1.2695902585983276,0.13802406191825867,1.3731979131698608,-0.7041476964950562,0.8269518613815308,0.5472135543823242,-1.1950995922088623,0.16679510474205017,1.34299635887146,-0.7589648365974426,0.7896538972854614,0.618000864982605,-1.149515151977539,0.1867566555738449,1.3152146339416504,-0.6805621981620789,0.6342946290969849,1.4322781562805176,-0.13174448907375336,0.3644368052482605,1.4173506498336792,0.1372019648551941,0.6108887791633606,2.0585741996765137,-0.21195289492607117,0.3526735305786133,2.04118275642395,0.13926127552986145,0.608302891254425,2.6157469749450684,0.18006786704063416,0.354024201631546,2.601606607437134,0.3589821755886078,0.6156732439994812,2.695570707321167,0.18976283073425293,0.3511872887611389,2.6793692111968994,0.3685047924518585,0.5625224113464355,2.7829267978668213,-0.3412136435508728,0.3854716420173645,2.7785756587982178,-0.17194916307926178,0.8452721834182739,0.7538001537322998,8.03378952696221e-07,0.7871965765953064,0.7102954983711243,-0.029853580519557,0.7573007345199585,0.6263920068740845,-0.04781374707818031,0.8005079627037048,0.5778259634971619,-0.06687410920858383,0.8527835607528687,0.5561507344245911,-0.08599401265382767,0.778228223323822,0.49305370450019836,-0.03494240343570709,0.7541704773902893,0.39751142263412476,-0.06328390538692474,0.7398605346679688,0.3317810595035553,-0.08283817768096924,0.7303025722503662,0.27328675985336304,-0.0966864600777626,0.8357742428779602,0.4859201908111572,-0.0427963063120842,0.8542318940162659,0.3768852949142456,-0.0727740153670311,0.8653882145881653,0.3011985719203949,-0.09399344027042389,0.8772497177124023,0.2350597381591797,-0.10595564544200897,0.8846380710601807,0.511938214302063,-0.053769271820783615,0.90505450963974,0.46390753984451294,-0.09491652250289917,0.8830971717834473,0.5321575403213501,-0.10339439660310745,0.8680222630500793,0.58796226978302,-0.09797408431768417,0.923815131187439,0.5564239621162415,-0.06696789711713791,0.9244161248207092,0.5281777381896973,-0.10017751157283783,0.9028257131576538,0.5738046169281006,-0.10000287741422653,0.8886801600456238,0.6164547801017761,-0.09209226816892624,0,0,0,0,0,0,0,0,0,0,0,0,0,0,0,0,0,0,0,0,0,0,0,0,0,0,0,0,0,0,0,0,0,0,0,0,0,0,0,0,0,0,0,0,0,0,0,0,0,0,0,0,0,0,0,0,0,0,0,0,0,0,0,victory
0.4598090648651123,0.40133586525917053,-0.5450605154037476,0.48791176080703735,0.3404197096824646,-0.5156829357147217,0.5039788484573364,0.3406299352645874,-0.515502393245697,0.5188577175140381,0.34123390913009644,-0.5152120590209961,0.44221287965774536,0.3409282863140106,-0.48663538694381714,0.4285467267036438,0.3405483663082123,-0.48587703704833984,0.41573986411094666,0.3400828540325165,-0.48627209663391113,0.5464836955070496,0.3687652349472046,-0.2714724838733673,0.4106737971305847,0.36668673157691956,-0.13031023740768433,0.49201568961143494,0.45351874828338623,-0.45311394333839417,0.4357903003692627,0.4566499888896942,-0.41243377327919006,0.6888048052787781,0.641223132610321,-0.15778407454490662,0.3173162341117859,0.672591507434845,0.016421187669038773,0.8592420816421509,0.9143129587173462,-0.6388531923294067,0.2165232002735138,0.9626877903938293,-0.10232803970575333,0.8610204458236694,0.7491695284843445,-1.1600852012634277,0.16762223839759827,1.2863320112228394,-0.6278761625289917,0.8829361200332642,0.6002129912376404,-1.2767993211746216,0.13814343512058258,1.3783891201019287,-0.6965600848197937,0.8347365260124207,0.5472716093063354,-1.198573350906372,0.1669195294380188,1.34858238697052,-0.7535285353660583,0.797190248966217,0.6178609132766724,-1.1514523029327393,0.1867217719554901,1.319975733757019,-0.6739393472671509,0.63862144947052,1.430016040802002,-0.13146744668483734,0.36759376525878906,1.4172370433807373,0.1369204819202423,0.6154447793960571,2.05820894241333,-0.23718178272247314,0.3568619191646576,2.041823148727417,0.1173187643289566,0.6133817434310913,2.6183924674987793,0.14644134044647217,0.3573697805404663,2.6074397563934326,0.3103717863559723,0.6207348108291626,2.700167179107666,0.15549787878990173,0.3548840880393982,2.6870927810668945,0.31762123107910156,0.5668601989746094,2.7850561141967773,-0.38183993101119995,0.3876180052757263,2.7835516929626465,-0.22711043059825897,0.8457562923431396,0.7653939723968506,7.867616886869655e-07,0.7887459993362427,0.7163467407226562,-0.03207835182547569,0.761155903339386,0.6317915320396423,-0.05073187127709389,0.8017515540122986,0.5789345502853394,-0.07028304040431976,0.8508005142211914,0.553486704826355,-0.08868932723999023,0.7775102257728577,0.4941556453704834,-0.03080364316701889,0.7522698044776917,0.3957192599773407,-0.05950728431344032,0.7387403845787048,0.3281916379928589,-0.07925602048635483,0.7319261431694031,0.26917731761932373,-0.09291733056306839,0.8368425965309143,0.4892027676105499,-0.03765667602419853,0.8564789295196533,0.37802255153656006,-0.06886085122823715,0.8697580695152283,0.30053144693374634,-0.0902533009648323,0.8844611048698425,0.2306123971939087,-0.10183969885110855,0.8852905035018921,0.5180362462997437,-0.04852274805307388,0.9073532819747925,0.4633626937866211,-0.09251893311738968,0.8854985237121582,0.5305389165878296,-0.100122831761837,0.8707132339477539,0.5862364768981934,-0.0925992801785469,0.9245694875717163,0.5657447576522827,-0.06179850175976753,0.9305520057678223,0.5309643745422363,-0.09611579030752182,0.9108456969261169,0.5689809322357178,-0.09555966407060623,0.8976004123687744,0.6071212291717529,-0.08652155846357346,0,0,0,0,0,0,0,0,0,0,0,0,0,0,0,0,0,0,0,0,0,0,0,0,0,0,0,0,0,0,0,0,0,0,0,0,0,0,0,0,0,0,0,0,0,0,0,0,0,0,0,0,0,0,0,0,0,0,0,0,0,0,0,victory
0.4597790837287903,0.4009477496147156,-0.5121866464614868,0.4876202642917633,0.3397276997566223,-0.4838937819004059,0.5037420988082886,0.33958548307418823,-0.4836646616458893,0.5186017751693726,0.3398337960243225,-0.483345091342926,0.4420503079891205,0.3410283029079437,-0.45536088943481445,0.42846769094467163,0.34066909551620483,-0.4545811116695404,0.41576337814331055,0.3402783274650574,-0.4549127519130707,0.5463018417358398,0.3671327233314514,-0.2517043948173523,0.41077685356140137,0.36700451374053955,-0.1116243451833725,0.49255886673927307,0.4526515603065491,-0.4248311519622803,0.43673819303512573,0.45673030614852905,-0.3850553333759308,0.6887614130973816,0.6393817663192749,-0.15429602563381195,0.3184366822242737,0.6741549372673035,0.024729758501052856,0.8592785000801086,0.8902102708816528,-0.6502907276153564,0.21597476303577423,0.9649673104286194,-0.10690665245056152,0.8614362478256226,0.7491845488548279,-1.2065943479537964,0.16773423552513123,1.3060195446014404,-0.6458934545516968,0.8822137713432312,0.6000772714614868,-1.3305824995040894,0.1382482796907425,1.3976746797561646,-0.7169967889785767,0.8325290679931641,0.5456652045249939,-1.2563551664352417,0.1670505553483963,1.3704898357391357,-0.7782278656959534,0.7958265542984009,0.6169528365135193,-1.2020500898361206,0.18686434626579285,1.341042399406433,-0.6953060626983643,0.6390572190284729,1.4256099462509155,-0.1313897669315338,0.3677254617214203,1.4148850440979004,0.1368730515241623,0.6154651641845703,2.0563619136810303,-0.23966741561889648,0.3570973575115204,2.042431116104126,0.11909991502761841,0.613433301448822,2.618610143661499,0.15649908781051636,0.3579169511795044,2.6075358390808105,0.32540392875671387,0.6208600401878357,2.7002625465393066,0.16709615290164948,0.35544353723526,2.687126874923706,0.33348631858825684,0.566855788230896,2.784170389175415,-0.3713206946849823,0.38808998465538025,2.7837235927581787,-0.21524062752723694,0.8460695147514343,0.7742393612861633,7.742524985587806e-07,0.7870205640792847,0.7251259088516235,-0.03406772017478943,0.7573391199111938,0.6397683024406433,-0.053907498717308044,0.7959057092666626,0.5836658477783203,-0.07475246489048004,0.8469428420066833,0.55656898021698,-0.09400355070829391,0.774878740310669,0.49465227127075195,-0.02815823256969452,0.749904990196228,0.39700013399124146,-0.05583393573760986,0.7367269992828369,0.3299005925655365,-0.07464305311441422,0.7306287884712219,0.2705906331539154,-0.08767733722925186,0.8339914679527283,0.48930442333221436,-0.03403439372777939,0.85296231508255,0.38073113560676575,-0.06500929594039917,0.8659967184066772,0.3062097430229187,-0.08577094972133636,0.8797094821929932,0.23776689171791077,-0.09697126597166061,0.8820151090621948,0.5168399810791016,-0.04460280016064644,0.901940643787384,0.46336859464645386,-0.0903206542134285,0.8792462348937988,0.5360296964645386,-0.09841630607843399,0.8637235164642334,0.5942795276641846,-0.09061262011528015,0.9209850430488586,0.5625905394554138,-0.057685211300849915,0.9246758222579956,0.5245164036750793,-0.09277431666851044,0.9040217995643616,0.5670592188835144,-0.09276974201202393,0.8894590735435486,0.6089533567428589,-0.08404900878667831,0,0,0,0,0,0,0,0,0,0,0,0,0,0,0,0,0,0,0,0,0,0,0,0,0,0,0,0,0,0,0,0,0,0,0,0,0,0,0,0,0,0,0,0,0,0,0,0,0,0,0,0,0,0,0,0,0,0,0,0,0,0,0,victory
0.4601317048072815,0.40063661336898804,-0.5036975145339966,0.487339586019516,0.33913058042526245,-0.476157009601593,0.5034220218658447,0.33881616592407227,-0.475918710231781,0.5183365345001221,0.33890649676322937,-0.4755878448486328,0.4422103464603424,0.3410171866416931,-0.4482724070549011,0.4287288784980774,0.3408058285713196,-0.44748950004577637,0.41606348752975464,0.34046322107315063,-0.44782155752182007,0.5460892915725708,0.36606115102767944,-0.24681921303272247,0.41089874505996704,0.3670717775821686,-0.10917910188436508,0.4933156967163086,0.45219096541404724,-0.4169524312019348,0.4378166198730469,0.4568014442920685,-0.378074049949646,0.6889370679855347,0.6384115219116211,-0.15202488005161285,0.318533718585968,0.6751935482025146,0.028076330199837685,0.8593335151672363,0.8831040263175964,-0.6573144197463989,0.2154553234577179,0.9672012329101562,-0.10687775909900665,0.8618723154067993,0.7494143843650818,-1.2210805416107178,0.1677974909543991,1.3254073858261108,-0.6443601846694946,0.8862528800964355,0.6002840399742126,-1.3465381860733032,0.13862845301628113,1.4187018871307373,-0.7147001624107361,0.8328644037246704,0.5455875396728516,-1.2709553241729736,0.16745927929878235,1.3917421102523804,-0.7770588994026184,0.7958266139030457,0.6168517470359802,-1.2161489725112915,0.1870824247598648,1.361441969871521,-0.6939801573753357,0.639783501625061,1.423496961593628,-0.1314251720905304,0.36789897084236145,1.414116382598877,0.1369267702102661,0.6162012815475464,2.0556013584136963,-0.2420411854982376,0.358161985874176,2.042740821838379,0.12859654426574707,0.61451655626297,2.6188104152679443,0.1616257280111313,0.3599551320075989,2.6077840328216553,0.3583996891975403,0.6219072341918945,2.70035982131958,0.1728552281856537,0.35742348432540894,2.6872334480285645,0.36895686388015747,0.5682616233825684,2.7840683460235596,-0.36657077074050903,0.39077243208885193,2.7841713428497314,-0.18118885159492493,0.8472765684127808,0.7745819091796875,7.979066936059098e-07,0.7876100540161133,0.7242085933685303,-0.032061461359262466,0.7573884725570679,0.6375076174736023,-0.04974907264113426,0.7952542304992676,0.5852169394493103,-0.06882859766483307,0.8446330428123474,0.5605801343917847,-0.08674346655607224,0.7745469808578491,0.49585065245628357,-0.025986477732658386,0.7497423887252808,0.39723634719848633,-0.05267385393381119,0.7369060516357422,0.33052507042884827,-0.07047909498214722,0.7311566472053528,0.27188634872436523,-0.08248738199472427,0.8337675333023071,0.4888487160205841,-0.03216653689742088,0.8546984195709229,0.37988901138305664,-0.0625699982047081,0.86818528175354,0.30351847410202026,-0.0835878923535347,0.8817824125289917,0.23377016186714172,-0.0945327952504158,0.8814045786857605,0.5146532654762268,-0.0428619384765625,0.9019525051116943,0.4656405448913574,-0.08778421580791473,0.8818257451057434,0.5361306071281433,-0.09769593179225922,0.8676722645759583,0.5919303297996521,-0.0908837765455246,0.9198771715164185,0.5582752823829651,-0.05582251399755478,0.925440788269043,0.5239819884300232,-0.08997306227684021,0.907000720500946,0.5655683279037476,-0.09068068861961365,0.89363694190979,0.605595588684082,-0.08239154517650604,0,0,0,0,0,0,0,0,0,0,0,0,0,0,0,0,0,0,0,0,0,0,0,0,0,0,0,0,0,0,0,0,0,0,0,0,0,0,0,0,0,0,0,0,0,0,0,0,0,0,0,0,0,0,0,0,0,0,0,0,0,0,0,victory
0.46047431230545044,0.40039268136024475,-0.5045839548110962,0.4871636927127838,0.3386765122413635,-0.47649645805358887,0.5031853914260864,0.33828720450401306,-0.47625017166137695,0.5181477069854736,0.33832207322120667,-0.4759165346622467,0.44240236282348633,0.3409371078014374,-0.4489052891731262,0.42898234724998474,0.34088462591171265,-0.44811123609542847,0.4163203835487366,0.3406642973423004,-0.4484408497810364,0.5459078550338745,0.36539316177368164,-0.24440471827983856,0.41088566184043884,0.36719810962677,-0.10807330906391144,0.49379435181617737,0.45185387134552,-0.41674742102622986,0.43846121430397034,0.456836074590683,-0.3782409429550171,0.6889298558235168,0.6379983425140381,-0.15085361897945404,0.3184761106967926,0.6755751967430115,0.0309883002191782,0.8599683046340942,0.888153612613678,-0.6609328985214233,0.21494916081428528,0.9687322974205017,-0.10720119625329971,0.8618922233581543,0.7521979212760925,-1.2248973846435547,0.16798408329486847,1.3335754871368408,-0.646156907081604,0.8872727155685425,0.6004121899604797,-1.3502092361450195,0.1397775262594223,1.4277020692825317,-0.7162947654724121,0.8330827951431274,0.5456253290176392,-1.2731873989105225,0.1688235104084015,1.3999944925308228,-0.7786184549331665,0.7956404685974121,0.6169866919517517,-1.2190990447998047,0.18796591460704803,1.3694919347763062,-0.6955919861793518,0.6399738192558289,1.4220798015594482,-0.1317834109067917,0.36781665682792664,1.4135737419128418,0.13734081387519836,0.6167361736297607,2.0549604892730713,-0.24631920456886292,0.35859090089797974,2.0430798530578613,0.13325630128383636,0.6154043674468994,2.6189124584198,0.16013969480991364,0.3614409565925598,2.607776403427124,0.3804195523262024,0.6227120757102966,2.7004446983337402,0.17143584787845612,0.3588583767414093,2.687106132507324,0.39259546995162964,0.5696317553520203,2.7837421894073486,-0.3697403073310852,0.3929261863231659,2.7841906547546387,-0.15892474353313446,0.8473473787307739,0.7740113735198975,8.081748887889262e-07,0.7873407602310181,0.725009024143219,-0.03283003717660904,0.7563318610191345,0.6383155584335327,-0.05123879387974739,0.7935706377029419,0.5857561230659485,-0.07089583575725555,0.8435220718383789,0.5609441995620728,-0.08942679315805435,0.7740885019302368,0.4957060217857361,-0.028070691972970963,0.7491133809089661,0.39733752608299255,-0.05541568621993065,0.7360900640487671,0.33030790090560913,-0.0736796110868454,0.7302123308181763,0.2712610065937042,-0.08609432727098465,0.8333837985992432,0.4888862371444702,-0.03427780792117119,0.8547607064247131,0.37976834177970886,-0.06529891490936279,0.8686795830726624,0.30347347259521484,-0.08661936968564987,0.882405698299408,0.23340877890586853,-0.09787707030773163,0.881047248840332,0.5147080421447754,-0.04496292024850845,0.9020279049873352,0.465160608291626,-0.09025449305772781,0.8815060257911682,0.5357276201248169,-0.1001899391412735,0.8668885231018066,0.591515302658081,-0.09357260912656784,0.9194508790969849,0.5582258105278015,-0.05800002068281174,0.9247307181358337,0.5248960256576538,-0.09265990555286407,0.9058693647384644,0.5672106146812439,-0.0936058759689331,0.8919922709465027,0.6077000498771667,-0.08556564152240753,0,0,0,0,0,0,0,0,0,0,0,0,0,0,0,0,0,0,0,0,0,0,0,0,0,0,0,0,0,0,0,0,0,0,0,0,0,0,0,0,0,0,0,0,0,0,0,0,0,0,0,0,0,0,0,0,0,0,0,0,0,0,0,victory
0.4604772925376892,0.4002903699874878,-0.5210443139076233,0.4870050549507141,0.33856070041656494,-0.49372029304504395,0.5030356645584106,0.33821946382522583,-0.4934574067592621,0.5180073380470276,0.3382868468761444,-0.49311918020248413,0.44240817427635193,0.34077394008636475,-0.4628572463989258,0.42901402711868286,0.34078797698020935,-0.46205106377601624,0.41637998819351196,0.34073686599731445,-0.4623497426509857,0.5456961393356323,0.36536356806755066,-0.25483253598213196,0.4108169972896576,0.367266446352005,-0.12887217104434967,0.4937947690486908,0.4517645835876465,-0.4323754906654358,0.4384269714355469,0.45688265562057495,-0.3877849876880646,0.6888332366943359,0.6377485990524292,-0.14763303101062775,0.31737375259399414,0.6756433248519897,-0.0061686658300459385,0.8608946800231934,0.8913959264755249,-0.6351299285888672,0.2149212807416916,0.969272255897522,-0.11676231771707535,0.8607714772224426,0.7541442513465881,-1.1843414306640625,0.16429367661476135,1.347128987312317,-0.619617760181427,0.8844207525253296,0.6004576086997986,-1.308081865310669,0.13383755087852478,1.4414021968841553,-0.6871386170387268,0.8338539004325867,0.5457614064216614,-1.2354449033737183,0.16288802027702332,1.4181654453277588,-0.7594467997550964,0.7956126928329468,0.6169280409812927,-1.180976152420044,0.18345634639263153,1.3870958089828491,-0.6719231605529785,0.6415191888809204,1.420822262763977,-0.12524990737438202,0.36864835023880005,1.4135252237319946,0.1309262067079544,0.619080662727356,2.053837299346924,-0.24594469368457794,0.3603179454803467,2.0432486534118652,0.10374198853969574,0.6176741719245911,2.619030475616455,0.16535240411758423,0.3627830147743225,2.6088714599609375,0.3060639500617981,0.6247653365135193,2.700679063796997,0.1767043024301529,0.3602878749370575,2.6885147094726562,0.3135598301887512,0.5725000500679016,2.783801794052124,-0.3645816445350647,0.39447903633117676,2.7847509384155273,-0.23093736171722412,0.8472374677658081,0.7765231728553772,8.172813181772653e-07,0.7872459292411804,0.7281440496444702,-0.03472456336021423,0.756537675857544,0.6413152813911438,-0.05437743663787842,0.7935688495635986,0.5869825482368469,-0.07511935383081436,0.8441843390464783,0.5616615414619446,-0.09434432536363602,0.7707725763320923,0.5005655884742737,-0.028528528288006783,0.7451285719871521,0.4021643400192261,-0.057150088250637054,0.7321780920028687,0.33491018414497375,-0.07577963173389435,0.7260288000106812,0.2755817472934723,-0.0881759449839592,0.8292572498321533,0.49334609508514404,-0.03426145389676094,0.8486976027488708,0.38402488827705383,-0.0672096535563469,0.8631172180175781,0.30871474742889404,-0.08825577050447464,0.8768569827079773,0.2389337122440338,-0.09871100634336472,0.8769887685775757,0.5181981921195984,-0.0448218435049057,0.8962960839271545,0.4710574150085449,-0.09251746535301208,0.8761619925498962,0.5489606261253357,-0.10031647980213165,0.8613560199737549,0.6075823307037354,-0.09131453931331635,0.91620272397995,0.5608831644058228,-0.05797487869858742,0.9214196801185608,0.5298929810523987,-0.09376539289951324,0.9034299850463867,0.5783442854881287,-0.09293841570615768,0.8897424340248108,0.6208030581474304,-0.083195261657238,0,0,0,0,0,0,0,0,0,0,0,0,0,0,0,0,0,0,0,0,0,0,0,0,0,0,0,0,0,0,0,0,0,0,0,0,0,0,0,0,0,0,0,0,0,0,0,0,0,0,0,0,0,0,0,0,0,0,0,0,0,0,0,victory
0.4604176878929138,0.40031227469444275,-0.5376262068748474,0.4868713915348053,0.3385862708091736,-0.4953921437263489,0.5028892159461975,0.3382921814918518,-0.4952031970024109,0.517880916595459,0.33843109011650085,-0.4948318600654602,0.44240522384643555,0.34080150723457336,-0.47743263840675354,0.4290492534637451,0.3408438563346863,-0.47663888335227966,0.4164446294307709,0.3408588469028473,-0.4769341051578522,0.545630931854248,0.36559486389160156,-0.2565273344516754,0.41104426980018616,0.3673263192176819,-0.13607308268547058,0.49373188614845276,0.4517803192138672,-0.4349023401737213,0.43836092948913574,0.45692217350006104,-0.4067752957344055,0.6871006488800049,0.6377308964729309,-0.14072446525096893,0.31733396649360657,0.675796627998352,-0.010474702343344688,0.8614675402641296,0.8934596180915833,-0.6299968957901001,0.21559233963489532,0.9737826585769653,-0.14827945828437805,0.8612308502197266,0.7531626224517822,-1.1836161613464355,0.17432516813278198,1.3457527160644531,-0.6811274290084839,0.8841711282730103,0.6022471189498901,-1.3096544742584229,0.14693906903266907,1.4373904466629028,-0.7586933374404907,0.8340951204299927,0.5447571873664856,-1.2334611415863037,0.17621713876724243,1.4119453430175781,-0.8258735537528992,0.7971004843711853,0.6145639419555664,-1.1782909631729126,0.1952010691165924,1.3815748691558838,-0.732062578201294,0.6415284276008606,1.420657992362976,-0.12423551082611084,0.3689725995063782,1.4136844873428345,0.1299496442079544,0.6202424764633179,2.053858757019043,-0.25331589579582214,0.36250072717666626,2.045154094696045,0.10998306423425674,0.620590329170227,2.6200268268585205,0.14200200140476227,0.36919543147087097,2.6110432147979736,0.34323325753211975,0.6274765729904175,2.7021865844726562,0.15150447189807892,0.367398202419281,2.6905012130737305,0.353742390871048,0.5777738690376282,2.784543514251709,-0.39112043380737305,0.40241581201553345,2.7866830825805664,-0.1955472230911255,0.8463484048843384,0.7857691049575806,7.743416858829733e-07,0.7879517674446106,0.7296298742294312,-0.02888418920338154,0.7594443559646606,0.6425447463989258,-0.04576649144291878,0.7982255220413208,0.5929044485092163,-0.06446284055709839,0.8446611762046814,0.5717306137084961,-0.08220057189464569,0.7748875021934509,0.5117676258087158,-0.027181359007954597,0.7486637234687805,0.41216087341308594,-0.054877541959285736,0.7344866991043091,0.3439066410064697,-0.07390639930963516,0.7269586324691772,0.28469446301460266,-0.08714189380407333,0.8334491848945618,0.5065503716468811,-0.0351368747651577,0.850641667842865,0.39703530073165894,-0.06562313437461853,0.8627997636795044,0.32000648975372314,-0.08707859367132187,0.8772786259651184,0.2507224977016449,-0.09911084175109863,0.8817660212516785,0.5334333181381226,-0.0469474233686924,0.8990471363067627,0.4853127598762512,-0.08872267603874207,0.8775198459625244,0.5509019494056702,-0.0960787907242775,0.8638731241226196,0.6049322485923767,-0.08929596841335297,0.9211517572402954,0.5784713625907898,-0.061262376606464386,0.9270117282867432,0.5481073260307312,-0.092978335916996,0.9087129235267639,0.5869942903518677,-0.09199072420597076,0.8968141078948975,0.6250669956207275,-0.08357615768909454,0,0,0,0,0,0,0,0,0,0,0,0,0,0,0,0,0,0,0,0,0,0,0,0,0,0,0,0,0,0,0,0,0,0,0,0,0,0,0,0,0,0,0,0,0,0,0,0,0,0,0,0,0,0,0,0,0,0,0,0,0,0,0,victory
0.4603644907474518,0.4003453850746155,-0.5485270619392395,0.4867629110813141,0.3386119306087494,-0.4985339045524597,0.5027630925178528,0.3383534252643585,-0.4983934760093689,0.5177739262580872,0.33854466676712036,-0.4980071187019348,0.4424063563346863,0.340825617313385,-0.4876479506492615,0.42907899618148804,0.3408909738063812,-0.4868531823158264,0.4164957106113434,0.3409569561481476,-0.487149178981781,0.545543372631073,0.36576709151268005,-0.2574261426925659,0.41119807958602905,0.36738601326942444,-0.14083708822727203,0.49367886781692505,0.45179787278175354,-0.43792596459388733,0.43829935789108276,0.45695504546165466,-0.4182279706001282,0.6859956979751587,0.6377154588699341,-0.13825085759162903,0.31727394461631775,0.6758658289909363,-0.012411823496222496,0.8617302775382996,0.8948414921760559,-0.628740668296814,0.21613585948944092,0.9766378998756409,-0.15535810589790344,0.8619647026062012,0.7536587119102478,-1.1842509508132935,0.17916378378868103,1.3454033136367798,-0.6898510456085205,0.8837199211120605,0.6043555736541748,-1.3110449314117432,0.15283887088298798,1.4362021684646606,-0.7679277062416077,0.8343642354011536,0.5444844961166382,-1.2331807613372803,0.1821841150522232,1.4099863767623901,-0.8338667750358582,0.7979528903961182,0.6135616898536682,-1.1780235767364502,0.20070715248584747,1.3799010515213013,-0.7402876615524292,0.6415199041366577,1.4204515218734741,-0.12342344224452972,0.369080126285553,1.4137054681777954,0.12916162610054016,0.6208797693252563,2.0538506507873535,-0.25474339723587036,0.363471657037735,2.046191453933716,0.11574431508779526,0.6221083402633667,2.620532274246216,0.1390237957239151,0.3720424175262451,2.612065076828003,0.3560808300971985,0.6289336681365967,2.70296049118042,0.14854970574378967,0.37050145864486694,2.6913840770721436,0.3670709431171417,0.5802097916603088,2.7849717140197754,-0.393929123878479,0.40591564774513245,2.787689208984375,-0.18255433440208435,0.8534075617790222,0.7829099893569946,8.187483899746439e-07,0.7905360460281372,0.7334176301956177,-0.03248118609189987,0.7587677836418152,0.6486989855766296,-0.050282225012779236,0.7959386110305786,0.5972405672073364,-0.0692809522151947,0.8463792204856873,0.5761500000953674,-0.0870242714881897,0.7738487720489502,0.5089128017425537,-0.025442682206630707,0.748803436756134,0.40808406472206116,-0.05098498612642288,0.7353264093399048,0.3416270613670349,-0.0672309622168541,0.7284711599349976,0.2834946811199188,-0.07774246484041214,0.8329647779464722,0.5009034276008606,-0.03055650182068348,0.8517886996269226,0.392021119594574,-0.06015652045607567,0.8644008636474609,0.31584715843200684,-0.08013534545898438,0.8768090605735779,0.24648061394691467,-0.08987808227539062,0.880652129650116,0.5251811742782593,-0.04028615355491638,0.8941738605499268,0.47935935854911804,-0.08622563630342484,0.877518892288208,0.5518389344215393,-0.09724830836057663,0.8672285079956055,0.609404981136322,-0.09004933387041092,0.9197124242782593,0.5656987428665161,-0.05201491713523865,0.9201587438583374,0.5316977500915527,-0.08698355406522751,0.9053511619567871,0.5738730430603027,-0.0883999913930893,0.8966315388679504,0.6151505708694458,-0.07997681200504303,0,0,0,0,0,0,0,0,0,0,0,0,0,0,0,0,0,0,0,0,0,0,0,0,0,0,0,0,0,0,0,0,0,0,0,0,0,0,0,0,0,0,0,0,0,0,0,0,0,0,0,0,0,0,0,0,0,0,0,0,0,0,0,victory
0.4603148400783539,0.39954444766044617,-0.5593283772468567,0.4867178797721863,0.33836624026298523,-0.5151886343955994,0.5026839971542358,0.33822140097618103,-0.5150590538978577,0.5177372694015503,0.3385140001773834,-0.5145931839942932,0.4425019323825836,0.3401883840560913,-0.5000444054603577,0.4292356073856354,0.34017249941825867,-0.49925097823143005,0.4167080819606781,0.3402843773365021,-0.4995653033256531,0.5453264117240906,0.36606067419052124,-0.27132585644721985,0.41160598397254944,0.36726078391075134,-0.15639056265354156,0.49358421564102173,0.45134666562080383,-0.455362468957901,0.43816766142845154,0.45589742064476013,-0.4311998784542084,0.6863228678703308,0.6385656595230103,-0.14459460973739624,0.31586596369743347,0.6770917177200317,-0.02320128306746483,0.8655712008476257,0.8990943431854248,-0.6326778531074524,0.216154545545578,0.9783719182014465,-0.14768950641155243,0.8610782623291016,0.752612829208374,-1.185272455215454,0.1786709427833557,1.3579773902893066,-0.6714650392532349,0.8819589614868164,0.6031734347343445,-1.3128238916397095,0.15162290632724762,1.4545611143112183,-0.7496061325073242,0.8339711427688599,0.5453311800956726,-1.23384690284729,0.18181470036506653,1.4319591522216797,-0.8288518786430359,0.7986242771148682,0.6128438711166382,-1.1787269115447998,0.200348898768425,1.4000316858291626,-0.7250759601593018,0.6421213150024414,1.4244650602340698,-0.12340831756591797,0.36958664655685425,1.418968677520752,0.12915055453777313,0.6233400702476501,2.057448387145996,-0.25273361802101135,0.3670920729637146,2.0539278984069824,0.12105758488178253,0.6250683665275574,2.6249420642852783,0.15439634025096893,0.3753472864627838,2.6176865100860596,0.3622984290122986,0.6318215131759644,2.7078421115875244,0.16544422507286072,0.3735966384410858,2.697597026824951,0.3736843764781952,0.5828655958175659,2.7900404930114746,-0.3698210120201111,0.4084256589412689,2.791931629180908,-0.17478348314762115,0.8481276631355286,0.7941754460334778,7.48500212921499e-07,0.7905676364898682,0.7411518096923828,-0.030178947374224663,0.7620943188667297,0.6541959047317505,-0.04797109216451645,0.8019402623176575,0.6051294803619385,-0.0672391876578331,0.8499926328659058,0.5825885534286499,-0.08588268607854843,0.7805623412132263,0.518548846244812,-0.02988334931433201,0.7551862001419067,0.4225020110607147,-0.059123676270246506,0.7400655746459961,0.3562057614326477,-0.08000010997056961,0.7324551343917847,0.2974105477333069,-0.09494724124670029,0.8388069868087769,0.5125377774238586,-0.03763330727815628,0.8545907735824585,0.40469300746917725,-0.06879790872335434,0.8651108145713806,0.3293917179107666,-0.09123456478118896,0.8791965246200562,0.26109856367111206,-0.10444394499063492,0.8879268169403076,0.5393363833427429,-0.0492316372692585,0.9079790115356445,0.4891839921474457,-0.09076705574989319,0.8829296231269836,0.5545886754989624,-0.09901992231607437,0.8668332695960999,0.6084296703338623,-0.09377797693014145,0.9282669425010681,0.5849236845970154,-0.0634750947356224,0.9305586218833923,0.5612210035324097,-0.09562629461288452,0.9077590703964233,0.6016429662704468,-0.09615447372198105,0.893589198589325,0.6383833885192871,-0.08929160237312317,0,0,0,0,0,0,0,0,0,0,0,0,0,0,0,0,0,0,0,0,0,0,0,0,0,0,0,0,0,0,0,0,0,0,0,0,0,0,0,0,0,0,0,0,0,0,0,0,0,0,0,0,0,0,0,0,0,0,0,0,0,0,0,victory
0.4602488577365875,0.3989432156085968,-0.5594732165336609,0.48666730523109436,0.3381964862346649,-0.5176283121109009,0.5026096701622009,0.3381277620792389,-0.5174691081047058,0.5176926851272583,0.33849313855171204,-0.5170313119888306,0.44255930185317993,0.3398206830024719,-0.5005449652671814,0.4293404519557953,0.3397863209247589,-0.4997490346431732,0.4168618321418762,0.3399502635002136,-0.5000652074813843,0.5451576709747314,0.36630868911743164,-0.27205413579940796,0.4120234549045563,0.36720484495162964,-0.1564333438873291,0.4935368597507477,0.45097798109054565,-0.45696917176246643,0.4380926489830017,0.45512717962265015,-0.43132537603378296,0.6865494251251221,0.6387904286384583,-0.1471341997385025,0.31560513377189636,0.6778801083564758,-0.020443083718419075,0.8679726719856262,0.9002267718315125,-0.6339024305343628,0.21617189049720764,0.9790303111076355,-0.14383123815059662,0.8604882955551147,0.7519705891609192,-1.1860398054122925,0.17840370535850525,1.3587161302566528,-0.6615650057792664,0.8811944723129272,0.6024636030197144,-1.3140943050384521,0.151116281747818,1.455825686454773,-0.7399874329566956,0.8337883949279785,0.546035885810852,-1.2348363399505615,0.18146869540214539,1.433106541633606,-0.8236442804336548,0.798868715763092,0.6122926473617554,-1.1791207790374756,0.2000807821750641,1.401176929473877,-0.7157953381538391,0.6426100134849548,1.4252809286117554,-0.12348952144384384,0.3701670467853546,1.4202460050582886,0.12923547625541687,0.6246576905250549,2.058173894882202,-0.2518051266670227,0.36891457438468933,2.0562825202941895,0.12424260377883911,0.6265685558319092,2.6261990070343018,0.1552707850933075,0.37702637910842896,2.6194732189178467,0.3639134168624878,0.6332725882530212,2.7092480659484863,0.16641929745674133,0.3752065896987915,2.699376344680786,0.3752102255821228,0.5841835141181946,2.7914247512817383,-0.36677008867263794,0.40978097915649414,2.7934210300445557,-0.17072203755378723,0.8533626198768616,0.7951019406318665,7.671608841519628e-07,0.7931331396102905,0.7471251487731934,-0.03493959456682205,0.7633707523345947,0.6626579761505127,-0.05451247841119766,0.8001191020011902,0.6097814440727234,-0.0751577839255333,0.8485268354415894,0.5843647122383118,-0.09432125836610794,0.7790021896362305,0.5199378132820129,-0.02829558029770851,0.7542259693145752,0.4205922484397888,-0.0568692684173584,0.7408245801925659,0.3529709279537201,-0.0755428671836853,0.7347800135612488,0.29403814673423767,-0.08768782019615173,0.8374974131584167,0.5124571323394775,-0.03333433344960213,0.8549693822860718,0.40401098132133484,-0.06562988460063934,0.8662275075912476,0.3291127681732178,-0.08689144253730774,0.8786652684211731,0.2610469460487366,-0.09755174815654755,0.8852866888046265,0.5373938083648682,-0.0432622991502285,0.9042152166366577,0.4872903823852539,-0.09102068096399307,0.8837093114852905,0.5607324838638306,-0.10091940313577652,0.8702001571655273,0.6190809607505798,-0.09307976812124252,0.9239541292190552,0.580485999584198,-0.05551917478442192,0.9261019825935364,0.5465442538261414,-0.09130588918924332,0.9061601161956787,0.5885390639305115,-0.09223673492670059,0.8928623795509338,0.628952145576477,-0.08362346142530441,0,0,0,0,0,0,0,0,0,0,0,0,0,0,0,0,0,0,0,0,0,0,0,0,0,0,0,0,0,0,0,0,0,0,0,0,0,0,0,0,0,0,0,0,0,0,0,0,0,0,0,0,0,0,0,0,0,0,0,0,0,0,0,victory
0.4611331522464752,0.39921823143959045,-0.580620288848877,0.48810631036758423,0.33824968338012695,-0.5435248017311096,0.5042611956596375,0.338215708732605,-0.5432518720626831,0.5193355679512024,0.3386806547641754,-0.5428932905197144,0.4435362219810486,0.33982640504837036,-0.5211686491966248,0.4304124712944031,0.3398014307022095,-0.5202550888061523,0.41775521636009216,0.3399892747402191,-0.5205153226852417,0.5469796061515808,0.3665544390678406,-0.28418633341789246,0.41261523962020874,0.36711937189102173,-0.16303429007530212,0.49393874406814575,0.451394259929657,-0.47816434502601624,0.43850165605545044,0.4553409516811371,-0.44688957929611206,0.6870819330215454,0.6396334767341614,-0.14747801423072815,0.3156970143318176,0.6772107481956482,-0.02071787230670452,0.8678343892097473,0.922877848148346,-0.6136090159416199,0.22455795109272003,0.9789528250694275,-0.17430715262889862,0.8590936660766602,0.7603263258934021,-1.1099512577056885,0.18936309218406677,1.3312976360321045,-0.7482538223266602,0.8800568580627441,0.6358928680419922,-1.2346184253692627,0.16305577754974365,1.4233218431472778,-0.836980938911438,0.8338743448257446,0.5731111764907837,-1.156317114830017,0.1954396665096283,1.3957072496414185,-0.899867057800293,0.7982441782951355,0.6267719864845276,-1.1021713018417358,0.21461975574493408,1.3654828071594238,-0.7992123365402222,0.6404811143875122,1.4219831228256226,-0.12014807760715485,0.3668223023414612,1.4137943983078003,0.12610140442848206,0.6201144456863403,2.05409574508667,-0.22296206653118134,0.3595924973487854,2.0453686714172363,0.09895589202642441,0.6197048425674438,2.6199347972869873,0.18989969789981842,0.36566615104675293,2.6054904460906982,0.30891114473342896,0.6270389556884766,2.7018117904663086,0.20204398036003113,0.3632954955101013,2.6860897541046143,0.31759533286094666,0.5730019211769104,2.7868781089782715,-0.3277819752693176,0.39826637506484985,2.7785677909851074,-0.2304903268814087,0.8395259380340576,0.7793329358100891,8.217056119974586e-07,0.7845531105995178,0.7270005345344543,-0.03049643523991108,0.756484866142273,0.6469036936759949,-0.04991179704666138,0.7968851327896118,0.6004213690757751,-0.07054208219051361,0.8504953384399414,0.591667890548706,-0.0905272364616394,0.7723681330680847,0.5232067704200745,-0.030142229050397873,0.7474917769432068,0.4296562969684601,-0.056147120893001556,0.7327895164489746,0.3668810725212097,-0.0732373297214508,0.723957359790802,0.31371885538101196,-0.0849115401506424,0.8259009122848511,0.5145006775856018,-0.03639277443289757,0.846485435962677,0.40572863817214966,-0.06345939636230469,0.860173761844635,0.32946258783340454,-0.08143078535795212,0.8730806708335876,0.26538413763046265,-0.09160107374191284,0.8681827783584595,0.5404219627380371,-0.0467243492603302,0.8895307779312134,0.49510157108306885,-0.08341535925865173,0.8699967861175537,0.554388165473938,-0.09201831370592117,0.8544289469718933,0.6041310429573059,-0.08754414319992065,0.9009476900100708,0.5856227278709412,-0.059641413390636444,0.9109807014465332,0.5564242005348206,-0.08714919537305832,0.8941226005554199,0.5920467376708984,-0.08745818585157394,0.879179060459137,0.6281396150588989,-0.081416554749012,0,0,0,0,0,0,0,0,0,0,0,0,0,0,0,0,0,0,0,0,0,0,0,0,0,0,0,0,0,0,0,0,0,0,0,0,0,0,0,0,0,0,0,0,0,0,0,0,0,0,0,0,0,0,0,0,0,0,0,0,0,0,0,victory
0.4617348611354828,0.39971649646759033,-0.6238747835159302,0.48965153098106384,0.3383951485157013,-0.5893265008926392,0.5060741901397705,0.3383899927139282,-0.5890601873397827,0.521212637424469,0.33892956376075745,-0.5887052416801453,0.4443919062614441,0.33983227610588074,-0.5631515979766846,0.4312700629234314,0.33978575468063354,-0.5622390508651733,0.418527215719223,0.3399397134780884,-0.5625123381614685,0.5490761995315552,0.36672714352607727,-0.31767040491104126,0.4131598472595215,0.3668331801891327,-0.18776236474514008,0.4943494200706482,0.45184338092803955,-0.5197429060935974,0.4386381506919861,0.4556084871292114,-0.483788400888443,0.6891566514968872,0.6410133242607117,-0.16538722813129425,0.3153066039085388,0.677135705947876,-0.023358937352895737,0.8691403269767761,0.9397031664848328,-0.6278315782546997,0.22540585696697235,0.9817668795585632,-0.16467565298080444,0.8576732873916626,0.764113187789917,-1.1542695760726929,0.19213607907295227,1.3308603763580322,-0.7202596068382263,0.8792909383773804,0.6451221108436584,-1.2863285541534424,0.16789042949676514,1.4233105182647705,-0.8023068308830261,0.8334189653396606,0.5827080607414246,-1.1922943592071533,0.20164422690868378,1.394174337387085,-0.8646371960639954,0.7977956533432007,0.6320685148239136,-1.1397066116333008,0.21977393329143524,1.3639445304870605,-0.7697927355766296,0.6401211023330688,1.4245959520339966,-0.12204854190349579,0.3651750087738037,1.4153330326080322,0.12805825471878052,0.6195152997970581,2.0570340156555176,-0.2445545494556427,0.3571144938468933,2.047018527984619,0.10162369906902313,0.6180810332298279,2.6220102310180664,0.17803232371807098,0.36327967047691345,2.6057984828948975,0.33384081721305847,0.6253749132156372,2.703688144683838,0.1907576024532318,0.3603750467300415,2.6861732006073,0.34737926721572876,0.5708688497543335,2.790951728820801,-0.35167837142944336,0.396084725856781,2.7790942192077637,-0.21590515971183777,0.8406996726989746,0.7745010256767273,7.904086487542372e-07,0.785422146320343,0.7256286144256592,-0.03162064403295517,0.7576828002929688,0.647352933883667,-0.050292134284973145,0.7990720868110657,0.5976323485374451,-0.06954865902662277,0.8515302538871765,0.5853832364082336,-0.08779030293226242,0.7700155377388,0.5290444493293762,-0.03181970864534378,0.7451695799827576,0.43415069580078125,-0.05846092849969864,0.73173987865448,0.37100327014923096,-0.07492389529943466,0.723617672920227,0.3172685503959656,-0.08547854423522949,0.8236196637153625,0.5168001651763916,-0.03654390573501587,0.8427714705467224,0.4089336395263672,-0.06409656256437302,0.8570237159729004,0.3329049348831177,-0.08170066773891449,0.8704836368560791,0.2701959013938904,-0.09075654298067093,0.8666201233863831,0.5387172698974609,-0.04537837579846382,0.888825535774231,0.49764832854270935,-0.08399965614080429,0.8777442574501038,0.5547511577606201,-0.09459930658340454,0.8692547082901001,0.6051056981086731,-0.09039667248725891,0.9006599187850952,0.5799064040184021,-0.05665350332856178,0.9107533693313599,0.5555664300918579,-0.08619345724582672,0.8973861932754517,0.5916701555252075,-0.08830276876688004,0.8860810995101929,0.629425048828125,-0.08265785127878189,0,0,0,0,0,0,0,0,0,0,0,0,0,0,0,0,0,0,0,0,0,0,0,0,0,0,0,0,0,0,0,0,0,0,0,0,0,0,0,0,0,0,0,0,0,0,0,0,0,0,0,0,0,0,0,0,0,0,0,0,0,0,0,victory
0.4647591710090637,0.399873822927475,-0.5979918241500854,0.4930735230445862,0.3385120928287506,-0.5563966035842896,0.5090762972831726,0.33863160014152527,-0.5560203194618225,0.5236868262290955,0.33929863572120667,-0.5557929873466492,0.44765764474868774,0.339695543050766,-0.5376648902893066,0.4345758855342865,0.33942750096321106,-0.5367147922515869,0.42152634263038635,0.33929458260536194,-0.5369714498519897,0.5521992444992065,0.36730673909187317,-0.2833806276321411,0.4144742488861084,0.3656240701675415,-0.18317842483520508,0.4958024024963379,0.4523105323314667,-0.49713557958602905,0.4410611689090729,0.4557289183139801,-0.4705406129360199,0.6891406178474426,0.6404283046722412,-0.16406771540641785,0.3144092261791229,0.6744014024734497,-0.02268807962536812,0.8695803880691528,0.93806391954422,-0.5552623867988586,0.22527679800987244,0.9811750650405884,-0.0919627845287323,0.8234323263168335,0.7374019622802734,-0.9365116357803345,0.19069775938987732,1.3369208574295044,-0.537427544593811,0.8516432642936707,0.6160144209861755,-1.0435770750045776,0.16274932026863098,1.435853123664856,-0.6009536981582642,0.7970286011695862,0.5602931976318359,-0.948713481426239,0.19618207216262817,1.415499210357666,-0.6793344616889954,0.7660322785377502,0.6205922365188599,-0.9162068367004395,0.21608717739582062,1.3830699920654297,-0.5882713794708252,0.6368629336357117,1.4245760440826416,-0.12104873359203339,0.3633069396018982,1.4146506786346436,0.1269189417362213,0.6144450902938843,2.0570244789123535,-0.22549274563789368,0.3522208034992218,2.0443437099456787,0.13924865424633026,0.6081283688545227,2.6206324100494385,0.18991243839263916,0.35287031531333923,2.602280378341675,0.42542776465415955,0.6146461963653564,2.7008864879608154,0.20263347029685974,0.3487217128276825,2.681744337081909,0.4424329698085785,0.560796856880188,2.7903482913970947,-0.32481521368026733,0.38382813334465027,2.776899814605713,-0.0956847220659256,0.8056367635726929,0.7836330533027649,5.205357638260466e-07,0.7503781914710999,0.7310779094696045,-0.020386865362524986,0.720016598701477,0.6516430377960205,-0.0316329188644886,0.7509964108467102,0.5980374813079834,-0.04491164907813072,0.7957148551940918,0.5787363052368164,-0.05780930444598198,0.7338458299636841,0.5434738397598267,-0.014323319308459759,0.7063388824462891,0.4563857913017273,-0.032221585512161255,0.6921769380569458,0.40185829997062683,-0.04509430751204491,0.6834536790847778,0.3533340096473694,-0.05453332141041756,0.7806904911994934,0.537021279335022,-0.02119520492851734,0.7900882959365845,0.4368041455745697,-0.04018101468682289,0.7932751178741455,0.3709421753883362,-0.05420495569705963,0.7976666688919067,0.31325799226760864,-0.06283722072839737,0.8217815160751343,0.5560737252235413,-0.03152075037360191,0.834111750125885,0.5036284327507019,-0.061072930693626404,0.8157112002372742,0.549939751625061,-0.06990257650613785,0.8040386438369751,0.5953390598297119,-0.06772737205028534,0.8573492169380188,0.5894662141799927,-0.04364602640271187,0.8517701029777527,0.5588924884796143,-0.06635702401399612,0.8320518732070923,0.5892532467842102,-0.0679694339632988,0.81928950548172,0.6236786842346191,-0.06412768363952637,0,0,0,0,0,0,0,0,0,0,0,0,0,0,0,0,0,0,0,0,0,0,0,0,0,0,0,0,0,0,0,0,0,0,0,0,0,0,0,0,0,0,0,0,0,0,0,0,0,0,0,0,0,0,0,0,0,0,0,0,0,0,0,victory
0.4669662415981293,0.3999992907047272,-0.5944725275039673,0.4955757260322571,0.33859723806381226,-0.5495284795761108,0.511381208896637,0.33879798650741577,-0.5491346716880798,0.5256465673446655,0.33954527974128723,-0.5489464998245239,0.44975560903549194,0.33955347537994385,-0.5343573093414307,0.4365822672843933,0.3390800654888153,-0.5333942770957947,0.4233049750328064,0.33869412541389465,-0.533645510673523,0.5542177557945251,0.36761313676834106,-0.27295225858688354,0.4151535928249359,0.36459100246429443,-0.18068131804466248,0.49711060523986816,0.45264819264411926,-0.4922560751438141,0.44281259179115295,0.4557982087135315,-0.4689250886440277,0.689126193523407,0.6399469971656799,-0.1634891927242279,0.3131943941116333,0.6726720333099365,-0.021836277097463608,0.8697681427001953,0.9368999600410461,-0.5530539751052856,0.2251284122467041,0.9811316728591919,-0.08090908825397491,0.8137750625610352,0.7298880815505981,-0.9487622380256653,0.19058482348918915,1.3457362651824951,-0.5227919220924377,0.8413498997688293,0.6059189438819885,-1.0574991703033447,0.16086812317371368,1.4481260776519775,-0.5860819220542908,0.7870776653289795,0.5532857775688171,-0.9621659517288208,0.19412027299404144,1.4307897090911865,-0.6640869379043579,0.7567355632781982,0.617021381855011,-0.9287009239196777,0.21498847007751465,1.3974946737289429,-0.5731671452522278,0.6350378394126892,1.4246572256088257,-0.12070213258266449,0.3619493544101715,1.414652943611145,0.12648102641105652,0.6125155687332153,2.057081699371338,-0.22209659218788147,0.3502938449382782,2.043752431869507,0.15819057822227478,0.6049247980117798,2.620260000228882,0.19053703546524048,0.3494429588317871,2.6010735034942627,0.45403990149497986,0.6111882925033569,2.6999876499176025,0.20315472781658173,0.34495124220848083,2.680168628692627,0.47154664993286133,0.5578768849372864,2.7903082370758057,-0.3228490948677063,0.3799661695957184,2.7762959003448486,-0.0632116049528122,0.8055605888366699,0.7730364799499512,5.801001066174649e-07,0.7500514984130859,0.7276282906532288,-0.02091233618557453,0.7188189029693604,0.6496191024780273,-0.031230473890900612,0.7499719858169556,0.600694477558136,-0.04311440885066986,0.7969314455986023,0.5827416181564331,-0.05514536425471306,0.7328008413314819,0.5413550138473511,-0.01697614975273609,0.7059338688850403,0.45589354634284973,-0.035156235098838806,0.6922046542167664,0.4010203778743744,-0.04737161472439766,0.683078944683075,0.352042019367218,-0.05591626092791557,0.7812106013298035,0.5316219329833984,-0.023152120411396027,0.7902619242668152,0.43172746896743774,-0.042437948286533356,0.7933786511421204,0.367897629737854,-0.05682263895869255,0.7973652482032776,0.31136637926101685,-0.06477738171815872,0.8220181465148926,0.5491376519203186,-0.03248787298798561,0.8342495560646057,0.501987099647522,-0.06539258360862732,0.8171796202659607,0.5536498427391052,-0.07659441232681274,0.807214617729187,0.597362756729126,-0.07452060282230377,0.8560655117034912,0.5813232660293579,-0.04291801154613495,0.8506070375442505,0.5536136627197266,-0.06931058317422867,0.8334043025970459,0.5915848016738892,-0.07167665660381317,0.8239309787750244,0.6283236145973206,-0.0672488585114479,0,0,0,0,0,0,0,0,0,0,0,0,0,0,0,0,0,0,0,0,0,0,0,0,0,0,0,0,0,0,0,0,0,0,0,0,0,0,0,0,0,0,0,0,0,0,0,0,0,0,0,0,0,0,0,0,0,0,0,0,0,0,0,victory
0.46928173303604126,0.4000127911567688,-0.6329811811447144,0.4967048168182373,0.33867788314819336,-0.5873443484306335,0.5124257802963257,0.3389877676963806,-0.5870071649551392,0.5265385508537292,0.3398597836494446,-0.5867827534675598,0.4513872563838959,0.3394545614719391,-0.5731359720230103,0.4383026957511902,0.33890900015830994,-0.5721856355667114,0.4249539375305176,0.3384857475757599,-0.572392463684082,0.5553182363510132,0.3679999113082886,-0.2863578498363495,0.41571658849716187,0.36421042680740356,-0.20926299691200256,0.4984385073184967,0.4528786838054657,-0.523354172706604,0.4449348449707031,0.4558274447917938,-0.5018474459648132,0.6898824572563171,0.6402025818824768,-0.16708722710609436,0.3105745017528534,0.6723858714103699,-0.046519163995981216,0.879176914691925,0.9716183543205261,-0.5729584693908691,0.2246859073638916,0.989407479763031,-0.0832861140370369,0.8148902058601379,0.7360332608222961,-1.0206701755523682,0.18908077478408813,1.3696798086166382,-0.5567436218261719,0.8349511027336121,0.6105903387069702,-1.1321076154708862,0.15581630170345306,1.4761345386505127,-0.6224828362464905,0.7836117148399353,0.5606771111488342,-1.0472644567489624,0.19016094505786896,1.4613643884658813,-0.6678380966186523,0.7551392316818237,0.6218964457511902,-1.005571961402893,0.21330292522907257,1.427069067955017,-0.6029602885246277,0.6350722908973694,1.4248605966567993,-0.11983709037303925,0.3619697391986847,1.4150029420852661,0.12557446956634521,0.6123584508895874,2.0588974952697754,-0.2172713726758957,0.350361704826355,2.0441734790802,0.15646743774414062,0.6041834950447083,2.621051073074341,0.21321606636047363,0.35022488236427307,2.6012582778930664,0.45249563455581665,0.6108078956604004,2.7001380920410156,0.22746458649635315,0.345905601978302,2.680480480194092,0.4703318178653717,0.5565701723098755,2.793428659439087,-0.30286285281181335,0.3809434771537781,2.7771801948547363,-0.07817961275577545,0.8056640028953552,0.7706402540206909,5.661976842930017e-07,0.7502747774124146,0.7295446395874023,-0.022662721574306488,0.7176268100738525,0.6548599600791931,-0.03392467275261879,0.744478166103363,0.6014841794967651,-0.047326233237981796,0.7871310114860535,0.5801955461502075,-0.05996819958090782,0.7315614819526672,0.5405365228652954,-0.014180437661707401,0.7060606479644775,0.45975589752197266,-0.0332624725997448,0.6926186680793762,0.4049467444419861,-0.04713961482048035,0.6845581531524658,0.35529351234436035,-0.05731208622455597,0.7791259288787842,0.5316227078437805,-0.020411470904946327,0.7848523855209351,0.4365154206752777,-0.04249501973390579,0.7875306606292725,0.3724570870399475,-0.05954764783382416,0.7920099496841431,0.31447604298591614,-0.0694885328412056,0.8208300471305847,0.548641562461853,-0.030164973810315132,0.834547221660614,0.5029102563858032,-0.06525333225727081,0.8167617917060852,0.5599798560142517,-0.07441149652004242,0.8039311766624451,0.6090152263641357,-0.07030738890171051,0.8568735122680664,0.5806469321250916,-0.0415571965277195,0.8577361106872559,0.5467599034309387,-0.06835578382015228,0.8433913588523865,0.5819202661514282,-0.06912468373775482,0.8330754041671753,0.6186056137084961,-0.06327876448631287,0,0,0,0,0,0,0,0,0,0,0,0,0,0,0,0,0,0,0,0,0,0,0,0,0,0,0,0,0,0,0,0,0,0,0,0,0,0,0,0,0,0,0,0,0,0,0,0,0,0,0,0,0,0,0,0,0,0,0,0,0,0,0,victory
0.47060465812683105,0.40002337098121643,-0.6456452012062073,0.49740418791770935,0.3387638032436371,-0.6004477143287659,0.513081431388855,0.33917906880378723,-0.6001371741294861,0.5271244645118713,0.3401622176170349,-0.5998958945274353,0.45239511132240295,0.3393690884113312,-0.5857678055763245,0.4393734931945801,0.33876195549964905,-0.5848274827003479,0.4259985387325287,0.3383057713508606,-0.5850344896316528,0.556023359298706,0.3683502972126007,-0.2942219376564026,0.4161776006221771,0.36390095949172974,-0.21916528046131134,0.49929070472717285,0.45307978987693787,-0.5347313284873962,0.44617795944213867,0.4558500349521637,-0.512944757938385,0.6905059814453125,0.6405470967292786,-0.16940078139305115,0.3087261915206909,0.6722936034202576,-0.05472620204091072,0.883662223815918,0.98310786485672,-0.5825197696685791,0.22422091662883759,0.9944912791252136,-0.08652818948030472,0.8155208826065063,0.7400334477424622,-1.0474982261657715,0.18844246864318848,1.380665898323059,-0.574301540851593,0.832419753074646,0.613463819026947,-1.160170316696167,0.1533389687538147,1.48758065700531,-0.6431021094322205,0.7824034690856934,0.564743161201477,-1.0769060850143433,0.18807829916477203,1.4728667736053467,-0.6858164072036743,0.7545455694198608,0.6246534585952759,-1.0327329635620117,0.21251194179058075,1.4384880065917969,-0.6224661469459534,0.6351031064987183,1.425171136856079,-0.11941541731357574,0.36199110746383667,1.4154940843582153,0.12512753903865814,0.6122764348983765,2.0604569911956787,-0.21656093001365662,0.35042718052864075,2.044745445251465,0.15532353520393372,0.6037286520004272,2.6219735145568848,0.21775949001312256,0.35075443983078003,2.60176944732666,0.4507303833961487,0.610559344291687,2.7004969120025635,0.23217380046844482,0.3465121388435364,2.681182622909546,0.4685238301753998,0.5557595491409302,2.7959141731262207,-0.3004165589809418,0.38154536485671997,2.778226137161255,-0.08448383957147598,0.8053495287895203,0.7700467109680176,5.848065143254644e-07,0.7499716281890869,0.7295107841491699,-0.022421453148126602,0.716773509979248,0.6539427042007446,-0.03395102918148041,0.7444517612457275,0.600959300994873,-0.04747194051742554,0.7878461480140686,0.58152174949646,-0.060359712690114975,0.7317025661468506,0.5394465327262878,-0.0152432881295681,0.7063003182411194,0.45969682931900024,-0.03436820209026337,0.6922759413719177,0.4055529832839966,-0.04833528399467468,0.6834549307823181,0.3567551374435425,-0.058624450117349625,0.778887152671814,0.5308675169944763,-0.02163255773484707,0.7850084900856018,0.4358973801136017,-0.043632667511701584,0.7878791093826294,0.37246283888816833,-0.06026161089539528,0.7925163507461548,0.3146817684173584,-0.06979431211948395,0.8202866911888123,0.5483435392379761,-0.031427185982465744,0.8342949748039246,0.5016906261444092,-0.06601473689079285,0.8166619539260864,0.5599469542503357,-0.07429318130016327,0.804261326789856,0.609427809715271,-0.06962568312883377,0.8560972213745117,0.5812399387359619,-0.04286783188581467,0.8578267693519592,0.5458995699882507,-0.06950104236602783,0.8437003493309021,0.5815041065216064,-0.0698377713561058,0.8334192037582397,0.6184950470924377,-0.06362121552228928,0,0,0,0,0,0,0,0,0,0,0,0,0,0,0,0,0,0,0,0,0,0,0,0,0,0,0,0,0,0,0,0,0,0,0,0,0,0,0,0,0,0,0,0,0,0,0,0,0,0,0,0,0,0,0,0,0,0,0,0,0,0,0,victory
0.47139373421669006,0.4000343978404999,-0.6513006091117859,0.49787092208862305,0.33882907032966614,-0.6063908338546753,0.5135349035263062,0.3393328785896301,-0.6060923337936401,0.5275447964668274,0.3404112160205841,-0.6058409214019775,0.4530554711818695,0.3392738699913025,-0.5913674235343933,0.4400816857814789,0.3386082351207733,-0.5904259085655212,0.42670589685440063,0.3381194770336151,-0.5906373858451843,0.5565573573112488,0.3686313033103943,-0.29902365803718567,0.4165661931037903,0.3636072278022766,-0.22328205406665802,0.49985837936401367,0.45325618982315063,-0.539877712726593,0.4469435214996338,0.45586958527565,-0.517811119556427,0.6911249756813049,0.640946090221405,-0.17074735462665558,0.30743372440338135,0.6722415685653687,-0.0576428547501564,0.8862143754959106,0.9873325824737549,-0.5877386331558228,0.22381842136383057,0.9975680112838745,-0.08900433033704758,0.8159023523330688,0.7429504990577698,-1.058407187461853,0.18810217082500458,1.3861435651779175,-0.5828613638877869,0.8313838839530945,0.6153932809829712,-1.166185736656189,0.15259654819965363,1.4929178953170776,-0.6530596017837524,0.7819440364837646,0.567119836807251,-1.0898058414459229,0.18757174909114838,1.4777159690856934,-0.6933653354644775,0.7543176412582397,0.6264561414718628,-1.0448882579803467,0.21209239959716797,1.4433766603469849,-0.6322222948074341,0.6351326704025269,1.425720453262329,-0.11915590614080429,0.362010657787323,1.416291356086731,0.12485560029745102,0.6123092174530029,2.0620625019073486,-0.21688075363636017,0.35051587224006653,2.04571795463562,0.1545628011226654,0.6037374138832092,2.6231048107147217,0.21796338260173798,0.35115647315979004,2.6027636528015137,0.44691866636276245,0.6106778979301453,2.7011613845825195,0.23231300711631775,0.3469701111316681,2.682436227798462,0.46440085768699646,0.5556374192237854,2.7981855869293213,-0.30164065957069397,0.38203176856040955,2.7796151638031006,-0.0898716002702713,0.8054605722427368,0.7696613073348999,5.87669035212457e-07,0.7498454451560974,0.7292039394378662,-0.022811653092503548,0.7172130942344666,0.6538376212120056,-0.034383777529001236,0.7455768585205078,0.6013485789299011,-0.047928985208272934,0.7887837290763855,0.5808179974555969,-0.060810063034296036,0.7315192818641663,0.5398763418197632,-0.015105248428881168,0.7063326835632324,0.4599910378456116,-0.03438763692975044,0.6924691796302795,0.40578901767730713,-0.04842381551861763,0.683735191822052,0.3568412959575653,-0.05867975950241089,0.7787225246429443,0.531166136264801,-0.021313674747943878,0.7849209308624268,0.4363797903060913,-0.04355691745877266,0.7878623008728027,0.37288403511047363,-0.06035742163658142,0.7925575971603394,0.3150704503059387,-0.06994858384132385,0.8200355768203735,0.5485090017318726,-0.03101211041212082,0.8344574570655823,0.5019419193267822,-0.06607579439878464,0.817027747631073,0.5604420304298401,-0.07456886023283005,0.8047605156898499,0.6101900935173035,-0.0698888897895813,0.855647623538971,0.5811326503753662,-0.042369745671749115,0.8576160669326782,0.5461963415145874,-0.0693533644080162,0.843701183795929,0.5820565223693848,-0.06978585571050644,0.8335970044136047,0.6191010475158691,-0.06354157626628876,0,0,0,0,0,0,0,0,0,0,0,0,0,0,0,0,0,0,0,0,0,0,0,0,0,0,0,0,0,0,0,0,0,0,0,0,0,0,0,0,0,0,0,0,0,0,0,0,0,0,0,0,0,0,0,0,0,0,0,0,0,0,0,victory
0.472482830286026,0.39963001012802124,-0.6532552242279053,0.49907445907592773,0.33882981538772583,-0.6069929003715515,0.5147183537483215,0.33935555815696716,-0.6067041158676147,0.528582751750946,0.3404277563095093,-0.6064127683639526,0.4538044035434723,0.3387163281440735,-0.5936095118522644,0.4406547546386719,0.3378816545009613,-0.592707097530365,0.42718392610549927,0.33729928731918335,-0.5929706692695618,0.5573734641075134,0.3686958849430084,-0.2998030185699463,0.41689395904541016,0.3632011413574219,-0.23014333844184875,0.5010057687759399,0.4532073736190796,-0.5412564873695374,0.4476929306983948,0.45526331663131714,-0.521384596824646,0.6909015774726868,0.6407861113548279,-0.17061838507652283,0.3074365258216858,0.6725558042526245,-0.06440345197916031,0.8839150667190552,0.9700616002082825,-0.6002030372619629,0.22376032173633575,0.9978136420249939,-0.1208019033074379,0.8146915435791016,0.7407926321029663,-1.1250709295272827,0.20186249911785126,1.386628270149231,-0.603962242603302,0.8311246037483215,0.612373411655426,-1.2547532320022583,0.1743241846561432,1.49268639087677,-0.6798551678657532,0.779187798500061,0.5608003735542297,-1.1578575372695923,0.2082825005054474,1.4734331369400024,-0.7371644973754883,0.7518772482872009,0.6250995397567749,-1.1074082851409912,0.22854845225811005,1.4390937089920044,-0.652229905128479,0.6370357275009155,1.4257299900054932,-0.11872150748968124,0.36317482590675354,1.416847825050354,0.12445443868637085,0.6180218458175659,2.0619750022888184,-0.23240475356578827,0.3552849292755127,2.0459697246551514,0.15402647852897644,0.6114095449447632,2.623143434524536,0.1949586421251297,0.3558347523212433,2.6029601097106934,0.4420565962791443,0.618094801902771,2.7012455463409424,0.2077544927597046,0.3507455587387085,2.682586908340454,0.45888668298721313,0.5652152895927429,2.798135280609131,-0.33821913599967957,0.3880522549152374,2.779813051223755,-0.09310950338840485,0.8110493421554565,0.7750096321105957,6.03979344759864e-07,0.7571353316307068,0.7352169156074524,-0.024429580196738243,0.7258411645889282,0.6605756878852844,-0.03709755092859268,0.7548197507858276,0.6043670773506165,-0.05136037617921829,0.7962095141410828,0.5803515911102295,-0.06495317071676254,0.7378812432289124,0.544338047504425,-0.018561046570539474,0.713257908821106,0.4635047912597656,-0.039745304733514786,0.6991935968399048,0.4080042541027069,-0.05534442886710167,0.6903276443481445,0.357743501663208,-0.06668959558010101,0.7860074639320374,0.5360221266746521,-0.024725962430238724,0.7928813695907593,0.43890678882598877,-0.04791880026459694,0.7969805598258972,0.37448516488075256,-0.06425458192825317,0.8030052185058594,0.3169346749782562,-0.0734296441078186,0.8285924792289734,0.5551764369010925,-0.03441687673330307,0.8445376753807068,0.5048619508743286,-0.06991250813007355,0.8285302519798279,0.5650197863578796,-0.07612669467926025,0.8177732229232788,0.6167614459991455,-0.07008732110261917,0.8646904230117798,0.5911055207252502,-0.046068225055933,0.8683568239212036,0.5584337711334229,-0.07336077094078064,0.8527363538742065,0.5983379483222961,-0.07211458683013916,0.8414679169654846,0.6379064321517944,-0.06466983258724213,0,0,0,0,0,0,0,0,0,0,0,0,0,0,0,0,0,0,0,0,0,0,0,0,0,0,0,0,0,0,0,0,0,0,0,0,0,0,0,0,0,0,0,0,0,0,0,0,0,0,0,0,0,0,0,0,0,0,0,0,0,0,0,victory
0.4735445976257324,0.3996654450893402,-0.7351099252700806,0.5010324716567993,0.3391939103603363,-0.6884765028953552,0.516822338104248,0.34022852778434753,-0.6882287859916687,0.5306876301765442,0.3417905867099762,-0.6878243684768677,0.4550614356994629,0.33853188157081604,-0.6690717339515686,0.4416065216064453,0.3375515043735504,-0.6681386232376099,0.428117573261261,0.33685681223869324,-0.6683970093727112,0.560508131980896,0.36973288655281067,-0.3668726086616516,0.4172269403934479,0.3631608784198761,-0.27109652757644653,0.502124011516571,0.454549103975296,-0.6169746518135071,0.4478473663330078,0.45556482672691345,-0.5899636745452881,0.6931155323982239,0.6511713266372681,-0.20781210064888,0.306352436542511,0.6749411821365356,-0.06063692644238472,0.8835729360580444,0.9724445343017578,-0.6859614849090576,0.221872016787529,0.9975852370262146,-0.10000278800725937,0.8162687420845032,0.7642985582351685,-1.2904655933380127,0.20090511441230774,1.3850983381271362,-0.5836076140403748,0.831995964050293,0.6385749578475952,-1.4297714233398438,0.17183244228363037,1.4911913871765137,-0.653830885887146,0.7866626977920532,0.5962495803833008,-1.3260135650634766,0.20557443797588348,1.4713612794876099,-0.7192618250846863,0.7551543712615967,0.652491569519043,-1.2726128101348877,0.22578831017017365,1.438090205192566,-0.6308456063270569,0.6370501518249512,1.4352768659591675,-0.12696965038776398,0.36310601234436035,1.4271368980407715,0.13268020749092102,0.6190018653869629,2.070552349090576,-0.2701870799064636,0.35622647404670715,2.058244228363037,0.15315958857536316,0.6131073236465454,2.6324236392974854,0.18534226715564728,0.35820120573043823,2.615056037902832,0.43937960267066956,0.6198234558105469,2.7117555141448975,0.1998288929462433,0.35280492901802063,2.6971347332000732,0.4559520184993744,0.5675760507583618,2.806572437286377,-0.3679294288158417,0.39181938767433167,2.7875044345855713,-0.1103016585111618,0.8166767954826355,0.7927421927452087,5.522302899407805e-07,0.7623162269592285,0.7464336156845093,-0.021236602216959,0.7300601005554199,0.6707060933113098,-0.03292153403162956,0.7573305368423462,0.6159026026725769,-0.046903591603040695,0.7973503470420837,0.5944036841392517,-0.060239773243665695,0.7482462525367737,0.5619467496871948,-0.017021436244249344,0.7264600396156311,0.4753594994544983,-0.03701106831431389,0.7129625082015991,0.41727161407470703,-0.0512213371694088,0.7041305899620056,0.3659365773200989,-0.061420876532793045,0.7944893836975098,0.5535191297531128,-0.023831211030483246,0.8009254336357117,0.4545958936214447,-0.045573584735393524,0.8043136596679688,0.3883267641067505,-0.060776788741350174,0.8101670742034912,0.33064180612564087,-0.06923793256282806,0.8360711932182312,0.5711795687675476,-0.03378589078783989,0.8478777408599854,0.5219317078590393,-0.06727265566587448,0.8339521288871765,0.5800179243087769,-0.07305937260389328,0.8264763951301575,0.633414626121521,-0.06673435866832733,0.8727875351905823,0.6046945452690125,-0.04552790895104408,0.8745405077934265,0.5679885149002075,-0.07093822211027145,0.8601096272468567,0.6036445498466492,-0.06963542103767395,0.8511361479759216,0.6431615352630615,-0.06221718713641167,0,0,0,0,0,0,0,0,0,0,0,0,0,0,0,0,0,0,0,0,0,0,0,0,0,0,0,0,0,0,0,0,0,0,0,0,0,0,0,0,0,0,0,0,0,0,0,0,0,0,0,0,0,0,0,0,0,0,0,0,0,0,0,victory
0.4747954308986664,0.3996579349040985,-0.7384608387947083,0.5027437806129456,0.33931419253349304,-0.691767156124115,0.5185121297836304,0.34060391783714294,-0.691522479057312,0.5323621034622192,0.3424266278743744,-0.6911243796348572,0.45631614327430725,0.3382353186607361,-0.673638641834259,0.4425479471683502,0.3370920717716217,-0.6727312803268433,0.429035484790802,0.33624204993247986,-0.6730097532272339,0.5624174475669861,0.37035316228866577,-0.36923927068710327,0.41747450828552246,0.36304759979248047,-0.2782248258590698,0.5032147169113159,0.4551633894443512,-0.6193994283676147,0.4483604431152344,0.4555889368057251,-0.594056248664856,0.6933863759040833,0.6541289687156677,-0.20702867209911346,0.3055100440979004,0.6752740740776062,-0.06252375990152359,0.8821775317192078,0.9710896611213684,-0.6838089227676392,0.22147886455059052,0.997434675693512,-0.10911824554204941,0.8173551559448242,0.7724102139472961,-1.291987657546997,0.20052869617938995,1.3835437297821045,-0.6244226098060608,0.8338491320610046,0.6458374261856079,-1.4355441331863403,0.1703602373600006,1.4888006448745728,-0.7043133974075317,0.7914727330207825,0.6053504943847656,-1.3387266397476196,0.20376446843147278,1.4653605222702026,-0.775909960269928,0.7573668360710144,0.6602016687393188,-1.2777504920959473,0.22433164715766907,1.4328538179397583,-0.6737416386604309,0.6366082429885864,1.4380019903182983,-0.12691476941108704,0.3622720539569855,1.4299622774124146,0.13262638449668884,0.6194519400596619,2.0719850063323975,-0.2685803472995758,0.3563966155052185,2.0612401962280273,0.12399207055568695,0.6144959926605225,2.634488344192505,0.18561655282974243,0.35904908180236816,2.6176223754882812,0.3943861126899719,0.6211676597595215,2.714350461959839,0.19989347457885742,0.35345005989074707,2.7001988887786865,0.40831461548805237,0.5701059103012085,2.8079309463500977,-0.3648243546485901,0.393526166677475,2.788623332977295,-0.1758551001548767,0.8173532485961914,0.792134165763855,5.810443894915807e-07,0.762691855430603,0.7510106563568115,-0.02300390414893627,0.7291601300239563,0.675795316696167,-0.03561937063932419,0.7555996179580688,0.6204743981361389,-0.0504770390689373,0.797447919845581,0.5995001196861267,-0.06452971696853638,0.7475881576538086,0.5632128119468689,-0.01701514795422554,0.7244849801063538,0.47637805342674255,-0.03696952760219574,0.7112737894058228,0.4193721115589142,-0.05051318556070328,0.7033249139785767,0.36975181102752686,-0.05981368198990822,0.7943055629730225,0.5526254773139954,-0.02332036942243576,0.8003318905830383,0.45228126645088196,-0.04581882059574127,0.8028115034103394,0.38598179817199707,-0.06142279505729675,0.8071394562721252,0.329305499792099,-0.06959057599306107,0.8360339999198914,0.5685818195343018,-0.03295411542057991,0.8480119109153748,0.5162808895111084,-0.06865855306386948,0.8337220549583435,0.5770400166511536,-0.07501793652772903,0.8246199488639832,0.6321238875389099,-0.06798885762691498,0.8717607259750366,0.6017184257507324,-0.044278498739004135,0.8731322288513184,0.5613218545913696,-0.0717606469988823,0.8605216145515442,0.598312497138977,-0.0706271231174469,0.8519803881645203,0.640285074710846,-0.06246931850910187,0,0,0,0,0,0,0,0,0,0,0,0,0,0,0,0,0,0,0,0,0,0,0,0,0,0,0,0,0,0,0,0,0,0,0,0,0,0,0,0,0,0,0,0,0,0,0,0,0,0,0,0,0,0,0,0,0,0,0,0,0,0,0,victory
0.47631335258483887,0.39968302845954895,-0.8473102450370789,0.5039687752723694,0.33935725688934326,-0.8019706010818481,0.5198010206222534,0.3406214416027069,-0.8020375967025757,0.5332804322242737,0.34244614839553833,-0.8018524050712585,0.45828866958618164,0.3383195996284485,-0.7679957151412964,0.44445285201072693,0.33722954988479614,-0.7672305703163147,0.43155908584594727,0.3364354968070984,-0.7675363421440125,0.5646575093269348,0.3701246380805969,-0.44467395544052124,0.41995763778686523,0.36338645219802856,-0.28375953435897827,0.5048071146011353,0.4553172290325165,-0.7146401405334473,0.44957002997398376,0.4557466506958008,-0.6682575941085815,0.7219263315200806,0.6626470685005188,-0.25210198760032654,0.3124748766422272,0.6729995608329773,-0.018114464357495308,0.8843890428543091,0.9847558736801147,-0.783842921257019,0.2188025414943695,0.9861503839492798,-0.2948843836784363,0.7808548212051392,0.8747166395187378,-1.502935528755188,0.21607747673988342,1.1167376041412354,-1.2364275455474854,0.7784786224365234,0.802160918712616,-1.655322790145874,0.2080763876438141,1.1476961374282837,-1.3879992961883545,0.7448096871376038,0.7653059363365173,-1.5771902799606323,0.2567974030971527,1.031046748161316,-1.3951618671417236,0.7112659215927124,0.808517336845398,-1.4925239086151123,0.27259522676467896,1.009259819984436,-1.2698355913162231,0.648810625076294,1.4391299486160278,-0.13830183446407318,0.37438878417015076,1.4302802085876465,0.14389120042324066,0.627005934715271,2.0726983547210693,-0.264902263879776,0.3600955009460449,2.061100721359253,0.0743449330329895,0.6219972968101501,2.637153387069702,0.1925719976425171,0.36529111862182617,2.618220806121826,0.32352036237716675,0.6321921944618225,2.71834397315979,0.20351894199848175,0.36190265417099,2.7003281116485596,0.3307369351387024,0.5715965032577515,2.8078055381774902,-0.4097515046596527,0.3979785740375519,2.79077410697937,-0.3163156807422638,0.7958269715309143,0.7184078693389893,-5.797838298349234e-07,0.7410158514976501,0.6912529468536377,-0.028342632576823235,0.6966120004653931,0.6982927322387695,-0.05785762891173363,0.6547134518623352,0.736466646194458,-0.0828709751367569,0.6241456866264343,0.7805810570716858,-0.11046378314495087,0.7309346199035645,0.6234963536262512,-0.08340752124786377,0.6900408864021301,0.7173135280609131,-0.12375703454017639,0.6636176109313965,0.7700243592262268,-0.14893227815628052,0.6440322399139404,0.803469717502594,-0.16345097124576569,0.7747418284416199,0.6586973667144775,-0.08899244666099548,0.7223828434944153,0.7538641691207886,-0.12263303995132446,0.6848019361495972,0.8075950145721436,-0.13498511910438538,0.6597958207130432,0.8430193066596985,-0.1445842832326889,0.8081563711166382,0.7037827968597412,-0.0942370593547821,0.7559067010879517,0.791806161403656,-0.12616068124771118,0.7226733565330505,0.8338251113891602,-0.12589901685714722,0.7046002149581909,0.8577780723571777,-0.12439114600419998,0.8295071125030518,0.7501856684684753,-0.10132336616516113,0.7844163179397583,0.8155494332313538,-0.12985634803771973,0.7614886164665222,0.8423311114311218,-0.12810078263282776,0.7496481537818909,0.8540098667144775,-0.12434304505586624,0,0,0,0,0,0,0,0,0,0,0,0,0,0,0,0,0,0,0,0,0,0,0,0,0,0,0,0,0,0,0,0,0,0,0,0,0,0,0,0,0,0,0,0,0,0,0,0,0,0,0,0,0,0,0,0,0,0,0,0,0,0,0,victory
0.47872334718704224,0.39949849247932434,-0.7765333652496338,0.5059688091278076,0.3392471671104431,-0.732803225517273,0.5218141674995422,0.34053584933280945,-0.7326770424842834,0.5349626541137695,0.3423633277416229,-0.7324087023735046,0.46037206053733826,0.33801043033599854,-0.706347644329071,0.4465373456478119,0.33690452575683594,-0.7055052518844604,0.43384796380996704,0.3361213505268097,-0.7057898640632629,0.5657497048377991,0.3697112202644348,-0.4305160939693451,0.4223345220088959,0.3632049560546875,-0.2726779580116272,0.5070172548294067,0.4553253948688507,-0.6563753485679626,0.45153799653053284,0.4557455778121948,-0.6192681193351746,0.7278110980987549,0.6681563258171082,-0.2286844253540039,0.31532660126686096,0.6728183031082153,-0.02077922224998474,0.882994532585144,0.9822152853012085,-0.7741454839706421,0.21725542843341827,0.9796040654182434,-0.44597235321998596,0.7875794172286987,0.9333536028862,-1.350537657737732,0.2438201904296875,1.0156611204147339,-1.3640786409378052,0.7805182933807373,0.9098764657974243,-1.4916220903396606,0.2439686357975006,1.0115364789962769,-1.5209087133407593,0.750130295753479,0.857722282409668,-1.4035683870315552,0.2694726288318634,0.9490042328834534,-1.5101159811019897,0.7203737497329712,0.8799535632133484,-1.3364448547363281,0.28171664476394653,0.9370244741439819,-1.3900964260101318,0.6580543518066406,1.4376215934753418,-0.1319468766450882,0.3854929804801941,1.4299023151397705,0.13712367415428162,0.6331524848937988,2.0689897537231445,-0.2622075378894806,0.3685334622859955,2.0585951805114746,0.0023086874280124903,0.6267549991607666,2.637053966522217,0.16330084204673767,0.3731502294540405,2.617617607116699,0.1794523149728775,0.6372627019882202,2.718278408050537,0.16719549894332886,0.37179630994796753,2.6989877223968506,0.1782754361629486,0.5758448243141174,2.8024144172668457,-0.4405079483985901,0.4022575318813324,2.79034161567688,-0.4331444203853607,0,0,0,0,0,0,0,0,0,0,0,0,0,0,0,0,0,0,0,0,0,0,0,0,0,0,0,0,0,0,0,0,0,0,0,0,0,0,0,0,0,0,0,0,0,0,0,0,0,0,0,0,0,0,0,0,0,0,0,0,0,0,0,0,0,0,0,0,0,0,0,0,0,0,0,0,0,0,0,0,0,0,0,0,0,0,0,0,0,0,0,0,0,0,0,0,0,0,0,0,0,0,0,0,0,0,0,0,0,0,0,0,0,0,0,0,0,0,0,0,0,0,0,0,0,0,victory
0.49602970480918884,0.4011843800544739,-0.9193889498710632,0.5218023061752319,0.3457215428352356,-0.8594763875007629,0.5360726714134216,0.34774625301361084,-0.8598068356513977,0.5495516657829285,0.3499045968055725,-0.8598707914352417,0.4775093197822571,0.34040433168411255,-0.8511908650398254,0.46206632256507874,0.338287889957428,-0.8508022427558899,0.44798675179481506,0.33670109510421753,-0.8511630892753601,0.5775972008705139,0.3733060956001282,-0.428250789642334,0.4297141432762146,0.36320170760154724,-0.3715739846229553,0.5216473340988159,0.45735469460487366,-0.7511264085769653,0.4675929546356201,0.4557717442512512,-0.7390867471694946,0.7274828553199768,0.6673005223274231,-0.18854239583015442,0.31820148229599,0.6725197434425354,-0.07846681773662567,0.8845605850219727,0.9699734449386597,-0.547925591468811,0.20705115795135498,0.9761584997177124,-0.5798346996307373,0.7454930543899536,1.010667324066162,-1.3435922861099243,0.25141361355781555,0.9090479016304016,-1.6849445104599,0.7398397326469421,1.111367106437683,-1.4418439865112305,0.27505210041999817,0.8729736804962158,-1.8916581869125366,0.6602970361709595,0.9706774353981018,-1.3900238275527954,0.2963739037513733,0.8143087029457092,-1.8755900859832764,0.665446400642395,0.9571504592895508,-1.2914518117904663,0.30173105001449585,0.8252550363540649,-1.7067540884017944,0.6564659476280212,1.4301575422286987,-0.1183956041932106,0.3845078945159912,1.4149861335754395,0.12293820083141327,0.6290496587753296,2.0388503074645996,-0.3077917993068695,0.3675418198108673,2.0239644050598145,0.018611479550600052,0.6218357086181641,2.6139230728149414,0.10312969982624054,0.3718516230583191,2.592740058898926,0.22879907488822937,0.6307659149169922,2.7002112865448,0.10426539182662964,0.3714701533317566,2.674463987350464,0.22977717220783234,0.5727999210357666,2.769879102706909,-0.5244697332382202,0.3894605040550232,2.76635479927063,-0.3929983973503113,0,0,0,0,0,0,0,0,0,0,0,0,0,0,0,0,0,0,0,0,0,0,0,0,0,0,0,0,0,0,0,0,0,0,0,0,0,0,0,0,0,0,0,0,0,0,0,0,0,0,0,0,0,0,0,0,0,0,0,0,0,0,0,0,0,0,0,0,0,0,0,0,0,0,0,0,0,0,0,0,0,0,0,0,0,0,0,0,0,0,0,0,0,0,0,0,0,0,0,0,0,0,0,0,0,0,0,0,0,0,0,0,0,0,0,0,0,0,0,0,0,0,0,0,0,0,victory
0.5016583204269409,0.4037719666957855,-0.9623528718948364,0.5287874341011047,0.3516760766506195,-0.9006161689758301,0.5424628853797913,0.3545879125595093,-0.9010308980941772,0.556074857711792,0.35711294412612915,-0.9010578393936157,0.4839421808719635,0.3421531617641449,-0.8980220556259155,0.4675261974334717,0.3389323353767395,-0.897797703742981,0.453315794467926,0.33675894141197205,-0.8981620073318481,0.5828149318695068,0.37724578380584717,-0.44796162843704224,0.4320155084133148,0.36264511942863464,-0.43199700117111206,0.5261785387992859,0.4609118700027466,-0.7881467938423157,0.4721108078956604,0.4563451409339905,-0.7852821946144104,0.7263566255569458,0.6685872673988342,-0.17689737677574158,0.31694141030311584,0.668697714805603,-0.11917444318532944,0.8859270811080933,0.9621623754501343,-0.5327028632164001,0.18589085340499878,0.9726657271385193,-0.594176173210144,0.7217041850090027,1.0141385793685913,-1.3322275876998901,0.24621617794036865,0.9067323803901672,-1.6788980960845947,0.6730307340621948,1.045077919960022,-1.4912384748458862,0.2775108814239502,0.8644627332687378,-1.8819398880004883,0.6422688364982605,0.9607564806938171,-1.4739959239959717,0.293435275554657,0.8082507848739624,-1.8645967245101929,0.6491659879684448,0.9496047496795654,-1.3331096172332764,0.3028544783592224,0.8218117952346802,-1.6980838775634766,0.640064537525177,1.4243096113204956,-0.09076123684644699,0.37657761573791504,1.4072120189666748,0.09468980878591537,0.6070693731307983,2.005192518234253,-0.3158424198627472,0.35194891691207886,1.9862868785858154,-0.0356629453599453,0.5976186990737915,2.5799241065979004,0.09225458651781082,0.3573280870914459,2.558187961578369,0.14556154608726501,0.6017882823944092,2.6669504642486572,0.09574654698371887,0.357819139957428,2.6409387588500977,0.1411776840686798,0.5546948909759521,2.7353971004486084,-0.515619158744812,0.3729724586009979,2.729085683822632,-0.47404080629348755,0,0,0,0,0,0,0,0,0,0,0,0,0,0,0,0,0,0,0,0,0,0,0,0,0,0,0,0,0,0,0,0,0,0,0,0,0,0,0,0,0,0,0,0,0,0,0,0,0,0,0,0,0,0,0,0,0,0,0,0,0,0,0,0,0,0,0,0,0,0,0,0,0,0,0,0,0,0,0,0,0,0,0,0,0,0,0,0,0,0,0,0,0,0,0,0,0,0,0,0,0,0,0,0,0,0,0,0,0,0,0,0,0,0,0,0,0,0,0,0,0,0,0,0,0,0,victory
0.5218449234962463,0.4037782549858093,-0.9996646046638489,0.5491582155227661,0.3526802659034729,-0.9353721737861633,0.5623509287834167,0.35589632391929626,-0.9356042742729187,0.5761157870292664,0.3588753938674927,-0.9355841875076294,0.5107220411300659,0.3421972990036011,-0.9205082654953003,0.49608340859413147,0.3388579189777374,-0.9205414056777954,0.4819420874118805,0.33624184131622314,-0.9209609031677246,0.6007779836654663,0.37872034311294556,-0.5024620294570923,0.4602418541908264,0.3610588312149048,-0.4333133101463318,0.540373682975769,0.46107199788093567,-0.843565821647644,0.4919885993003845,0.45466673374176025,-0.8240192532539368,0.7470067739486694,0.6756725907325745,-0.25857341289520264,0.3414251208305359,0.6651030778884888,-0.17361454665660858,0.8787339925765991,0.9901204705238342,-0.35813623666763306,0.18839570879936218,0.9578587412834167,-0.674574613571167,0.8263757824897766,1.3736624717712402,-0.8195672035217285,0.24192480742931366,0.7287086844444275,-1.783713698387146,0.8366011381149292,1.488753080368042,-0.9382704496383667,0.26766082644462585,0.6249935030937195,-2.0049076080322266,0.7873334884643555,1.4605677127838135,-1.0135445594787598,0.28138965368270874,0.5708332061767578,-1.9811456203460693,0.7721472978591919,1.421957015991211,-0.8647205233573914,0.29121845960617065,0.6147129535675049,-1.8072233200073242,0.6558929681777954,1.4239952564239502,-0.07843680679798126,0.38527926802635193,1.4078654050827026,0.08188331127166748,0.6386682391166687,2.020277261734009,-0.19405975937843323,0.37682023644447327,1.9915214776992798,-0.0589950866997242,0.632541835308075,2.5925283432006836,0.3456321954727173,0.38566574454307556,2.5620429515838623,0.21592862904071808,0.636391282081604,2.67852783203125,0.3584531843662262,0.38446736335754395,2.643773078918457,0.21543732285499573,0.5982941389083862,2.7373554706573486,-0.284841924905777,0.4084204137325287,2.7295339107513428,-0.4140040874481201,0,0,0,0,0,0,0,0,0,0,0,0,0,0,0,0,0,0,0,0,0,0,0,0,0,0,0,0,0,0,0,0,0,0,0,0,0,0,0,0,0,0,0,0,0,0,0,0,0,0,0,0,0,0,0,0,0,0,0,0,0,0,0,0,0,0,0,0,0,0,0,0,0,0,0,0,0,0,0,0,0,0,0,0,0,0,0,0,0,0,0,0,0,0,0,0,0,0,0,0,0,0,0,0,0,0,0,0,0,0,0,0,0,0,0,0,0,0,0,0,0,0,0,0,0,0,victory
0.5297812819480896,0.40465226769447327,-0.9619978666305542,0.5568703413009644,0.3568502962589264,-0.9010792970657349,0.5698275566101074,0.3596756160259247,-0.9012768864631653,0.5831314325332642,0.36253830790519714,-0.9012356996536255,0.5173924565315247,0.34592828154563904,-0.88200443983078,0.5018046498298645,0.34170103073120117,-0.8818359375,0.48751258850097656,0.3380460739135742,-0.8821929097175598,0.6055774092674255,0.3811280429363251,-0.4872197210788727,0.46426257491111755,0.3616621792316437,-0.3940909504890442,0.5485256314277649,0.4622703492641449,-0.8147164583206177,0.49812716245651245,0.45467889308929443,-0.7877554893493652,0.7566815614700317,0.6841216683387756,-0.2775387465953827,0.3498343825340271,0.665542483329773,-0.1609915792942047,0.8693071603775024,1.012161135673523,-0.36779141426086426,0.18720218539237976,0.9543081521987915,-0.6396628618240356,0.8469234704971313,1.4042456150054932,-0.793829619884491,0.24076494574546814,0.705418050289154,-1.6925458908081055,0.863512396812439,1.5135852098464966,-0.9166857004165649,0.2567633092403412,0.5972949862480164,-1.904783010482788,0.8112910389900208,1.485439658164978,-0.97478187084198,0.27341824769973755,0.5405813455581665,-1.8745626211166382,0.7926341891288757,1.4505534172058105,-0.8345538377761841,0.2882208824157715,0.5927994847297668,-1.7132322788238525,0.6691866517066956,1.4240540266036987,-0.08404223620891571,0.3897392451763153,1.408416748046875,0.08789055049419403,0.6493167281150818,2.0379111766815186,-0.09975095093250275,0.38575953245162964,2.008080005645752,0.01243397407233715,0.6384409666061401,2.6017990112304688,0.5391845703125,0.3918696939945221,2.5685226917266846,0.5040090084075928,0.642569899559021,2.6840627193450928,0.5624582767486572,0.38981688022613525,2.6454408168792725,0.5336774587631226,0.6008577942848206,2.7495532035827637,-0.07109961658716202,0.41489797830581665,2.739494562149048,-0.15411461889743805,0,0,0,0,0,0,0,0,0,0,0,0,0,0,0,0,0,0,0,0,0,0,0,0,0,0,0,0,0,0,0,0,0,0,0,0,0,0,0,0,0,0,0,0,0,0,0,0,0,0,0,0,0,0,0,0,0,0,0,0,0,0,0,0,0,0,0,0,0,0,0,0,0,0,0,0,0,0,0,0,0,0,0,0,0,0,0,0,0,0,0,0,0,0,0,0,0,0,0,0,0,0,0,0,0,0,0,0,0,0,0,0,0,0,0,0,0,0,0,0,0,0,0,0,0,0,victory
0.5816020965576172,0.40893909335136414,-0.9503664970397949,0.6134268045425415,0.3623453974723816,-0.8818046450614929,0.6282085180282593,0.36565351486206055,-0.8819011449813843,0.6423207521438599,0.3688291311264038,-0.8817623257637024,0.5718023180961609,0.34920233488082886,-0.8762300610542297,0.5571573972702026,0.34350115060806274,-0.8760939836502075,0.5431281328201294,0.33850350975990295,-0.87652188539505,0.6574920415878296,0.38728252053260803,-0.47253894805908203,0.5099840760231018,0.3613547682762146,-0.40722495317459106,0.5923389792442322,0.46819794178009033,-0.791739821434021,0.5485647916793823,0.45636025071144104,-0.7839775085449219,0.768792450428009,0.6852781176567078,-0.2120688408613205,0.36734285950660706,0.6551367044448853,-0.20112673938274384,0.8577016592025757,0.997968316078186,-0.23383769392967224,0.18665367364883423,0.9149088263511658,-0.7310982942581177,0.8755933046340942,1.356331706047058,-0.7046064734458923,0.23142719268798828,0.6488425135612488,-1.7841885089874268,0.9025241732597351,1.4571183919906616,-0.8146535754203796,0.2419283092021942,0.5440953969955444,-1.996978998184204,0.8614333271980286,1.4348646402359009,-0.8818694353103638,0.26570865511894226,0.4914821684360504,-1.970301866531372,0.8373708724975586,1.4041683673858643,-0.7523428201675415,0.2789885699748993,0.5358030796051025,-1.8028978109359741,0.6765783429145813,1.4168994426727295,-0.06621061265468597,0.3933504819869995,1.398206353187561,0.06971310824155807,0.6492524147033691,2.0361273288726807,-0.07011793553829193,0.38850563764572144,2.008476972579956,-0.02980000153183937,0.6335757970809937,2.5982859134674072,0.5184045433998108,0.38826149702072144,2.564391613006592,0.44216394424438477,0.6332627534866333,2.6798059940338135,0.5357694029808044,0.3792530596256256,2.6380465030670166,0.45076853036880493,0.5982910394668579,2.7503175735473633,-0.08704493194818497,0.4129090905189514,2.736876964569092,-0.26618510484695435,0,0,0,0,0,0,0,0,0,0,0,0,0,0,0,0,0,0,0,0,0,0,0,0,0,0,0,0,0,0,0,0,0,0,0,0,0,0,0,0,0,0,0,0,0,0,0,0,0,0,0,0,0,0,0,0,0,0,0,0,0,0,0,0.1981094628572464,0.6715851426124573,4.5262015646585496e-07,0.23142269253730774,0.6532648801803589,-0.02894066832959652,0.24843062460422516,0.6077198386192322,-0.04412084072828293,0.23369306325912476,0.5655166506767273,-0.05908607691526413,0.21214398741722107,0.5266169309616089,-0.07244903594255447,0.2686711251735687,0.5071359276771545,-0.023977911099791527,0.2958900034427643,0.4376477301120758,-0.048282310366630554,0.3106667995452881,0.3943905830383301,-0.0633959025144577,0.3216220736503601,0.35842061042785645,-0.0713750571012497,0.23491041362285614,0.4959558844566345,-0.0261545330286026,0.23580700159072876,0.4039779305458069,-0.05272039398550987,0.23369848728179932,0.3492872714996338,-0.0683303102850914,0.2307949662208557,0.3043777346611023,-0.07405250519514084,0.20176155865192413,0.5105089545249939,-0.0318758487701416,0.191770538687706,0.4840411841869354,-0.06825452297925949,0.20328781008720398,0.5273413062095642,-0.07679523527622223,0.2118120938539505,0.5571437478065491,-0.07120250165462494,0.17303860187530518,0.538702130317688,-0.03965306282043457,0.1749754548072815,0.5284249782562256,-0.06634407490491867,0.18715432286262512,0.5602369904518127,-0.06694059818983078,0.1958192139863968,0.5844153165817261,-0.059886474162340164,victory
0.5831741690635681,0.40869835019111633,-0.9871057271957397,0.6161933541297913,0.3618874251842499,-0.9293981790542603,0.630871057510376,0.3652099072933197,-0.9293926954269409,0.6449387669563293,0.36845576763153076,-0.9292523264884949,0.5755556225776672,0.3487200140953064,-0.9127427935600281,0.5612534880638123,0.3421865701675415,-0.912199854850769,0.5457863807678223,0.3359869718551636,-0.9124930500984192,0.6647258996963501,0.3874456286430359,-0.511268675327301,0.5178576111793518,0.35766157507896423,-0.421417236328125,0.5974776148796082,0.4681881070137024,-0.834764301776886,0.5501902103424072,0.45479121804237366,-0.8108835220336914,0.7759015560150146,0.6864830851554871,-0.2846835255622864,0.37664690613746643,0.6507866382598877,-0.20379874110221863,0.8590094447135925,0.9965234398841858,-0.35507309436798096,0.1811111867427826,0.9175034761428833,-0.7404468059539795,0.8908292651176453,1.4031517505645752,-0.8359233736991882,0.22174516320228577,0.672337532043457,-1.8179744482040405,0.9188974499702454,1.5099366903305054,-0.9680299758911133,0.21969079971313477,0.5614864826202393,-2.035550594329834,0.8725517988204956,1.4886049032211304,-1.012894868850708,0.2536223232746124,0.5026803016662598,-2.0058481693267822,0.8465795516967773,1.4563021659851074,-0.8763396143913269,0.27069470286369324,0.5518955588340759,-1.8388227224349976,0.6830114126205444,1.4247767925262451,-0.06925298273563385,0.39433008432388306,1.4008549451828003,0.07321051508188248,0.6476234793663025,2.047468662261963,0.031838662922382355,0.3865155875682831,2.0260424613952637,0.3093951344490051,0.6262334585189819,2.5999388694763184,0.7726471424102783,0.3713107109069824,2.5649211406707764,1.0496011972427368,0.6246185302734375,2.681736707687378,0.8074777722358704,0.3616926074028015,2.6419808864593506,1.1108702421188354,0.5819855332374573,2.752605676651001,0.1713843196630478,0.38468295335769653,2.7411985397338867,0.4148155152797699,0,0,0,0,0,0,0,0,0,0,0,0,0,0,0,0,0,0,0,0,0,0,0,0,0,0,0,0,0,0,0,0,0,0,0,0,0,0,0,0,0,0,0,0,0,0,0,0,0,0,0,0,0,0,0,0,0,0,0,0,0,0,0,0.20091502368450165,0.6776345372200012,5.45332511592278e-07,0.2344323694705963,0.6547514200210571,-0.02756078913807869,0.2478809356689453,0.6068840026855469,-0.042075783014297485,0.23171471059322357,0.5662161111831665,-0.05654837563633919,0.20925061404705048,0.530563235282898,-0.06929803639650345,0.2651768624782562,0.504359781742096,-0.021200476214289665,0.29425370693206787,0.43971702456474304,-0.04290943220257759,0.3100166916847229,0.3960002660751343,-0.05731877684593201,0.3205069601535797,0.35886213183403015,-0.06574701517820358,0.23231202363967896,0.49568983912467957,-0.0234985388815403,0.2357339709997177,0.4069620370864868,-0.047631312161684036,0.23520295321941376,0.3511422872543335,-0.06250333786010742,0.23153600096702576,0.3049773573875427,-0.06871198862791061,0.2003665566444397,0.5125457048416138,-0.029178302735090256,0.19126825034618378,0.4790424108505249,-0.06292375177145004,0.20257556438446045,0.5192816853523254,-0.07011664658784866,0.21029290556907654,0.5494865775108337,-0.06463819742202759,0.17293685674667358,0.5430670380592346,-0.03693852573633194,0.1763077825307846,0.522271454334259,-0.06209319829940796,0.18861103057861328,0.5505900382995605,-0.06227056309580803,0.1981303095817566,0.574129581451416,-0.05560348927974701,victory
0.5849515795707703,0.40903133153915405,-0.9926877021789551,0.6151357889175415,0.362856924533844,-0.9321098327636719,0.6289347410202026,0.3665899634361267,-0.9321154356002808,0.6421908736228943,0.3700198531150818,-0.9320149421691895,0.5767326951026917,0.3486348092556,-0.9208642244338989,0.5613159537315369,0.34200718998908997,-0.9203695058822632,0.5459426045417786,0.33524996042251587,-0.9207248687744141,0.6619688272476196,0.3879924416542053,-0.4982759356498718,0.5165252685546875,0.3546687066555023,-0.4338746666908264,0.6000640392303467,0.46887415647506714,-0.8344767689704895,0.5521338582038879,0.45462295413017273,-0.8173887133598328,0.7743890285491943,0.6880466938018799,-0.2678961753845215,0.3744357228279114,0.6490318775177002,-0.24524810910224915,0.8592778444290161,0.9950507283210754,-0.30982252955436707,0.17694300413131714,0.9158686995506287,-0.8180824518203735,0.8972607851028442,1.4053053855895996,-0.7723330855369568,0.212482288479805,0.6662309765815735,-1.899883508682251,0.9250125885009766,1.5142512321472168,-0.8924349546432495,0.20727840065956116,0.5686029195785522,-2.119642972946167,0.8789340257644653,1.4905880689620972,-0.9498509168624878,0.246102973818779,0.5026017427444458,-2.0902185440063477,0.85297691822052,1.4573715925216675,-0.8162164688110352,0.2633274495601654,0.5480444431304932,-1.9193998575210571,0.6869986057281494,1.4307167530059814,-0.06419745087623596,0.3934919536113739,1.4033211469650269,0.06809739768505096,0.6470199227333069,2.054699182510376,0.07276902347803116,0.38601553440093994,2.0372202396392822,0.2818000912666321,0.623811662197113,2.6008877754211426,0.7751302719116211,0.3589136004447937,2.5690648555755615,0.973954975605011,0.6218283772468567,2.6829402446746826,0.8065487146377563,0.3497885465621948,2.642305850982666,1.030305027961731,0.5766175985336304,2.757642984390259,0.1790454387664795,0.37489888072013855,2.752746820449829,0.3415256440639496,0,0,0,0,0,0,0,0,0,0,0,0,0,0,0,0,0,0,0,0,0,0,0,0,0,0,0,0,0,0,0,0,0,0,0,0,0,0,0,0,0,0,0,0,0,0,0,0,0,0,0,0,0,0,0,0,0,0,0,0,0,0,0,0.19717314839363098,0.6786302328109741,5.588084377450286e-07,0.23029276728630066,0.6564086675643921,-0.030161572620272636,0.24537022411823273,0.6090832352638245,-0.04535554721951485,0.23033340275287628,0.5665251612663269,-0.06000817194581032,0.2067580670118332,0.5301266312599182,-0.07272879779338837,0.266925573348999,0.5063186287879944,-0.02146027237176895,0.2945103943347931,0.4410482943058014,-0.043950971215963364,0.3099161684513092,0.39628779888153076,-0.05885281041264534,0.320728063583374,0.35872799158096313,-0.0672919750213623,0.23382706940174103,0.4960048794746399,-0.022004341706633568,0.23526836931705475,0.4075299799442291,-0.047519978135824203,0.23396490514278412,0.35053393244743347,-0.0634886771440506,0.23115253448486328,0.30299973487854004,-0.0699392631649971,0.2018461972475052,0.5109753608703613,-0.026169342920184135,0.1922568529844284,0.4818476438522339,-0.0614938847720623,0.2023504376411438,0.5231019258499146,-0.0699586272239685,0.20914149284362793,0.5536890029907227,-0.06463006883859634,0.17453184723854065,0.5389551520347595,-0.032584644854068756,0.17840886116027832,0.5232946276664734,-0.05918918550014496,0.1897856742143631,0.5556088089942932,-0.060223355889320374,0.19823482632637024,0.5816547870635986,-0.053553257137537,victory
0.6078460216522217,0.4074036180973053,-0.9724568128585815,0.6434116959571838,0.3624323010444641,-0.9089522361755371,0.658685564994812,0.36628150939941406,-0.908929169178009,0.6728211045265198,0.36973223090171814,-0.9088576436042786,0.6041387915611267,0.3437131643295288,-0.9031224250793457,0.5907190442085266,0.3348127007484436,-0.9026724100112915,0.5789989829063416,0.3249824643135071,-0.9030027389526367,0.6900008916854858,0.38840290904045105,-0.48767486214637756,0.5542253255844116,0.33759990334510803,-0.435344398021698,0.6180646419525146,0.4677203893661499,-0.8143946528434753,0.5748528242111206,0.45006269216537476,-0.8048824071884155,0.7820581197738647,0.6879249215126038,-0.22967281937599182,0.3917660415172577,0.6386905312538147,-0.2975073456764221,0.8687742352485657,0.994611918926239,-0.19206580519676208,0.2009640485048294,0.8959337472915649,-0.9515401124954224,0.93243408203125,1.3960909843444824,-0.5133882761001587,0.21389910578727722,0.6975567936897278,-2.0887551307678223,0.9665617942810059,1.5027847290039062,-0.6001781225204468,0.20278319716453552,0.5823677778244019,-2.308103084564209,0.9261245727539062,1.484539270401001,-0.6594151258468628,0.24773052334785461,0.5201332569122314,-2.299962043762207,0.8971610069274902,1.4539520740509033,-0.5542370080947876,0.265765905380249,0.5806448459625244,-2.117785930633545,0.6928106546401978,1.4317225217819214,-0.050496917217969894,0.3975880742073059,1.4039667844772339,0.05431133508682251,0.6485053896903992,2.0555217266082764,0.09086169302463531,0.38509243726730347,2.037900447845459,0.2679193317890167,0.6236717104911804,2.602121591567993,0.7599503993988037,0.3583737015724182,2.5724334716796875,0.9355939030647278,0.6217949986457825,2.683720827102661,0.7880783081054688,0.3490847051143646,2.64508056640625,0.9906900525093079,0.5763843655586243,2.758143663406372,0.17938879132270813,0.37610697746276855,2.7534561157226562,0.31463295221328735,0,0,0,0,0,0,0,0,0,0,0,0,0,0,0,0,0,0,0,0,0,0,0,0,0,0,0,0,0,0,0,0,0,0,0,0,0,0,0,0,0,0,0,0,0,0,0,0,0,0,0,0,0,0,0,0,0,0,0,0,0,0,0,0.190622478723526,0.7166775465011597,6.229531095414131e-07,0.22321757674217224,0.7028936743736267,-0.03613431751728058,0.23624864220619202,0.6582024693489075,-0.05317920818924904,0.21610583364963531,0.6146929860115051,-0.06799433380365372,0.18987634778022766,0.5803088545799255,-0.08163272589445114,0.2626775801181793,0.5518014430999756,-0.03259202837944031,0.29458630084991455,0.4752333462238312,-0.05700491741299629,0.3125585615634918,0.4247562289237976,-0.07056321203708649,0.3269176185131073,0.3829558491706848,-0.07668863981962204,0.22970964014530182,0.5373669862747192,-0.030256113037467003,0.23193207383155823,0.4363943338394165,-0.05781501531600952,0.232860267162323,0.3719797134399414,-0.07343842834234238,0.23418442904949188,0.3220432996749878,-0.07769139856100082,0.19643542170524597,0.548990786075592,-0.03158010169863701,0.17815981805324554,0.5240452289581299,-0.0726751834154129,0.1691398024559021,0.571791410446167,-0.08428483456373215,0.1643468141555786,0.6053417325019836,-0.07779625058174133,0.1675434708595276,0.5733828544616699,-0.034719038754701614,0.15681076049804688,0.5626633167266846,-0.0655776709318161,0.15305566787719727,0.6025705337524414,-0.06695624440908432,0.1510758250951767,0.6336491703987122,-0.05835501477122307,victory
0.6188861131668091,0.40739157795906067,-0.9607107043266296,0.6591284871101379,0.36233192682266235,-0.8932973146438599,0.6756405830383301,0.36687079071998596,-0.8932904005050659,0.6910794377326965,0.371465265750885,-0.8932218551635742,0.6192782521247864,0.34270089864730835,-0.8851125836372375,0.6072651147842407,0.3331007957458496,-0.8846811056137085,0.5959581732749939,0.32246777415275574,-0.8850568532943726,0.7120062708854675,0.39160072803497314,-0.4996054768562317,0.5758835077285767,0.3333379626274109,-0.41951465606689453,0.6303796768188477,0.4690677523612976,-0.8004428148269653,0.584993839263916,0.4497864842414856,-0.7938589453697205,0.8029058575630188,0.6903627514839172,-0.272504985332489,0.40353623032569885,0.6289485692977905,-0.24714243412017822,0.887459397315979,0.9962719082832336,-0.2851875424385071,0.23108990490436554,0.9034883975982666,-0.7894936800003052,0.9476031064987183,1.3978800773620605,-0.6494724154472351,0.21723148226737976,0.7055862545967102,-1.9046297073364258,0.9832428097724915,1.5031918287277222,-0.7582272291183472,0.19371965527534485,0.6114341616630554,-2.1218502521514893,0.9398094415664673,1.4815322160720825,-0.8125075101852417,0.24024152755737305,0.5432218313217163,-2.112536668777466,0.9101431965827942,1.4498573541641235,-0.6899959444999695,0.2620333731174469,0.5889580249786377,-1.9351861476898193,0.6965664625167847,1.4393327236175537,-0.0559590645134449,0.4004111886024475,1.4042681455612183,0.05998217314481735,0.6496304273605347,2.0657083988189697,0.0901455208659172,0.38547617197036743,2.039794445037842,0.2996622920036316,0.6233683228492737,2.6060941219329834,0.7668742537498474,0.35754674673080444,2.5744307041168213,0.9695549011230469,0.621691882610321,2.6854023933410645,0.7967466115951538,0.34746769070625305,2.647569179534912,1.0244605541229248,0.5707971453666687,2.7689743041992188,0.19713781774044037,0.3764815926551819,2.7592086791992188,0.3719210922718048,0,0,0,0,0,0,0,0,0,0,0,0,0,0,0,0,0,0,0,0,0,0,0,0,0,0,0,0,0,0,0,0,0,0,0,0,0,0,0,0,0,0,0,0,0,0,0,0,0,0,0,0,0,0,0,0,0,0,0,0,0,0,0,0.18112421035766602,0.7467638254165649,6.862179589006701e-07,0.21643613278865814,0.731360912322998,-0.03666013851761818,0.23241035640239716,0.6794937252998352,-0.053100913763046265,0.19961321353912354,0.6378556489944458,-0.06743726134300232,0.16348965466022491,0.6026378273963928,-0.07999113202095032,0.24954602122306824,0.5591657757759094,-0.027879958972334862,0.280367910861969,0.4831528067588806,-0.052445050328969955,0.2994132339954376,0.43403172492980957,-0.06714379787445068,0.31311535835266113,0.3917278051376343,-0.0746869146823883,0.21154797077178955,0.5437595844268799,-0.02734203077852726,0.2113213837146759,0.4441232979297638,-0.05425707623362541,0.21261459589004517,0.3803810477256775,-0.0707462951540947,0.21361315250396729,0.3288552761077881,-0.07631277292966843,0.17649762332439423,0.559420645236969,-0.031098168343305588,0.15417051315307617,0.5409729480743408,-0.07285979390144348,0.15440651774406433,0.5915310382843018,-0.08604157716035843,0.15772920846939087,0.6268993616104126,-0.0809747651219368,0.14663203060626984,0.5916353464126587,-0.03712036833167076,0.13073942065238953,0.5938834547996521,-0.07033728063106537,0.13706433773040771,0.634545087814331,-0.0748104676604271,0.14562106132507324,0.663424551486969,-0.0683901309967041,victory
0.626579999923706,0.41110196709632874,-0.9291955828666687,0.6665235757827759,0.3670295178890228,-0.8735102415084839,0.681221067905426,0.37255600094795227,-0.8735844492912292,0.6968673467636108,0.37797069549560547,-0.8736850023269653,0.6268901228904724,0.344104140996933,-0.8683183789253235,0.6140836477279663,0.33335256576538086,-0.867874264717102,0.5995182991027832,0.3227628469467163,-0.8681092262268066,0.7163838148117065,0.39753320813179016,-0.4884950518608093,0.5719740986824036,0.33286553621292114,-0.4122253358364105,0.6370822191238403,0.47357431054115295,-0.776920735836029,0.5906065702438354,0.45024222135543823,-0.770335853099823,0.8046578168869019,0.6902462244033813,-0.26630517840385437,0.40007439255714417,0.6281918883323669,-0.2293071299791336,0.8910710215568542,0.9956993460655212,-0.24702131748199463,0.24021919071674347,0.9067229628562927,-0.7759007215499878,0.9503822326660156,1.3829180002212524,-0.5883944630622864,0.215818852186203,0.7146495580673218,-1.9034563302993774,0.9839552640914917,1.485439658164978,-0.6914248466491699,0.1894390732049942,0.6174570322036743,-2.122786045074463,0.9426474571228027,1.4616273641586304,-0.7518965005874634,0.2368655949831009,0.547439694404602,-2.1152329444885254,0.9142136573791504,1.4315598011016846,-0.6311127543449402,0.25718945264816284,0.5880597829818726,-1.9355310201644897,0.6982879042625427,1.439376711845398,-0.05281976982951164,0.40075555443763733,1.4047809839248657,0.056965261697769165,0.6526651382446289,2.065840482711792,0.08894114196300507,0.3880024254322052,2.040649652481079,0.30966201424598694,0.625724196434021,2.6066339015960693,0.7528921365737915,0.3617759644985199,2.5760481357574463,0.9955407977104187,0.6241399049758911,2.685981512069702,0.7818488478660583,0.35090458393096924,2.6484153270721436,1.0530418157577515,0.5743412375450134,2.770491123199463,0.18390515446662903,0.3862251937389374,2.7609152793884277,0.4067685008049011,0,0,0,0,0,0,0,0,0,0,0,0,0,0,0,0,0,0,0,0,0,0,0,0,0,0,0,0,0,0,0,0,0,0,0,0,0,0,0,0,0,0,0,0,0,0,0,0,0,0,0,0,0,0,0,0,0,0,0,0,0,0,0,0.1818871796131134,0.7526362538337708,6.824471938671195e-07,0.2158365696668625,0.7272883057594299,-0.034282151609659195,0.22655338048934937,0.6741751432418823,-0.049908798187971115,0.19589106738567352,0.6343700885772705,-0.06388571113348007,0.16100159287452698,0.5998210310935974,-0.0760975331068039,0.24976174533367157,0.558571457862854,-0.025832580402493477,0.2816743850708008,0.48429152369499207,-0.04936965927481651,0.3005490303039551,0.4344986081123352,-0.06381582468748093,0.313439279794693,0.391647070646286,-0.07142578810453415,0.212903693318367,0.5455611348152161,-0.0250176340341568,0.21477149426937103,0.44525468349456787,-0.05096202716231346,0.21427235007286072,0.3796970248222351,-0.0672157034277916,0.21335098147392273,0.3265402317047119,-0.07292371988296509,0.1784924864768982,0.5640833973884583,-0.028027992695569992,0.15786747634410858,0.5336606502532959,-0.06751648336648941,0.156642347574234,0.5773214101791382,-0.08006972074508667,0.15757663547992706,0.6121016144752502,-0.07529474794864655,0.15156906843185425,0.5982751846313477,-0.03319714590907097,0.1369851976633072,0.5937404036521912,-0.06555158644914627,0.1407022625207901,0.6288605332374573,-0.07047393172979355,0.14619436860084534,0.6582134366035461,-0.0645638182759285,victory
0.6311565637588501,0.4154312014579773,-0.9364107847213745,0.6708510518074036,0.3718491196632385,-0.88145911693573,0.6853357553482056,0.37785640358924866,-0.8816321492195129,0.7007195949554443,0.3838615119457245,-0.8817622065544128,0.6316689252853394,0.34695160388946533,-0.8745633363723755,0.6181665658950806,0.3350100517272949,-0.8740348815917969,0.6035515069961548,0.323446661233902,-0.8742904663085938,0.7194387316703796,0.4030536413192749,-0.48626574873924255,0.5747088193893433,0.3337422311306,-0.40859276056289673,0.6414380669593811,0.47760269045829773,-0.7790926098823547,0.593584418296814,0.45092642307281494,-0.7692499160766602,0.8028395771980286,0.6900224089622498,-0.22487249970436096,0.40179792046546936,0.6265496611595154,-0.21927933394908905,0.890712559223175,0.9953810572624207,-0.15263517200946808,0.2420773059129715,0.9067962169647217,-0.763364851474762,0.9440163373947144,1.372089147567749,-0.47248682379722595,0.2143193930387497,0.7151153683662415,-1.962133765220642,0.9708526730537415,1.4764024019241333,-0.563750684261322,0.18602536618709564,0.6174283623695374,-2.1831164360046387,0.933356761932373,1.448346734046936,-0.6269456148147583,0.23354430496692657,0.5485314130783081,-2.1903605461120605,0.9071680903434753,1.4178179502487183,-0.5143319964408875,0.2531600892543793,0.5916170477867126,-1.9987531900405884,0.697034478187561,1.4365400075912476,-0.05510479956865311,0.40055418014526367,1.402600884437561,0.05931851267814636,0.6536404490470886,2.0616495609283447,0.05366608500480652,0.38763663172721863,2.0371363162994385,0.3003314733505249,0.6250878572463989,2.6056630611419678,0.6729480028152466,0.36054152250289917,2.574418306350708,0.9941002130508423,0.6228772401809692,2.6832735538482666,0.6983523964881897,0.3496093451976776,2.645475149154663,1.0517597198486328,0.5735833644866943,2.7711477279663086,0.11980997025966644,0.38361406326293945,2.758666753768921,0.37058016657829285,0,0,0,0,0,0,0,0,0,0,0,0,0,0,0,0,0,0,0,0,0,0,0,0,0,0,0,0,0,0,0,0,0,0,0,0,0,0,0,0,0,0,0,0,0,0,0,0,0,0,0,0,0,0,0,0,0,0,0,0,0,0,0,0.17984598875045776,0.7447390556335449,6.81249218814628e-07,0.21432384848594666,0.7235027551651001,-0.0356268510222435,0.22652947902679443,0.671472430229187,-0.052610140293836594,0.19802334904670715,0.630170464515686,-0.06847943365573883,0.16104355454444885,0.592096209526062,-0.08254358172416687,0.2503798305988312,0.5507449507713318,-0.024616751819849014,0.2815084159374237,0.47534996271133423,-0.04995609447360039,0.30002331733703613,0.42559534311294556,-0.06611862033605576,0.313355952501297,0.38160109519958496,-0.07501185685396194,0.21287310123443604,0.5331627130508423,-0.024180646985769272,0.21271461248397827,0.43745627999305725,-0.052874717861413956,0.20969818532466888,0.3739422559738159,-0.07081437855958939,0.20669445395469666,0.32004594802856445,-0.07752887904644012,0.17774109542369843,0.5458781123161316,-0.027920277789235115,0.15739715099334717,0.5215463042259216,-0.07016323506832123,0.15966416895389557,0.5791902542114258,-0.08105222135782242,0.1641160547733307,0.6216626167297363,-0.0744464173913002,0.1490548998117447,0.5761297345161438,-0.03414616733789444,0.1342032104730606,0.5750156044960022,-0.06763289868831635,0.13967406749725342,0.6194814443588257,-0.07085663825273514,0.14794188737869263,0.6544768810272217,-0.06335713714361191,victory
0.6345556378364563,0.41531434655189514,-0.9351204037666321,0.671999454498291,0.3714880049228668,-0.8823074102401733,0.6865028738975525,0.3775304853916168,-0.8824655413627625,0.7012956738471985,0.38344594836235046,-0.8826043009757996,0.6338474750518799,0.3466232717037201,-0.8732917904853821,0.6199508309364319,0.33436140418052673,-0.8727601766586304,0.6060562133789062,0.32281672954559326,-0.8730548024177551,0.7204586863517761,0.40263041853904724,-0.4796583652496338,0.5793619155883789,0.33299675583839417,-0.4064106047153473,0.6463308334350586,0.47741514444351196,-0.7786499857902527,0.5979436039924622,0.4498594105243683,-0.7663169503211975,0.8034429550170898,0.6895294189453125,-0.20846092700958252,0.4097684323787689,0.622353196144104,-0.21909065544605255,0.8908926248550415,0.9869104027748108,-0.1304636299610138,0.24585144221782684,0.8991428017616272,-0.786842942237854,0.9485684633255005,1.3639628887176514,-0.43275707960128784,0.21486994624137878,0.702338457107544,-1.974907636642456,0.975284218788147,1.4691098928451538,-0.5148836374282837,0.1862047016620636,0.6030892729759216,-2.194619655609131,0.9410770535469055,1.4433937072753906,-0.5792128443717957,0.23367524147033691,0.5367680788040161,-2.196223735809326,0.9153099060058594,1.4124104976654053,-0.4743104875087738,0.25320589542388916,0.5833570957183838,-2.008117198944092,0.697128415107727,1.4304182529449463,-0.05571439117193222,0.40080127120018005,1.3945510387420654,0.05979983136057854,0.6550976037979126,2.0515291690826416,0.04005921632051468,0.38762176036834717,2.0263586044311523,0.31240254640579224,0.6249182820320129,2.5978705883026123,0.6771343946456909,0.35895854234695435,2.5659146308898926,1.0265382528305054,0.6227990984916687,2.673583507537842,0.7026235461235046,0.3478815257549286,2.6358633041381836,1.086593508720398,0.573231041431427,2.769160270690918,0.086738720536232,0.3819741904735565,2.751124382019043,0.4069076478481293,0,0,0,0,0,0,0,0,0,0,0,0,0,0,0,0,0,0,0,0,0,0,0,0,0,0,0,0,0,0,0,0,0,0,0,0,0,0,0,0,0,0,0,0,0,0,0,0,0,0,0,0,0,0,0,0,0,0,0,0,0,0,0,0.180699422955513,0.7478529214859009,6.744670599800884e-07,0.21399345993995667,0.7271410822868347,-0.038117196410894394,0.22545434534549713,0.6750977039337158,-0.05634896829724312,0.19653962552547455,0.6313972473144531,-0.07277194410562515,0.16044524312019348,0.5914132595062256,-0.08709105849266052,0.2504047453403473,0.5524265766143799,-0.027014436200261116,0.28087732195854187,0.47737205028533936,-0.05261325463652611,0.29890474677085876,0.4267023205757141,-0.06874336302280426,0.31133872270584106,0.3822554647922516,-0.07745733857154846,0.2133384793996811,0.5357464551925659,-0.024832552298903465,0.21417689323425293,0.43907955288887024,-0.05405821651220322,0.21151240170001984,0.3743515610694885,-0.07156558334827423,0.20817257463932037,0.3195011615753174,-0.0776040330529213,0.17808686196804047,0.5488486886024475,-0.02695026807487011,0.15716345608234406,0.5216593146324158,-0.06949956715106964,0.15787780284881592,0.5764126777648926,-0.08008912950754166,0.1607641577720642,0.6168764233589172,-0.07285051792860031,0.1495094895362854,0.5782024264335632,-0.03169506415724754,0.13472867012023926,0.5740760564804077,-0.06521013379096985,0.1391565203666687,0.616956889629364,-0.06836128979921341,0.1463194191455841,0.6508471369743347,-0.06052467226982117,victory
0.628035843372345,0.41513118147850037,-0.934860348701477,0.6635833382606506,0.371412068605423,-0.8820143938064575,0.6781753301620483,0.37721264362335205,-0.8821408152580261,0.6930719017982483,0.3829227685928345,-0.8822388648986816,0.6250745058059692,0.3456471562385559,-0.8735866546630859,0.6110063791275024,0.3332568109035492,-0.8731058835983276,0.5963482856750488,0.3218907117843628,-0.8734199404716492,0.7140525579452515,0.40242892503738403,-0.47612351179122925,0.569886326789856,0.33192405104637146,-0.41118961572647095,0.6411799788475037,0.47773173451423645,-0.7785078287124634,0.5901642441749573,0.44989293813705444,-0.7661844491958618,0.8030503988265991,0.6893922090530396,-0.20882758498191833,0.4055527150630951,0.6217600703239441,-0.2453625500202179,0.8905800580978394,0.9859606623649597,-0.17289547622203827,0.2453536093235016,0.8944025635719299,-0.8542095422744751,0.9463760256767273,1.390159249305725,-0.5046390891075134,0.21312618255615234,0.7086006999015808,-2.0692763328552246,0.9731103777885437,1.5043830871582031,-0.5956260561943054,0.1808258295059204,0.6165579557418823,-2.296967029571533,0.9357422590255737,1.4799752235412598,-0.6530411243438721,0.22836586833000183,0.5574731230735779,-2.2992615699768066,0.9101991653442383,1.4457927942276,-0.5448443293571472,0.25019603967666626,0.5983434319496155,-2.104027271270752,0.7004626393318176,1.4312773942947388,-0.05449683591723442,0.400993674993515,1.3948620557785034,0.05850721150636673,0.6585798263549805,2.051663637161255,0.1135822981595993,0.3893345892429352,2.026780366897583,0.38366398215293884,0.6294437050819397,2.598489999771118,0.8069326281547546,0.3635489046573639,2.5668022632598877,1.1653754711151123,0.6270220875740051,2.6746647357940674,0.8386796116828918,0.3530476689338684,2.6365725994110107,1.233278512954712,0.5791949033737183,2.769484043121338,0.22322671115398407,0.39208072423934937,2.7520341873168945,0.5732113718986511,0,0,0,0,0,0,0,0,0,0,0,0,0,0,0,0,0,0,0,0,0,0,0,0,0,0,0,0,0,0,0,0,0,0,0,0,0,0,0,0,0,0,0,0,0,0,0,0,0,0,0,0,0,0,0,0,0,0,0,0,0,0,0,0.1743270754814148,0.7459526062011719,6.468348487942421e-07,0.20748941600322723,0.7204428911209106,-0.031728558242321014,0.2163495123386383,0.6703137159347534,-0.04704838991165161,0.18907752633094788,0.6322934031486511,-0.0618910975754261,0.15482507646083832,0.5966981649398804,-0.0750921219587326,0.23708313703536987,0.550455629825592,-0.02277594991028309,0.26846760511398315,0.47711610794067383,-0.046147141605615616,0.2876499891281128,0.4282480776309967,-0.06111956015229225,0.30121344327926636,0.38705581426620483,-0.06906189769506454,0.20091207325458527,0.5380182266235352,-0.02379658631980419,0.19907376170158386,0.43982285261154175,-0.04791789501905441,0.19919663667678833,0.377933144569397,-0.06285989284515381,0.19854103028774261,0.3279001712799072,-0.06855030357837677,0.16708573698997498,0.5570389032363892,-0.028884051367640495,0.1482618898153305,0.5283740758895874,-0.06506005674600601,0.15369781851768494,0.5727498531341553,-0.07593360543251038,0.15950018167495728,0.6067219376564026,-0.07144053280353546,0.14057959616184235,0.591580867767334,-0.03639810532331467,0.13014401495456696,0.5847905278205872,-0.06507338583469391,0.13716518878936768,0.6201124787330627,-0.06836580485105515,0.14501534402370453,0.6505163311958313,-0.062483955174684525,victory
0.6250704526901245,0.4139239490032196,-0.8973321914672852,0.6596006155014038,0.3704664409160614,-0.8516210317611694,0.6739002466201782,0.37632623314857483,-0.8516627550125122,0.6888591647148132,0.3823358714580536,-0.8517009615898132,0.6202752590179443,0.3447491526603699,-0.8398542404174805,0.6058439016342163,0.3326428532600403,-0.8394341468811035,0.5910252928733826,0.3216214179992676,-0.8397771120071411,0.710516631603241,0.4023478329181671,-0.4683878421783447,0.565405547618866,0.3321285843849182,-0.3962043523788452,0.6394005417823792,0.4774841368198395,-0.751634955406189,0.5866671800613403,0.44963976740837097,-0.7341886758804321,0.8052590489387512,0.6908685564994812,-0.20963875949382782,0.4036000370979309,0.6223379969596863,-0.23893041908740997,0.8917347192764282,0.9882580041885376,-0.20635518431663513,0.24597224593162537,0.8956001400947571,-0.8385213613510132,0.9457656145095825,1.4094411134719849,-0.5411044955253601,0.21253924071788788,0.7099040746688843,-2.0149309635162354,0.9751406908035278,1.5229661464691162,-0.6341837644577026,0.1778160035610199,0.6184467077255249,-2.2351267337799072,0.9358002543449402,1.5008987188339233,-0.6874266862869263,0.22621671855449677,0.5616973042488098,-2.2333972454071045,0.9089453816413879,1.4661602973937988,-0.5802196860313416,0.2490433007478714,0.6026151180267334,-2.048428535461426,0.7030361890792847,1.433719277381897,-0.053923655301332474,0.4014255404472351,1.3969897031784058,0.05797640606760979,0.6617885231971741,2.0539581775665283,0.10809771716594696,0.39094099402427673,2.0306315422058105,0.3969274163246155,0.6349869966506958,2.6008119583129883,0.7892057299613953,0.3691556751728058,2.5680742263793945,1.1659913063049316,0.6332553625106812,2.678271770477295,0.8207257390022278,0.3592260777950287,2.6374716758728027,1.2336008548736572,0.5853499174118042,2.7748866081237793,0.21802310645580292,0.40094447135925293,2.758328914642334,0.5915242433547974,0,0,0,0,0,0,0,0,0,0,0,0,0,0,0,0,0,0,0,0,0,0,0,0,0,0,0,0,0,0,0,0,0,0,0,0,0,0,0,0,0,0,0,0,0,0,0,0,0,0,0,0,0,0,0,0,0,0,0,0,0,0,0,0.17551037669181824,0.746560275554657,6.172004418658616e-07,0.20877379179000854,0.7191721200942993,-0.02953210659325123,0.21693938970565796,0.6681697368621826,-0.044319771230220795,0.18944355845451355,0.6306642293930054,-0.05875963717699051,0.15516766905784607,0.5970981121063232,-0.07161496579647064,0.23782166838645935,0.5503791570663452,-0.021837713196873665,0.26881349086761475,0.4778538644313812,-0.0444524884223938,0.28667086362838745,0.42894235253334045,-0.059117816388607025,0.29827409982681274,0.38800543546676636,-0.0670413225889206,0.20172913372516632,0.5380237102508545,-0.023403136059641838,0.2012152224779129,0.44072723388671875,-0.04718409851193428,0.19954706728458405,0.37883058190345764,-0.062083251774311066,0.1966131180524826,0.32803401350975037,-0.06787800788879395,0.16805125772953033,0.5566806197166443,-0.02851918712258339,0.15081220865249634,0.5232753753662109,-0.06271623075008392,0.15909308195114136,0.5656983852386475,-0.07186924666166306,0.1669081300497055,0.5992408394813538,-0.06684563308954239,0.14112310111522675,0.5911657810211182,-0.035905640572309494,0.1324637234210968,0.5787473320960999,-0.06232735142111778,0.14111410081386566,0.6109040975570679,-0.06378941237926483,0.15026527643203735,0.6397348642349243,-0.05701734498143196,victory
0.6239079236984253,0.4138525128364563,-0.8510035276412964,0.657532811164856,0.37033095955848694,-0.8159893751144409,0.6717251539230347,0.3762234151363373,-0.8159400820732117,0.6871798038482666,0.3821597993373871,-0.8159948587417603,0.6166754961013794,0.34471169114112854,-0.7951084971427917,0.6018078327178955,0.33266207575798035,-0.7946687936782837,0.5879443287849426,0.32170432806015015,-0.7950201034545898,0.7066712379455566,0.40209048986434937,-0.4641585946083069,0.5619282722473145,0.3322966694831848,-0.35340800881385803,0.6360102891921997,0.47791168093681335,-0.7162947654724121,0.5840234756469727,0.45032188296318054,-0.6858197450637817,0.8042603731155396,0.6937723755836487,-0.2112010419368744,0.4019027650356293,0.6229485869407654,-0.22978687286376953,0.8916035890579224,0.9955757856369019,-0.22087237238883972,0.2454112321138382,0.8901731371879578,-0.8133623003959656,0.9412743449211121,1.4168518781661987,-0.522855818271637,0.2023133933544159,0.6960022449493408,-1.9645106792449951,0.9719951748847961,1.5303077697753906,-0.6052029728889465,0.1635044664144516,0.5971820950508118,-2.177551746368408,0.932608962059021,1.508690595626831,-0.6508067846298218,0.2134934663772583,0.5502575635910034,-2.1730077266693115,0.9056810140609741,1.473682165145874,-0.557402491569519,0.2379041612148285,0.5921451449394226,-1.9956337213516235,0.6990649104118347,1.4386131763458252,-0.05270800739526749,0.3946431279182434,1.3979383707046509,0.05672723054885864,0.6538183093070984,2.059021234512329,0.11290882527828217,0.381391316652298,2.0323028564453125,0.38652610778808594,0.6229292154312134,2.604377031326294,0.7765913605690002,0.35314902663230896,2.5700113773345947,1.1185271739959717,0.6219494342803955,2.6822564601898193,0.8076149821281433,0.3425765633583069,2.6394529342651367,1.1827141046524048,0.5688663721084595,2.780383348464966,0.2192576676607132,0.3839133381843567,2.76501202583313,0.5501368641853333,0,0,0,0,0,0,0,0,0,0,0,0,0,0,0,0,0,0,0,0,0,0,0,0,0,0,0,0,0,0,0,0,0,0,0,0,0,0,0,0,0,0,0,0,0,0,0,0,0,0,0,0,0,0,0,0,0,0,0,0,0,0,0,0.15983781218528748,0.7541606426239014,6.276766271184897e-07,0.19257602095603943,0.7260503768920898,-0.032770074903964996,0.20156224071979523,0.6736404895782471,-0.04883301258087158,0.17178009450435638,0.6338677406311035,-0.06369290500879288,0.13738340139389038,0.5998746752738953,-0.07681654393672943,0.2212265133857727,0.5512467622756958,-0.023678896948695183,0.24769461154937744,0.47814324498176575,-0.0459732711315155,0.2638302445411682,0.42934954166412354,-0.06148878112435341,0.27623069286346436,0.3876664936542511,-0.0708325058221817,0.18511345982551575,0.5382634401321411,-0.02373962476849556,0.1820615530014038,0.4422938823699951,-0.047509320080280304,0.17873704433441162,0.3805476427078247,-0.06418287009000778,0.17636315524578094,0.3303336501121521,-0.07216359674930573,0.15184564888477325,0.5559681057929993,-0.027524610981345177,0.1309584677219391,0.5200383067131042,-0.06190948188304901,0.1335991621017456,0.5615084767341614,-0.07286892086267471,0.13772274553775787,0.5953046679496765,-0.0699637159705162,0.12516525387763977,0.5903041958808899,-0.03382715955376625,0.11485815793275833,0.5763245820999146,-0.06152015179395676,0.12365066260099411,0.6107506155967712,-0.06482595205307007,0.13361023366451263,0.6408126950263977,-0.05980449914932251,victory
0.6199469566345215,0.4144717752933502,-0.8258153200149536,0.6566475629806519,0.370231568813324,-0.7937089800834656,0.6702136993408203,0.37620434165000916,-0.7936425805091858,0.6860044002532959,0.3822655975818634,-0.7936497330665588,0.612331211566925,0.34504610300064087,-0.7682164907455444,0.5972618460655212,0.3333597481250763,-0.7677450776100159,0.5836238265037537,0.3223716914653778,-0.7680482864379883,0.7042738199234009,0.4027063250541687,-0.4585176408290863,0.5597258806228638,0.3323653042316437,-0.3240950107574463,0.6348206400871277,0.4803169071674347,-0.6967509388923645,0.5784363150596619,0.45429059863090515,-0.6601418256759644,0.8036195635795593,0.6988365054130554,-0.2160680592060089,0.4006721079349518,0.6234073638916016,-0.2030419558286667,0.8910271525382996,1.0038114786148071,-0.22914402186870575,0.24398839473724365,0.8886057734489441,-0.8092296719551086,0.9261723756790161,1.4269682168960571,-0.5108254551887512,0.19708791375160217,0.689300537109375,-1.9629456996917725,0.9549662470817566,1.539009928703308,-0.5885111093521118,0.15655820071697235,0.5882241725921631,-2.154633045196533,0.9158836603164673,1.5171023607254028,-0.629950225353241,0.20612302422523499,0.5413211584091187,-2.137619733810425,0.8895407915115356,1.481796383857727,-0.5430386066436768,0.23184669017791748,0.5845755338668823,-1.985660195350647,0.6929278373718262,1.44016695022583,-0.053435105830430984,0.38937103748321533,1.3985012769699097,0.057443708181381226,0.6446847319602966,2.061345100402832,0.09469615668058395,0.3749288320541382,2.03248929977417,0.3667137026786804,0.6113573908805847,2.6059582233428955,0.7476125359535217,0.34398704767227173,2.5711069107055664,1.0671062469482422,0.6115874648094177,2.683170795440674,0.7772482633590698,0.3332073986530304,2.640021324157715,1.1277884244918823,0.555072009563446,2.7824902534484863,0.18960845470428467,0.3718363046646118,2.7676663398742676,0.4942799210548401,0,0,0,0,0,0,0,0,0,0,0,0,0,0,0,0,0,0,0,0,0,0,0,0,0,0,0,0,0,0,0,0,0,0,0,0,0,0,0,0,0,0,0,0,0,0,0,0,0,0,0,0,0,0,0,0,0,0,0,0,0,0,0,0.15866275131702423,0.7549521327018738,6.420469844670151e-07,0.1913612335920334,0.7295980453491211,-0.03533003479242325,0.20067629218101501,0.6775622367858887,-0.052948787808418274,0.17060601711273193,0.6354301571846008,-0.06899609416723251,0.13439439237117767,0.5981462001800537,-0.08291156589984894,0.22236588597297668,0.5546180605888367,-0.025922231376171112,0.24849474430084229,0.4800138771533966,-0.050046809017658234,0.2650160789489746,0.430244505405426,-0.06616681814193726,0.2767757177352905,0.38758689165115356,-0.07540257275104523,0.1856554001569748,0.5401564836502075,-0.024997860193252563,0.18266448378562927,0.44299885630607605,-0.050746068358421326,0.1797669678926468,0.38127800822257996,-0.06687630712985992,0.17629371583461761,0.3292718529701233,-0.07347744703292847,0.15203796327114105,0.5566340684890747,-0.028243202716112137,0.12898242473602295,0.5246583223342896,-0.06527548283338547,0.13391472399234772,0.571138322353363,-0.07517443597316742,0.13987955451011658,0.6065518260002136,-0.07023391872644424,0.12530992925167084,0.5892117619514465,-0.034255146980285645,0.11264538764953613,0.5756988525390625,-0.06363865733146667,0.12029202282428741,0.6131613850593567,-0.0663667619228363,0.12992024421691895,0.6440126299858093,-0.06016185134649277,victory
0.6168860197067261,0.41755932569503784,-0.8432798385620117,0.6560791730880737,0.3726765811443329,-0.8036447763442993,0.6692063808441162,0.37896543741226196,-0.8036295771598816,0.6854580640792847,0.3851962387561798,-0.803615927696228,0.6089945435523987,0.34785524010658264,-0.7836676836013794,0.5934776067733765,0.3371228575706482,-0.7831984162330627,0.5795584917068481,0.3262421786785126,-0.7835084795951843,0.7029343247413635,0.4045473337173462,-0.45854663848876953,0.55860835313797,0.3337920010089874,-0.3320229649543762,0.6337495446205139,0.4846751391887665,-0.7079975605010986,0.5757666230201721,0.46106570959091187,-0.6766146421432495,0.8027567863464355,0.7005437612533569,-0.21766209602355957,0.40032607316970825,0.6252084374427795,-0.1948401927947998,0.8865604400634766,1.0034524202346802,-0.2317744940519333,0.24354231357574463,0.8824724555015564,-0.8009044528007507,0.9078027009963989,1.418751835823059,-0.5290772914886475,0.19100219011306763,0.6866207718849182,-1.944907546043396,0.9321054220199585,1.5284302234649658,-0.6115223169326782,0.14979615807533264,0.585932731628418,-2.1495299339294434,0.894350528717041,1.5067001581192017,-0.65451979637146,0.19661268591880798,0.5403045415878296,-2.1426243782043457,0.8697582483291626,1.4723906517028809,-0.5625538229942322,0.22258058190345764,0.5825004577636719,-1.974013328552246,0.6914780735969543,1.439808964729309,-0.055171091109514236,0.38902172446250916,1.398794174194336,0.059061694890260696,0.6436176896095276,2.061184883117676,0.09114189445972443,0.37420687079429626,2.0327184200286865,0.3799416720867157,0.6117820739746094,2.6061437129974365,0.7532294988632202,0.34498292207717896,2.572913408279419,1.0994794368743896,0.6122281551361084,2.683397054672241,0.7842682600021362,0.33480995893478394,2.641066789627075,1.1618348360061646,0.5565248727798462,2.7824277877807617,0.18829116225242615,0.3722831606864929,2.7695412635803223,0.5108629465103149,0,0,0,0,0,0,0,0,0,0,0,0,0,0,0,0,0,0,0,0,0,0,0,0,0,0,0,0,0,0,0,0,0,0,0,0,0,0,0,0,0,0,0,0,0,0,0,0,0,0,0,0,0,0,0,0,0,0,0,0,0,0,0,0.15791931748390198,0.7522693276405334,6.428675192182709e-07,0.19100196659564972,0.7271920442581177,-0.034186866134405136,0.2003624588251114,0.6737303733825684,-0.05141143128275871,0.16802719235420227,0.6324805617332458,-0.06759338080883026,0.1291915774345398,0.5961127877235413,-0.08180423080921173,0.2180785834789276,0.5505055785179138,-0.024308009073138237,0.2440483272075653,0.47781360149383545,-0.048635583370923996,0.2601809501647949,0.4286348819732666,-0.06498591601848602,0.27208375930786133,0.3855685889720917,-0.07464704662561417,0.17990544438362122,0.5351755619049072,-0.024797022342681885,0.1756197065114975,0.4400654733181,-0.051286619156599045,0.17232726514339447,0.37899813055992126,-0.06781157106161118,0.16914275288581848,0.32645338773727417,-0.07472879439592361,0.14514076709747314,0.5513851642608643,-0.029335228726267815,0.12496070563793182,0.5208120942115784,-0.06780137121677399,0.13145536184310913,0.5746052861213684,-0.0764649361371994,0.13795106112957,0.6133745908737183,-0.07039850950241089,0.11637525260448456,0.5852406024932861,-0.0365494005382061,0.10433262586593628,0.5746685266494751,-0.06695610284805298,0.11357656121253967,0.6165914535522461,-0.06854565441608429,0.12418882548809052,0.6498501896858215,-0.061283838003873825,victory
0.6128104329109192,0.4187493324279785,-0.8521789312362671,0.6544830203056335,0.3732636570930481,-0.8096818923950195,0.6685577034950256,0.37972205877304077,-0.8096917271614075,0.6841098666191101,0.3860549032688141,-0.8096712231636047,0.6053199172019958,0.3488217890262604,-0.7918176054954529,0.5897825360298157,0.33853211998939514,-0.791348397731781,0.5758774876594543,0.3277071416378021,-0.7916588187217712,0.702097475528717,0.405272901058197,-0.4599083364009857,0.5575814843177795,0.33416444063186646,-0.33536338806152344,0.6330171823501587,0.4868147671222687,-0.7141590714454651,0.5723333954811096,0.4642808139324188,-0.6838105320930481,0.8020316958427429,0.7007156014442444,-0.22221946716308594,0.39986756443977356,0.6254596710205078,-0.18837034702301025,0.8849323391914368,1.003129243850708,-0.23430177569389343,0.2395823448896408,0.8784986734390259,-0.7966774702072144,0.9019440412521362,1.4146689176559448,-0.5343307256698608,0.18843168020248413,0.6845437288284302,-1.93337881565094,0.9251819849014282,1.5237921476364136,-0.6168495416641235,0.14753901958465576,0.5841942429542542,-2.1406893730163574,0.8871732950210571,1.5026012659072876,-0.659917950630188,0.1936345398426056,0.5377917885780334,-2.135413646697998,0.8629586100578308,1.4685695171356201,-0.5677540302276611,0.21927706897258759,0.5802926421165466,-1.9637502431869507,0.6903106570243835,1.4392468929290771,-0.05719941854476929,0.3884739279747009,1.3986033201217651,0.061024438589811325,0.6423364281654358,2.0609452724456787,0.08930794894695282,0.3730774521827698,2.032702684402466,0.38272058963775635,0.6116219758987427,2.6062896251678467,0.7569130659103394,0.34485509991645813,2.573215961456299,1.1070493459701538,0.612321674823761,2.683490037918091,0.7886609435081482,0.33517566323280334,2.64147686958313,1.1697407960891724,0.5571202039718628,2.7823007106781006,0.19016380608081818,0.3718359172344208,2.7700774669647217,0.5162593126296997,0,0,0,0,0,0,0,0,0,0,0,0,0,0,0,0,0,0,0,0,0,0,0,0,0,0,0,0,0,0,0,0,0,0,0,0,0,0,0,0,0,0,0,0,0,0,0,0,0,0,0,0,0,0,0,0,0,0,0,0,0,0,0,0.1565103679895401,0.7540670037269592,6.485767585218127e-07,0.19006013870239258,0.7258077263832092,-0.033292852342128754,0.1976945400238037,0.6700316667556763,-0.04981600120663643,0.16504286229610443,0.6299804449081421,-0.06539423018693924,0.12705712020397186,0.5952473282814026,-0.07911952584981918,0.2162466049194336,0.5495717525482178,-0.022864598780870438,0.24330481886863708,0.47695231437683105,-0.047113534063100815,0.25974297523498535,0.42761456966400146,-0.06348847597837448,0.27145707607269287,0.3847184479236603,-0.07318976521492004,0.17903049290180206,0.5354909300804138,-0.023449264466762543,0.17780186235904694,0.4426448345184326,-0.050276387482881546,0.1731397956609726,0.38105839490890503,-0.06730358302593231,0.1681482046842575,0.3275587558746338,-0.07443806529045105,0.14461365342140198,0.552299976348877,-0.02807881496846676,0.1260756105184555,0.5200577974319458,-0.0667954608798027,0.13084173202514648,0.5719836354255676,-0.07611772418022156,0.13618941605091095,0.6097567081451416,-0.07033789902925491,0.11683570593595505,0.5868839621543884,-0.03522476181387901,0.10623279213905334,0.5765773057937622,-0.06615407019853592,0.11519058048725128,0.6169391870498657,-0.06832220405340195,0.1256774216890335,0.6487874388694763,-0.0612555630505085,victory
0.6099833846092224,0.4187575578689575,-0.8559476137161255,0.6532588005065918,0.3731172978878021,-0.8143359422683716,0.6681555509567261,0.37954023480415344,-0.8143426179885864,0.6832999587059021,0.38584575057029724,-0.8143386840820312,0.6029471755027771,0.3488100469112396,-0.7951695919036865,0.5875225067138672,0.3386037051677704,-0.7946986556053162,0.5737615823745728,0.3278175890445709,-0.7950164675712585,0.7012622952461243,0.40517890453338623,-0.4597260355949402,0.5566712021827698,0.33434340357780457,-0.33530130982398987,0.6326642036437988,0.4871026873588562,-0.7172871828079224,0.5701218247413635,0.4647071659564972,-0.6859117150306702,0.8014752268791199,0.7005153894424438,-0.22341597080230713,0.3990277349948883,0.6256309151649475,-0.18270334601402283,0.8846309781074524,1.0028969049453735,-0.229887455701828,0.2363712340593338,0.876761257648468,-0.7879880666732788,0.9022308588027954,1.4127886295318604,-0.520666778087616,0.18718425929546356,0.6837726831436157,-1.9259727001190186,0.9256779551506042,1.5215423107147217,-0.5994921922683716,0.14710257947444916,0.5835994482040405,-2.1339035034179688,0.887445330619812,1.500889539718628,-0.6439692378044128,0.19372616708278656,0.5364768505096436,-2.128988742828369,0.8631669282913208,1.4671504497528076,-0.5542213320732117,0.21768493950366974,0.5789018273353577,-1.9565585851669312,0.6889330148696899,1.4384244680404663,-0.058384161442518234,0.3872266411781311,1.397746205329895,0.06221408769488335,0.640297532081604,2.0607192516326904,0.08486183732748032,0.3707062602043152,2.0323822498321533,0.3768359422683716,0.6097599864006042,2.6063878536224365,0.7505582571029663,0.3420880138874054,2.5736658573150635,1.097941279411316,0.6105924844741821,2.683520555496216,0.7819763422012329,0.33243328332901,2.6421942710876465,1.160125494003296,0.5557829737663269,2.782219171524048,0.18248412013053894,0.3692461848258972,2.7701070308685303,0.5063869953155518,0,0,0,0,0,0,0,0,0,0,0,0,0,0,0,0,0,0,0,0,0,0,0,0,0,0,0,0,0,0,0,0,0,0,0,0,0,0,0,0,0,0,0,0,0,0,0,0,0,0,0,0,0,0,0,0,0,0,0,0,0,0,0,0.15665428340435028,0.753201961517334,6.546239887939009e-07,0.1905086636543274,0.7254927754402161,-0.032985180616378784,0.19916985929012299,0.6706401705741882,-0.04965544864535332,0.16605491936206818,0.6311420202255249,-0.06549957394599915,0.12762032449245453,0.5969676375389099,-0.0795184001326561,0.2163032591342926,0.5489525198936462,-0.02281912975013256,0.24337095022201538,0.47699686884880066,-0.047360941767692566,0.259792298078537,0.4278280735015869,-0.06388216465711594,0.2714061439037323,0.38482022285461426,-0.0736493319272995,0.17879894375801086,0.5347984433174133,-0.023743271827697754,0.17731234431266785,0.44255492091178894,-0.050937432795763016,0.172729954123497,0.3809077739715576,-0.06829562038183212,0.16798536479473114,0.3271512985229492,-0.07559748739004135,0.1446223109960556,0.551646888256073,-0.028646454215049744,0.12557515501976013,0.5224752426147461,-0.06766070425510406,0.13004302978515625,0.5746013522148132,-0.07705315202474594,0.1353418231010437,0.6123290061950684,-0.07125835120677948,0.11698996275663376,0.586283802986145,-0.03605284541845322,0.10507503896951675,0.5776609182357788,-0.0670914500951767,0.11383794993162155,0.6187677979469299,-0.06907236576080322,0.12460153549909592,0.6514267325401306,-0.06181253865361214,victory
0.609775185585022,0.4183209240436554,-0.8519762754440308,0.6524190902709961,0.37144917249679565,-0.8133529424667358,0.6670087575912476,0.3775874078273773,-0.8133603930473328,0.6822959780693054,0.38360652327537537,-0.8133527040481567,0.6019073724746704,0.3481500744819641,-0.7926698923110962,0.5864602327346802,0.3382406532764435,-0.7922214269638062,0.572643518447876,0.3276023864746094,-0.7925300598144531,0.7004237174987793,0.40311139822006226,-0.4576486647129059,0.5561498403549194,0.3342517614364624,-0.33581846952438354,0.6313308477401733,0.4867410361766815,-0.7137914896011353,0.5695523023605347,0.4646308124065399,-0.6820986866950989,0.8011800050735474,0.6978398561477661,-0.22075822949409485,0.39838334918022156,0.6251823902130127,-0.1785832941532135,0.884493350982666,1.0003376007080078,-0.20707711577415466,0.23575778305530548,0.8760973811149597,-0.7639084458351135,0.9040902256965637,1.4098469018936157,-0.48959630727767944,0.1875033676624298,0.684468150138855,-1.9103498458862305,0.9290997385978699,1.5165351629257202,-0.5657608509063721,0.1489700973033905,0.5844741463661194,-2.11794114112854,0.8927868008613586,1.494571328163147,-0.6158097982406616,0.19478726387023926,0.532185435295105,-2.109344005584717,0.8678004145622253,1.4618051052093506,-0.5252259373664856,0.21915361285209656,0.5774977803230286,-1.9399610757827759,0.6888625025749207,1.4316520690917969,-0.058039672672748566,0.38717493414878845,1.3935644626617432,0.06191089004278183,0.6415925621986389,2.0580928325653076,0.0817677453160286,0.3723488748073578,2.0318620204925537,0.3688172698020935,0.6134999990463257,2.606044054031372,0.7442793846130371,0.3476560413837433,2.5737478733062744,1.0793380737304688,0.6144535541534424,2.683159112930298,0.7750051021575928,0.3388634920120239,2.642476797103882,1.1401989459991455,0.5608464479446411,2.782097816467285,0.1748168021440506,0.3768552839756012,2.770555019378662,0.48732882738113403,0,0,0,0,0,0,0,0,0,0,0,0,0,0,0,0,0,0,0,0,0,0,0,0,0,0,0,0,0,0,0,0,0,0,0,0,0,0,0,0,0,0,0,0,0,0,0,0,0,0,0,0,0,0,0,0,0,0,0,0,0,0,0,0.1574576497077942,0.733061671257019,5.518530201698013e-07,0.1943499892950058,0.7219182252883911,-0.038175735622644424,0.2054242342710495,0.6732226014137268,-0.055807601660490036,0.17261549830436707,0.6354836225509644,-0.07088427245616913,0.13605980575084686,0.6017243266105652,-0.08457733690738678,0.22418655455112457,0.5503839254379272,-0.03150389343500137,0.2503133714199066,0.4737715721130371,-0.055142246186733246,0.26372745633125305,0.4272558391094208,-0.06954658031463623,0.27419334650039673,0.38646551966667175,-0.07754624634981155,0.18575577437877655,0.5319231152534485,-0.02977423369884491,0.18226765096187592,0.4367251694202423,-0.05528228357434273,0.1759198009967804,0.37748032808303833,-0.07123013585805893,0.17178258299827576,0.32887428998947144,-0.0773625522851944,0.15032298862934113,0.5455822348594666,-0.03196120634675026,0.12977728247642517,0.5197417140007019,-0.07055399566888809,0.1293553113937378,0.5747644901275635,-0.08047834783792496,0.13208860158920288,0.6136386394500732,-0.07460790127515793,0.12125474214553833,0.5772805213928223,-0.0366445854306221,0.10457751899957657,0.5745787620544434,-0.0682060495018959,0.1092180535197258,0.6163765788078308,-0.07064440101385117,0.11798655986785889,0.6478959321975708,-0.06325466930866241,victory
0.6087395548820496,0.41743314266204834,-0.8526321649551392,0.650490403175354,0.36931079626083374,-0.8149228096008301,0.6652714014053345,0.37519246339797974,-0.8149358630180359,0.6803335547447205,0.38118425011634827,-0.8149358034133911,0.6011250615119934,0.34691449999809265,-0.7946969270706177,0.5858241319656372,0.3372252583503723,-0.7942426204681396,0.572036623954773,0.32662370800971985,-0.7945501208305359,0.700106143951416,0.4011775553226471,-0.4581518769264221,0.5556603074073792,0.33268848061561584,-0.34281080961227417,0.6301855444908142,0.4860735535621643,-0.7148105502128601,0.569010317325592,0.4641254246234894,-0.6844950914382935,0.8012670278549194,0.6976489424705505,-0.22133488953113556,0.39796528220176697,0.6249367594718933,-0.1808338612318039,0.8815274238586426,1.0003060102462769,-0.19988997280597687,0.23665082454681396,0.8766075372695923,-0.747539222240448,0.9018251299858093,1.407413363456726,-0.47106319665908813,0.1878420114517212,0.6857054233551025,-1.882196068763733,0.9268404245376587,1.5142822265625,-0.5461372137069702,0.15036721527576447,0.5852120518684387,-2.0859928131103516,0.8905863761901855,1.4919525384902954,-0.5976376533508301,0.1960311084985733,0.5316691398620605,-2.082430362701416,0.8653677105903625,1.4588258266448975,-0.5071508884429932,0.22010484337806702,0.5777887105941772,-1.9132245779037476,0.6877443790435791,1.427001714706421,-0.05635775253176689,0.38667032122612,1.3893362283706665,0.06025013327598572,0.6414722800254822,2.0551042556762695,0.06596508622169495,0.37245500087738037,2.027747869491577,0.28441518545150757,0.6116474866867065,2.605675458908081,0.7044466137886047,0.3478683829307556,2.573486328125,0.9260859489440918,0.6119223237037659,2.6827001571655273,0.7324267625808716,0.33906835317611694,2.6426210403442383,0.9789830446243286,0.5599032640457153,2.7817156314849854,0.14425495266914368,0.3764484226703644,2.767489194869995,0.33026131987571716,0,0,0,0,0,0,0,0,0,0,0,0,0,0,0,0,0,0,0,0,0,0,0,0,0,0,0,0,0,0,0,0,0,0,0,0,0,0,0,0,0,0,0,0,0,0,0,0,0,0,0,0,0,0,0,0,0,0,0,0,0,0,0,0.15619264543056488,0.7478691935539246,6.340730465126398e-07,0.19046883285045624,0.7278099060058594,-0.037359606474637985,0.20123225450515747,0.673691987991333,-0.05553901940584183,0.16947901248931885,0.6319705843925476,-0.07183267176151276,0.1311977505683899,0.5955754518508911,-0.08619731664657593,0.22144274413585663,0.5503126978874207,-0.02633763663470745,0.24774938821792603,0.4772624969482422,-0.050987888127565384,0.26357945799827576,0.42761099338531494,-0.06750427186489105,0.2754287123680115,0.38508373498916626,-0.07751508802175522,0.18309637904167175,0.5368264317512512,-0.025192871689796448,0.1801886111497879,0.4446520507335663,-0.054018232971429825,0.17476287484169006,0.38233083486557007,-0.07264833152294159,0.17071861028671265,0.3293401598930359,-0.08063992857933044,0.14861832559108734,0.552820086479187,-0.028249235823750496,0.12775245308876038,0.515812873840332,-0.07018419355154037,0.1288360357284546,0.5684756636619568,-0.08065488189458847,0.1336836963891983,0.6074100732803345,-0.07482954114675522,0.1214514672756195,0.5856757760047913,-0.03382537141442299,0.1062588170170784,0.5728156566619873,-0.06822692602872849,0.11248213052749634,0.6146413087844849,-0.0716184750199318,0.12306207418441772,0.6475394368171692,-0.06471497565507889,victory
0.6081352829933167,0.41723257303237915,-0.8540388345718384,0.6497189402580261,0.36892271041870117,-0.815962016582489,0.6643506288528442,0.37487927079200745,-0.8159791827201843,0.6793026328086853,0.38095933198928833,-0.8159632682800293,0.6003197431564331,0.34657007455825806,-0.7960459589958191,0.5849331617355347,0.3369962275028229,-0.7955929040908813,0.5709576606750488,0.3263292610645294,-0.7958870530128479,0.6997583508491516,0.40062710642814636,-0.4616237282752991,0.5555731058120728,0.3320390284061432,-0.3525691628456116,0.6294753551483154,0.4859791100025177,-0.715187132358551,0.5683581233024597,0.46386826038360596,-0.684799075126648,0.8012188673019409,0.6974515914916992,-0.222830131649971,0.39756909012794495,0.6256144046783447,-0.18839754164218903,0.880303680896759,0.9999195337295532,-0.20164473354816437,0.2378130853176117,0.8775461316108704,-0.7482451796531677,0.9019087553024292,1.4054505825042725,-0.4710404872894287,0.1881234496831894,0.6873776912689209,-1.8868179321289062,0.9269741773605347,1.5118967294692993,-0.5466567873954773,0.1514047235250473,0.5877091288566589,-2.089883804321289,0.8906084895133972,1.489324688911438,-0.5974075198173523,0.19719494879245758,0.5337596535682678,-2.0883641242980957,0.8653376698493958,1.45637845993042,-0.5070065855979919,0.22097258269786835,0.5794158577919006,-1.9186004400253296,0.6876346468925476,1.4268646240234375,-0.055758047848939896,0.3866872787475586,1.389613389968872,0.0596824511885643,0.6415983438491821,2.055102825164795,0.05977699160575867,0.37314337491989136,2.0278382301330566,0.2654368281364441,0.6117391586303711,2.6065516471862793,0.6935348510742188,0.3489786982536316,2.5738461017608643,0.8978717923164368,0.6120314002037048,2.6836953163146973,0.7208465933799744,0.34028980135917664,2.643282651901245,0.9497853517532349,0.5600470304489136,2.7824223041534424,0.13402989506721497,0.376889169216156,2.767564296722412,0.3017418384552002,0,0,0,0,0,0,0,0,0,0,0,0,0,0,0,0,0,0,0,0,0,0,0,0,0,0,0,0,0,0,0,0,0,0,0,0,0,0,0,0,0,0,0,0,0,0,0,0,0,0,0,0,0,0,0,0,0,0,0,0,0,0,0,0.157283753156662,0.7506043314933777,6.447367582040897e-07,0.19165152311325073,0.7281329035758972,-0.03354750573635101,0.20148253440856934,0.6744447350502014,-0.050444286316633224,0.17030254006385803,0.6334735751152039,-0.06627797335386276,0.13096655905246735,0.5979874730110168,-0.08027904480695724,0.22010953724384308,0.5530312061309814,-0.02440834417939186,0.2480069249868393,0.4784676432609558,-0.0483924075961113,0.2642199397087097,0.4289974272251129,-0.06418779492378235,0.2759159207344055,0.38579827547073364,-0.07361521571874619,0.18225108087062836,0.538051962852478,-0.024590929970145226,0.1808246225118637,0.44596487283706665,-0.052194591611623764,0.17531096935272217,0.38294488191604614,-0.07009458541870117,0.17077887058258057,0.32860663533210754,-0.07792779058218002,0.14774233102798462,0.5526224374771118,-0.028481049463152885,0.12850268185138702,0.5168550610542297,-0.06749466806650162,0.13082943856716156,0.56882244348526,-0.07654757797718048,0.13561132550239563,0.607863187789917,-0.07063166052103043,0.11967258155345917,0.5849058628082275,-0.03476995602250099,0.1067679226398468,0.5712737441062927,-0.06584291160106659,0.1140877902507782,0.612442135810852,-0.06750838458538055,0.12486512213945389,0.6467369794845581,-0.060009170323610306,victory
0.6078748106956482,0.4171815812587738,-0.8550087809562683,0.6488796472549438,0.36891603469848633,-0.8173495531082153,0.6634950041770935,0.3749274015426636,-0.8173669576644897,0.6782652139663696,0.38105717301368713,-0.8173826932907104,0.6001557111740112,0.34658125042915344,-0.7962839007377625,0.5847739577293396,0.3371272087097168,-0.7958285212516785,0.5707361698150635,0.32658037543296814,-0.7961212992668152,0.6998709440231323,0.4005986154079437,-0.46204859018325806,0.555152177810669,0.3321015238761902,-0.35186174511909485,0.6289395093917847,0.48588037490844727,-0.7161720991134644,0.5682237148284912,0.463787704706192,-0.686540424823761,0.8015702366828918,0.6973633170127869,-0.2225867062807083,0.39766013622283936,0.6256207227706909,-0.18858060240745544,0.8801539540290833,0.9996280670166016,-0.19545169174671173,0.2380213737487793,0.8782466053962708,-0.764439046382904,0.9027167558670044,1.4040919542312622,-0.4533475935459137,0.1894744634628296,0.6886478066444397,-1.9366376399993896,0.9282395243644714,1.510214924812317,-0.527175784111023,0.15195204317569733,0.5896797776222229,-2.1454691886901855,0.8932449221611023,1.4875150918960571,-0.5768910050392151,0.19812354445457458,0.5350328087806702,-2.1443073749542236,0.8674591779708862,1.4547127485275269,-0.4885587692260742,0.2218298465013504,0.5802883505821228,-1.9692825078964233,0.6857737302780151,1.4273711442947388,-0.05658122897148132,0.38497859239578247,1.3898547887802124,0.06048283725976944,0.6390401124954224,2.055572509765625,0.06026173755526543,0.36981064081192017,2.0279340744018555,0.30671972036361694,0.6078943610191345,2.607480764389038,0.6941757798194885,0.3439323604106903,2.573972463607788,0.9899519681930542,0.6081556081771851,2.6844289302825928,0.7218083739280701,0.33486050367355347,2.6433656215667725,1.0486845970153809,0.5557454824447632,2.7838571071624756,0.13438847661018372,0.3707033395767212,2.7683262825012207,0.39701420068740845,0,0,0,0,0,0,0,0,0,0,0,0,0,0,0,0,0,0,0,0,0,0,0,0,0,0,0,0,0,0,0,0,0,0,0,0,0,0,0,0,0,0,0,0,0,0,0,0,0,0,0,0,0,0,0,0,0,0,0,0,0,0,0,0.15909723937511444,0.7512849569320679,6.494899480458116e-07,0.19445133209228516,0.7262013554573059,-0.03396664559841156,0.20561759173870087,0.670971155166626,-0.05066490173339844,0.17144319415092468,0.6294940114021301,-0.0660950243473053,0.13220462203025818,0.5949685573577881,-0.07953521609306335,0.22203150391578674,0.5518996715545654,-0.023886172100901604,0.2498002052307129,0.4782780408859253,-0.0481504388153553,0.2661663889884949,0.42951852083206177,-0.06431672722101212,0.27809464931488037,0.3864613175392151,-0.07384272664785385,0.183887779712677,0.5360483527183533,-0.023612365126609802,0.18313497304916382,0.44536978006362915,-0.05056149885058403,0.177745521068573,0.3834099769592285,-0.06794486939907074,0.17311017215251923,0.32921168208122253,-0.07535069435834885,0.14960028231143951,0.5501404404640198,-0.027262676507234573,0.13171790540218353,0.5220569968223572,-0.06524594873189926,0.13392287492752075,0.5730743408203125,-0.07418201118707657,0.13779538869857788,0.6104671955108643,-0.0682871863245964,0.1216125562787056,0.5818557739257812,-0.03351176530122757,0.10879863053560257,0.5725429654121399,-0.06338316202163696,0.11643348634243011,0.6124683618545532,-0.06494506448507309,0.1269058883190155,0.6442346572875977,-0.057512860745191574,victory
0.607430636882782,0.41707953810691833,-0.8628071546554565,0.6482489705085754,0.3688826262950897,-0.825106143951416,0.662822961807251,0.37493282556533813,-0.8251237869262695,0.6775046586990356,0.38110068440437317,-0.8251630067825317,0.5997437238693237,0.34656473994255066,-0.8040050268173218,0.5843892693519592,0.33714622259140015,-0.8035504221916199,0.5703579187393188,0.3266719579696655,-0.8038367033004761,0.6997687816619873,0.40059980750083923,-0.4627076983451843,0.5549443960189819,0.3321663737297058,-0.3530229926109314,0.6285967826843262,0.48581042885780334,-0.721760094165802,0.5675327181816101,0.4637168049812317,-0.6918978095054626,0.801468551158905,0.6974966526031494,-0.22235754132270813,0.3973900377750397,0.6253578066825867,-0.1921738088130951,0.8798772692680359,0.9997760653495789,-0.19483128190040588,0.237809419631958,0.8787404894828796,-0.7801688313484192,0.9052573442459106,1.4038360118865967,-0.46027708053588867,0.19101175665855408,0.6895270943641663,-1.9637091159820557,0.9318563342094421,1.5099941492080688,-0.5369604825973511,0.15237882733345032,0.5908564925193787,-2.1774163246154785,0.8975934982299805,1.4872630834579468,-0.588337779045105,0.1987377107143402,0.5368919968605042,-2.1773624420166016,0.8712350130081177,1.4543945789337158,-0.49670156836509705,0.2226060926914215,0.5812997221946716,-1.997302770614624,0.6846628189086914,1.4280365705490112,-0.05671311169862747,0.3836957812309265,1.3900483846664429,0.06062009930610657,0.6380109190940857,2.05669903755188,0.06329916417598724,0.3680836260318756,2.0283145904541016,0.3159812390804291,0.6070187091827393,2.6094319820404053,0.7019960284233093,0.3424864411354065,2.575479745864868,1.0090042352676392,0.6072855591773987,2.686588764190674,0.7297360897064209,0.33342334628105164,2.644956111907959,1.0681644678115845,0.5550777316093445,2.7861154079437256,0.1357099562883377,0.36908090114593506,2.7704665660858154,0.41149240732192993,0,0,0,0,0,0,0,0,0,0,0,0,0,0,0,0,0,0,0,0,0,0,0,0,0,0,0,0,0,0,0,0,0,0,0,0,0,0,0,0,0,0,0,0,0,0,0,0,0,0,0,0,0,0,0,0,0,0,0,0,0,0,0,0.15889164805412292,0.751532256603241,6.485964831881574e-07,0.19352401793003082,0.7265337705612183,-0.033508673310279846,0.20412640273571014,0.6713619232177734,-0.049768783152103424,0.1713034063577652,0.6305698156356812,-0.06505061686038971,0.1326192021369934,0.5958134531974792,-0.07845599204301834,0.22140946984291077,0.551414966583252,-0.022869085893034935,0.24930445849895477,0.4775089621543884,-0.047089774161577225,0.265796035528183,0.4281371831893921,-0.06315480172634125,0.277718722820282,0.3846728205680847,-0.07250956445932388,0.18344910442829132,0.5359876155853271,-0.022955602034926414,0.1823422610759735,0.4448081851005554,-0.050028927624225616,0.1771342009305954,0.38271862268447876,-0.06725086271762848,0.1727750599384308,0.32864102721214294,-0.07431966811418533,0.1490330994129181,0.5505294799804688,-0.027033263817429543,0.13116224110126495,0.5218223333358765,-0.06560727208852768,0.13373371958732605,0.574867308139801,-0.0746212750673294,0.13813036680221558,0.6131841540336609,-0.06841624528169632,0.12097203731536865,0.5826771855354309,-0.03366914018988609,0.10839758813381195,0.5742306113243103,-0.06409389525651932,0.11594298481941223,0.6150156259536743,-0.06585447490215302,0.12652155756950378,0.6472455263137817,-0.05832747370004654,victory
0.6068158745765686,0.4165807068347931,-0.8760053515434265,0.6479743719100952,0.3687345087528229,-0.8384411931037903,0.6623982787132263,0.3748503029346466,-0.8384790420532227,0.6770241856575012,0.3810649514198303,-0.8385099172592163,0.5991376042366028,0.3463497757911682,-0.8160273432731628,0.5838750600814819,0.3370916247367859,-0.8155444860458374,0.5698450803756714,0.3266732394695282,-0.8158295750617981,0.6996243000030518,0.40057191252708435,-0.4704737067222595,0.5547863841056824,0.33220088481903076,-0.356112003326416,0.6285083293914795,0.4855751693248749,-0.7343131303787231,0.5665055513381958,0.4635028839111328,-0.7022813558578491,0.8013949394226074,0.6974993944168091,-0.2280847579240799,0.39719459414482117,0.6248601078987122,-0.19202187657356262,0.8797844648361206,1.0008107423782349,-0.20827659964561462,0.23772266507148743,0.8795517683029175,-0.7720248103141785,0.9068529009819031,1.4041918516159058,-0.5024418234825134,0.19155696034431458,0.6899915337562561,-1.9547929763793945,0.9340921640396118,1.5104546546936035,-0.5873634815216064,0.15286964178085327,0.5915609002113342,-2.1650872230529785,0.8995040655136108,1.4874578714370728,-0.6423449516296387,0.19905570149421692,0.5382450819015503,-2.163536548614502,0.8729513883590698,1.454517126083374,-0.54173344373703,0.2229173183441162,0.5824573040008545,-1.9871547222137451,0.6839920878410339,1.4283913373947144,-0.05771591514348984,0.38253775238990784,1.3902199268341064,0.061687715351581573,0.6368973255157471,2.058093309402466,0.06140409782528877,0.36628255248069763,2.028966188430786,0.31781822443008423,0.6057159304618835,2.6112911701202393,0.7034446001052856,0.3403990864753723,2.5773367881774902,1.0132336616516113,0.6060713529586792,2.6885335445404053,0.7314445972442627,0.3313513398170471,2.6469945907592773,1.0721864700317383,0.5533014535903931,2.7879600524902344,0.1349426507949829,0.3668680787086487,2.7724180221557617,0.41255512833595276,0,0,0,0,0,0,0,0,0,0,0,0,0,0,0,0,0,0,0,0,0,0,0,0,0,0,0,0,0,0,0,0,0,0,0,0,0,0,0,0,0,0,0,0,0,0,0,0,0,0,0,0,0,0,0,0,0,0,0,0,0,0,0,0.15901131927967072,0.7516728043556213,6.473163125519932e-07,0.1934625506401062,0.7262510657310486,-0.03357796370983124,0.20381706953048706,0.6705785393714905,-0.049708712846040726,0.1708071380853653,0.6296646595001221,-0.06483828276395798,0.13187578320503235,0.5952197313308716,-0.07811685651540756,0.22151002287864685,0.5510778427124023,-0.022422650828957558,0.2491595447063446,0.47722283005714417,-0.046444348990917206,0.2656119763851166,0.42804384231567383,-0.06252720952033997,0.2775184214115143,0.38457179069519043,-0.07196959853172302,0.18355385959148407,0.535697877407074,-0.022414257749915123,0.18260090053081512,0.44455331563949585,-0.04927485063672066,0.1771991103887558,0.38258102536201477,-0.06657164543867111,0.172559455037117,0.32838118076324463,-0.07377004623413086,0.14920413494110107,0.5503720641136169,-0.02643320895731449,0.13051629066467285,0.5211153626441956,-0.06498268991708755,0.1324658989906311,0.5738177299499512,-0.07421049475669861,0.13656209409236908,0.6120726466178894,-0.06816668063402176,0.12117093801498413,0.5827082395553589,-0.033004920929670334,0.10789704322814941,0.573142945766449,-0.06353645771741867,0.11502892524003983,0.6139774918556213,-0.0653984397649765,0.12541194260120392,0.6465263962745667,-0.05796029046177864,victory
0.6063329577445984,0.41655075550079346,-0.8655417561531067,0.6475526690483093,0.368772953748703,-0.8281193971633911,0.6619808673858643,0.37495142221450806,-0.8281475901603699,0.6765749454498291,0.38121429085731506,-0.8281752467155457,0.5986194014549255,0.3463453948497772,-0.8046101331710815,0.5832754969596863,0.3372187614440918,-0.8040784597396851,0.5691264867782593,0.32703927159309387,-0.8043595552444458,0.6995047926902771,0.4009293019771576,-0.46048703789711,0.5545239448547363,0.33271995186805725,-0.34048640727996826,0.6280437111854553,0.4854968190193176,-0.7248367667198181,0.565534770488739,0.4634436070919037,-0.6914805769920349,0.8013296127319336,0.6978482007980347,-0.2230234444141388,0.39745858311653137,0.6251655220985413,-0.1735396385192871,0.8790119290351868,1.0009468793869019,-0.20254471898078918,0.2362755835056305,0.8812792897224426,-0.7456074357032776,0.9068795442581177,1.4043587446212769,-0.4860408902168274,0.19172923266887665,0.6904432773590088,-1.9264347553253174,0.9340869188308716,1.5109890699386597,-0.565179705619812,0.15324920415878296,0.5917732119560242,-2.135695219039917,0.8994539380073547,1.4878230094909668,-0.6171424388885498,0.19982750713825226,0.5391947031021118,-2.1303372383117676,0.8729476928710938,1.454687237739563,-0.523135781288147,0.22387126088142395,0.5833030939102173,-1.9575353860855103,0.6830586194992065,1.4290412664413452,-0.05848308280110359,0.381811261177063,1.3906939029693604,0.06248687580227852,0.6369394063949585,2.0594840049743652,0.059962041676044464,0.3664257824420929,2.0308706760406494,0.3170565068721771,0.6059746146202087,2.61395001411438,0.7040134072303772,0.34066230058670044,2.582371950149536,0.9960234761238098,0.6064907312393188,2.690892457962036,0.7320616245269775,0.33159753680229187,2.6521544456481934,1.0527305603027344,0.5534018278121948,2.791715383529663,0.13496695458889008,0.36709529161453247,2.777705192565918,0.392587810754776,0,0,0,0,0,0,0,0,0,0,0,0,0,0,0,0,0,0,0,0,0,0,0,0,0,0,0,0,0,0,0,0,0,0,0,0,0,0,0,0,0,0,0,0,0,0,0,0,0,0,0,0,0,0,0,0,0,0,0,0,0,0,0,0.1608617752790451,0.7528111338615417,6.34442983482586e-07,0.19564850628376007,0.7262860536575317,-0.032390810549259186,0.20474427938461304,0.6701286435127258,-0.048482004553079605,0.17271830141544342,0.6300432682037354,-0.06399200111627579,0.13419374823570251,0.5968095064163208,-0.0777687132358551,0.22281360626220703,0.5524829030036926,-0.022217698395252228,0.25074324011802673,0.4794856905937195,-0.04666804522275925,0.26722386479377747,0.43026840686798096,-0.06312298774719238,0.2794639468193054,0.38667601346969604,-0.07295723259449005,0.18567730486392975,0.5372622609138489,-0.02329290844500065,0.18625082075595856,0.4467508792877197,-0.0507727712392807,0.18097038567066193,0.3844536542892456,-0.06831919401884079,0.1760178655385971,0.3290427625179291,-0.07586544752120972,0.15156827867031097,0.5527170896530151,-0.02824011817574501,0.13165368139743805,0.5191298723220825,-0.06772265583276749,0.13504138588905334,0.5746814608573914,-0.07599905133247375,0.1408846527338028,0.6150897145271301,-0.06909503787755966,0.12326408922672272,0.5870271325111389,-0.035559020936489105,0.10831398516893387,0.5709338784217834,-0.06656505912542343,0.11596603691577911,0.6117942333221436,-0.067296102643013,0.12695494294166565,0.6451936960220337,-0.05904475972056389,victory
0.6058140993118286,0.41604116559028625,-0.8909101486206055,0.6469659209251404,0.3683944344520569,-0.8517491221427917,0.6616044640541077,0.3745651841163635,-0.8517603874206543,0.6761038303375244,0.38095709681510925,-0.8517470359802246,0.5982251167297363,0.34601300954818726,-0.8306633830070496,0.583072304725647,0.3370363116264343,-0.8301485180854797,0.5689625144004822,0.3269330859184265,-0.8303767442703247,0.6994868516921997,0.40091022849082947,-0.47454819083213806,0.5537965297698975,0.33277273178100586,-0.3635662794113159,0.6276718378067017,0.48525717854499817,-0.7471510171890259,0.5651492476463318,0.46331164240837097,-0.7163615226745605,0.8013011813163757,0.6977633237838745,-0.23193994164466858,0.39742010831832886,0.6259956955909729,-0.18138712644577026,0.885327935218811,1.0011317729949951,-0.20867374539375305,0.23442725837230682,0.8860973119735718,-0.747654139995575,0.9199819564819336,1.4041448831558228,-0.5053271055221558,0.19186703860759735,0.6917195916175842,-1.930077314376831,0.9495517611503601,1.510782241821289,-0.5895739793777466,0.15356256067752838,0.5934543609619141,-2.1411755084991455,0.9130328297615051,1.4874272346496582,-0.6423189043998718,0.20021097362041473,0.5417098999023438,-2.136979579925537,0.88600093126297,1.454276204109192,-0.5434914231300354,0.2250744104385376,0.5844783782958984,-1.961792230606079,0.6849466562271118,1.4335553646087646,-0.0595039501786232,0.38238611817359924,1.3967089653015137,0.06361043453216553,0.6399128437042236,2.0689990520477295,0.06617684662342072,0.3679965138435364,2.044525623321533,0.33764100074768066,0.6099693179130554,2.625615358352661,0.7522379755973816,0.3439082205295563,2.597918748855591,1.047121524810791,0.6105931997299194,2.7031984329223633,0.7847210168838501,0.3352759778499603,2.667548656463623,1.1070653200149536,0.5581408739089966,2.803832769393921,0.17680080235004425,0.3717924952507019,2.795271873474121,0.4401775896549225,0,0,0,0,0,0,0,0,0,0,0,0,0,0,0,0,0,0,0,0,0,0,0,0,0,0,0,0,0,0,0,0,0,0,0,0,0,0,0,0,0,0,0,0,0,0,0,0,0,0,0,0,0,0,0,0,0,0,0,0,0,0,0,0.16079893708229065,0.7526031732559204,6.503103122668108e-07,0.1959662288427353,0.729377806186676,-0.03452920541167259,0.20504766702651978,0.6752778887748718,-0.051684945821762085,0.17228668928146362,0.6328126192092896,-0.06758207827806473,0.13449469208717346,0.5966603755950928,-0.08152329176664352,0.2245381772518158,0.5544164180755615,-0.024711377918720245,0.2524815797805786,0.4805220365524292,-0.049521371722221375,0.2692726254463196,0.4307641386985779,-0.0662962794303894,0.28159722685813904,0.3868076801300049,-0.07657723128795624,0.1868801862001419,0.5382317900657654,-0.024829216301441193,0.18756595253944397,0.44680774211883545,-0.052522365003824234,0.18204365670681,0.3838537931442261,-0.07064197212457657,0.17671868205070496,0.3287288546562195,-0.0788751021027565,0.15228277444839478,0.5534204244613647,-0.02884693816304207,0.13163886964321136,0.5156277418136597,-0.0685528814792633,0.13389348983764648,0.5693782567977905,-0.07699373364448547,0.13875281810760498,0.6099743843078613,-0.07054051011800766,0.12351743876934052,0.587952196598053,-0.03539029881358147,0.10818909108638763,0.5698847770690918,-0.0676589235663414,0.11553802341222763,0.6102182269096375,-0.06918346136808395,0.12594838440418243,0.6443383693695068,-0.061427801847457886,victory
0.6054041385650635,0.4156702160835266,-0.9148877263069153,0.6465684771537781,0.36812013387680054,-0.8745611906051636,0.6613520979881287,0.3742765188217163,-0.8745711445808411,0.6757773160934448,0.3807540833950043,-0.874553382396698,0.5979037284851074,0.34578439593315125,-0.8548076748847961,0.5828726887702942,0.33692407608032227,-0.8543111085891724,0.5688623189926147,0.3268831968307495,-0.8545252084732056,0.699469804763794,0.4008949398994446,-0.48945847153663635,0.5531927347183228,0.33280056715011597,-0.3842601776123047,0.6273619532585144,0.48510387539863586,-0.7685245871543884,0.5649053454399109,0.46327295899391174,-0.7392596006393433,0.801263689994812,0.6977421641349792,-0.24063709378242493,0.3973819315433502,0.6268590688705444,-0.19486266374588013,0.8889260292053223,1.00132417678833,-0.2158164530992508,0.23328295350074768,0.888621985912323,-0.7591389417648315,0.9255334734916687,1.4038314819335938,-0.5224740505218506,0.19195236265659332,0.6929650902748108,-1.9470220804214478,0.9555453062057495,1.5103710889816284,-0.6097138524055481,0.15387453138828278,0.5952547788619995,-2.1613876819610596,0.9183686375617981,1.4871253967285156,-0.6631165742874146,0.20034503936767578,0.544009804725647,-2.1591246128082275,0.8912605047225952,1.4541164636611938,-0.5613424777984619,0.22582951188087463,0.5857598185539246,-1.979882836341858,0.6865497827529907,1.437004804611206,-0.06008899211883545,0.3830563426017761,1.4011321067810059,0.06425435841083527,0.6422321200370789,2.074901819229126,0.07751079648733139,0.36941957473754883,2.052190065383911,0.35123080015182495,0.6131389141082764,2.6322624683380127,0.7855796217918396,0.3468478322029114,2.6061718463897705,1.075451135635376,0.6139034628868103,2.710233211517334,0.8197876811027527,0.3386179208755493,2.6757864952087402,1.136808156967163,0.5615913271903992,2.8103976249694824,0.20765304565429688,0.37549901008605957,2.8042116165161133,0.4668998718261719,0,0,0,0,0,0,0,0,0,0,0,0,0,0,0,0,0,0,0,0,0,0,0,0,0,0,0,0,0,0,0,0,0,0,0,0,0,0,0,0,0,0,0,0,0,0,0,0,0,0,0,0,0,0,0,0,0,0,0,0,0,0,0,0.16016173362731934,0.7524631023406982,6.493800697171537e-07,0.1949949711561203,0.7296130061149597,-0.034795019775629044,0.20449408888816833,0.6751999855041504,-0.051602836698293686,0.17168699204921722,0.6321989297866821,-0.06698428839445114,0.13368749618530273,0.5957163572311401,-0.08031485229730606,0.2243034988641739,0.5544948577880859,-0.02400311268866062,0.25265756249427795,0.4809494912624359,-0.04808934032917023,0.2693522572517395,0.4314733147621155,-0.06428396701812744,0.2813166677951813,0.3881544768810272,-0.07409725338220596,0.1867143213748932,0.5384150147438049,-0.023592060431838036,0.1871010959148407,0.44679129123687744,-0.05060644820332527,0.18175886571407318,0.3837335705757141,-0.06814521551132202,0.17679119110107422,0.32915812730789185,-0.07590389996767044,0.15231095254421234,0.5532196760177612,-0.027176328003406525,0.13193123042583466,0.516242504119873,-0.06597331911325455,0.13376781344413757,0.5683591365814209,-0.07443420588970184,0.13844943046569824,0.6074882745742798,-0.06813248246908188,0.12375572323799133,0.5866056680679321,-0.03335747495293617,0.10880372673273087,0.5699019432067871,-0.06484469026327133,0.11583475023508072,0.6101627349853516,-0.06646206229925156,0.126277357339859,0.6437355279922485,-0.058867085725069046,victory
0.6050883531570435,0.4156203269958496,-0.9121999740600586,0.6463724970817566,0.3681904375553131,-0.871250331401825,0.6612783074378967,0.37437132000923157,-0.8712727427482605,0.675656795501709,0.3808511793613434,-0.871285617351532,0.5976799130439758,0.3457992970943451,-0.850342869758606,0.5825971364974976,0.3370245099067688,-0.8498536348342896,0.5685147047042847,0.32713788747787476,-0.8501046299934387,0.6994232535362244,0.40091457962989807,-0.4869298040866852,0.553115963935852,0.33282890915870667,-0.3829742670059204,0.6270626783370972,0.48503971099853516,-0.7658720016479492,0.5647532343864441,0.46326854825019836,-0.7353698015213013,0.8011506199836731,0.696956217288971,-0.23994386196136475,0.39729923009872437,0.627811074256897,-0.19541960954666138,0.8887237310409546,0.9979820847511292,-0.21638992428779602,0.2332506626844406,0.8909375071525574,-0.7409446239471436,0.9255186319351196,1.3988152742385864,-0.5246731042861938,0.19565032422542572,0.6931517720222473,-1.8865848779678345,0.9547133445739746,1.5055317878723145,-0.6112598180770874,0.15675467252731323,0.5978555679321289,-2.096804141998291,0.9175794720649719,1.482479214668274,-0.6651285290718079,0.20220497250556946,0.5462961196899414,-2.09256649017334,0.8909763097763062,1.449785828590393,-0.563666045665741,0.22726485133171082,0.5861815214157104,-1.9178135395050049,0.6869257688522339,1.4369968175888062,-0.05925847217440605,0.38389432430267334,1.401733160018921,0.06344572454690933,0.6444348096847534,2.0745139122009277,0.07327501475811005,0.37359893321990967,2.052009105682373,0.31459784507751465,0.6155520081520081,2.6317811012268066,0.7562915086746216,0.35155004262924194,2.6063003540039062,0.9855802655220032,0.616100549697876,2.709773540496826,0.7870029211044312,0.3433326184749603,2.676378011703491,1.0402626991271973,0.5653076171875,2.8095057010650635,0.18193596601486206,0.3803199529647827,2.802630662918091,0.37981516122817993,0,0,0,0,0,0,0,0,0,0,0,0,0,0,0,0,0,0,0,0,0,0,0,0,0,0,0,0,0,0,0,0,0,0,0,0,0,0,0,0,0,0,0,0,0,0,0,0,0,0,0,0,0,0,0,0,0,0,0,0,0,0,0,0.16136623919010162,0.7548410296440125,6.279542503762059e-07,0.19686472415924072,0.7291090488433838,-0.03213454410433769,0.20679597556591034,0.6725100874900818,-0.04758403077721596,0.17368939518928528,0.6315351128578186,-0.06236180663108826,0.13566350936889648,0.5963513255119324,-0.07522198557853699,0.22443613409996033,0.5551624894142151,-0.020448917523026466,0.2524222135543823,0.48202621936798096,-0.04425602778792381,0.2693907618522644,0.43321144580841064,-0.060119062662124634,0.28168216347694397,0.39063167572021484,-0.06938602775335312,0.18722394108772278,0.5401544570922852,-0.021167537197470665,0.18725290894508362,0.44915875792503357,-0.0483398512005806,0.18183964490890503,0.3868202865123749,-0.06578271090984344,0.1766933798789978,0.33254551887512207,-0.07295360416173935,0.15320079028606415,0.5550405979156494,-0.025842444971203804,0.13405725359916687,0.5229214429855347,-0.06504722684621811,0.13663209974765778,0.5762279629707336,-0.073825903236866,0.14132776856422424,0.6150428652763367,-0.06705471873283386,0.12499553710222244,0.5879697203636169,-0.03285305202007294,0.1122141033411026,0.5736184120178223,-0.06345974653959274,0.11942683160305023,0.6139959096908569,-0.06456378847360611,0.12947507202625275,0.6468925476074219,-0.05642102658748627,victory
0.6049867868423462,0.4156157672405243,-0.9108611345291138,0.6463773250579834,0.36836403608322144,-0.8705726861953735,0.6613617539405823,0.37456387281417847,-0.8705819845199585,0.6757029891014099,0.38100987672805786,-0.8705633878707886,0.5976463556289673,0.3459123969078064,-0.8487512469291687,0.5824577808380127,0.33725935220718384,-0.8482707738876343,0.5682898759841919,0.3276425302028656,-0.8485562205314636,0.6994212865829468,0.4009297788143158,-0.4862603545188904,0.5530574321746826,0.3329033851623535,-0.38147932291030884,0.6268390417098999,0.484998494386673,-0.7645878791809082,0.5645743012428284,0.4634172022342682,-0.7340661287307739,0.8010894060134888,0.6963279247283936,-0.2387782335281372,0.3971710801124573,0.6286327838897705,-0.1954580843448639,0.8885822296142578,0.9965144395828247,-0.21330666542053223,0.2331988364458084,0.8943468928337097,-0.7316317558288574,0.925367534160614,1.3962295055389404,-0.5237641930580139,0.19855713844299316,0.6933552026748657,-1.8682276010513306,0.9540813565254211,1.5031840801239014,-0.6106695532798767,0.15960565209388733,0.599514365196228,-2.077796220779419,0.9169880151748657,1.4801474809646606,-0.6638840436935425,0.20396220684051514,0.5477179884910583,-2.073396921157837,0.8906617164611816,1.447574496269226,-0.563444197177887,0.2288352996110916,0.5863494873046875,-1.8991079330444336,0.6872172355651855,1.436936855316162,-0.058598052710294724,0.3843621015548706,1.4019780158996582,0.06279979646205902,0.6454216241836548,2.0742156505584717,0.07124504446983337,0.375514417886734,2.0518834590911865,0.30454304814338684,0.6163914799690247,2.631521463394165,0.7449510097503662,0.35347291827201843,2.606682300567627,0.9698430895805359,0.6167789697647095,2.7095446586608887,0.7746183276176453,0.3451898694038391,2.6770641803741455,1.024245023727417,0.5667964220046997,2.8089306354522705,0.1714300662279129,0.3823457360267639,2.8018014430999756,0.36372047662734985,0,0,0,0,0,0,0,0,0,0,0,0,0,0,0,0,0,0,0,0,0,0,0,0,0,0,0,0,0,0,0,0,0,0,0,0,0,0,0,0,0,0,0,0,0,0,0,0,0,0,0,0,0,0,0,0,0,0,0,0,0,0,0,0.16018614172935486,0.7555704116821289,6.532875431730645e-07,0.19557729363441467,0.7294226288795471,-0.03264552727341652,0.20612625777721405,0.6737576127052307,-0.04835948348045349,0.17402085661888123,0.632807731628418,-0.06323596090078354,0.13675259053707123,0.5973767042160034,-0.07609560340642929,0.22453486919403076,0.555019736289978,-0.02113077975809574,0.2528589069843292,0.48149198293685913,-0.04532448202371597,0.27011168003082275,0.4321792721748352,-0.0611238032579422,0.28271669149398804,0.3897274136543274,-0.07006815075874329,0.18696366250514984,0.5396541953086853,-0.021566160023212433,0.18637162446975708,0.4486527442932129,-0.0488147959113121,0.18126842379570007,0.38613343238830566,-0.06608391553163528,0.176743283867836,0.3326014280319214,-0.07284688949584961,0.15279966592788696,0.5543553233146667,-0.026084309443831444,0.13389068841934204,0.5268665552139282,-0.0652742087841034,0.1351749449968338,0.5787774324417114,-0.07486937940120697,0.13884197175502777,0.6162943243980408,-0.06854245066642761,0.1247691661119461,0.5866066813468933,-0.033002618700265884,0.11210540682077408,0.578342616558075,-0.06361933052539825,0.11917908489704132,0.6186889410018921,-0.06560166925191879,0.12912961840629578,0.6501458883285522,-0.05798829346895218,victory
0.605338454246521,0.4156931936740875,-0.9084601402282715,0.6466209888458252,0.3686838448047638,-0.8680976033210754,0.6616529226303101,0.3748965263366699,-0.8681081533432007,0.6759690046310425,0.38125085830688477,-0.8680927157402039,0.5978213548660278,0.34617483615875244,-0.8456847071647644,0.5824584364891052,0.3376665413379669,-0.8452080488204956,0.5681900978088379,0.3284600079059601,-0.8454974293708801,0.699505090713501,0.4009473919868469,-0.48569321632385254,0.5528475642204285,0.3331742286682129,-0.3812304735183716,0.6269723176956177,0.48497897386550903,-0.7637035846710205,0.5646520853042603,0.463630735874176,-0.731826901435852,0.8009864687919617,0.6956345438957214,-0.2362702190876007,0.39709922671318054,0.6290590763092041,-0.19557209312915802,0.8885282278060913,0.9959283471107483,-0.2051970511674881,0.23315536975860596,0.8982121348381042,-0.7271685600280762,0.925019383430481,1.3957897424697876,-0.513800859451294,0.20105966925621033,0.6935297250747681,-1.8613178730010986,0.953727126121521,1.5030254125595093,-0.5996099710464478,0.16192445158958435,0.6000592708587646,-2.0707716941833496,0.9165700078010559,1.4800721406936646,-0.6547211408615112,0.2059994637966156,0.548213541507721,-2.066924810409546,0.8901940584182739,1.447450876235962,-0.5537769198417664,0.23083443939685822,0.5866491794586182,-1.8920471668243408,0.6876430511474609,1.436581015586853,-0.058361172676086426,0.38501834869384766,1.4019930362701416,0.06255929917097092,0.6463619470596313,2.0740485191345215,0.06854666769504547,0.3771388828754425,2.0517303943634033,0.3024243414402008,0.6170637011528015,2.6312856674194336,0.735393762588501,0.3547014594078064,2.607306480407715,0.9692713618278503,0.6173276305198669,2.709287166595459,0.7644268274307251,0.34634289145469666,2.6779580116271973,1.0240809917449951,0.5676930546760559,2.8086252212524414,0.15969842672348022,0.3833838701248169,2.8016393184661865,0.36093080043792725,0,0,0,0,0,0,0,0,0,0,0,0,0,0,0,0,0,0,0,0,0,0,0,0,0,0,0,0,0,0,0,0,0,0,0,0,0,0,0,0,0,0,0,0,0,0,0,0,0,0,0,0,0,0,0,0,0,0,0,0,0,0,0,0.16026727855205536,0.7563047409057617,6.446217071243154e-07,0.1954328864812851,0.7302194833755493,-0.03284988924860954,0.20595605671405792,0.6745352745056152,-0.048840057104825974,0.1739272177219391,0.6330808401107788,-0.06399399042129517,0.13619118928909302,0.5973358154296875,-0.07719980180263519,0.22483880817890167,0.5559017658233643,-0.021832449361681938,0.2530418038368225,0.4820844233036041,-0.04612842574715614,0.26978421211242676,0.43246006965637207,-0.06213511899113655,0.2818620800971985,0.3893424868583679,-0.07137975096702576,0.1871996819972992,0.5403478145599365,-0.022185970097780228,0.18646560609340668,0.44923722743988037,-0.04966297373175621,0.18114584684371948,0.38672012090682983,-0.06734251230955124,0.17654521763324738,0.33272796869277954,-0.07460109144449234,0.15297134220600128,0.5547463893890381,-0.026524264365434647,0.13401752710342407,0.5261828303337097,-0.06562743335962296,0.13529595732688904,0.5780041813850403,-0.07524813711643219,0.13899123668670654,0.6157431602478027,-0.06918583065271378,0.12501516938209534,0.5867174863815308,-0.0332961305975914,0.11203906685113907,0.577428936958313,-0.06393655389547348,0.11908182501792908,0.6177945733070374,-0.06598308682441711,0.1292254775762558,0.6497997641563416,-0.0585443414747715,victory
0.6053807735443115,0.415621280670166,-1.009196162223816,0.646743893623352,0.36854830384254456,-0.963463306427002,0.661757230758667,0.3746722638607025,-0.9634889364242554,0.6760457158088684,0.38101378083229065,-0.9634787440299988,0.5977839231491089,0.3461707830429077,-0.9446446299552917,0.5823484659194946,0.3377128541469574,-0.9441674947738647,0.5681009888648987,0.32865938544273376,-0.9444230198860168,0.6997721195220947,0.40079548954963684,-0.5461419820785522,0.5522529482841492,0.33351632952690125,-0.4490235447883606,0.6269636154174805,0.4849596619606018,-0.8512039184570312,0.5645674467086792,0.46378880739212036,-0.8238388299942017,0.801240086555481,0.6959548592567444,-0.2611791789531708,0.397058367729187,0.6300886869430542,-0.2464762181043625,0.888410210609436,0.9996869564056396,-0.21325501799583435,0.2331363409757614,0.8995066285133362,-0.8077012896537781,0.9250019788742065,1.4111424684524536,-0.5417486429214478,0.20160453021526337,0.6936554312705994,-2.01664662361145,0.9537650942802429,1.5200304985046387,-0.6320876479148865,0.16195036470890045,0.6001479625701904,-2.246023654937744,0.9167431592941284,1.4990673065185547,-0.6959203481674194,0.20667126774787903,0.5484308004379272,-2.2442493438720703,0.8901883959770203,1.4653491973876953,-0.5853934288024902,0.2316635400056839,0.5869877934455872,-2.050558567047119,0.6890739798545837,1.4410762786865234,-0.057805996388196945,0.3851558566093445,1.4065297842025757,0.062010932713747025,0.6470528841018677,2.0791800022125244,0.12784171104431152,0.3768542408943176,2.057422161102295,0.32531458139419556,0.6191384196281433,2.634457588195801,0.8808067440986633,0.354724645614624,2.61226749420166,1.0757286548614502,0.6198745965957642,2.713131904602051,0.9187634587287903,0.34661880135536194,2.6834452152252197,1.1388602256774902,0.5681911706924438,2.8129658699035645,0.28915008902549744,0.38335663080215454,2.80863356590271,0.4435539245605469,0,0,0,0,0,0,0,0,0,0,0,0,0,0,0,0,0,0,0,0,0,0,0,0,0,0,0,0,0,0,0,0,0,0,0,0,0,0,0,0,0,0,0,0,0,0,0,0,0,0,0,0,0,0,0,0,0,0,0,0,0,0,0,0.15910305082798004,0.7543455362319946,6.477020519923826e-07,0.19541701674461365,0.729707658290863,-0.03386479616165161,0.20689330995082855,0.6738978028297424,-0.050628434866666794,0.1742730736732483,0.6325743198394775,-0.06639908999204636,0.135282963514328,0.5963900685310364,-0.08021572232246399,0.22467824816703796,0.5546878576278687,-0.02342698723077774,0.25305092334747314,0.48120200634002686,-0.04798431321978569,0.26943469047546387,0.43176478147506714,-0.06431686878204346,0.28132307529449463,0.38791221380233765,-0.07405728846788406,0.1866959035396576,0.5387220978736877,-0.023705927655100822,0.18592706322669983,0.44859424233436584,-0.051445938646793365,0.18058201670646667,0.3863871395587921,-0.06925399601459503,0.1760817915201187,0.3319430947303772,-0.0768999457359314,0.15225932002067566,0.5526191592216492,-0.027980459854006767,0.1344371885061264,0.5232210755348206,-0.06757587939500809,0.1372040957212448,0.5778429508209229,-0.076569564640522,0.14201435446739197,0.6171409487724304,-0.07030322402715683,0.12401800602674484,0.584148645401001,-0.03480610251426697,0.11105518043041229,0.5752981901168823,-0.06655856966972351,0.11904315650463104,0.6175870299339294,-0.0686422809958458,0.1301552653312683,0.6508639454841614,-0.061208467930555344,victory
0.6053410768508911,0.4155997335910797,-0.9798157811164856,0.6467685699462891,0.3685387969017029,-0.9341667294502258,0.6617946624755859,0.3746353089809418,-0.9341884851455688,0.6760708093643188,0.38094669580459595,-0.93419349193573,0.5977492332458496,0.3462432324886322,-0.9172099232673645,0.5822579264640808,0.3379129469394684,-0.9166864156723022,0.5679799318313599,0.3291705548763275,-0.9169508814811707,0.7001344561576843,0.40070977807044983,-0.5295630097389221,0.5521568655967712,0.333950400352478,-0.43267717957496643,0.6269620656967163,0.484936386346817,-0.8247321844100952,0.564498782157898,0.46385714411735535,-0.799491822719574,0.8014153242111206,0.6959508061408997,-0.26050466299057007,0.39749425649642944,0.6302382349967957,-0.24185475707054138,0.8885625600814819,1.0009773969650269,-0.2223527431488037,0.23421378433704376,0.900229275226593,-0.7877241373062134,0.9249822497367859,1.4145550727844238,-0.5409982800483704,0.20215542614459991,0.6937129497528076,-1.9707502126693726,0.9544751048088074,1.5227928161621094,-0.6297711133956909,0.1625244915485382,0.6006888747215271,-2.1904959678649902,0.9170002937316895,1.5023518800735474,-0.6898975968360901,0.2068115472793579,0.5494823455810547,-2.1895430088043213,0.8901729583740234,1.468627691268921,-0.5829535722732544,0.23193125426769257,0.5888790488243103,-2.005213737487793,0.6889880895614624,1.4394018650054932,-0.05900166556239128,0.38517433404922485,1.4032135009765625,0.06320194900035858,0.64559406042099,2.078763484954834,0.11620692163705826,0.3764113485813141,2.0550827980041504,0.3252827525138855,0.6154412031173706,2.6342499256134033,0.8303990364074707,0.35253190994262695,2.611492156982422,1.0609803199768066,0.6159681081771851,2.7129082679748535,0.8649195432662964,0.34424281120300293,2.6829025745391846,1.1216707229614258,0.5624099969863892,2.8126168251037598,0.24909920990467072,0.3794826865196228,2.8071563243865967,0.43719473481178284,0,0,0,0,0,0,0,0,0,0,0,0,0,0,0,0,0,0,0,0,0,0,0,0,0,0,0,0,0,0,0,0,0,0,0,0,0,0,0,0,0,0,0,0,0,0,0,0,0,0,0,0,0,0,0,0,0,0,0,0,0,0,0,0.16068607568740845,0.7518131732940674,6.479128273895185e-07,0.19605974853038788,0.7270788550376892,-0.03423053026199341,0.2068788856267929,0.6726652383804321,-0.05140046030282974,0.17449089884757996,0.6308070421218872,-0.06743716448545456,0.13584575057029724,0.5953074097633362,-0.08154278993606567,0.2242279350757599,0.552790641784668,-0.024399032816290855,0.25364527106285095,0.4795059561729431,-0.04937352240085602,0.27078717947006226,0.4302125573158264,-0.06585648655891418,0.2831517159938812,0.386913537979126,-0.07531915605068207,0.1867380142211914,0.5364236235618591,-0.024120265617966652,0.18722134828567505,0.4466802477836609,-0.0519062764942646,0.1821998655796051,0.3845193386077881,-0.06926973164081573,0.17767256498336792,0.3308613896369934,-0.07633758336305618,0.1526557207107544,0.5498009920120239,-0.027833109721541405,0.1363087296485901,0.5223150253295898,-0.06690651923418045,0.13997960090637207,0.5777721405029297,-0.07540176808834076,0.14511068165302277,0.6184427738189697,-0.06858845055103302,0.1245887279510498,0.5811368823051453,-0.03413619473576546,0.1117093488574028,0.5705816745758057,-0.06476592272520065,0.11954566091299057,0.6122549772262573,-0.06603281199932098,0.13046397268772125,0.6462956070899963,-0.057947345077991486,victory
0.6052833795547485,0.4159948229789734,-0.9610040783882141,0.6467104554176331,0.36909839510917664,-0.9239827990531921,0.6617560386657715,0.3751235604286194,-0.9238883256912231,0.6760265231132507,0.3812006413936615,-0.9238160848617554,0.5977203845977783,0.3466569781303406,-0.9004613161087036,0.5821696519851685,0.3383701741695404,-0.8999751210212708,0.5679243803024292,0.3298952877521515,-0.9002256393432617,0.7002619504928589,0.40072330832481384,-0.5215182304382324,0.5520336031913757,0.33424025774002075,-0.42797860503196716,0.6268983483314514,0.4851364493370056,-0.8180569410324097,0.5644532442092896,0.464332640171051,-0.7843271493911743,0.8014994859695435,0.6965659260749817,-0.26105985045433044,0.39747077226638794,0.6299965977668762,-0.23323936760425568,0.8867681622505188,1.004845142364502,-0.23565766215324402,0.23406974971294403,0.9014809131622314,-0.7543455958366394,0.9206568598747253,1.420107364654541,-0.5490304231643677,0.20245978236198425,0.6937666535377502,-1.8959674835205078,0.9505056142807007,1.528031587600708,-0.6368995308876038,0.16261763870716095,0.6007792353630066,-2.104703664779663,0.9119535684585571,1.5078438520431519,-0.6929177045822144,0.20701563358306885,0.5498128533363342,-2.0995020866394043,0.884954571723938,1.4736976623535156,-0.5890565514564514,0.23215821385383606,0.589712381362915,-1.9268262386322021,0.6879766583442688,1.4381301403045654,-0.0598396435379982,0.38476744294166565,1.399929404258728,0.06402608752250671,0.6412292718887329,2.0778982639312744,0.11481964588165283,0.37332388758659363,2.0517048835754395,0.3135414123535156,0.6072841286659241,2.6340293884277344,0.8131145238876343,0.3453633785247803,2.609844923019409,1.0092501640319824,0.6077542304992676,2.712528705596924,0.8456317186355591,0.3365224301815033,2.6813197135925293,1.0662481784820557,0.552078366279602,2.8123600482940674,0.23124614357948303,0.36999088525772095,2.8049397468566895,0.39202526211738586,0,0,0,0,0,0,0,0,0,0,0,0,0,0,0,0,0,0,0,0,0,0,0,0,0,0,0,0,0,0,0,0,0,0,0,0,0,0,0,0,0,0,0,0,0,0,0,0,0,0,0,0,0,0,0,0,0,0,0,0,0,0,0,0.1603100597858429,0.7500187158584595,6.456266419263557e-07,0.1958920657634735,0.7260875701904297,-0.0344754233956337,0.20703628659248352,0.6717694997787476,-0.0517163947224617,0.17542125284671783,0.630592405796051,-0.06774929165840149,0.13662804663181305,0.5956156849861145,-0.08190272748470306,0.22427961230278015,0.5522478818893433,-0.02480405382812023,0.2530907988548279,0.47883695363998413,-0.04973546043038368,0.27012696862220764,0.42991557717323303,-0.06617395579814911,0.282487690448761,0.38677889108657837,-0.07567720115184784,0.18717852234840393,0.5358681082725525,-0.024405525997281075,0.18741047382354736,0.4460553228855133,-0.052365466952323914,0.1826063096523285,0.38432222604751587,-0.06989160180091858,0.17806896567344666,0.3309800624847412,-0.07707628607749939,0.1533164381980896,0.5491982698440552,-0.02799256704747677,0.13652288913726807,0.5211565494537354,-0.06738638132810593,0.13965372741222382,0.5755535960197449,-0.07622209191322327,0.14409422874450684,0.6154128313064575,-0.06960940361022949,0.12553900480270386,0.5802150964736938,-0.03414209187030792,0.11301538348197937,0.569832444190979,-0.06511855870485306,0.12060637772083282,0.6113629937171936,-0.06670084595680237,0.13100868463516235,0.6452139616012573,-0.05884861946105957,victory
0.6036263704299927,0.41741693019866943,-0.9723132848739624,0.6453479528427124,0.37021467089653015,-0.9336926341056824,0.6608219146728516,0.37613391876220703,-0.9336543083190918,0.6750574111938477,0.3817741274833679,-0.9335924386978149,0.5961722135543823,0.34754830598831177,-0.9102298021316528,0.5808572769165039,0.33922669291496277,-0.9097055196762085,0.5666642785072327,0.33094263076782227,-0.9099695086479187,0.6999747157096863,0.40071725845336914,-0.5350400805473328,0.5519830584526062,0.3347660005092621,-0.4244016706943512,0.6258496642112732,0.4858846664428711,-0.8237547874450684,0.5630375742912292,0.46573179960250854,-0.7896462678909302,0.8014857172966003,0.6969655156135559,-0.2621007561683655,0.3974468410015106,0.6295086145401001,-0.23612673580646515,0.8828852772712708,1.005293369293213,-0.2357597053050995,0.23429687321186066,0.9004058241844177,-0.787442684173584,0.9057979583740234,1.4204137325286865,-0.5548256635665894,0.20288164913654327,0.6936741471290588,-1.9737937450408936,0.9307323694229126,1.5285096168518066,-0.643062174320221,0.16353633999824524,0.6007013916969299,-2.193676233291626,0.8938853144645691,1.5079395771026611,-0.697619616985321,0.20749834179878235,0.5499022006988525,-2.1933419704437256,0.8683874011039734,1.4736508131027222,-0.5944075584411621,0.23227111995220184,0.5899476408958435,-2.007948875427246,0.6873250007629395,1.4383686780929565,-0.06073495000600815,0.38450542092323303,1.3999017477035522,0.06493493169546127,0.6367722153663635,2.077735424041748,0.10848423093557358,0.36864298582077026,2.05031681060791,0.3430477976799011,0.6024075746536255,2.6326749324798584,0.815746009349823,0.34060001373291016,2.6071932315826416,1.0824267864227295,0.6030778884887695,2.7111523151397705,0.8494781255722046,0.3322046995162964,2.6784093379974365,1.145370364189148,0.5464405417442322,2.8090150356292725,0.22864587604999542,0.36451032757759094,2.8024165630340576,0.46223878860473633,0,0,0,0,0,0,0,0,0,0,0,0,0,0,0,0,0,0,0,0,0,0,0,0,0,0,0,0,0,0,0,0,0,0,0,0,0,0,0,0,0,0,0,0,0,0,0,0,0,0,0,0,0,0,0,0,0,0,0,0,0,0,0,0.1611306369304657,0.7497227191925049,6.43840223801817e-07,0.1959894299507141,0.7239511013031006,-0.03314675763249397,0.2055702805519104,0.6683048009872437,-0.049665823578834534,0.17409931123256683,0.6279316544532776,-0.06515461951494217,0.137356236577034,0.5925934910774231,-0.07867603003978729,0.22504863142967224,0.551620602607727,-0.02366422675549984,0.2536613643169403,0.47963792085647583,-0.048324696719646454,0.2709510922431946,0.43087446689605713,-0.06476646661758423,0.2837611436843872,0.3878247141838074,-0.0744057446718216,0.18811950087547302,0.5352329015731812,-0.023994233459234238,0.188229501247406,0.4451500177383423,-0.05153292417526245,0.18326422572135925,0.3835310935974121,-0.06900680810213089,0.17889165878295898,0.32967042922973633,-0.07625838369131088,0.15411123633384705,0.5487963557243347,-0.028209425508975983,0.13730596005916595,0.520232081413269,-0.06706825643777847,0.14027559757232666,0.5739046931266785,-0.07589171081781387,0.14478687942028046,0.6125684976577759,-0.06949928402900696,0.12629441916942596,0.5801361203193665,-0.03492608293890953,0.11453922092914581,0.5701717734336853,-0.06558460742235184,0.12239713966846466,0.6112013459205627,-0.06721151620149612,0.13284340500831604,0.6437854766845703,-0.05954447388648987,victory
0.6027084589004517,0.41845324635505676,-0.9749191999435425,0.6445974111557007,0.3710089921951294,-0.935945987701416,0.660302996635437,0.37684524059295654,-0.9359205961227417,0.6745154857635498,0.382180392742157,-0.9358609318733215,0.5953089594841003,0.34824779629707336,-0.9126783609390259,0.5801104307174683,0.3399198353290558,-0.912139892578125,0.5659537315368652,0.33181241154670715,-0.9124017953872681,0.6998212933540344,0.4007113575935364,-0.5392259359359741,0.5519403219223022,0.33517470955848694,-0.4231092035770416,0.6252687573432922,0.48642662167549133,-0.8250012397766113,0.5622544884681702,0.4667768180370331,-0.790976345539093,0.8014790415763855,0.6972246170043945,-0.2625797688961029,0.39742568135261536,0.629028856754303,-0.2369491308927536,0.88084477186203,1.005605697631836,-0.2365821897983551,0.23441824316978455,0.8997853398323059,-0.7955249547958374,0.8998847007751465,1.420575737953186,-0.5615281462669373,0.20322513580322266,0.6936119198799133,-1.9875125885009766,0.923405647277832,1.528839349746704,-0.65055912733078,0.1643507182598114,0.6006202697753906,-2.2085883617401123,0.8869112133979797,1.5079573392868042,-0.7045989036560059,0.20795965194702148,0.5499395728111267,-2.2085416316986084,0.8618887662887573,1.4735790491104126,-0.60105299949646,0.23238742351531982,0.59015291929245,-2.021927833557129,0.6867824196815491,1.4385879039764404,-0.061178602278232574,0.3842020630836487,1.399877667427063,0.06539423763751984,0.6339995861053467,2.0775458812713623,0.10514350980520248,0.3655168414115906,2.049309492111206,0.35212406516075134,0.5993032455444336,2.6317808628082275,0.8152365684509277,0.33724889159202576,2.605398654937744,1.0949656963348389,0.600028395652771,2.710242986679077,0.849202036857605,0.32903575897216797,2.6764650344848633,1.1581943035125732,0.5430631637573242,2.8068974018096924,0.22647622227668762,0.36092710494995117,2.8007590770721436,0.4752443730831146,0,0,0,0,0,0,0,0,0,0,0,0,0,0,0,0,0,0,0,0,0,0,0,0,0,0,0,0,0,0,0,0,0,0,0,0,0,0,0,0,0,0,0,0,0,0,0,0,0,0,0,0,0,0,0,0,0,0,0,0,0,0,0,0.1611945629119873,0.7505151033401489,6.402272560990241e-07,0.19631311297416687,0.725072979927063,-0.032641664147377014,0.20611199736595154,0.6695070862770081,-0.04888247698545456,0.17487609386444092,0.6286281943321228,-0.06435848772525787,0.13767829537391663,0.592812180519104,-0.07793339341878891,0.2252875119447708,0.5521010160446167,-0.02281341701745987,0.25405988097190857,0.4794599115848541,-0.04761864244937897,0.27085742354393005,0.43017780780792236,-0.06396903097629547,0.2830692231655121,0.38681918382644653,-0.07342599332332611,0.18820513784885406,0.535927414894104,-0.023577336221933365,0.18818339705467224,0.4454459846019745,-0.05144648626446724,0.18320995569229126,0.38359329104423523,-0.06881827116012573,0.1787908524274826,0.32984060049057007,-0.07578220218420029,0.1539582461118698,0.5498384237289429,-0.028267553076148033,0.13720615208148956,0.5211922526359558,-0.06771843135356903,0.1409039944410324,0.5760828852653503,-0.07634575664997101,0.14612478017807007,0.6154056787490845,-0.06949999928474426,0.12585780024528503,0.5814821124076843,-0.0353991873562336,0.1139560416340828,0.5718854665756226,-0.06619622558355331,0.1218106746673584,0.6130602359771729,-0.06755705177783966,0.13241757452487946,0.6456663012504578,-0.05955369770526886,victory
0.6021196246147156,0.4192197024822235,-0.9765240550041199,0.6441167593002319,0.37159794569015503,-0.9373262524604797,0.6599704027175903,0.3773740231990814,-0.9373049736022949,0.6741594672203064,0.3824886381626129,-0.937243640422821,0.5947431325912476,0.34878554940223694,-0.9143079519271851,0.5796124339103699,0.3404577672481537,-0.9137626886367798,0.5654839873313904,0.3324788510799408,-0.9140189290046692,0.6997240781784058,0.40070322155952454,-0.5406509637832642,0.5518871545791626,0.33545950055122375,-0.423056423664093,0.6248787045478821,0.48682788014411926,-0.8258665800094604,0.5617268085479736,0.4675247073173523,-0.7920941114425659,0.8014712333679199,0.6973368525505066,-0.2626928985118866,0.39740681648254395,0.6285019516944885,-0.23701556026935577,0.8797508478164673,1.0058351755142212,-0.23659293353557587,0.234540656208992,0.8993552923202515,-0.7969101667404175,0.8976375460624695,1.4204920530319214,-0.5634835362434387,0.20350317656993866,0.6936159133911133,-1.989767074584961,0.9208666682243347,1.528830647468567,-0.6527179479598999,0.16489394009113312,0.6006137132644653,-2.210766315460205,0.8844553232192993,1.5077944993972778,-0.7066811323165894,0.20821943879127502,0.5499852895736694,-2.211277723312378,0.8595482110977173,1.473397970199585,-0.6030081510543823,0.23244106769561768,0.5903090834617615,-2.0244240760803223,0.6863938570022583,1.438666582107544,-0.06175297498703003,0.3840459883213043,1.3998299837112427,0.06598162651062012,0.6325017809867859,2.0774600505828857,0.10339971631765366,0.3639446794986725,2.0484328269958496,0.3552411198616028,0.5976675748825073,2.6310243606567383,0.8172052502632141,0.3356626033782959,2.6040079593658447,1.0969104766845703,0.5983690023422241,2.709444522857666,0.8514920473098755,0.32756251096725464,2.674975633621216,1.1599935293197632,0.5415302515029907,2.805292844772339,0.22735550999641418,0.3592264950275421,2.7992684841156006,0.4769946038722992,0,0,0,0,0,0,0,0,0,0,0,0,0,0,0,0,0,0,0,0,0,0,0,0,0,0,0,0,0,0,0,0,0,0,0,0,0,0,0,0,0,0,0,0,0,0,0,0,0,0,0,0,0,0,0,0,0,0,0,0,0,0,0,0.16045869886875153,0.750151515007019,6.409129014173232e-07,0.19606219232082367,0.7250633239746094,-0.032906852662563324,0.20630872249603271,0.6700899600982666,-0.04935034364461899,0.17538140714168549,0.6298553347587585,-0.06499101966619492,0.1383347362279892,0.5939766764640808,-0.07874777168035507,0.22536376118659973,0.5518456697463989,-0.02309480309486389,0.2542228102684021,0.4792448580265045,-0.04787799343466759,0.2709563374519348,0.42998695373535156,-0.06428990513086319,0.2831951379776001,0.38648873567581177,-0.07384727895259857,0.1882113218307495,0.5353677272796631,-0.023815765976905823,0.18833418190479279,0.4451390504837036,-0.05161872133612633,0.18323878943920135,0.38342466950416565,-0.0690774917602539,0.17886421084403992,0.3297572731971741,-0.07619143277406693,0.15404200553894043,0.5490734577178955,-0.028474360704421997,0.13743208348751068,0.5210990905761719,-0.06789226830005646,0.14048045873641968,0.5764774084091187,-0.0765576884150505,0.14540483057498932,0.6160886287689209,-0.0698261633515358,0.12597322463989258,0.5807039737701416,-0.03560740873217583,0.11355466395616531,0.5709721446037292,-0.06653381139039993,0.12119896709918976,0.612658679485321,-0.06790793687105179,0.1319882720708847,0.6458021998405457,-0.05993260070681572,victory
0.6014431715011597,0.4196077287197113,-0.9856160879135132,0.6434214115142822,0.3718324601650238,-0.9450446963310242,0.6594156622886658,0.3775867223739624,-0.9450138211250305,0.6736258864402771,0.38260871171951294,-0.9449335336685181,0.5941553115844727,0.34901174902915955,-0.921249508857727,0.5791955590248108,0.34072092175483704,-0.920674204826355,0.5651480555534363,0.33283907175064087,-0.9209178686141968,0.6994364857673645,0.4006742537021637,-0.5454791784286499,0.5517489910125732,0.33564493060112,-0.42494362592697144,0.6244480013847351,0.486917644739151,-0.8341971635818481,0.561442494392395,0.4676939845085144,-0.7997233867645264,0.8013947606086731,0.6973835229873657,-0.2725948691368103,0.39738965034484863,0.6274134516716003,-0.23618368804454803,0.877900242805481,1.0060124397277832,-0.2531295418739319,0.23388627171516418,0.8992171883583069,-0.7843412160873413,0.8983887434005737,1.4203914403915405,-0.5989284515380859,0.20353829860687256,0.6936587691307068,-1.9838765859603882,0.9222432971000671,1.5282000303268433,-0.6947977542877197,0.1649121642112732,0.600561261177063,-2.2102367877960205,0.8856813311576843,1.5070165395736694,-0.7507219910621643,0.2087855041027069,0.5500343441963196,-2.2080671787261963,0.8606338500976562,1.4728657007217407,-0.640009880065918,0.23302538692951202,0.5903578996658325,-2.020052433013916,0.6857389211654663,1.4382647275924683,-0.06599043309688568,0.3836818337440491,1.3992187976837158,0.07034708559513092,0.6312774419784546,2.0771501064300537,0.09907103329896927,0.36220210790634155,2.0480997562408447,0.35280126333236694,0.5968543291091919,2.6304311752319336,0.8140357136726379,0.33364564180374146,2.60392689704895,1.086540699005127,0.5976543426513672,2.708742618560791,0.8487261533737183,0.3257032036781311,2.67482852935791,1.1483627557754517,0.5404106378555298,2.804588794708252,0.22438307106494904,0.35607942938804626,2.7985475063323975,0.4690471589565277,0,0,0,0,0,0,0,0,0,0,0,0,0,0,0,0,0,0,0,0,0,0,0,0,0,0,0,0,0,0,0,0,0,0,0,0,0,0,0,0,0,0,0,0,0,0,0,0,0,0,0,0,0,0,0,0,0,0,0,0,0,0,0,0.1621449887752533,0.750420331954956,6.371998892973352e-07,0.19747363030910492,0.7247648239135742,-0.03259526938199997,0.20815962553024292,0.6687361598014832,-0.04876669496297836,0.17619547247886658,0.6281229853630066,-0.06401064991950989,0.13799382746219635,0.5927322506904602,-0.07736390084028244,0.2257717400789261,0.5516254305839539,-0.022900845855474472,0.25444820523262024,0.4786601662635803,-0.046728938817977905,0.27097204327583313,0.42977821826934814,-0.0627271831035614,0.28271982073783875,0.38664788007736206,-0.07238808274269104,0.1884382963180542,0.5359420776367188,-0.023497043177485466,0.1877996027469635,0.4446147084236145,-0.05020683631300926,0.18309585750102997,0.38277336955070496,-0.06774844229221344,0.1788249909877777,0.32866355776786804,-0.07553242892026901,0.1544446349143982,0.5502834916114807,-0.027874458581209183,0.1370638906955719,0.5178826451301575,-0.06561815738677979,0.14033758640289307,0.5689550638198853,-0.07460781931877136,0.14490340650081635,0.6060763597488403,-0.06906470656394958,0.12675660848617554,0.582191526889801,-0.03474094346165657,0.11503306776285172,0.5715495944023132,-0.06518854945898056,0.1234988421201706,0.611671507358551,-0.0672922432422638,0.13443301618099213,0.643667995929718,-0.0603298544883728,victory
0.6014170050621033,0.418974369764328,-0.9198706746101379,0.6433978080749512,0.37047138810157776,-0.8822590708732605,0.6593949198722839,0.3761391341686249,-0.8822327852249146,0.6735876798629761,0.3813498914241791,-0.8822602033615112,0.5941280722618103,0.34829309582710266,-0.8595200777053833,0.5791488885879517,0.34025001525878906,-0.8589969873428345,0.5650840997695923,0.3324072062969208,-0.8592737317085266,0.699427604675293,0.3997578024864197,-0.5088376402854919,0.551748514175415,0.33565816283226013,-0.39272359013557434,0.6244863271713257,0.4860897958278656,-0.7782152891159058,0.561569333076477,0.4670066237449646,-0.7457126379013062,0.8014629483222961,0.69740891456604,-0.25544190406799316,0.39744147658348083,0.6262190937995911,-0.21579775214195251,0.8776241540908813,1.0065228939056396,-0.23201262950897217,0.23346705734729767,0.8991968631744385,-0.7496538758277893,0.9019830822944641,1.420087218284607,-0.5302551984786987,0.20376142859458923,0.6936947703361511,-1.8892853260040283,0.9276633262634277,1.5280035734176636,-0.608494758605957,0.1669236421585083,0.6004093289375305,-2.097416877746582,0.8923245668411255,1.5065950155258179,-0.6657285094261169,0.2097567617893219,0.5501290559768677,-2.0907132625579834,0.8670390248298645,1.4724743366241455,-0.5698490738868713,0.23376843333244324,0.5909286737442017,-1.9195241928100586,0.6859151124954224,1.4352378845214844,-0.06349031627178192,0.3849581778049469,1.3974159955978394,0.06771617382764816,0.6352323293685913,2.0712621212005615,0.07102091610431671,0.3657004237174988,2.042370080947876,0.2835776209831238,0.6017211079597473,2.6268301010131836,0.725576639175415,0.3379468023777008,2.600313425064087,0.9249023199081421,0.6026666164398193,2.7046449184417725,0.7548578977584839,0.3297935426235199,2.6716268062591553,0.9767498970031738,0.5464541912078857,2.801774501800537,0.1527736634016037,0.3619583547115326,2.7922346591949463,0.316681444644928,0,0,0,0,0,0,0,0,0,0,0,0,0,0,0,0,0,0,0,0,0,0,0,0,0,0,0,0,0,0,0,0,0,0,0,0,0,0,0,0,0,0,0,0,0,0,0,0,0,0,0,0,0,0,0,0,0,0,0,0,0,0,0,0.16038469970226288,0.7474564909934998,6.387514872585598e-07,0.19495436549186707,0.72185218334198,-0.03335067629814148,0.2045508623123169,0.6658352017402649,-0.049442704766988754,0.17362761497497559,0.6252047419548035,-0.06443289667367935,0.1366373896598816,0.5894591212272644,-0.07753267139196396,0.22510769963264465,0.5494638681411743,-0.02363472990691662,0.2540903687477112,0.47648799419403076,-0.047898124903440475,0.2711528539657593,0.4273234009742737,-0.06383364647626877,0.2830486297607422,0.38353225588798523,-0.07312297075986862,0.18845246732234955,0.5329689979553223,-0.023683561012148857,0.18860135972499847,0.44145363569259644,-0.050932377576828,0.18390478193759918,0.3796382546424866,-0.06786885112524033,0.17936468124389648,0.32573890686035156,-0.07469441741704941,0.15486882627010345,0.5464032888412476,-0.027649950236082077,0.13663989305496216,0.5164518356323242,-0.06658995896577835,0.14021509885787964,0.5710722804069519,-0.07542567700147629,0.14562809467315674,0.610313892364502,-0.06896494328975677,0.1276334673166275,0.5778602957725525,-0.03412614390254021,0.11549708992242813,0.5688725113868713,-0.06548707187175751,0.12369002401828766,0.6112996339797974,-0.06758192181587219,0.134995698928833,0.6448544263839722,-0.06008109077811241,victory
0.6013647317886353,0.4165698289871216,-0.9020687937736511,0.6433631181716919,0.36671164631843567,-0.8655379414558411,0.6593692302703857,0.3721671998500824,-0.8655058741569519,0.6734803915023804,0.3777482807636261,-0.8655450940132141,0.5941043496131897,0.34611594676971436,-0.8400079011917114,0.5791175961494446,0.33855465054512024,-0.8394976854324341,0.5650445818901062,0.33071428537368774,-0.8397873044013977,0.6994128823280334,0.3977506756782532,-0.4976211488246918,0.5517235994338989,0.3350905776023865,-0.36730295419692993,0.624458909034729,0.4836084544658661,-0.7625510096549988,0.5615805983543396,0.4646853506565094,-0.7261127233505249,0.8017600178718567,0.6974508762359619,-0.25362083315849304,0.3974713683128357,0.6247813105583191,-0.19406886398792267,0.8762248754501343,1.0066090822219849,-0.2300509214401245,0.23171913623809814,0.890210747718811,-0.7418420314788818,0.9013372659683228,1.41975736618042,-0.5044389963150024,0.20321738719940186,0.6907169818878174,-1.8898500204086304,0.9269603490829468,1.5277111530303955,-0.5785936713218689,0.16692692041397095,0.5918450951576233,-2.0980172157287598,0.8912436366081238,1.5065913200378418,-0.6289106011390686,0.20986667275428772,0.5427756905555725,-2.089768409729004,0.8661022186279297,1.4723535776138306,-0.5402846932411194,0.23366065323352814,0.5867644548416138,-1.919947624206543,0.6847547292709351,1.435144066810608,-0.06446180492639542,0.3840034604072571,1.39683198928833,0.0686015635728836,0.6351855993270874,2.071075916290283,0.0717947855591774,0.36547189950942993,2.0414934158325195,0.30715885758399963,0.6018614768981934,2.6266705989837646,0.7331666946411133,0.33798569440841675,2.5994622707366943,0.9814858436584473,0.602913498878479,2.7042949199676514,0.7627235054969788,0.3298052251338959,2.6705429553985596,1.0389536619186401,0.5465644598007202,2.8017303943634033,0.15634895861148834,0.3621448874473572,2.7916910648345947,0.382385790348053,0,0,0,0,0,0,0,0,0,0,0,0,0,0,0,0,0,0,0,0,0,0,0,0,0,0,0,0,0,0,0,0,0,0,0,0,0,0,0,0,0,0,0,0,0,0,0,0,0,0,0,0,0,0,0,0,0,0,0,0,0,0,0,0.15856215357780457,0.7455884218215942,6.479029366346367e-07,0.19221696257591248,0.7195037603378296,-0.03550156205892563,0.20138992369174957,0.6631624102592468,-0.05258095636963844,0.1720438301563263,0.6204826235771179,-0.06828124076128006,0.1358577013015747,0.5832648277282715,-0.0819801613688469,0.22521501779556274,0.5472424626350403,-0.02479996532201767,0.2548624277114868,0.4735313057899475,-0.04951891303062439,0.27191269397735596,0.4239877462387085,-0.06592433154582977,0.284390926361084,0.3803371787071228,-0.07562923431396484,0.18878470361232758,0.5306591987609863,-0.023859720677137375,0.18908046185970306,0.439752459526062,-0.05198558419942856,0.18435780704021454,0.3774811923503876,-0.06972526758909225,0.18024368584156036,0.32326096296310425,-0.07713399827480316,0.15476632118225098,0.5439403653144836,-0.027095874771475792,0.13590706884860992,0.5132843255996704,-0.06714814901351929,0.13846012949943542,0.5688268542289734,-0.07676524668931961,0.14367081224918365,0.6089329123497009,-0.07062695175409317,0.12698616087436676,0.5749223828315735,-0.03296257182955742,0.11294606328010559,0.5642949342727661,-0.0651596188545227,0.11953072249889374,0.6060596704483032,-0.06805434077978134,0.13012847304344177,0.6392334699630737,-0.06110162287950516,victory
0.6011658310890198,0.4148578345775604,-0.8748626708984375,0.6432567834854126,0.36450448632240295,-0.8400706052780151,0.6593136191368103,0.3699956238269806,-0.8400310277938843,0.6733307838439941,0.3758179545402527,-0.8400574922561646,0.5940650701522827,0.3445752263069153,-0.8126176595687866,0.5790888071060181,0.3372708261013031,-0.8121075630187988,0.5650023221969604,0.3293604552745819,-0.8124015927314758,0.6994035243988037,0.39675652980804443,-0.48297324776649475,0.5517491102218628,0.33451852202415466,-0.34327900409698486,0.6243887543678284,0.4820822775363922,-0.7395979762077332,0.5615646839141846,0.46267348527908325,-0.7004227638244629,0.8020977973937988,0.697708010673523,-0.25232455134391785,0.3974654972553253,0.6240299344062805,-0.1737549901008606,0.8755302429199219,1.007071852684021,-0.23440901935100555,0.2306319773197174,0.8868890404701233,-0.7201929688453674,0.9001381993293762,1.4197509288787842,-0.5108397006988525,0.20291566848754883,0.6893700957298279,-1.86173415184021,0.9254060983657837,1.5279861688613892,-0.5878974199295044,0.16693061590194702,0.5882446765899658,-2.0671916007995605,0.8887863159179688,1.5069348812103271,-0.6373888254165649,0.20995362102985382,0.5408253073692322,-2.0570085048675537,0.8638823628425598,1.4724618196487427,-0.546862006187439,0.23343703150749207,0.5849313139915466,-1.8912509679794312,0.6835386753082275,1.4352604150772095,-0.06532011926174164,0.3828203082084656,1.396782398223877,0.06941840052604675,0.6347284317016602,2.071056604385376,0.06597118079662323,0.36472150683403015,2.0413060188293457,0.30883070826530457,0.6018900275230408,2.6266396045684814,0.7316481471061707,0.3372345566749573,2.5993311405181885,0.9950419664382935,0.6029646396636963,2.704235076904297,0.7620562314987183,0.3288637399673462,2.6703786849975586,1.0532795190811157,0.546595573425293,2.8018229007720947,0.1551283299922943,0.36177128553390503,2.7916533946990967,0.3872365951538086,0,0,0,0,0,0,0,0,0,0,0,0,0,0,0,0,0,0,0,0,0,0,0,0,0,0,0,0,0,0,0,0,0,0,0,0,0,0,0,0,0,0,0,0,0,0,0,0,0,0,0,0,0,0,0,0,0,0,0,0,0,0,0,0.15984882414340973,0.7471848130226135,6.396577987288765e-07,0.19377288222312927,0.7198721766471863,-0.03334484249353409,0.2029394656419754,0.6629073619842529,-0.04950305074453354,0.172743558883667,0.6210679411888123,-0.0648089274764061,0.1360257863998413,0.5849161744117737,-0.07824189215898514,0.22442646324634552,0.5483665466308594,-0.022833114489912987,0.25507164001464844,0.47428208589553833,-0.0474378764629364,0.27209144830703735,0.4240812063217163,-0.06362781673669815,0.2843438386917114,0.3803105354309082,-0.07294705510139465,0.1877536177635193,0.5320456027984619,-0.02292919158935547,0.18898813426494598,0.44182395935058594,-0.05112233757972717,0.18426232039928436,0.3789213299751282,-0.06902248412370682,0.1803130954504013,0.3241731524467468,-0.07630699127912521,0.15354585647583008,0.5450679063796997,-0.02701970748603344,0.13635672628879547,0.5165279507637024,-0.0669858530163765,0.13907566666603088,0.5726843476295471,-0.07624344527721405,0.14420171082019806,0.612703263759613,-0.06954189389944077,0.12540094554424286,0.5757683515548706,-0.03352874517440796,0.11231908947229385,0.5637978911399841,-0.06451680511236191,0.11942876875400543,0.6047731637954712,-0.06608403474092484,0.13051491975784302,0.6378141641616821,-0.058125995099544525,victory
0.6013635396957397,0.41463515162467957,-0.868046760559082,0.6434491872787476,0.3643423914909363,-0.8303213119506836,0.6594438552856445,0.3698633909225464,-0.8302607536315918,0.6734185814857483,0.3757344186306,-0.8302437663078308,0.5943300724029541,0.3443668484687805,-0.8074370622634888,0.5793015956878662,0.33709678053855896,-0.8069278597831726,0.5651953220367432,0.3292175233364105,-0.8071905970573425,0.6995431184768677,0.3966761827468872,-0.4671079218387604,0.5518170595169067,0.3344721496105194,-0.34786802530288696,0.6246812343597412,0.4818366467952728,-0.7306715250015259,0.5621050596237183,0.462372362613678,-0.6978016495704651,0.8027370572090149,0.6981387734413147,-0.23831787705421448,0.39757028222084045,0.6241053342819214,-0.17582908272743225,0.875635027885437,1.0094419717788696,-0.2230767458677292,0.22960570454597473,0.8843744993209839,-0.7328779101371765,0.9010874629020691,1.4223780632019043,-0.5000637173652649,0.20292837917804718,0.6894245743751526,-1.873664140701294,0.9259982109069824,1.5318013429641724,-0.5774667263031006,0.1669507473707199,0.5885453820228577,-2.082723617553711,0.8888421058654785,1.5104053020477295,-0.6257833242416382,0.21000352501869202,0.5409336090087891,-2.075690507888794,0.8641408085823059,1.4756754636764526,-0.5356847047805786,0.2334723174571991,0.5851641893386841,-1.9047002792358398,0.6846939325332642,1.4372073411941528,-0.06129536032676697,0.3834564685821533,1.398908257484436,0.06541290879249573,0.636876106262207,2.0730481147766113,0.07537602633237839,0.36627089977264404,2.0441482067108154,0.30929476022720337,0.6042618751525879,2.6291403770446777,0.739482581615448,0.33934134244918823,2.601409673690796,0.9914538264274597,0.6052642464637756,2.7070343494415283,0.7705360651016235,0.3308599591255188,2.6723005771636963,1.0489710569381714,0.5495175123214722,2.804572582244873,0.18260148167610168,0.36469095945358276,2.7943854331970215,0.38904035091400146,0,0,0,0,0,0,0,0,0,0,0,0,0,0,0,0,0,0,0,0,0,0,0,0,0,0,0,0,0,0,0,0,0,0,0,0,0,0,0,0,0,0,0,0,0,0,0,0,0,0,0,0,0,0,0,0,0,0,0,0,0,0,0,0.1624339520931244,0.746810793876648,6.37256732716196e-07,0.19716191291809082,0.7204787731170654,-0.033040158450603485,0.20612749457359314,0.6638869047164917,-0.04930443316698074,0.17418579757213593,0.6220887899398804,-0.06461191922426224,0.13716010749340057,0.5861123204231262,-0.07789291441440582,0.2261034995317459,0.5467897057533264,-0.022349169477820396,0.2548602223396301,0.4737781882286072,-0.046111635863780975,0.27194273471832275,0.42507052421569824,-0.06213495507836342,0.2843398451805115,0.38213276863098145,-0.0716174989938736,0.18939198553562164,0.5304231643676758,-0.02257739007472992,0.19018882513046265,0.43926548957824707,-0.04910328611731529,0.18568207323551178,0.3774780333042145,-0.06602160632610321,0.18140718340873718,0.32415348291397095,-0.07308842241764069,0.155329629778862,0.5439209342002869,-0.026740940287709236,0.13800762593746185,0.5102502703666687,-0.06496040523052216,0.14117130637168884,0.5646306872367859,-0.07319986075162888,0.1456410437822342,0.6052958965301514,-0.06650962680578232,0.12695398926734924,0.5756351351737976,-0.03342055156826973,0.1141253337264061,0.5605629086494446,-0.06425226479768753,0.12183530628681183,0.6021921634674072,-0.0655829980969429,0.1320909559726715,0.6369094848632812,-0.05759447067975998,victory
0.6014362573623657,0.4144919216632843,-0.86244136095047,0.6435298919677734,0.3642798960208893,-0.824079692363739,0.6594979166984558,0.3698352873325348,-0.8240095973014832,0.6734470725059509,0.37572917342185974,-0.8239755630493164,0.5944651365280151,0.3442177474498749,-0.8023867607116699,0.5794165730476379,0.33695805072784424,-0.8018768429756165,0.5653024911880493,0.3290906250476837,-0.8021314740180969,0.6996086835861206,0.39666423201560974,-0.45945292711257935,0.5518783330917358,0.33445748686790466,-0.3473157286643982,0.6247957348823547,0.4817099869251251,-0.7246345281600952,0.5623525381088257,0.4621824026107788,-0.6936748623847961,0.8031258583068848,0.6982783675193787,-0.2304956167936325,0.3976144790649414,0.6241918802261353,-0.17966967821121216,0.8766255378723145,1.0109671354293823,-0.21353790163993835,0.22856836020946503,0.8824843168258667,-0.7385309934616089,0.9026066660881042,1.4239681959152222,-0.4860609471797943,0.20293323695659637,0.6894453763961792,-1.8815498352050781,0.9273120760917664,1.5341274738311768,-0.5619922280311584,0.16697180271148682,0.5888274312019348,-2.091702938079834,0.8895516395568848,1.5126830339431763,-0.6094586253166199,0.21003183722496033,0.5410856008529663,-2.08488392829895,0.8650180697441101,1.4778579473495483,-0.5211268067359924,0.2335023134946823,0.5852333307266235,-1.9128021001815796,0.6855562329292297,1.4385875463485718,-0.05929868668317795,0.3838658630847931,1.4005205631256104,0.06342869251966476,0.6386317014694214,2.0745997428894043,0.078310526907444,0.36752527952194214,2.046377182006836,0.30978384613990784,0.6063937544822693,2.631146192550659,0.7423577904701233,0.3410030007362366,2.6033031940460205,0.9899336099624634,0.6073161959648132,2.70918869972229,0.7737153172492981,0.3324165940284729,2.674119472503662,1.0471915006637573,0.552243173122406,2.8069024085998535,0.1897324025630951,0.3670045733451843,2.796649932861328,0.38990098237991333,0,0,0,0,0,0,0,0,0,0,0,0,0,0,0,0,0,0,0,0,0,0,0,0,0,0,0,0,0,0,0,0,0,0,0,0,0,0,0,0,0,0,0,0,0,0,0,0,0,0,0,0,0,0,0,0,0,0,0,0,0,0,0,0.1613471359014511,0.7475284337997437,6.383570507750846e-07,0.19715407490730286,0.7214558124542236,-0.033670809119939804,0.20669640600681305,0.6654486656188965,-0.05030254274606705,0.17544899880886078,0.6224561333656311,-0.06592995673418045,0.1378893405199051,0.5853482484817505,-0.07945341616868973,0.22637027502059937,0.5467746257781982,-0.022717466577887535,0.25513359904289246,0.4729655086994171,-0.046880681067705154,0.271882027387619,0.42390286922454834,-0.0630749836564064,0.28392937779426575,0.38061201572418213,-0.07263648509979248,0.18951807916164398,0.5302876830101013,-0.022850126028060913,0.19019632041454315,0.439272403717041,-0.049964699894189835,0.18574592471122742,0.37751153111457825,-0.0670892670750618,0.18125474452972412,0.32406163215637207,-0.07412219047546387,0.15519936382770538,0.5440216064453125,-0.02703045681118965,0.13769257068634033,0.5120559334754944,-0.06594420224428177,0.1413702517747879,0.5659184455871582,-0.07434487342834473,0.14619773626327515,0.6053929924964905,-0.06752985715866089,0.12668238580226898,0.5757134556770325,-0.03375587239861488,0.11464562267065048,0.5620437860488892,-0.06474222987890244,0.12269539386034012,0.6030746698379517,-0.06610163301229477,0.13314995169639587,0.6366074681282043,-0.058081626892089844,victory
0.6011745929718018,0.4142736494541168,-0.8512986898422241,0.6433705687522888,0.36428704857826233,-0.816971480846405,0.6593937873840332,0.36985766887664795,-0.8168895840644836,0.6732282042503357,0.3757475018501282,-0.8169137835502625,0.5942486524581909,0.34414559602737427,-0.7939507961273193,0.5792549848556519,0.3369106352329254,-0.7934538125991821,0.5651153326034546,0.32904061675071716,-0.7937271595001221,0.6992567777633667,0.3966611325740814,-0.4623402953147888,0.5518204569816589,0.3344484567642212,-0.3463115096092224,0.6243755221366882,0.4816496670246124,-0.7171975374221802,0.5619576573371887,0.46194037795066833,-0.6843686699867249,0.8028851747512817,0.6982805728912354,-0.23160548508167267,0.39756664633750916,0.6240060329437256,-0.1820264756679535,0.8743417859077454,1.0105701684951782,-0.2276981770992279,0.22812774777412415,0.8820155262947083,-0.7349570989608765,0.9017027020454407,1.4237953424453735,-0.5046587586402893,0.20335495471954346,0.6877331137657166,-1.8563778400421143,0.9263529777526855,1.5338658094406128,-0.5830498337745667,0.16818231344223022,0.5867902040481567,-2.0621442794799805,0.887931227684021,1.512451410293579,-0.6253798007965088,0.21272388100624084,0.5394343137741089,-2.050642251968384,0.8634762763977051,1.4776474237442017,-0.537879228591919,0.23513200879096985,0.5847474336624146,-1.8845294713974,0.6848140954971313,1.43769371509552,-0.05887817591428757,0.3837150037288666,1.399577021598816,0.06296175718307495,0.638628363609314,2.0733067989349365,0.0783497616648674,0.3675607144832611,2.0444788932800293,0.3006504774093628,0.6064161658287048,2.6307530403137207,0.7398070096969604,0.3409907817840576,2.6025550365448,0.9562509655952454,0.6074052453041077,2.70867919921875,0.7709458470344543,0.3323548436164856,2.6735646724700928,1.0110390186309814,0.5520440340042114,2.806809902191162,0.18710948526859283,0.36696547269821167,2.795577049255371,0.3649037182331085,0,0,0,0,0,0,0,0,0,0,0,0,0,0,0,0,0,0,0,0,0,0,0,0,0,0,0,0,0,0,0,0,0,0,0,0,0,0,0,0,0,0,0,0,0,0,0,0,0,0,0,0,0,0,0,0,0,0,0,0,0,0,0,0.16243189573287964,0.7520444393157959,6.175127964525018e-07,0.19662103056907654,0.7262730598449707,-0.0326443649828434,0.20629721879959106,0.670430064201355,-0.048703040927648544,0.17543967068195343,0.626934289932251,-0.06390111148357391,0.1379331648349762,0.5899479985237122,-0.07726528495550156,0.22699832916259766,0.5529294013977051,-0.022210262715816498,0.2558448612689972,0.47938668727874756,-0.04559743031859398,0.2730373442173004,0.4299294948577881,-0.06148895248770714,0.28479573130607605,0.386474609375,-0.07117834687232971,0.19034741818904877,0.5378742814064026,-0.022781269624829292,0.19216467440128326,0.4447890520095825,-0.04888145253062248,0.18742848932743073,0.3824891746044159,-0.06575733423233032,0.181773841381073,0.32834333181381226,-0.07320627570152283,0.15591254830360413,0.5530252456665039,-0.027204005047678947,0.13737499713897705,0.5110662579536438,-0.0653141513466835,0.14029771089553833,0.5615448355674744,-0.07396336644887924,0.14518144726753235,0.5999197959899902,-0.06805741041898727,0.127210333943367,0.5863295793533325,-0.03404245525598526,0.11505182832479477,0.5688838362693787,-0.06529423594474792,0.12341679632663727,0.6078329086303711,-0.06747505068778992,0.13444119691848755,0.640878438949585,-0.060450077056884766,victory
0.5921995043754578,0.4137921929359436,-0.8501706123352051,0.635161280632019,0.3639483153820038,-0.819500744342804,0.6527103781700134,0.3696044087409973,-0.8193955421447754,0.6677998304367065,0.37545591592788696,-0.8193700909614563,0.5871812105178833,0.3438522219657898,-0.7919918298721313,0.5734779238700867,0.33657580614089966,-0.791511058807373,0.5598546862602234,0.32867658138275146,-0.791812539100647,0.6951983571052551,0.39639273285865784,-0.47381219267845154,0.551540732383728,0.3345130681991577,-0.34482306241989136,0.6146873235702515,0.48130640387535095,-0.7213918566703796,0.5560499429702759,0.46147421002388,-0.6830331087112427,0.8021082878112793,0.6981762647628784,-0.27023375034332275,0.39754146337509155,0.6241672039031982,-0.17783686518669128,0.8729038238525391,1.009358286857605,-0.28064948320388794,0.2281271517276764,0.8856049180030823,-0.7192097902297974,0.901799201965332,1.4242913722991943,-0.5363692045211792,0.20393288135528564,0.6877648234367371,-1.818987250328064,0.9265735745429993,1.5338014364242554,-0.608795166015625,0.1688167303800583,0.5873812437057495,-2.0123941898345947,0.888095498085022,1.5140268802642822,-0.6429051160812378,0.21404671669006348,0.540803074836731,-1.9953911304473877,0.8636461496353149,1.4793508052825928,-0.5653926730155945,0.23569193482398987,0.5855465531349182,-1.843790054321289,0.6847327947616577,1.4359428882598877,-0.06620589643716812,0.38374924659729004,1.3982272148132324,0.07015375047922134,0.6386240720748901,2.0711474418640137,0.07152426987886429,0.3677815794944763,2.0432863235473633,0.312982439994812,0.6070225834846497,2.6292593479156494,0.7433682084083557,0.34119710326194763,2.60198712348938,0.9712082743644714,0.6084486246109009,2.706570863723755,0.7751852869987488,0.3325250446796417,2.672813653945923,1.026777744293213,0.552465558052063,2.8058767318725586,0.187997967004776,0.367298424243927,2.794469118118286,0.3961333632469177,0,0,0,0,0,0,0,0,0,0,0,0,0,0,0,0,0,0,0,0,0,0,0,0,0,0,0,0,0,0,0,0,0,0,0,0,0,0,0,0,0,0,0,0,0,0,0,0,0,0,0,0,0,0,0,0,0,0,0,0,0,0,0,0.1623823344707489,0.7585932612419128,6.187534040691389e-07,0.1945275068283081,0.7337434887886047,-0.03337983787059784,0.20436899363994598,0.6814019680023193,-0.05002694949507713,0.1765793263912201,0.6409263610839844,-0.06579074263572693,0.14212584495544434,0.6042189002037048,-0.0797634869813919,0.2287958413362503,0.5623818039894104,-0.023084333166480064,0.2589477002620697,0.48849037289619446,-0.04712322726845741,0.2761628031730652,0.4390854239463806,-0.06300344318151474,0.28853172063827515,0.39674845337867737,-0.07189830392599106,0.19301503896713257,0.5472288131713867,-0.022972408682107925,0.1964665651321411,0.45367297530174255,-0.04950673505663872,0.19163112342357635,0.3904368281364441,-0.06608400493860245,0.18663334846496582,0.3376624584197998,-0.0726037323474884,0.15865583717823029,0.5612670183181763,-0.02682577259838581,0.138264462351799,0.5235989689826965,-0.06568436324596405,0.13631798326969147,0.573956310749054,-0.0747932493686676,0.13908587396144867,0.6137621998786926,-0.06820685416460037,0.13005585968494415,0.5919820070266724,-0.033045556396245956,0.11216355860233307,0.5770436525344849,-0.06420013308525085,0.11565963923931122,0.6159349679946899,-0.0662175640463829,0.1248125433921814,0.6492028832435608,-0.0584750697016716,victory
0.5811907052993774,0.4091373682022095,-0.7932531833648682,0.6236801147460938,0.35931524634361267,-0.7686899900436401,0.6426655054092407,0.3644542098045349,-0.7685750722885132,0.6599632501602173,0.3698127865791321,-0.7685601115226746,0.5771397948265076,0.3421562612056732,-0.7345271110534668,0.5633640289306641,0.3353785574436188,-0.7340841293334961,0.5513911247253418,0.32828179001808167,-0.7344319820404053,0.6895679235458374,0.39249563217163086,-0.46512848138809204,0.5498206615447998,0.33470046520233154,-0.2983071208000183,0.6055132746696472,0.47737303376197815,-0.6797054409980774,0.5485152006149292,0.4584091305732727,-0.631030797958374,0.8020275235176086,0.6967798471450806,-0.2685905992984772,0.3975391983985901,0.6243117451667786,-0.1509767770767212,0.8715508580207825,1.0082602500915527,-0.29883524775505066,0.2298300564289093,0.894007682800293,-0.6736050248146057,0.8992358446121216,1.4241912364959717,-0.5530049204826355,0.20455816388130188,0.689365029335022,-1.7334506511688232,0.9237109422683716,1.5337351560592651,-0.6219326257705688,0.1708616316318512,0.5952707529067993,-1.9197866916656494,0.8847097158432007,1.5138849020004272,-0.654472291469574,0.21461772918701172,0.5457528829574585,-1.89590585231781,0.860607922077179,1.4792537689208984,-0.5811523199081421,0.2358093559741974,0.5882294178009033,-1.7552372217178345,0.6841082572937012,1.4355629682540894,-0.06723497807979584,0.3838452398777008,1.3981568813323975,0.07115627825260162,0.6385282874107361,2.070319652557373,0.004457799717783928,0.36782413721084595,2.042332172393799,0.2785370647907257,0.6070040464401245,2.6291732788085938,0.605221152305603,0.34121036529541016,2.601942539215088,0.8721993565559387,0.6086503863334656,2.706321954727173,0.6304481029510498,0.3325203061103821,2.672759532928467,0.9209414720535278,0.5520551800727844,2.805553674697876,0.0561724491417408,0.3673110008239746,2.7941715717315674,0.29959172010421753,0,0,0,0,0,0,0,0,0,0,0,0,0,0,0,0,0,0,0,0,0,0,0,0,0,0,0,0,0,0,0,0,0,0,0,0,0,0,0,0,0,0,0,0,0,0,0,0,0,0,0,0,0,0,0,0,0,0,0,0,0,0,0,0.16724103689193726,0.7645807862281799,6.337353397611878e-07,0.20147903263568878,0.7398691177368164,-0.03379080817103386,0.2117178738117218,0.6842870116233826,-0.050010278820991516,0.1815536469221115,0.6451171636581421,-0.06509648263454437,0.1465577781200409,0.6103620529174805,-0.07835245132446289,0.2322872430086136,0.5685135126113892,-0.02418840117752552,0.2613694965839386,0.49536600708961487,-0.04863862320780754,0.2786964178085327,0.4461863040924072,-0.06427691876888275,0.2916306257247925,0.403581440448761,-0.07302435487508774,0.19571049511432648,0.5544471144676208,-0.02406112477183342,0.19685594737529755,0.45962339639663696,-0.05171234533190727,0.1928643137216568,0.395992636680603,-0.06902655214071274,0.18930277228355408,0.3419964909553528,-0.07583092153072357,0.16099920868873596,0.5693857669830322,-0.027870142832398415,0.14443975687026978,0.5377620458602905,-0.06871095299720764,0.1450352519750595,0.5889423489570618,-0.07962190359830856,0.14782306551933289,0.6277815699577332,-0.07378048449754715,0.13305306434631348,0.6011075973510742,-0.03387928381562233,0.12285874783992767,0.5930019617080688,-0.06638872623443604,0.12979169189929962,0.6345008611679077,-0.06951063871383667,0.1388026773929596,0.668019711971283,-0.06247058883309364,victory
0.5761238932609558,0.4057653844356537,-0.7803806066513062,0.6184456944465637,0.3561428189277649,-0.755873441696167,0.637822687625885,0.3610082268714905,-0.755761981010437,0.6559183597564697,0.3661087155342102,-0.7557461857795715,0.5723930597305298,0.3407115340232849,-0.7208453416824341,0.5585482120513916,0.3342929780483246,-0.7204047441482544,0.5471793413162231,0.32783275842666626,-0.7207621335983276,0.6863889098167419,0.3898110091686249,-0.45986872911453247,0.5487213134765625,0.3348042070865631,-0.2839789092540741,0.601067841053009,0.474458247423172,-0.6684431433677673,0.5445713996887207,0.456042617559433,-0.6183192729949951,0.8019660711288452,0.695792019367218,-0.2677769660949707,0.39755553007125854,0.6245644092559814,-0.1412889063358307,0.870635986328125,1.0073790550231934,-0.3053920269012451,0.2308579385280609,0.8980139493942261,-0.6656699180603027,0.898090660572052,1.4241538047790527,-0.5599867105484009,0.20508310198783875,0.6904569268226624,-1.7272173166275024,0.9224566221237183,1.5335890054702759,-0.6281647682189941,0.17207594215869904,0.5996472835540771,-1.914046049118042,0.8832672834396362,1.5137676000595093,-0.6607191562652588,0.21510522067546844,0.5486449003219604,-1.8895251750946045,0.8592886924743652,1.4791144132614136,-0.5881140828132629,0.23599298298358917,0.5900154113769531,-1.7490018606185913,0.6838006377220154,1.4354885816574097,-0.06834021210670471,0.3839769959449768,1.398187279701233,0.07224005460739136,0.6385253667831421,2.070021152496338,-0.00964539684355259,0.36797457933425903,2.042114496231079,0.2753038704395294,0.6070862412452698,2.6291205883026123,0.5882338285446167,0.34133380651474,2.6019177436828613,0.8723305463790894,0.6092604994773865,2.706279754638672,0.6133279204368591,0.3325783610343933,2.672738552093506,0.9217274785041809,0.5520246028900146,2.8055052757263184,0.038296177983284,0.3675549328327179,2.794121026992798,0.2990192770957947,0,0,0,0,0,0,0,0,0,0,0,0,0,0,0,0,0,0,0,0,0,0,0,0,0,0,0,0,0,0,0,0,0,0,0,0,0,0,0,0,0,0,0,0,0,0,0,0,0,0,0,0,0,0,0,0,0,0,0,0,0,0,0,0.16535840928554535,0.763279914855957,6.41375663690269e-07,0.19903059303760529,0.7395156025886536,-0.03229523077607155,0.21086563169956207,0.6853339076042175,-0.04849781468510628,0.18139134347438812,0.6442166566848755,-0.06405442208051682,0.14346367120742798,0.60886549949646,-0.07773895561695099,0.23215553164482117,0.567529559135437,-0.023074567317962646,0.26108241081237793,0.4939514696598053,-0.04767535626888275,0.2780194580554962,0.4449639916419983,-0.06340736895799637,0.2898485064506531,0.4019715189933777,-0.07208246737718582,0.19507315754890442,0.5516689419746399,-0.023669876158237457,0.1946888566017151,0.4588930308818817,-0.05172658711671829,0.1912548691034317,0.39654040336608887,-0.06882299482822418,0.18746350705623627,0.34312742948532104,-0.07518438249826431,0.16021348536014557,0.5647823810577393,-0.028012342751026154,0.14370456337928772,0.5383226871490479,-0.06751008331775665,0.14887210726737976,0.5921103954315186,-0.07623574882745743,0.15411457419395447,0.631000280380249,-0.06907714903354645,0.13130414485931396,0.5946058630943298,-0.03472957760095596,0.12289926409721375,0.5907105803489685,-0.06501437723636627,0.1310645490884781,0.6326926946640015,-0.06629639118909836,0.14022359251976013,0.6656907796859741,-0.05802734196186066,victory
0.5670884847640991,0.4003102481365204,-0.7886193990707397,0.6097143888473511,0.35135549306869507,-0.765110433101654,0.6295012831687927,0.35586127638816833,-0.7649668455123901,0.6485283970832825,0.3605791926383972,-0.7648709416389465,0.5629787445068359,0.33800822496414185,-0.7268620729446411,0.5501762628555298,0.33268776535987854,-0.726362943649292,0.5402005910873413,0.3270731568336487,-0.7266362905502319,0.6799930930137634,0.38588330149650574,-0.465550035238266,0.5434698462486267,0.33492836356163025,-0.2809867262840271,0.593488335609436,0.469410240650177,-0.6777291297912598,0.5375190377235413,0.45234572887420654,-0.6234758496284485,0.8014587163925171,0.6956583261489868,-0.29507285356521606,0.3971995413303375,0.6246442198753357,-0.13572099804878235,0.8691872358322144,1.008231520652771,-0.3817536234855652,0.23125199973583221,0.8991421461105347,-0.6624982953071594,0.897864043712616,1.4299370050430298,-0.6595066785812378,0.20660901069641113,0.6926546692848206,-1.7229163646697998,0.9224851727485657,1.5380237102508545,-0.7410054206848145,0.1738678216934204,0.6095749735832214,-1.9114980697631836,0.8827241063117981,1.5175461769104004,-0.7695658802986145,0.21688778698444366,0.5532656908035278,-1.882399559020996,0.8583933115005493,1.4828612804412842,-0.6870917081832886,0.2366383820772171,0.5936644673347473,-1.744570016860962,0.6834613680839539,1.4366858005523682,-0.07556451857089996,0.3839476406574249,1.3995935916900635,0.07964242994785309,0.6380475759506226,2.0713050365448,-0.0007640072726644576,0.3679875135421753,2.043471336364746,0.2983931601047516,0.607455849647522,2.6293785572052,0.6289625763893127,0.3423715829849243,2.603285074234009,0.8875517845153809,0.61090487241745,2.706332206726074,0.6572850942611694,0.3338574171066284,2.6741812229156494,0.9414555430412292,0.5520240664482117,2.805450439453125,0.07621733099222183,0.36829647421836853,2.7950336933135986,0.3375905454158783,0,0,0,0,0,0,0,0,0,0,0,0,0,0,0,0,0,0,0,0,0,0,0,0,0,0,0,0,0,0,0,0,0,0,0,0,0,0,0,0,0,0,0,0,0,0,0,0,0,0,0,0,0,0,0,0,0,0,0,0,0,0,0,0.17208680510520935,0.7649861574172974,6.204789428920776e-07,0.2054804414510727,0.740193247795105,-0.030685434117913246,0.21518033742904663,0.6872488856315613,-0.046375129371881485,0.18825021386146545,0.648441731929779,-0.06158088892698288,0.15432658791542053,0.6134011745452881,-0.07484572380781174,0.2376730740070343,0.5718166828155518,-0.02297070063650608,0.2662981450557709,0.4992806911468506,-0.047142479568719864,0.28228747844696045,0.4508594274520874,-0.0626608282327652,0.2928166389465332,0.40842968225479126,-0.07131723314523697,0.2008611410856247,0.5566301345825195,-0.024456944316625595,0.20245124399662018,0.46161067485809326,-0.051132187247276306,0.19962206482887268,0.3994961977005005,-0.06749342381954193,0.19574281573295593,0.34628790616989136,-0.07376567274332047,0.16544027626514435,0.5706823468208313,-0.029490793123841286,0.15142415463924408,0.539290726184845,-0.06700735539197922,0.15624752640724182,0.5877718925476074,-0.07593754678964615,0.16036437451839447,0.6242877244949341,-0.06983804702758789,0.13653969764709473,0.6017292737960815,-0.03680676594376564,0.13236133754253387,0.5970356464385986,-0.06589671969413757,0.1413296014070511,0.6353864669799805,-0.06749235093593597,0.1496809870004654,0.6662455797195435,-0.060085177421569824,victory
0.5633792281150818,0.39726197719573975,-0.7928882837295532,0.6061450242996216,0.348558634519577,-0.7699325680732727,0.6259455680847168,0.3529122471809387,-0.7697753310203552,0.6451511383056641,0.35747289657592773,-0.7696517705917358,0.559050440788269,0.336203932762146,-0.7305410504341125,0.5465075373649597,0.3315370976924896,-0.7300269603729248,0.5369144678115845,0.32649677991867065,-0.7302813529968262,0.6768038868904114,0.38344576954841614,-0.471783310174942,0.5405585169792175,0.3350296914577484,-0.2817666828632355,0.5902754664421082,0.4664907455444336,-0.6826848983764648,0.5342678427696228,0.45006880164146423,-0.6267900466918945,0.8010579943656921,0.695578932762146,-0.30520081520080566,0.39694222807884216,0.624714732170105,-0.13438721001148224,0.8679245710372925,1.0086668729782104,-0.39087554812431335,0.23149411380290985,0.9000385999679565,-0.6610342860221863,0.8972452878952026,1.4331859350204468,-0.6649851202964783,0.20735187828540802,0.6938033699989319,-1.7194757461547852,0.9220811724662781,1.5406363010406494,-0.7465805411338806,0.17507758736610413,0.6137517690658569,-1.908017873764038,0.8817018270492554,1.5199837684631348,-0.7757717967033386,0.2180739939212799,0.5557090044021606,-1.87777841091156,0.8571174740791321,1.48521888256073,-0.6927209496498108,0.23702171444892883,0.5958364009857178,-1.7409919500350952,0.68316251039505,1.4376169443130493,-0.07989551872015,0.38389134407043457,1.4005597829818726,0.08404477685689926,0.6375089883804321,2.072333574295044,0.0013590671587735415,0.36798375844955444,2.044374465942383,0.3117005228996277,0.6075453758239746,2.6297037601470947,0.6402679681777954,0.3427092730998993,2.604240655899048,0.8914310336112976,0.6115782260894775,2.70646071434021,0.6694118976593018,0.33427682518959045,2.675200939178467,0.9423936605453491,0.5519551038742065,2.805445909500122,0.08819382637739182,0.3685167729854584,2.7956769466400146,0.3626459240913391,0,0,0,0,0,0,0,0,0,0,0,0,0,0,0,0,0,0,0,0,0,0,0,0,0,0,0,0,0,0,0,0,0,0,0,0,0,0,0,0,0,0,0,0,0,0,0,0,0,0,0,0,0,0,0,0,0,0,0,0,0,0,0,0.1717066913843155,0.7635977268218994,6.366246907418827e-07,0.20429249107837677,0.7419808506965637,-0.03345058858394623,0.2157967984676361,0.6921935677528381,-0.050902679562568665,0.18995635211467743,0.6516263484954834,-0.06730233132839203,0.15536928176879883,0.6135741472244263,-0.08181161433458328,0.23846009373664856,0.5713424682617188,-0.026763958856463432,0.26672160625457764,0.4985521137714386,-0.05164450407028198,0.28266260027885437,0.44989529252052307,-0.06761806458234787,0.29353785514831543,0.4067847728729248,-0.07654647529125214,0.20105251669883728,0.5550627708435059,-0.027196254581212997,0.20020554959774017,0.45953625440597534,-0.05413901433348656,0.19785760343074799,0.3986562192440033,-0.07006508857011795,0.19476374983787537,0.3463476300239563,-0.07599344104528427,0.1655399203300476,0.5686912536621094,-0.031336039304733276,0.15003255009651184,0.5385075807571411,-0.06929341703653336,0.15607713162899017,0.5899480581283569,-0.07782430946826935,0.16103141009807587,0.6274380087852478,-0.07151328772306442,0.13672830164432526,0.5994825959205627,-0.038055140525102615,0.13113386929035187,0.598147451877594,-0.06816933304071426,0.14034360647201538,0.6398488283157349,-0.07019875943660736,0.1490556299686432,0.6723162531852722,-0.06291552633047104,victory
0.552579939365387,0.39737892150878906,-0.8021517992019653,0.5941094160079956,0.34879398345947266,-0.7718861103057861,0.6145442724227905,0.353084921836853,-0.7718318700790405,0.633903980255127,0.3573608696460724,-0.7718204855918884,0.5483230948448181,0.33654341101646423,-0.7401015162467957,0.5385359525680542,0.33222606778144836,-0.7395952939987183,0.5290749669075012,0.32789719104766846,-0.7398577332496643,0.6685689091682434,0.3823111355304718,-0.5034099817276001,0.5345412492752075,0.33702611923217773,-0.2898864150047302,0.5819136500358582,0.4666644334793091,-0.6835716366767883,0.5283706188201904,0.4504801034927368,-0.6351865530014038,0.7999095916748047,0.6891945600509644,-0.31583482027053833,0.39648348093032837,0.6250902414321899,-0.139511376619339,0.8679580688476562,1.001739263534546,-0.39138734340667725,0.2313830554485321,0.9009533524513245,-0.665856659412384,0.8959325551986694,1.4219779968261719,-0.663877546787262,0.20870085060596466,0.6944183111190796,-1.728379249572754,0.9200431108474731,1.5256073474884033,-0.7402471303939819,0.17868450284004211,0.6151405572891235,-1.915412187576294,0.8796132206916809,1.5070244073867798,-0.7674756050109863,0.21996326744556427,0.5569287538528442,-1.8869367837905884,0.8552663922309875,1.4740716218948364,-0.6896384954452515,0.2379007339477539,0.5961700081825256,-1.7492164373397827,0.6831675171852112,1.4329663515090942,-0.08409248292446136,0.3846513032913208,1.3985601663589478,0.08830364048480988,0.6382583975791931,2.067918062210083,-0.01647762581706047,0.37129586935043335,2.042806386947632,0.3211645185947418,0.6121082901954651,2.6259090900421143,0.6007667779922485,0.34908542037010193,2.604120969772339,0.9147171974182129,0.6173206567764282,2.7021186351776123,0.6280217170715332,0.34119850397109985,2.6751625537872314,0.9653478860855103,0.5566367506980896,2.8003485202789307,0.04674786701798439,0.37506353855133057,2.7946105003356934,0.38167694211006165,0,0,0,0,0,0,0,0,0,0,0,0,0,0,0,0,0,0,0,0,0,0,0,0,0,0,0,0,0,0,0,0,0,0,0,0,0,0,0,0,0,0,0,0,0,0,0,0,0,0,0,0,0,0,0,0,0,0,0,0,0,0,0,0.17122803628444672,0.770595133304596,6.190761610014306e-07,0.2049889713525772,0.7495023012161255,-0.03380285203456879,0.21567529439926147,0.6941018104553223,-0.0500008724629879,0.18855012953281403,0.6503762602806091,-0.06527689844369888,0.15386557579040527,0.6108422875404358,-0.07868599146604538,0.2413308173418045,0.5776934027671814,-0.022338081151247025,0.26957499980926514,0.502739667892456,-0.04674170911312103,0.2857465147972107,0.4531376361846924,-0.0626130998134613,0.29731443524360657,0.409315288066864,-0.07153744995594025,0.20463228225708008,0.5610462427139282,-0.02232893742620945,0.20805729925632477,0.46653884649276733,-0.05029296875,0.20557716488838196,0.40404802560806274,-0.06728392094373703,0.20280367136001587,0.3507441282272339,-0.07350309938192368,0.1691114455461502,0.5733717679977417,-0.02632196620106697,0.15226727724075317,0.5360205173492432,-0.06815702468156815,0.15120750665664673,0.5936862826347351,-0.07668852061033249,0.1527807116508484,0.636837899684906,-0.06849750876426697,0.13931575417518616,0.6034047603607178,-0.032560426741838455,0.12692683935165405,0.5901969075202942,-0.06612293422222137,0.13088086247444153,0.6339311599731445,-0.0676780492067337,0.13736334443092346,0.6691882014274597,-0.05882121995091438,victory
0.5421077609062195,0.3975297212600708,-0.7939477562904358,0.5799362063407898,0.3489212393760681,-0.774497389793396,0.5997895002365112,0.35286030173301697,-0.774392306804657,0.6201578378677368,0.35665351152420044,-0.7743542194366455,0.5377806425094604,0.3372713029384613,-0.7366884350776672,0.5277886986732483,0.33343741297721863,-0.7362117767333984,0.5165579915046692,0.3297206461429596,-0.7364662885665894,0.6595903635025024,0.38064008951187134,-0.5066794157028198,0.5224300026893616,0.3403022587299347,-0.2902769446372986,0.5712951421737671,0.46667149662971497,-0.6834548115730286,0.5217003226280212,0.4511202871799469,-0.626281201839447,0.7980655431747437,0.6841410398483276,-0.3161391615867615,0.3945665955543518,0.6250353455543518,-0.13529442250728607,0.8690391778945923,0.9999855756759644,-0.3959943652153015,0.2294793426990509,0.903487503528595,-0.6446213722229004,0.8957434892654419,1.4179645776748657,-0.6622419357299805,0.21069487929344177,0.6952494978904724,-1.6792457103729248,0.9199632406234741,1.5217853784561157,-0.7400302290916443,0.1830245703458786,0.6148661971092224,-1.8637712001800537,0.8790251612663269,1.503774881362915,-0.7661669850349426,0.22242967784404755,0.5576514005661011,-1.8310636281967163,0.8545883297920227,1.4710066318511963,-0.6879079341888428,0.24011774361133575,0.5962581634521484,-1.6981372833251953,0.6833459138870239,1.4318333864212036,-0.08826108276844025,0.38581177592277527,1.398558497428894,0.09250746667385101,0.640845775604248,2.067605972290039,-0.02570571005344391,0.3753489851951599,2.042785406112671,0.325325071811676,0.6196936964988708,2.625912666320801,0.5837087035179138,0.35884255170822144,2.604283571243286,0.9260064363479614,0.6271339058876038,2.702125310897827,0.6104682683944702,0.352004736661911,2.6752710342407227,0.9776843190193176,0.562183141708374,2.8003458976745605,0.03592574596405029,0.38646048307418823,2.7957229614257812,0.38158541917800903,0,0,0,0,0,0,0,0,0,0,0,0,0,0,0,0,0,0,0,0,0,0,0,0,0,0,0,0,0,0,0,0,0,0,0,0,0,0,0,0,0,0,0,0,0,0,0,0,0,0,0,0,0,0,0,0,0,0,0,0,0,0,0,0.16855430603027344,0.7757278084754944,6.137598802524735e-07,0.20261751115322113,0.7544499039649963,-0.035312194377183914,0.2146255373954773,0.6994417309761047,-0.052095431834459305,0.1894744485616684,0.6556651592254639,-0.06765630841255188,0.15686213970184326,0.6159306168556213,-0.08113588392734528,0.2413884699344635,0.582991898059845,-0.02366798371076584,0.2697739601135254,0.5080169439315796,-0.047682855278253555,0.28544098138809204,0.4588784873485565,-0.0632602646946907,0.2966012954711914,0.4156084656715393,-0.0721072107553482,0.20508013665676117,0.5662558674812317,-0.022692492231726646,0.20991653203964233,0.47301185131073,-0.05005606263875961,0.20858317613601685,0.41180986166000366,-0.06664925068616867,0.2069527953863144,0.3596756160259247,-0.0728379562497139,0.1693127155303955,0.5777178406715393,-0.025897089391946793,0.15363894402980804,0.5406157970428467,-0.0671762079000473,0.15219774842262268,0.5969004034996033,-0.07630140334367752,0.15314999222755432,0.6400109529495239,-0.068834088742733,0.13921763002872467,0.6069114804267883,-0.031506024301052094,0.12828153371810913,0.594517171382904,-0.06472232937812805,0.1321374624967575,0.6367834806442261,-0.06726537644863129,0.1377304196357727,0.6711624264717102,-0.05943358689546585,victory
0.5325595736503601,0.4032706320285797,-0.7972654104232788,0.5665704607963562,0.3510206639766693,-0.7783446907997131,0.5861863493919373,0.3537971079349518,-0.7782257199287415,0.6068359613418579,0.3568611443042755,-0.7781789898872375,0.5271992087364197,0.34141111373901367,-0.7408446669578552,0.5162165760993958,0.33753326535224915,-0.7403735518455505,0.505251407623291,0.3339211344718933,-0.7406428456306458,0.6508483290672302,0.38040849566459656,-0.5159446001052856,0.5137401223182678,0.34423932433128357,-0.2920631766319275,0.5626208186149597,0.4684894382953644,-0.6866195201873779,0.5151628851890564,0.45532816648483276,-0.6272026896476746,0.7971150279045105,0.6811174750328064,-0.3173077702522278,0.39163342118263245,0.6252048015594482,-0.13497039675712585,0.8701882362365723,1.0000234842300415,-0.3994714021682739,0.22931990027427673,0.9160584211349487,-0.6288183927536011,0.884850800037384,1.412941813468933,-0.6905047297477722,0.21140947937965393,0.7092527151107788,-1.6789627075195312,0.9048417806625366,1.515821099281311,-0.7713953852653503,0.18321776390075684,0.6243236660957336,-1.863150954246521,0.8639974594116211,1.4962620735168457,-0.7949954867362976,0.22261790931224823,0.5659001469612122,-1.8381580114364624,0.8412989377975464,1.463678002357483,-0.7151440978050232,0.24087059497833252,0.602524995803833,-1.7000162601470947,0.683684229850769,1.4314765930175781,-0.09326902031898499,0.3870489299297333,1.39879310131073,0.09746263176202774,0.6412664651870728,2.0669844150543213,-0.03075636364519596,0.37667638063430786,2.042755365371704,0.33319321274757385,0.6207479238510132,2.625894069671631,0.5854464769363403,0.362373411655426,2.6046767234802246,0.935124397277832,0.6283695697784424,2.702125072479248,0.6130668520927429,0.3564566373825073,2.6756045818328857,0.9863758087158203,0.5629558563232422,2.8002521991729736,0.036472100764513016,0.3894875645637512,2.7963707447052,0.3906542956829071,0,0,0,0,0,0,0,0,0,0,0,0,0,0,0,0,0,0,0,0,0,0,0,0,0,0,0,0,0,0,0,0,0,0,0,0,0,0,0,0,0,0,0,0,0,0,0,0,0,0,0,0,0,0,0,0,0,0,0,0,0,0,0,0.1655406355857849,0.7838217616081238,5.804342322335287e-07,0.1976199746131897,0.7631502747535706,-0.035378359258174896,0.20977036654949188,0.7110593318939209,-0.05173395574092865,0.18515899777412415,0.6699684262275696,-0.06655493378639221,0.15414176881313324,0.6310360431671143,-0.07960107922554016,0.2385934591293335,0.595282256603241,-0.025937721133232117,0.26527225971221924,0.5190943479537964,-0.049232933670282364,0.2802721858024597,0.46976667642593384,-0.06411822140216827,0.2914249897003174,0.42646539211273193,-0.07261694967746735,0.20145060122013092,0.5784032940864563,-0.024427015334367752,0.2042364776134491,0.4838411509990692,-0.0503828339278698,0.20290346443653107,0.42345982789993286,-0.06610841304063797,0.20249706506729126,0.37456974387168884,-0.07220059633255005,0.1651798039674759,0.5893904566764832,-0.026966162025928497,0.14943455159664154,0.5481927990913391,-0.06604252755641937,0.146693155169487,0.5984841585159302,-0.07591762393712997,0.14737801253795624,0.6391541361808777,-0.07016942650079727,0.13582804799079895,0.6168064475059509,-0.03198275715112686,0.12383502721786499,0.609013020992279,-0.06467971950769424,0.12682650983333588,0.6498399972915649,-0.06901591271162033,0.13301289081573486,0.6834008097648621,-0.06299035996198654,victory
0.5288670063018799,0.4066387414932251,-0.8101149797439575,0.5620639324188232,0.35190191864967346,-0.8031034469604492,0.5815025568008423,0.3540682792663574,-0.803010106086731,0.6020445227622986,0.35701483488082886,-0.8029060363769531,0.5233561992645264,0.3431749939918518,-0.7586331367492676,0.5121496915817261,0.3393184542655945,-0.7581820487976074,0.500950813293457,0.3357480466365814,-0.7584669589996338,0.6467017531394958,0.3800089657306671,-0.5464442372322083,0.5094448328018188,0.346296101808548,-0.3098199963569641,0.5587912201881409,0.46932491660118103,-0.7045297026634216,0.511738657951355,0.45745959877967834,-0.6366620659828186,0.7966358065605164,0.6800891757011414,-0.333011269569397,0.3888171315193176,0.6252546310424805,-0.14121143519878387,0.8729154467582703,1.0001006126403809,-0.41885876655578613,0.2293267548084259,0.9234878420829773,-0.6372913122177124,0.8844069242477417,1.408279538154602,-0.7188312411308289,0.21171259880065918,0.7168658375740051,-1.6947609186172485,0.9039491415023804,1.5080317258834839,-0.8011388778686523,0.18382993340492249,0.6289579272270203,-1.8805290460586548,0.8632270097732544,1.4872394800186157,-0.8231019973754883,0.2227478325366974,0.5710653066635132,-1.8568055629730225,0.8404216766357422,1.455955147743225,-0.7428666949272156,0.24114051461219788,0.606126070022583,-1.7167251110076904,0.684230625629425,1.4304765462875366,-0.09385577589273453,0.38785624504089355,1.3985916376113892,0.0980878621339798,0.6415751576423645,2.0658156871795654,-0.022908765822649002,0.3772878348827362,2.041743278503418,0.3231498599052429,0.620812714099884,2.625159740447998,0.6006155610084534,0.363468736410141,2.6042847633361816,0.9225856065750122,0.6282268762588501,2.7015748023986816,0.6278653740882874,0.3579309284687042,2.67533278465271,0.9735018610954285,0.5632082223892212,2.7987239360809326,0.037252165377140045,0.39018696546554565,2.7957396507263184,0.36682483553886414,0,0,0,0,0,0,0,0,0,0,0,0,0,0,0,0,0,0,0,0,0,0,0,0,0,0,0,0,0,0,0,0,0,0,0,0,0,0,0,0,0,0,0,0,0,0,0,0,0,0,0,0,0,0,0,0,0,0,0,0,0,0,0,0.1644134521484375,0.7827227711677551,6.138411094980256e-07,0.19665831327438354,0.7602455615997314,-0.03446222469210625,0.20879966020584106,0.7073291540145874,-0.05106423422694206,0.18340502679347992,0.6672421097755432,-0.06637342274188995,0.15192961692810059,0.6301524043083191,-0.07974711805582047,0.23711515963077545,0.5946429371833801,-0.02542448416352272,0.26540958881378174,0.5194039344787598,-0.04966261610388756,0.2805470824241638,0.4706325829029083,-0.06490932404994965,0.29126739501953125,0.42789873480796814,-0.07320897281169891,0.1998669058084488,0.5778105854988098,-0.02445792965590954,0.20411568880081177,0.48357388377189636,-0.05171310156583786,0.20312391221523285,0.42265257239341736,-0.06755974143743515,0.20228220522403717,0.37157386541366577,-0.07292275875806808,0.16382567584514618,0.5887522101402283,-0.02747906744480133,0.1479216068983078,0.5558456778526306,-0.06721898913383484,0.14740096032619476,0.6095944046974182,-0.07620502263307571,0.1492937058210373,0.6505120396614075,-0.0689055472612381,0.1340876966714859,0.6166843175888062,-0.03287598863244057,0.12344062328338623,0.6094430685043335,-0.06410855054855347,0.12764106690883636,0.6515946984291077,-0.066227026283741,0.1341501921415329,0.6846463084220886,-0.05834570899605751,victory
0.5241933465003967,0.41036349534988403,-0.8107103109359741,0.5553007125854492,0.3541923463344574,-0.8123200535774231,0.5740038156509399,0.355766624212265,-0.8121737241744995,0.5944151282310486,0.35795605182647705,-0.8120255470275879,0.5191212892532349,0.34638530015945435,-0.7607170939445496,0.5082846283912659,0.3426315486431122,-0.7602663040161133,0.49779000878334045,0.3391956388950348,-0.760574996471405,0.6425992250442505,0.38001203536987305,-0.5774853229522705,0.5083901286125183,0.3496733605861664,-0.31179162859916687,0.554310142993927,0.4702931344509125,-0.7133188247680664,0.508854866027832,0.4596390724182129,-0.6380318403244019,0.7964470386505127,0.6802788972854614,-0.3611777424812317,0.38736361265182495,0.625542938709259,-0.14162518084049225,0.8734210133552551,1.004921793937683,-0.44913893938064575,0.22927136719226837,0.9276869893074036,-0.6434198021888733,0.8793634176254272,1.408576250076294,-0.7356551289558411,0.21166476607322693,0.7212884426116943,-1.7066329717636108,0.8982381820678711,1.508905291557312,-0.8146421313285828,0.183725968003273,0.6313299536705017,-1.8939481973648071,0.858363151550293,1.4882266521453857,-0.8338274955749512,0.22274573147296906,0.5738003253936768,-1.8673264980316162,0.8352155685424805,1.4565982818603516,-0.757606565952301,0.2411946952342987,0.6084728240966797,-1.7285480499267578,0.6842766404151917,1.4321587085723877,-0.09507222473621368,0.38769274950027466,1.4003081321716309,0.09940025955438614,0.6404954195022583,2.0672802925109863,-0.014635084196925163,0.3755224049091339,2.0430543422698975,0.3414546549320221,0.620303213596344,2.625748634338379,0.6375920176506042,0.3621126413345337,2.606154441833496,0.972098708152771,0.6281253099441528,2.7022879123687744,0.669729471206665,0.35713863372802734,2.6772260665893555,1.026447057723999,0.5618840456008911,2.7988202571868896,0.09157197177410126,0.3888063132762909,2.7985000610351562,0.41709962487220764,0,0,0,0,0,0,0,0,0,0,0,0,0,0,0,0,0,0,0,0,0,0,0,0,0,0,0,0,0,0,0,0,0,0,0,0,0,0,0,0,0,0,0,0,0,0,0,0,0,0,0,0,0,0,0,0,0,0,0,0,0,0,0,0.1600770652294159,0.7945134043693542,5.996422487442032e-07,0.1935156285762787,0.7758612036705017,-0.03731785714626312,0.20599468052387238,0.7236096858978271,-0.05478358641266823,0.1792975813150406,0.6772667765617371,-0.07026641070842743,0.1448916643857956,0.6373441219329834,-0.08388981968164444,0.23320262134075165,0.6049372553825378,-0.026698511093854904,0.258937269449234,0.5290281772613525,-0.04979492351412773,0.2735695540904999,0.47881168127059937,-0.06493161618709564,0.2845427691936493,0.43470364809036255,-0.07354090362787247,0.19591325521469116,0.5864585041999817,-0.02454281970858574,0.19880938529968262,0.4925229251384735,-0.05058958753943443,0.19652673602104187,0.4299945831298828,-0.06645071506500244,0.1952468752861023,0.3792405128479004,-0.07251754403114319,0.16009223461151123,0.5959399342536926,-0.026545526459813118,0.14268746972084045,0.5554091930389404,-0.06679128855466843,0.1379648894071579,0.6105216145515442,-0.07612527161836624,0.13813042640686035,0.6552753448486328,-0.06931278109550476,0.1302560567855835,0.622261643409729,-0.031090881675481796,0.11608629673719406,0.605459988117218,-0.06397295743227005,0.11786288022994995,0.6492046117782593,-0.06647251546382904,0.12414157390594482,0.687134861946106,-0.058812834322452545,victory
0.5216618776321411,0.4133181869983673,-0.8134735822677612,0.5518761277198792,0.35628262162208557,-0.8203730583190918,0.5701215863227844,0.35746636986732483,-0.8202009201049805,0.5903087854385376,0.3590371012687683,-0.8200362920761108,0.5169206857681274,0.3490176796913147,-0.7645609378814697,0.5063003897666931,0.3452930450439453,-0.764107346534729,0.496192991733551,0.341901034116745,-0.764431357383728,0.6401575803756714,0.38003915548324585,-0.5920386910438538,0.507945716381073,0.3523292541503906,-0.31572431325912476,0.5517200231552124,0.4713189899921417,-0.7210472822189331,0.5070650577545166,0.46160513162612915,-0.638971209526062,0.7963547110557556,0.6803751587867737,-0.3760848045349121,0.38657933473587036,0.6258078217506409,-0.14250466227531433,0.8741310238838196,1.009110927581787,-0.46088242530822754,0.22927717864513397,0.9301382303237915,-0.6470838189125061,0.877277672290802,1.41011643409729,-0.7405197024345398,0.21157625317573547,0.7250880599021912,-1.7110769748687744,0.8963505625724792,1.5090115070343018,-0.8190132975578308,0.18368658423423767,0.6331188082695007,-1.8979856967926025,0.8567204475402832,1.488383173942566,-0.8383985757827759,0.2227117121219635,0.5753728151321411,-1.869206190109253,0.833224892616272,1.457279920578003,-0.7622522711753845,0.24120017886161804,0.6100807189941406,-1.732530951499939,0.6843376755714417,1.4340144395828247,-0.09681129455566406,0.38764673471450806,1.4022425413131714,0.10120038688182831,0.6399574875831604,2.069125175476074,-0.010933095589280128,0.37468817830085754,2.044839859008789,0.3459550738334656,0.6202577352523804,2.62703013420105,0.6553245186805725,0.3618216812610626,2.608598232269287,0.9821516275405884,0.6277790069580078,2.7036550045013428,0.688970148563385,0.3567522168159485,2.6796975135803223,1.0368356704711914,0.5613787770271301,2.7994725704193115,0.11444427818059921,0.3880005478858948,2.8012783527374268,0.4245750904083252,0,0,0,0,0,0,0,0,0,0,0,0,0,0,0,0,0,0,0,0,0,0,0,0,0,0,0,0,0,0,0,0,0,0,0,0,0,0,0,0,0,0,0,0,0,0,0,0,0,0,0,0,0,0,0,0,0,0,0,0,0,0,0,0.160920649766922,0.7947608232498169,6.261331577661622e-07,0.19473430514335632,0.773073673248291,-0.03539293631911278,0.20518171787261963,0.7207726240158081,-0.05250343307852745,0.17721053957939148,0.6796343922615051,-0.0684022605419159,0.14514046907424927,0.6419051885604858,-0.08232975006103516,0.23219513893127441,0.603101372718811,-0.0242681335657835,0.25922441482543945,0.5290447473526001,-0.047938648611307144,0.27429908514022827,0.4799157977104187,-0.06349664181470871,0.28539982438087463,0.4362466335296631,-0.07224714010953903,0.19506683945655823,0.5856685638427734,-0.023314816877245903,0.1998957097530365,0.4931233525276184,-0.050221994519233704,0.19786015152931213,0.43145591020584106,-0.06666021794080734,0.19659669697284698,0.3788345456123352,-0.07272126525640488,0.15936076641082764,0.5963109135627747,-0.02651263028383255,0.14039185643196106,0.5607530474662781,-0.0674615204334259,0.1366007924079895,0.6193097829818726,-0.07667963206768036,0.1378759741783142,0.6643633842468262,-0.06914792954921722,0.12920132279396057,0.6249398589134216,-0.032099541276693344,0.11412238329648972,0.6078383326530457,-0.06443481892347336,0.11717205494642258,0.6523571014404297,-0.06589920073747635,0.12496519088745117,0.6897669434547424,-0.057327672839164734,victory
0.5183938145637512,0.41312986612319946,-0.8169109225273132,0.5482028126716614,0.3554548919200897,-0.8258613348007202,0.5664647817611694,0.3565121293067932,-0.8256783485412598,0.5867410898208618,0.3578934967517853,-0.8254979252815247,0.5135812759399414,0.34876492619514465,-0.7678495645523071,0.503085732460022,0.34521690011024475,-0.7673830986022949,0.4936138689517975,0.34176942706108093,-0.7677124738693237,0.6378530263900757,0.3772374093532562,-0.600623607635498,0.5062354207038879,0.3522472679615021,-0.3184347152709961,0.5475262403488159,0.470321923494339,-0.7275887727737427,0.5042455196380615,0.4613925516605377,-0.6414074301719666,0.7963299751281738,0.6799952387809753,-0.3814041316509247,0.38512611389160156,0.625686764717102,-0.148756206035614,0.8756251335144043,1.0085946321487427,-0.4520662724971771,0.22954311966896057,0.9326240420341492,-0.6476323008537292,0.8792418241500854,1.4131094217300415,-0.7205988764762878,0.2116881161928177,0.729184091091156,-1.7145540714263916,0.899344265460968,1.5111724138259888,-0.7978905439376831,0.1836104691028595,0.6362161040306091,-1.9025064706802368,0.8606172800064087,1.492434024810791,-0.8210158348083496,0.2227063924074173,0.5785157680511475,-1.874711275100708,0.8360063433647156,1.4615428447723389,-0.7439531087875366,0.24121439456939697,0.6153377294540405,-1.7359660863876343,0.6852182149887085,1.4340850114822388,-0.09900160133838654,0.3880642056465149,1.4029759168624878,0.10349850356578827,0.6402233839035034,2.0691075325012207,-0.016843505203723907,0.37471264600753784,2.045044422149658,0.3519086241722107,0.6205812692642212,2.62703013420105,0.6433528661727905,0.3613843619823456,2.6092660427093506,0.996621310710907,0.6283262968063354,2.7036592960357666,0.6759797930717468,0.3561224341392517,2.680732488632202,1.051727533340454,0.56168133020401,2.7991654872894287,0.0987294614315033,0.3875313103199005,2.801320791244507,0.43651825189590454,0,0,0,0,0,0,0,0,0,0,0,0,0,0,0,0,0,0,0,0,0,0,0,0,0,0,0,0,0,0,0,0,0,0,0,0,0,0,0,0,0,0,0,0,0,0,0,0,0,0,0,0,0,0,0,0,0,0,0,0,0,0,0,0.1619817614555359,0.7991763353347778,6.084443953113805e-07,0.1974829137325287,0.776537299156189,-0.03290741890668869,0.20857547223567963,0.7228422164916992,-0.04906795918941498,0.18080125749111176,0.6867074370384216,-0.06462407857179642,0.14643505215644836,0.6529784202575684,-0.0785403773188591,0.23111818730831146,0.6057037115097046,-0.022783419117331505,0.2569327652454376,0.5305826663970947,-0.04608958587050438,0.27146196365356445,0.4818912744522095,-0.06137983500957489,0.28197383880615234,0.43849629163742065,-0.07034628838300705,0.19429555535316467,0.5898938775062561,-0.02353568747639656,0.1989104300737381,0.4974851608276367,-0.049870483577251434,0.19636264443397522,0.4365258812904358,-0.06607138365507126,0.19415007531642914,0.38417088985443115,-0.07251057773828506,0.1586027294397354,0.6022433042526245,-0.028295109048485756,0.14038407802581787,0.5621140599250793,-0.06827940046787262,0.13970275223255157,0.620106041431427,-0.0773455798625946,0.1433337777853012,0.6641906499862671,-0.0705079585313797,0.12824958562850952,0.632773220539093,-0.03534137085080147,0.11444881558418274,0.6180698871612549,-0.06802564859390259,0.11945964395999908,0.6618925929069519,-0.07037666440010071,0.1284181773662567,0.6977117657661438,-0.06283891201019287,victory
0.515254557132721,0.41316860914230347,-0.8178921937942505,0.5451793074607849,0.3553537130355835,-0.8289796113967896,0.5635181069374084,0.3563460111618042,-0.8287667036056519,0.5837310552597046,0.35753291845321655,-0.8286088109016418,0.5103586912155151,0.34871333837509155,-0.7700167298316956,0.5000285506248474,0.3451603949069977,-0.7695707082748413,0.4911990165710449,0.3417697250843048,-0.7698978185653687,0.6352449655532837,0.37575042247772217,-0.6125785112380981,0.5050691366195679,0.35250380635261536,-0.3261156678199768,0.5443075299263,0.47021955251693726,-0.73111492395401,0.5017269253730774,0.4614003002643585,-0.6430630683898926,0.7963261604309082,0.6794272065162659,-0.3897396922111511,0.3850429654121399,0.6256675720214844,-0.15926580131053925,0.8769852519035339,1.0087162256240845,-0.4574788510799408,0.22947148978710175,0.9334549307823181,-0.6525325775146484,0.8809283971786499,1.4133433103561401,-0.7156397104263306,0.21203108131885529,0.732194721698761,-1.717156171798706,0.9024197459220886,1.5115903615951538,-0.7925821542739868,0.18356139957904816,0.6375725865364075,-1.9053035974502563,0.8634558916091919,1.4927536249160767,-0.8173524141311646,0.22294530272483826,0.579982578754425,-1.8780241012573242,0.8382023572921753,1.4620001316070557,-0.7395490407943726,0.24210889637470245,0.6180511116981506,-1.7387275695800781,0.6851489543914795,1.434154748916626,-0.0985717624425888,0.3880499005317688,1.402987003326416,0.10305576026439667,0.6396855115890503,2.069197416305542,-0.011164382100105286,0.3743451237678528,2.0450549125671387,0.35074383020401,0.6196807026863098,2.6276979446411133,0.6555813550949097,0.35995203256607056,2.61012601852417,0.9877083897590637,0.6277745962142944,2.70446515083313,0.6885254979133606,0.3546861410140991,2.6818759441375732,1.0410822629928589,0.5596806406974792,2.7993695735931396,0.11315260827541351,0.3851109743118286,2.802119255065918,0.42796459794044495,0,0,0,0,0,0,0,0,0,0,0,0,0,0,0,0,0,0,0,0,0,0,0,0,0,0,0,0,0,0,0,0,0,0,0,0,0,0,0,0,0,0,0,0,0,0,0,0,0,0,0,0,0,0,0,0,0,0,0,0,0,0,0,0.16365109384059906,0.8038116693496704,6.127716574155784e-07,0.1986313760280609,0.7805807590484619,-0.03366978466510773,0.20985524356365204,0.7249087691307068,-0.04986949265003204,0.18011242151260376,0.6876893043518066,-0.06517208367586136,0.14506983757019043,0.6555969715118408,-0.07874942570924759,0.23295307159423828,0.6088991165161133,-0.02302120067179203,0.2581925094127655,0.5355421304702759,-0.04603172838687897,0.2725452780723572,0.48669809103012085,-0.061534810811281204,0.2829306125640869,0.44302523136138916,-0.07110660523176193,0.19522513449192047,0.5918440818786621,-0.023337913677096367,0.19899047911167145,0.49981653690338135,-0.04946116358041763,0.19600853323936462,0.4390859007835388,-0.06621313840150833,0.19344164431095123,0.3855150640010834,-0.07346739619970322,0.15896746516227722,0.604109525680542,-0.027646483853459358,0.1410243660211563,0.5610856413841248,-0.0672391802072525,0.1400679498910904,0.6191839575767517,-0.0764886736869812,0.1426641345024109,0.6636802554130554,-0.07016542553901672,0.12846942245960236,0.6355320811271667,-0.03433441370725632,0.11464807391166687,0.618386447429657,-0.06669024378061295,0.11965880542993546,0.660560667514801,-0.06939130276441574,0.12780049443244934,0.694826066493988,-0.062465179711580276,victory
0.5138393640518188,0.4133409559726715,-0.8183760643005371,0.5440083146095276,0.355356365442276,-0.8303656578063965,0.5624048709869385,0.3563413619995117,-0.8301430940628052,0.5825649499893188,0.3574449121952057,-0.8299968838691711,0.5089916586875916,0.34871089458465576,-0.7711738348007202,0.49868831038475037,0.345176637172699,-0.7707387208938599,0.4900832772254944,0.34184882044792175,-0.7710641026496887,0.6339187622070312,0.37496474385261536,-0.6161021590232849,0.5045301914215088,0.3527834117412567,-0.32966700196266174,0.5428400039672852,0.4702281951904297,-0.732791543006897,0.5004452466964722,0.4614540636539459,-0.6439756751060486,0.7963224649429321,0.6790319681167603,-0.39380767941474915,0.38492658734321594,0.6256844401359558,-0.16315758228302002,0.8780487775802612,1.0088775157928467,-0.46002674102783203,0.22944748401641846,0.9345464706420898,-0.6535149216651917,0.8821823000907898,1.4135726690292358,-0.7117869257926941,0.21218442916870117,0.7342483997344971,-1.7187232971191406,0.9046255946159363,1.5118882656097412,-0.7884496450424194,0.18351276218891144,0.6386316418647766,-1.9065659046173096,0.8654653429985046,1.4931832551956177,-0.8136886358261108,0.2230173647403717,0.5812196731567383,-1.8794218301773071,0.8397714495658875,1.4625084400177002,-0.7358025312423706,0.24250061810016632,0.6198691129684448,-1.7405779361724854,0.6851152181625366,1.4343198537826538,-0.09871833026409149,0.38804763555526733,1.4031062126159668,0.10320661216974258,0.6393553018569946,2.0693490505218506,-0.01063095685094595,0.37405893206596375,2.045100688934326,0.3491591215133667,0.6191166639328003,2.6283791065216064,0.6566126942634583,0.35886460542678833,2.610862970352173,0.9860974550247192,0.6274601221084595,2.7052359580993652,0.6893340349197388,0.3535386025905609,2.6828417778015137,1.0387444496154785,0.558417022228241,2.799661874771118,0.11395244300365448,0.38338419795036316,2.8026885986328125,0.4269545078277588,0,0,0,0,0,0,0,0,0,0,0,0,0,0,0,0,0,0,0,0,0,0,0,0,0,0,0,0,0,0,0,0,0,0,0,0,0,0,0,0,0,0,0,0,0,0,0,0,0,0,0,0,0,0,0,0,0,0,0,0,0,0,0,0.16499224305152893,0.8042369484901428,6.162134127407626e-07,0.20008444786071777,0.7790079116821289,-0.03193049505352974,0.21110095083713531,0.7217648029327393,-0.046927258372306824,0.17850235104560852,0.6861532330513,-0.06135072186589241,0.14258623123168945,0.6549758315086365,-0.0741332545876503,0.23277485370635986,0.6087183356285095,-0.02101091668009758,0.2581762373447418,0.5360625982284546,-0.04325259476900101,0.27281928062438965,0.4873417019844055,-0.05834466964006424,0.2832123339176178,0.4435202181339264,-0.06790625303983688,0.19453608989715576,0.5917649865150452,-0.022163601592183113,0.19886909425258636,0.49975326657295227,-0.04727672040462494,0.1961105763912201,0.439439058303833,-0.0637664720416069,0.19349990785121918,0.38564157485961914,-0.071258045732975,0.15821801126003265,0.6045851707458496,-0.02719821408390999,0.13999557495117188,0.5595399737358093,-0.06605315953493118,0.13965816795825958,0.6178359389305115,-0.0752422884106636,0.14272572100162506,0.66264408826828,-0.06935276836156845,0.12753713130950928,0.6371036767959595,-0.034487538039684296,0.11411236226558685,0.6198116540908813,-0.06697831302881241,0.12034298479557037,0.6624188423156738,-0.06989407539367676,0.12943744659423828,0.697146475315094,-0.06333427876234055,victory
0.5131611227989197,0.41357704997062683,-0.7977813482284546,0.5435088872909546,0.3553962707519531,-0.8041850328445435,0.5619525909423828,0.3563682734966278,-0.8040210008621216,0.582209587097168,0.3574736714363098,-0.8038837313652039,0.5079014897346497,0.3487834632396698,-0.7465187907218933,0.49759674072265625,0.34526291489601135,-0.7460054159164429,0.4890798032283783,0.3419763147830963,-0.7463314533233643,0.6331311464309692,0.3744104206562042,-0.5965763330459595,0.5038472414016724,0.3528880178928375,-0.30157098174095154,0.542521595954895,0.4702465832233429,-0.7094351053237915,0.4997406005859375,0.46157631278038025,-0.625044584274292,0.7962873578071594,0.6785237789154053,-0.38080060482025146,0.3845139443874359,0.6256979703903198,-0.14484214782714844,0.8791517019271851,1.0087151527404785,-0.45233073830604553,0.2303164303302765,0.9408290982246399,-0.6345096826553345,0.8868405222892761,1.4136914014816284,-0.7086299061775208,0.21212610602378845,0.7362567186355591,-1.679801344871521,0.9098054766654968,1.5117424726486206,-0.7848186492919922,0.18289200961589813,0.6429893374443054,-1.8591413497924805,0.8726787567138672,1.4931813478469849,-0.8070470690727234,0.2222646027803421,0.5849689841270447,-1.8284152746200562,0.8466768264770508,1.4626277685165405,-0.7338301539421082,0.24181537330150604,0.6224333047866821,-1.7001378536224365,0.6863530874252319,1.4346104860305786,-0.09858819097280502,0.3895835876464844,1.4061756134033203,0.10308858007192612,0.642626941204071,2.069349765777588,-0.04475676268339157,0.37563174962997437,2.046292543411255,0.33825212717056274,0.6248994469642639,2.6284546852111816,0.5668556690216064,0.36405158042907715,2.6118204593658447,0.9372135996818542,0.634527862071991,2.705289125442505,0.5936700105667114,0.35922738909721375,2.683459997177124,0.9867777824401855,0.5652166604995728,2.799626111984253,0.020839665085077286,0.3913881778717041,2.803367853164673,0.3820034861564636,0,0,0,0,0,0,0,0,0,0,0,0,0,0,0,0,0,0,0,0,0,0,0,0,0,0,0,0,0,0,0,0,0,0,0,0,0,0,0,0,0,0,0,0,0,0,0,0,0,0,0,0,0,0,0,0,0,0,0,0,0,0,0,0.1657557338476181,0.8043062686920166,6.007795718687703e-07,0.2012448012828827,0.7790637016296387,-0.03311055153608322,0.21137012541294098,0.7241425514221191,-0.049104221165180206,0.18259167671203613,0.6851557493209839,-0.06425493210554123,0.14900772273540497,0.6502076983451843,-0.07753241807222366,0.23734897375106812,0.6074134707450867,-0.021004028618335724,0.26182684302330017,0.5345876216888428,-0.04337277263402939,0.27616018056869507,0.48611631989479065,-0.058628786355257034,0.2868400514125824,0.44361597299575806,-0.06777232140302658,0.19961513578891754,0.5906473994255066,-0.02156226895749569,0.20267599821090698,0.49681663513183594,-0.04649022966623306,0.1989208459854126,0.4366132318973541,-0.062446411699056625,0.19598990678787231,0.3853716254234314,-0.06895140558481216,0.1633913666009903,0.6033617258071899,-0.026225203648209572,0.14570698142051697,0.5613601207733154,-0.06524942070245743,0.14427392184734344,0.6202278733253479,-0.0740525871515274,0.14676256477832794,0.665381908416748,-0.06727159768342972,0.13257832825183868,0.6354260444641113,-0.03319886326789856,0.118585005402565,0.6146548986434937,-0.06497549265623093,0.12425298243761063,0.6586707830429077,-0.06658715754747391,0.1330985128879547,0.695483386516571,-0.058716222643852234,victory
0.5124313235282898,0.41236796975135803,-0.771307647228241,0.5429818630218506,0.35330358147621155,-0.7804513573646545,0.5614168047904968,0.3542565703392029,-0.7802832126617432,0.5815980434417725,0.3553934097290039,-0.7801663875579834,0.5075799226760864,0.3472840189933777,-0.7207054495811462,0.49724483489990234,0.3440103232860565,-0.7202284336090088,0.4886828362941742,0.3410605192184448,-0.7205412983894348,0.6329027414321899,0.3730863332748413,-0.592815101146698,0.5033864378929138,0.352664053440094,-0.2875381112098694,0.5411109328269958,0.46857357025146484,-0.6899330615997314,0.498771995306015,0.46073809266090393,-0.6039448976516724,0.7962666749954224,0.6785092949867249,-0.3757328391075134,0.38416168093681335,0.6261293888092041,-0.1334371715784073,0.8792974352836609,1.011250615119934,-0.4472050666809082,0.23069170117378235,0.9429270625114441,-0.6113567352294922,0.8898721933364868,1.413892388343811,-0.7009424567222595,0.2119762897491455,0.7361477613449097,-1.6379228830337524,0.913138210773468,1.511923909187317,-0.7738101482391357,0.18286378681659698,0.64338219165802,-1.817244529724121,0.8752434849739075,1.493324875831604,-0.7966424226760864,0.22208145260810852,0.5850599408149719,-1.7869348526000977,0.8492924571037292,1.4627113342285156,-0.7243220806121826,0.24125751852989197,0.6221791505813599,-1.6597187519073486,0.6864624619483948,1.4371479749679565,-0.09847670048475266,0.3895593583583832,1.4095968008041382,0.10299286991357803,0.642785370349884,2.0724496841430664,-0.05159575492143631,0.3756278455257416,2.050520658493042,0.3380550742149353,0.6250397562980652,2.6332781314849854,0.5615203976631165,0.36383259296417236,2.6169934272766113,0.9409842491149902,0.6346269845962524,2.710667610168457,0.5883029699325562,0.35887378454208374,2.688838481903076,0.9914945363998413,0.5653032064437866,2.8028690814971924,0.014532363042235374,0.3909887671470642,2.808751106262207,0.3836683928966522,0,0,0,0,0,0,0,0,0,0,0,0,0,0,0,0,0,0,0,0,0,0,0,0,0,0,0,0,0,0,0,0,0,0,0,0,0,0,0,0,0,0,0,0,0,0,0,0,0,0,0,0,0,0,0,0,0,0,0,0,0,0,0,0.16238638758659363,0.801634669303894,6.191502279762062e-07,0.19928531348705292,0.7766940593719482,-0.03159875422716141,0.21185287833213806,0.721210241317749,-0.04737101122736931,0.1827785074710846,0.6809314489364624,-0.0629558339715004,0.14694666862487793,0.6465856432914734,-0.07673846930265427,0.23460525274276733,0.6036474108695984,-0.019167155027389526,0.26091137528419495,0.530100405216217,-0.041922926902770996,0.27606064081192017,0.48159968852996826,-0.05766185373067856,0.2874256670475006,0.43804192543029785,-0.06719603389501572,0.19700297713279724,0.5866327881813049,-0.020642682909965515,0.20168088376522064,0.4947194755077362,-0.04641255363821983,0.19957056641578674,0.4334335923194885,-0.06316585093736649,0.19791291654109955,0.3801398277282715,-0.07030654698610306,0.16116803884506226,0.5987458229064941,-0.02608470618724823,0.14457480609416962,0.5581441521644592,-0.06532623618841171,0.14293606579303741,0.6189530491828918,-0.0732598677277565,0.14496594667434692,0.6650278568267822,-0.06580126285552979,0.12983036041259766,0.6301200985908508,-0.03378262743353844,0.11645098775625229,0.6097885370254517,-0.06461025029420853,0.1213025152683258,0.6535191535949707,-0.06494100391864777,0.1293560117483139,0.6902590990066528,-0.0562627837061882,victory
0.5119499564170837,0.41181501746177673,-0.7649146318435669,0.5425551533699036,0.3523544669151306,-0.7731921672821045,0.5609592795372009,0.35330599546432495,-0.7730234861373901,0.581097424030304,0.3544509708881378,-0.7729083299636841,0.5073300004005432,0.3466005325317383,-0.7140421867370605,0.49699240922927856,0.3434506356716156,-0.7135720252990723,0.4884132742881775,0.34066641330718994,-0.7138756513595581,0.6326806545257568,0.3725031614303589,-0.5910824537277222,0.5030491352081299,0.35258999466896057,-0.28309082984924316,0.5402664542198181,0.4678066074848175,-0.6835389733314514,0.49816030263900757,0.4604035019874573,-0.5986606478691101,0.7962302565574646,0.6785187125205994,-0.372653067111969,0.38390490412712097,0.6267125606536865,-0.12978482246398926,0.8794887661933899,1.0131341218948364,-0.44498926401138306,0.23123517632484436,0.9450775384902954,-0.6067907214164734,0.8920596241950989,1.4140328168869019,-0.7004979848861694,0.21173584461212158,0.7372920513153076,-1.6353365182876587,0.9155160784721375,1.5120004415512085,-0.7730315923690796,0.1827358603477478,0.6446106433868408,-1.815818428993225,0.8771449327468872,1.4935210943222046,-0.7959223389625549,0.22168271243572235,0.5857976078987122,-1.7867246866226196,0.8512318730354309,1.4628361463546753,-0.7238661646842957,0.2407485693693161,0.6225759387016296,-1.6578649282455444,0.6865640878677368,1.4388164281845093,-0.09833838045597076,0.3895522952079773,1.4118129014968872,0.10284731537103653,0.6430484652519226,2.0745668411254883,-0.0515671968460083,0.37579435110092163,2.0533909797668457,0.3370040953159332,0.6253498792648315,2.636507987976074,0.563539981842041,0.36402270197868347,2.620526075363159,0.9396716356277466,0.6349154114723206,2.7141611576080322,0.5904655456542969,0.3589830994606018,2.6924378871917725,0.9899994134902954,0.5657151937484741,2.8052327632904053,0.01686282269656658,0.3911941647529602,2.8124406337738037,0.38345950841903687,0,0,0,0,0,0,0,0,0,0,0,0,0,0,0,0,0,0,0,0,0,0,0,0,0,0,0,0,0,0,0,0,0,0,0,0,0,0,0,0,0,0,0,0,0,0,0,0,0,0,0,0,0,0,0,0,0,0,0,0,0,0,0,0.16282249987125397,0.801078200340271,6.130110250524012e-07,0.20051796734333038,0.7762835025787354,-0.03144117444753647,0.21278655529022217,0.7206121683120728,-0.04707243666052818,0.18437381088733673,0.6805670261383057,-0.06261792778968811,0.14934460818767548,0.6450203657150269,-0.07650082558393478,0.2340998351573944,0.6033918857574463,-0.0194039735943079,0.2605137228965759,0.5297393202781677,-0.04222715273499489,0.27584630250930786,0.48126041889190674,-0.05777723714709282,0.28758782148361206,0.43770432472229004,-0.06707989424467087,0.19655108451843262,0.5867637991905212,-0.021096007898449898,0.2016110122203827,0.49422508478164673,-0.04699089005589485,0.19894596934318542,0.4329749345779419,-0.0637008398771286,0.19701087474822998,0.3799620568752289,-0.07067110389471054,0.160645991563797,0.5997623801231384,-0.026726283133029938,0.14426566660404205,0.5585083365440369,-0.06694094091653824,0.1413676142692566,0.6202754378318787,-0.07522355765104294,0.14281952381134033,0.667265772819519,-0.06759301573038101,0.12974146008491516,0.6325671672821045,-0.03446827828884125,0.11516212671995163,0.6103392243385315,-0.06609293073415756,0.11989082396030426,0.6542457342147827,-0.06652096658945084,0.128407821059227,0.691839873790741,-0.05768334120512009,victory
0.5125772953033447,0.41140490770339966,-0.7722311615943909,0.543347179889679,0.35199418663978577,-0.7776921987533569,0.5618696212768555,0.35304492712020874,-0.7775234580039978,0.582033634185791,0.3542915880680084,-0.7774161100387573,0.5079443454742432,0.346042275428772,-0.7207976579666138,0.4975067973136902,0.34286177158355713,-0.7203270792961121,0.4887722134590149,0.34010156989097595,-0.7206315398216248,0.6331743001937866,0.37235456705093384,-0.5872595906257629,0.5031449198722839,0.3522249460220337,-0.28610339760780334,0.5409728288650513,0.46760082244873047,-0.6863111853599548,0.49831944704055786,0.46020522713661194,-0.6048312783241272,0.7962177395820618,0.6785388588905334,-0.3735084533691406,0.38389724493026733,0.6266222596168518,-0.13081757724285126,0.8794302940368652,1.0145364999771118,-0.4707183837890625,0.23117129504680634,0.9445888996124268,-0.6118941307067871,0.8888440132141113,1.4147180318832397,-0.755050778388977,0.21156015992164612,0.7369219660758972,-1.6501010656356812,0.9100796580314636,1.512556791305542,-0.8358209729194641,0.18242153525352478,0.6443089842796326,-1.8321765661239624,0.8705719709396362,1.4936699867248535,-0.8543466329574585,0.22152407467365265,0.5857080817222595,-1.8034452199935913,0.8456870317459106,1.4628946781158447,-0.7769426107406616,0.24070200324058533,0.6224863529205322,-1.672501564025879,0.6864699125289917,1.439205527305603,-0.09921187162399292,0.38940584659576416,1.411786675453186,0.103793665766716,0.6407378315925598,2.0751564502716064,-0.048957597464323044,0.3738664388656616,2.053354024887085,0.33423948287963867,0.6210997700691223,2.636814832687378,0.5743576288223267,0.3618680238723755,2.6203904151916504,0.936190128326416,0.6305062174797058,2.7145559787750244,0.6022499799728394,0.3569675385951996,2.692296266555786,0.9864096641540527,0.5609777569770813,2.805213451385498,0.027690205723047256,0.3879820704460144,2.812347173690796,0.37849313020706177,0,0,0,0,0,0,0,0,0,0,0,0,0,0,0,0,0,0,0,0,0,0,0,0,0,0,0,0,0,0,0,0,0,0,0,0,0,0,0,0,0,0,0,0,0,0,0,0,0,0,0,0,0,0,0,0,0,0,0,0,0,0,0,0.16577404737472534,0.7998636960983276,6.124803917373356e-07,0.20223505795001984,0.7742050290107727,-0.03128006309270859,0.21250002086162567,0.7162853479385376,-0.04617247357964516,0.18123318254947662,0.6769930720329285,-0.06065448746085167,0.14547257125377655,0.6412321925163269,-0.07334268093109131,0.23435287177562714,0.6029043793678284,-0.019603030756115913,0.2606310248374939,0.5278723239898682,-0.04131868854165077,0.2756727635860443,0.4793276786804199,-0.05580409988760948,0.2867307662963867,0.4357665777206421,-0.06454825401306152,0.1970914900302887,0.5856137871742249,-0.02082839235663414,0.20149104297161102,0.4917507767677307,-0.045378293842077255,0.19893105328083038,0.4308111369609833,-0.06129178777337074,0.19656804203987122,0.37804627418518066,-0.06793922930955887,0.16134893894195557,0.59774249792099,-0.025957440957427025,0.14423930644989014,0.555292546749115,-0.06475977599620819,0.14276950061321259,0.615749180316925,-0.07376495003700256,0.14437952637672424,0.6619910001754761,-0.06716997176408768,0.13091936707496643,0.6294299364089966,-0.03322584927082062,0.11812008917331696,0.6114634871482849,-0.06482011824846268,0.12417393922805786,0.6551848649978638,-0.0669814944267273,0.1326504945755005,0.6916040778160095,-0.05963829532265663,victory
0.512931764125824,0.4129508435726166,-0.7716645002365112,0.5437505841255188,0.3538352847099304,-0.7708088159561157,0.5622424483299255,0.3548470437526703,-0.7706732749938965,0.5824013352394104,0.355947881937027,-0.7705926895141602,0.5081201195716858,0.3476233184337616,-0.719146728515625,0.49759870767593384,0.344307005405426,-0.718670666217804,0.4886879026889801,0.34139472246170044,-0.7189815044403076,0.6330806612968445,0.3733006417751312,-0.5369516015052795,0.5028070211410522,0.3531043231487274,-0.2775540351867676,0.5415157079696655,0.4689355194568634,-0.676392138004303,0.49845772981643677,0.46149998903274536,-0.6022049784660339,0.7961059808731079,0.6787347197532654,-0.3297293484210968,0.38383597135543823,0.6266311407089233,-0.12808948755264282,0.875414252281189,1.013664722442627,-0.42109766602516174,0.2306409776210785,0.9433489441871643,-0.6130405068397522,0.8820074796676636,1.4114936590194702,-0.7085673809051514,0.210562065243721,0.7366395592689514,-1.6505244970321655,0.9004831314086914,1.509061336517334,-0.7828603982925415,0.18233388662338257,0.6441253423690796,-1.832543134689331,0.8614756464958191,1.4880701303482056,-0.8035594820976257,0.22147253155708313,0.5856689214706421,-1.8040039539337158,0.8384000062942505,1.4575324058532715,-0.7310677170753479,0.24063381552696228,0.6224945187568665,-1.6716649532318115,0.6866583228111267,1.4381951093673706,-0.09625381231307983,0.3902757167816162,1.4113928079605103,0.10070178657770157,0.6425514817237854,2.0737602710723877,-0.04724686220288277,0.37596070766448975,2.0520212650299072,0.2925812900066376,0.6230173110961914,2.6358375549316406,0.5750662088394165,0.3642268776893616,2.61968994140625,0.8514555096626282,0.6324641704559326,2.71315336227417,0.6025777459144592,0.35934868454933167,2.6914641857147217,0.8974477052688599,0.563174307346344,2.8048431873321533,0.03270714730024338,0.39061737060546875,2.8114969730377197,0.2892722487449646,0,0,0,0,0,0,0,0,0,0,0,0,0,0,0,0,0,0,0,0,0,0,0,0,0,0,0,0,0,0,0,0,0,0,0,0,0,0,0,0,0,0,0,0,0,0,0,0,0,0,0,0,0,0,0,0,0,0,0,0,0,0,0,0.1648196578025818,0.7973135709762573,6.204292617439933e-07,0.20024573802947998,0.7712923884391785,-0.03289438784122467,0.21064536273479462,0.7155640125274658,-0.04895904287695885,0.18148550391197205,0.6758121252059937,-0.06433920562267303,0.14716307818889618,0.6393098831176758,-0.0777662843465805,0.2340858429670334,0.599574089050293,-0.021075213328003883,0.2617335021495819,0.5251320004463196,-0.04355653375387192,0.27700892090797424,0.4764752984046936,-0.05866711214184761,0.28804296255111694,0.43325915932655334,-0.06764836609363556,0.19752882421016693,0.5828925967216492,-0.02135593257844448,0.2022428661584854,0.4906615912914276,-0.04668008163571358,0.199634850025177,0.42965105175971985,-0.0630083754658699,0.19671565294265747,0.3765689730644226,-0.06983160227537155,0.16221435368061066,0.5949779748916626,-0.025689059868454933,0.14414963126182556,0.5562627911567688,-0.0646762102842331,0.14438989758491516,0.614618182182312,-0.07392988353967667,0.14734365046024323,0.65932697057724,-0.06748087704181671,0.13193905353546143,0.6256581544876099,-0.0322905071079731,0.11823581904172897,0.6083945631980896,-0.06332039833068848,0.12393767386674881,0.6509057283401489,-0.06533090770244598,0.13235391676425934,0.6861045956611633,-0.05797440931200981,victory
0.5129454135894775,0.41564175486564636,-0.7702726721763611,0.543667733669281,0.3568193018436432,-0.7669618129730225,0.562043309211731,0.35786762833595276,-0.7668400406837463,0.5821614265441895,0.358810693025589,-0.7667722105979919,0.5079011917114258,0.3502216339111328,-0.7176460027694702,0.4973124861717224,0.34670713543891907,-0.7171629667282104,0.4882834553718567,0.34356623888015747,-0.7174786925315857,0.6325434446334839,0.3749467730522156,-0.518241822719574,0.5021940469741821,0.35453301668167114,-0.271538108587265,0.5417401790618896,0.4714065194129944,-0.6700690984725952,0.49835267663002014,0.46369287371635437,-0.5990109443664551,0.7957395911216736,0.6788035035133362,-0.3081454932689667,0.3837945759296417,0.6266093850135803,-0.12680722773075104,0.8730162382125854,1.0125547647476196,-0.39508503675460815,0.22981688380241394,0.942386269569397,-0.6153851747512817,0.876595139503479,1.4088513851165771,-0.6778420209884644,0.2097039520740509,0.7364540696144104,-1.6545648574829102,0.8930390477180481,1.506447196006775,-0.7492362856864929,0.18220606446266174,0.6439617872238159,-1.8367156982421875,0.8542666435241699,1.4841482639312744,-0.7698912620544434,0.22133788466453552,0.5856714248657227,-1.8087577819824219,0.8322317004203796,1.4538614749908447,-0.6999520063400269,0.24059626460075378,0.6226373910903931,-1.6754913330078125,0.6866446137428284,1.4377193450927734,-0.0949670746922493,0.39059290289878845,1.4113030433654785,0.09932763874530792,0.6430734395980835,2.07289719581604,-0.04630924016237259,0.3770442008972168,2.0513336658477783,0.28270259499549866,0.6234418749809265,2.6352009773254395,0.5735821723937988,0.36506322026252747,2.6194660663604736,0.8377874493598938,0.6329004764556885,2.7120985984802246,0.6006971001625061,0.36028456687927246,2.6912033557891846,0.8838559985160828,0.5634608864784241,2.8047561645507812,0.033821556717157364,0.3909955620765686,2.811162233352661,0.2750501334667206,0,0,0,0,0,0,0,0,0,0,0,0,0,0,0,0,0,0,0,0,0,0,0,0,0,0,0,0,0,0,0,0,0,0,0,0,0,0,0,0,0,0,0,0,0,0,0,0,0,0,0,0,0,0,0,0,0,0,0,0,0,0,0,0.1639062911272049,0.7953328490257263,6.157410439300293e-07,0.19977331161499023,0.7714187502861023,-0.032754264771938324,0.2107241451740265,0.7159292101860046,-0.04873498156666756,0.18114463984966278,0.6772241592407227,-0.06411866843700409,0.1466187983751297,0.6407210230827332,-0.07769521325826645,0.23401325941085815,0.5999100208282471,-0.02166631445288658,0.2616751492023468,0.5256634950637817,-0.0443389005959034,0.2769423723220825,0.47683435678482056,-0.05954983830451965,0.2880045175552368,0.4332570433616638,-0.06875947117805481,0.19718165695667267,0.5830894708633423,-0.0222557932138443,0.20229223370552063,0.4911576509475708,-0.048062317073345184,0.1997598111629486,0.42966586351394653,-0.06491922587156296,0.1973087638616562,0.3757004141807556,-0.07227829843759537,0.16184180974960327,0.5951390266418457,-0.026784708723425865,0.1440865695476532,0.5536820888519287,-0.06635815650224686,0.14357776939868927,0.6127021312713623,-0.07582464814186096,0.14651213586330414,0.6579675078392029,-0.06958698481321335,0.13172093033790588,0.6261440515518188,-0.03352203220129013,0.11779330670833588,0.6089305877685547,-0.06547669321298599,0.12355649471282959,0.6517661213874817,-0.06797239184379578,0.13253888487815857,0.6872174739837646,-0.06093113496899605,victory
0.5131264328956604,0.4175681471824646,-0.7933486104011536,0.5439265966415405,0.3586268126964569,-0.786354124546051,0.562376856803894,0.35962238907814026,-0.7862989902496338,0.5825217366218567,0.3604409098625183,-0.7863337397575378,0.5078762769699097,0.35155072808265686,-0.7399061322212219,0.4971488416194916,0.34782806038856506,-0.7394157648086548,0.4879383444786072,0.3445029854774475,-0.7397593259811401,0.6327202320098877,0.3763357698917389,-0.524229109287262,0.5013958811759949,0.3551274240016937,-0.2734782099723816,0.5419753789901733,0.47376585006713867,-0.679390549659729,0.4983217120170593,0.4654417634010315,-0.6115922927856445,0.7956575155258179,0.6783222556114197,-0.3050396740436554,0.38412240147590637,0.6256412267684937,-0.12668728828430176,0.8730806112289429,1.01010262966156,-0.3741095960140228,0.22507838904857635,0.9325923919677734,-0.6229573488235474,0.8736022114753723,1.4059596061706543,-0.6533221006393433,0.20942845940589905,0.732704222202301,-1.6983369588851929,0.8873326182365417,1.5057528018951416,-0.7284795045852661,0.18217314779758453,0.6418889164924622,-1.8847920894622803,0.8473575711250305,1.4820048809051514,-0.7477527260780334,0.22137351334095,0.5844482183456421,-1.8593904972076416,0.8265520930290222,1.4511665105819702,-0.6742458343505859,0.240655779838562,0.6208236813545227,-1.7179969549179077,0.6867113709449768,1.4377259016036987,-0.09606591612100601,0.39092883467674255,1.4112616777420044,0.10028861463069916,0.6447260975837708,2.072570323944092,-0.03381814807653427,0.37920719385147095,2.0510454177856445,0.3510708510875702,0.6258584856987,2.634140968322754,0.5867365598678589,0.36881354451179504,2.6183712482452393,0.9953360557556152,0.6349588632583618,2.7105705738067627,0.614395260810852,0.3647899925708771,2.6899778842926025,1.0521790981292725,0.5653018951416016,2.8047878742218018,0.03518432378768921,0.3936725854873657,2.8107223510742188,0.43218326568603516,0,0,0,0,0,0,0,0,0,0,0,0,0,0,0,0,0,0,0,0,0,0,0,0,0,0,0,0,0,0,0,0,0,0,0,0,0,0,0,0,0,0,0,0,0,0,0,0,0,0,0,0,0,0,0,0,0,0,0,0,0,0,0,0.16665542125701904,0.7941561937332153,6.125607683316048e-07,0.20321662724018097,0.7706166505813599,-0.032924264669418335,0.21407055854797363,0.7135288715362549,-0.04898722842335701,0.18375806510448456,0.6732779741287231,-0.06458508968353271,0.14784495532512665,0.6378899216651917,-0.07857194542884827,0.23558762669563293,0.5985339283943176,-0.020865432918071747,0.2621281147003174,0.52480548620224,-0.04364372789859772,0.2770305275917053,0.476333886384964,-0.059362538158893585,0.28862878680229187,0.4322687089443207,-0.06911639869213104,0.19859489798545837,0.5812836289405823,-0.021841777488589287,0.2025742083787918,0.48875200748443604,-0.047924235463142395,0.20001254975795746,0.42788344621658325,-0.06536759436130524,0.19811692833900452,0.37402433156967163,-0.07323610037565231,0.1629934012889862,0.5931294560432434,-0.02679201401770115,0.1458667516708374,0.5513343214988708,-0.0675879716873169,0.1450306475162506,0.6141294836997986,-0.07697299867868423,0.1471739113330841,0.662102997303009,-0.07034137099981308,0.13246214389801025,0.624907374382019,-0.033911023288965225,0.11841648817062378,0.6021888852119446,-0.0666036456823349,0.12405601888895035,0.6472775936126709,-0.0681852474808693,0.1321379542350769,0.6857883930206299,-0.06035812944173813,victory
0.5133097767829895,0.41482168436050415,-0.7718926668167114,0.5441822409629822,0.35622844099998474,-0.7604746222496033,0.5629559755325317,0.3572179079055786,-0.7603963017463684,0.5833631157875061,0.35839030146598816,-0.7603943943977356,0.5079993009567261,0.34978431463241577,-0.7143911123275757,0.49732881784439087,0.34632745385169983,-0.7139227986335754,0.488084614276886,0.34322887659072876,-0.7142743468284607,0.6329343914985657,0.3753284513950348,-0.49025431275367737,0.5009136199951172,0.3546132445335388,-0.24695833027362823,0.5424177050590515,0.4726937711238861,-0.661216139793396,0.4983799457550049,0.46458491683006287,-0.593140721321106,0.7956451177597046,0.6778132915496826,-0.2845120429992676,0.384056031703949,0.6270224452018738,-0.11072416603565216,0.8725956082344055,1.0087069272994995,-0.3663251996040344,0.22507460415363312,0.9323132038116455,-0.6162394881248474,0.8702958822250366,1.4061304330825806,-0.6522219181060791,0.20942673087120056,0.7323972582817078,-1.68942391872406,0.8827998042106628,1.5069911479949951,-0.7288631200790405,0.18213722109794617,0.6417161226272583,-1.8769862651824951,0.8411102294921875,1.48223078250885,-0.7490183115005493,0.22146594524383545,0.5843999981880188,-1.8513879776000977,0.8214394450187683,1.4515399932861328,-0.6737521886825562,0.24072220921516418,0.620732307434082,-1.7083375453948975,0.6869596242904663,1.438780426979065,-0.09600745141506195,0.3909898102283478,1.412151575088501,0.10021599382162094,0.6451418995857239,2.0746467113494873,-0.03324422240257263,0.3793320059776306,2.053696393966675,0.3472411036491394,0.626133143901825,2.635782480239868,0.5764844417572021,0.3686423599720001,2.6212542057037354,0.977912425994873,0.6351794004440308,2.712210178375244,0.6024602055549622,0.3644863963127136,2.692688465118408,1.0324575901031494,0.5655767917633057,2.808357000350952,0.023009875789284706,0.39364081621170044,2.8164937496185303,0.41596072912216187,0,0,0,0,0,0,0,0,0,0,0,0,0,0,0,0,0,0,0,0,0,0,0,0,0,0,0,0,0,0,0,0,0,0,0,0,0,0,0,0,0,0,0,0,0,0,0,0,0,0,0,0,0,0,0,0,0,0,0,0,0,0,0,0.16398116946220398,0.7887057065963745,6.222643946784956e-07,0.1992167979478836,0.7677254676818848,-0.03518626466393471,0.21125663816928864,0.7133545279502869,-0.052107177674770355,0.18319036066532135,0.671676754951477,-0.06793162971735,0.14928746223449707,0.6336870193481445,-0.08177907764911652,0.23626300692558289,0.5949583053588867,-0.022641470655798912,0.26300981640815735,0.5209822058677673,-0.04592456296086311,0.27811455726623535,0.47252702713012695,-0.06168103590607643,0.2897230386734009,0.4289139211177826,-0.0711837187409401,0.19939737021923065,0.5762553215026855,-0.022230718284845352,0.20367193222045898,0.4839732050895691,-0.04883171617984772,0.20106540620326996,0.42326992750167847,-0.06606144458055496,0.19905656576156616,0.37011539936065674,-0.07331673055887222,0.16378572583198547,0.5864371061325073,-0.02603529393672943,0.14561967551708221,0.5471823215484619,-0.0672660768032074,0.14286839962005615,0.6086985468864441,-0.0766688734292984,0.14418229460716248,0.6557351350784302,-0.0696801096200943,0.13287070393562317,0.6159794330596924,-0.03220469132065773,0.11758828163146973,0.5975858569145203,-0.06538553535938263,0.12156285345554352,0.6425193548202515,-0.06761952489614487,0.12898510694503784,0.6799128651618958,-0.05992560833692551,victory
0.5134603977203369,0.41264718770980835,-0.7670632004737854,0.5443608164787292,0.3543510437011719,-0.7550591230392456,0.5633472204208374,0.3553209602832794,-0.754968523979187,0.5838910341262817,0.3567103445529938,-0.7549527883529663,0.508110761642456,0.34838736057281494,-0.7085095643997192,0.4974783957004547,0.34513112902641296,-0.7080419659614563,0.4881906509399414,0.34219634532928467,-0.708393394947052,0.633034884929657,0.37431347370147705,-0.48372402787208557,0.5004748702049255,0.35416117310523987,-0.24067339301109314,0.5427317023277283,0.47174617648124695,-0.6578224897384644,0.4984268248081207,0.46380603313446045,-0.5891200304031372,0.7956215143203735,0.6773679256439209,-0.27942878007888794,0.38397035002708435,0.6277142763137817,-0.10513673722743988,0.8721821904182434,1.0073314905166626,-0.36241990327835083,0.22502180933952332,0.931941568851471,-0.6141594648361206,0.8697054982185364,1.4062739610671997,-0.6519446969032288,0.20942142605781555,0.7319736480712891,-1.6879373788833618,0.8825634121894836,1.50830078125,-0.7296065092086792,0.18210680782794952,0.6413679122924805,-1.876534104347229,0.8404520153999329,1.4826481342315674,-0.7508060932159424,0.22157499194145203,0.584283709526062,-1.8510786294937134,0.8207303881645203,1.4517091512680054,-0.6741176843643188,0.2408166229724884,0.620520830154419,-1.7067753076553345,0.6871524453163147,1.439097285270691,-0.09598910808563232,0.39103829860687256,1.4123477935791016,0.10019996017217636,0.6452961564064026,2.0754082202911377,-0.03284848481416702,0.37931686639785767,2.0547759532928467,0.34961241483688354,0.6261656880378723,2.6362812519073486,0.5766372680664062,0.36853253841400146,2.6225666999816895,0.9740443229675293,0.635165274143219,2.71268892288208,0.6026500463485718,0.36431050300598145,2.6939756870269775,1.0275437831878662,0.5655981302261353,2.8098483085632324,0.02230001613497734,0.39354437589645386,2.8191070556640625,0.409763902425766,0,0,0,0,0,0,0,0,0,0,0,0,0,0,0,0,0,0,0,0,0,0,0,0,0,0,0,0,0,0,0,0,0,0,0,0,0,0,0,0,0,0,0,0,0,0,0,0,0,0,0,0,0,0,0,0,0,0,0,0,0,0,0,0.16389352083206177,0.7886852622032166,6.117562065810489e-07,0.20063740015029907,0.7682679891586304,-0.035443179309368134,0.21334099769592285,0.714500904083252,-0.052574578672647476,0.1853758841753006,0.6737664937973022,-0.06865270435810089,0.15166227519512177,0.6357948184013367,-0.0829654186964035,0.23604243993759155,0.5945565700531006,-0.023719992488622665,0.26267001032829285,0.5205086469650269,-0.046682968735694885,0.2774813771247864,0.47199565172195435,-0.062324121594429016,0.2889578640460968,0.42804497480392456,-0.07182099670171738,0.19902269542217255,0.5770149230957031,-0.023244144394993782,0.20346984267234802,0.4843660593032837,-0.04946053400635719,0.201045960187912,0.422623872756958,-0.06690216809511185,0.1994590163230896,0.3685881495475769,-0.07463032007217407,0.16328676044940948,0.5884319543838501,-0.026844123378396034,0.146262526512146,0.5471761226654053,-0.06777051091194153,0.14340989291667938,0.6075382828712463,-0.07776598632335663,0.14455774426460266,0.6543251276016235,-0.07146508246660233,0.13248315453529358,0.6191216707229614,-0.03279465436935425,0.11690559983253479,0.5978237390518188,-0.06602772325277328,0.12065304815769196,0.6418969035148621,-0.06858011335134506,0.1284831315279007,0.680125892162323,-0.0612708255648613,victory
0.516541600227356,0.4127700924873352,-0.7870787978172302,0.5493617653846741,0.3552296459674835,-0.7699163556098938,0.5693210363388062,0.35597437620162964,-0.7698859572410583,0.5905024409294128,0.3572536110877991,-0.769917368888855,0.5099385380744934,0.3491886556148529,-0.7301024198532104,0.49913039803504944,0.3458422124385834,-0.7295918464660645,0.48870915174484253,0.34283971786499023,-0.729911208152771,0.6354739665985107,0.3749231696128845,-0.49188995361328125,0.5002429485321045,0.35490769147872925,-0.2559651732444763,0.5477983951568604,0.4727444648742676,-0.6666455268859863,0.5000236630439758,0.4645536243915558,-0.6073188781738281,0.7952772378921509,0.6766968965530396,-0.27205532789230347,0.38445812463760376,0.6286707520484924,-0.10856614261865616,0.8721834421157837,1.005590796470642,-0.31820863485336304,0.2256850004196167,0.9305597543716431,-0.6150274276733398,0.8714902997016907,1.4052155017852783,-0.5989152193069458,0.2094234675168991,0.7291645407676697,-1.6877424716949463,0.8847265243530273,1.5082638263702393,-0.6752119064331055,0.18208512663841248,0.639316201210022,-1.8764289617538452,0.8419468998908997,1.4829039573669434,-0.7060636281967163,0.22158761322498322,0.581332802772522,-1.8546644449234009,0.8221176862716675,1.4516891241073608,-0.6251220703125,0.24092698097229004,0.6184599995613098,-1.707715630531311,0.6877855062484741,1.4380171298980713,-0.09446078538894653,0.3918924033641815,1.4115376472473145,0.09864069521427155,0.646232545375824,2.0741195678710938,-0.03135043382644653,0.3794693350791931,2.053299903869629,0.3274385929107666,0.6261354088783264,2.6348447799682617,0.5801946520805359,0.36843863129615784,2.6207587718963623,0.9392555952072144,0.6350289583206177,2.711082935333252,0.606155276298523,0.36414796113967896,2.6926169395446777,0.9909103512763977,0.5655842423439026,2.8092010021209717,0.02471449039876461,0.3928406536579132,2.816094398498535,0.35869455337524414,0,0,0,0,0,0,0,0,0,0,0,0,0,0,0,0,0,0,0,0,0,0,0,0,0,0,0,0,0,0,0,0,0,0,0,0,0,0,0,0,0,0,0,0,0,0,0,0,0,0,0,0,0,0,0,0,0,0,0,0,0,0,0,0.1634977161884308,0.7892530560493469,6.160695988910447e-07,0.20031139254570007,0.767343282699585,-0.03456408903002739,0.21256418526172638,0.7114933729171753,-0.051652055233716965,0.1845300942659378,0.6690942645072937,-0.06786278635263443,0.14911246299743652,0.6311037540435791,-0.0822814479470253,0.235427588224411,0.5933444499969482,-0.02329675294458866,0.26183661818504333,0.5191546082496643,-0.04678123816847801,0.27695900201797485,0.47027328610420227,-0.06299550831317902,0.2889339327812195,0.4261281192302704,-0.07301004230976105,0.19823719561100006,0.575309693813324,-0.02359514869749546,0.20237398147583008,0.48269492387771606,-0.050246354192495346,0.20054355263710022,0.42102861404418945,-0.06786368787288666,0.19954656064510345,0.36693328619003296,-0.07581083476543427,0.16209544241428375,0.5867758989334106,-0.02792927250266075,0.14640545845031738,0.5444852709770203,-0.06890310347080231,0.14520016312599182,0.6060159206390381,-0.0781395360827446,0.14694653451442719,0.653246283531189,-0.07146329432725906,0.13101065158843994,0.6182429790496826,-0.03459647297859192,0.11830386519432068,0.5958999395370483,-0.06767309457063675,0.12377142906188965,0.6404644846916199,-0.06949295103549957,0.13159319758415222,0.6785545349121094,-0.061739154160022736,victory
